sample,gene_symbol,gene_id,exact_count,guides,cpm
B,SMARCAD1,56916,2149,3,29.4120078402093
B,LOC100129112,100129112,1608,2,22.0076819949077
B,MAP1LC3C,440738,4131,3,56.538391990649
B,LRRC70,100130733,4869,3,66.6389326077149
B,LRRC19,64922,2284,3,31.2596677091848
B,HMGA1,3159,4125,3,56.4562737742501
B,BCL11B,64919,3064,3,41.935035841043
B,IGF1R,3480,2499,3,34.2022371301457
B,HAO1,54363,5618,3,76.8900232881787
B,JAG1,182,3567,3,48.8192796491516
B,TMPRSS11D,9407,3296,3,45.1102735418008
B,HRC,3270,4479,3,61.3012485417858
B,GRID2,2895,3415,3,46.7389515003792
B,KMO,8564,4194,3,57.4006332628376
B,CCL13,6357,2762,3,37.8017522822979
B,LOC100129216,100129216,3550,3,48.5866113693547
B,DEFB131,644414,4385,3,60.0147298182029
B,C8orf89,100130301,3410,3,46.6705196533801
B,WIPF1,7456,2186,3,29.9184035080026
B,SUN3,256979,7156,3,97.9396594250991
B,TRAPPC3L,100128327,3817,3,52.2408719991061
B,C5,727,3185,3,43.591086538421
B,INTS7,25896,4373,3,59.850493385405
B,PSMB5,5693,2932,3,40.128435080267
B,JKAMP,51528,2751,3,37.6512022188999
B,RNF122,79845,3257,3,44.5765051352079
B,BTN3A1,11119,4146,3,56.7436875316463
B,CLEC2B,9976,3032,3,41.4970720202488
B,OR13C9,286362,4762,3,65.1744910819343
B,OR13C5,138799,3668,3,50.2016029585332
B,PMEL,6490,2244,3,30.7122129331921
B,OR10AG1,282770,7559,3,103.455266293226
B,CELSR3,1951,5032,3,68.8698108198853
B,ZMIZ1,57178,3847,3,52.6514630811007
B,ANKRD49,54851,3458,3,47.3274653845714
B,UGT1A1,54658,3639,3,49.8046982459385
B,ASIP,434,3524,3,48.2307657649594
B,ACOT4,122970,1418,3,19.4072718089422
B,CCDC80,151887,4559,3,62.3961580937712
B,PLP1,5354,3012,3,41.2233446322525
B,BDKRB1,623,6000,3,82.1182163989093
B,H3F3A,3020,3584,3,49.0519479289485
B,OR2Y1,134083,4434,3,60.685361918794
B,NCAM1,4684,2991,3,40.9359308748563
B,PHOX2B,8929,2076,3,28.4129028740226
B,GRIA4,2893,2962,3,40.5390261622615
B,UBAP1L,390595,3859,3,52.8156995138985
B,GTF2H4,2968,4041,3,55.3066187446654
B,RRP15,51018,3569,3,48.8466523879512
B,SGCZ,137868,4773,3,65.3250411453323
B,P2RY13,53829,4356,3,59.6178251056081
B,VCX2,51480,5134,3,70.2658204986667
B,CCDC158,339965,3520,3,48.1760202873601
B,FOXO4,4303,3947,3,54.0201000210825
B,IFNA5,3442,3747,3,51.2828261411188
B,CYP3A43,64816,4459,3,61.0275211537894
B,TDRD3,81550,5007,3,68.5276515848898
B,OR4D11,219986,4088,3,55.9498781064569
B,IMPG2,50939,5491,3,75.1518543744018
B,PCDHA6,56142,3759,3,51.4470625739167
B,MCM5,4174,3200,3,43.7963820794183
B,ANLN,54443,6179,3,84.5680765214767
B,GNAI1,2770,4632,3,63.395263059958
B,CRB1,23418,3755,3,51.3923170963174
B,ADAM30,11085,4083,3,55.8814462594578
B,ABR,29,4726,3,64.6817817835409
B,ATXN3L,92552,4495,3,61.5202304521829
B,ZEB2,9839,3202,3,43.8237548182179
B,HLA-DRB1,3123,5305,3,72.6061896660356
B,CD5L,922,6576,3,90.0015651732046
B,FAM216B,144809,4011,3,54.8960276626709
B,TRIM54,57159,4301,3,58.8650747886181
B,SMPDL3B,27293,6841,3,93.6284530641564
B,NONO,4841,3840,3,52.5556584953019
B,SGK2,10110,3527,3,48.2718248731588
B,IDO1,3620,4631,3,63.3815766905581
B,ZNF106,64397,4309,3,58.9745657438167
B,LZIC,84328,4229,3,57.8796561918312
B,CATSPERB,79820,5750,3,78.6966240489547
B,WDPCP,51057,2086,3,28.5497665680208
B,ADGRG4,139378,4071,3,55.7172098266599
B,HNRNPD,3184,3082,3,42.1813904902397
B,FOXA2,3170,4691,3,64.2027588545472
B,CCDC70,83446,5360,3,73.3589399830256
B,BPY2,9083,6167,3,84.4038400886789
B,SCN2B,6327,4733,3,64.7775863693396
B,C21orf140,101928147,3880,3,53.1031132712947
B,ACRV1,56,4229,3,57.8796561918312
B,BNIPL,149428,6894,3,94.3538306423468
B,PNMT,5409,7151,3,97.8712275781001
B,VGLL1,51442,4523,3,61.9034487953778
B,GRHL1,29841,4111,3,56.2646646026527
B,CCR4,1233,5762,3,78.8608604817526
B,COL9A1,1297,2813,3,38.4997571216886
B,BICRAL,23506,3963,3,54.2390819314796
B,NT5DC4,284958,4029,3,55.1423823118676
B,PDE5A,8654,2978,3,40.7580080726586
B,ILF3,3609,2568,3,35.1465966187332
B,PKHD1L1,93035,4426,3,60.5758709635954
B,UBE2D2,7322,1698,3,23.2394552408913
B,COL6A5,256076,3360,3,45.9862011833892
B,PPM1B,5495,3448,3,47.1906016905732
B,GSG2,83903,2443,3,33.4358004437559
B,OLIG2,10215,3076,3,42.0992722738408
B,C10orf25,220979,6340,3,86.7715819948475
B,NPIPB15,440348,5000,3,68.4318469990911
B,SRSF1,6426,3919,3,53.6368816778876
B,CCDC166,100130274,2596,3,35.5298149619281
B,TROAP,10024,5498,3,75.2476589602005
B,DUXA,503835,5806,3,79.4630607353446
B,OR5A2,219981,5674,3,77.6564599745686
B,CGGBP1,8545,4868,3,66.6252462383151
B,SNRPA,6626,5481,3,75.0149906804036
B,CLHC1,130162,4486,3,61.3970531275845
B,FMO2,2327,6500,3,88.9614010988184
B,SH3PXD2A,9644,4905,3,67.1316419061084
B,SPA17,53340,5684,3,77.7933236685667
B,OR8K5,219453,6084,3,83.267871428494
B,OR51B2,79345,3202,3,43.8237548182179
B,POU6F1,5463,5674,3,77.6564599745686
B,GRIN2D,2906,5640,3,77.1911234149747
B,FAM187B,148109,5217,3,71.4017891588516
B,SEPHS2,22928,3685,3,50.4342712383301
B,OR2J3,442186,3334,3,45.6303555789939
B,TMEM200B,399474,3455,3,47.2864062763719
B,ZNF560,147741,5474,3,74.9191860946049
B,ANP32D,23519,5938,3,81.2696614961206
B,CYP39A1,51302,3028,3,41.4423265426496
B,RGPD1,400966,4499,3,61.5749759297821
B,SERPINB13,5275,4878,3,66.7621099323132
B,SYCE2,256126,2092,3,28.6318847844197
B,POU2F1,5451,3612,3,49.4351662721434
B,NUDT2,318,3759,3,51.4470625739167
B,OR6C3,254786,4501,3,61.6023486685818
B,UBE2V2,7336,3206,3,43.8785002958172
B,DDIT3,1649,5594,3,76.5615504225831
B,FAM71A,149647,4914,3,67.2548192307067
B,OR10V1,390201,4329,3,59.248293131813
B,FMO4,2329,4947,3,67.7064694209007
B,PUS3,83480,1454,3,19.8999811073357
B,TUBB,203068,6864,3,93.9432395603522
B,NINJ2,4815,3432,3,46.9716197801761
B,PRSS45,377047,4822,3,65.9956732459234
B,MDH1,4190,3724,3,50.968039644923
B,BIVM-ERCC5,100533467,3664,3,50.1468574809339
B,C7orf69,80099,5746,3,78.6418785713555
B,GNAL,2774,4164,3,56.990042180843
B,RMI1,80010,2477,3,33.9011370033497
B,SERPINB5,5268,4427,3,60.5895573329952
B,RRH,10692,2779,3,38.0344205620948
B,DAOA,267012,4725,3,64.6680954141411
B,KRT32,3882,5145,3,70.4163705620647
B,DYRK1A,1859,4984,3,68.212865088694
B,PCNP,57092,6123,3,83.8016398350869
B,SFPQ,6421,4977,3,68.1170605028953
B,HTN1,3346,3538,3,48.4223749365568
B,PLAG1,5324,2934,3,40.1558078190666
B,FOLH1B,219595,2752,3,37.6648885882997
B,CYLC2,1539,3323,3,45.4798055155959
B,TNFSF18,8995,2640,3,36.1320152155201
B,ZFP42,132625,3337,3,45.6714146871934
B,NDRG4,65009,5107,3,69.8962885248716
B,ARL5B,221079,2494,3,34.1338052831466
B,AGMO,392636,4137,3,56.6205102070479
B,ACTR6,64431,4833,3,66.1462233093214
B,OR5AS1,219447,5010,3,68.5687106930893
B,LCE1B,353132,3938,3,53.8969226964841
B,ABCA10,10349,4609,3,63.0804765637621
B,OR13H1,347468,4564,3,62.4645899407703
B,NRG4,145957,7018,3,96.0509404479242
B,UBD,10537,6510,3,89.0982647928166
B,HOPX,84525,9009,3,123.300501922962
B,FCRLA,84824,4062,3,55.5940325020616
B,BUD31,8896,5320,3,72.8114852070329
B,FAM135A,57579,2129,3,29.138280452213
B,CRISP1,167,6112,3,83.6510897716889
B,ALG13,79868,3075,3,42.085585904441
B,ARRDC2,27106,2653,3,36.3099380177177
B,SCNN1A,6337,5067,3,69.3488337488789
B,CLEC12A,160364,3205,3,43.8648139264174
B,GRIA1,2890,5313,3,72.7156806212342
B,RXFP2,122042,3514,3,48.0939020709612
B,MRPS22,56945,3969,3,54.3212001478785
B,RUNX1T1,862,6385,3,87.3874686178393
B,NKX3-2,579,2684,3,36.7342154691121
B,ERGIC2,51290,5370,3,73.4958036770238
B,HS2ST1,9653,3179,3,43.5089683220221
B,GSTA3,2940,6283,3,85.9914589390578
B,FZD10,11211,3116,3,42.6467270498336
B,DEFB119,245932,3264,3,44.6723097210066
B,SRY,6736,6044,3,82.7204166525013
B,PCDHB7,56129,2722,3,37.2542975063052
B,ZNF528,84436,3236,3,44.2890913778117
B,MMP2,4313,6511,3,89.1119511622164
B,AKAP6,9472,3942,3,53.9516681740834
B,KCNT2,343450,6307,3,86.3199318046535
B,IGIP,492311,3093,3,42.3319405536377
B,SPANXA1,30014,3703,3,50.6806258875268
B,ST7,7982,2774,3,37.9659887150957
B,MRPL47,57129,3542,3,48.4771204141561
B,WFDC10B,280664,3117,3,42.6604134192334
B,ARMC6,93436,4721,3,64.6133499365418
B,GDF9,2661,6998,3,95.7772130599279
B,STAP1,26228,7678,3,105.083944251804
B,OR5D13,390142,3286,3,44.9734098478027
B,NFKBIL1,4795,6188,3,84.6912538460751
B,PCDHB3,56132,3386,3,46.3420467877845
B,MRPL35,51318,2879,3,39.4030575020766
B,PRAMEF4,400735,3525,3,48.2444521343592
B,ZNF827,152485,1722,3,23.567928106487
B,DCK,1633,3979,3,54.4580638418767
B,OR51L1,119682,4648,3,63.6142449703551
B,LRFN5,145581,2528,3,34.5991418427404
B,ZNF845,91664,2681,3,36.6931563609126
B,TNPO1,3842,3570,3,48.860338757351
B,UQCRH,7388,4842,3,66.2694006339198
B,ZDHHC6,64429,5076,3,69.4720110734773
B,CR1L,1379,2980,3,40.7853808114583
B,P2RY6,5031,6654,3,91.0691019863904
B,GTF3C4,9329,2523,3,34.5307099957414
B,MIS12,79003,3090,3,42.2908814454383
B,CCDC87,55231,1490,3,20.3926904057291
B,ROBO2,6092,4609,3,63.0804765637621
B,YIPF1,54432,2286,3,31.2870404479844
B,OR4N2,390429,2769,3,37.8975568680966
B,C15orf32,145858,4993,3,68.3360424132923
B,C15orf65,145788,2840,3,38.8692890954837
B,OR12D3,81797,3958,3,54.1706500844805
B,LRRC17,10234,4110,3,56.2509782332529
B,MCM2,4171,5398,3,73.8790220202187
B,SLC23A1,9963,1395,3,19.0924853127464
B,DDO,8528,4798,3,65.6672003803278
B,DDX39B,7919,3896,3,53.3220951816918
B,GRIA3,2892,4625,3,63.2994584741592
B,CENPC,1060,3298,3,45.1376462806005
B,MGLL,11343,2436,3,33.3399958579572
B,RAF1,5894,3899,3,53.3631542898912
B,SLFN11,91607,3587,3,49.0930070371479
B,RPA2,6118,1873,3,25.6345698858595
B,VGLL4,9686,3844,3,52.6104039729012
B,NAF1,92345,4949,3,67.7338421597003
B,VARS,7407,2183,3,29.8773443998032
B,ZNF692,55657,2428,3,33.2305049027586
B,ENDOV,284131,3818,3,52.2545583685059
B,ZNF526,116115,5113,3,69.9784067412705
B,COX8A,1351,2316,3,31.697631529979
B,C20orf173,140873,4796,3,65.6398276415282
B,CCDC94,55702,5998,3,82.0908436601096
B,PRRX1,5396,6696,3,91.6439295011828
B,EED,8726,4239,3,58.0165198858294
B,HIVEP1,3096,1835,3,25.1144878486664
B,IL5,3567,5185,3,70.9638253380574
B,THUMPD1,55623,3520,3,48.1760202873601
B,GPR174,84636,3309,3,45.2881963439985
B,FANCC,2176,2115,3,28.9466712806155
B,FCAR,2204,2565,3,35.1055375105337
B,ARHGAP19,84986,3619,3,49.5309708579421
B,OR4S1,256148,4662,3,63.8058541419525
B,OR3A3,8392,2488,3,34.0516870667477
B,ARHGEF6,9459,4095,3,56.0456826922556
B,PPP1R36,145376,4324,3,59.179861284814
B,PAQR7,164091,5291,3,72.4145804944382
B,MBOAT1,154141,2294,3,31.396531403183
B,DYNLRB2,83657,2975,3,40.7169489644592
B,PRB1,5542,4285,3,58.6460928782211
B,FAM19A3,284467,3215,3,44.0016776204156
B,ALYREF,10189,2183,3,29.8773443998032
B,THOC1,9984,4336,3,59.3440977176118
B,SOX9,6662,3235,3,44.2754050084119
B,CCDC86,79080,1995,3,27.3043069526373
B,DEFB126,81623,3600,3,49.2709298393456
B,OR2AP1,121129,4484,3,61.3696803887849
B,PCDH10,57575,4676,3,63.99746331355
B,CLK4,57396,4662,3,63.8058541419525
B,SNRPF,6636,2874,3,39.3346256550776
B,BAGE2,85319,4502,3,61.6160350379816
B,KIAA1107,23285,4810,3,65.8314368131256
B,HLA-DQA1,3117,3005,3,41.1275400464537
B,ATF6B,1388,2823,3,38.6366208156868
B,ZNF638,27332,5161,3,70.6353524724618
B,SOX4,6659,4232,3,57.9207153000307
B,ZNF559,84527,2923,3,40.0052577556686
B,BIN2,51411,8702,3,119.098786517218
B,POTEB3,102724631,4707,3,64.4217407649443
B,NELL1,4745,4168,3,57.0447876584423
B,ARHGAP42,143872,3156,3,43.1941818258263
B,AMELY,266,4235,3,57.9617744082301
B,IFNA4,3441,4154,3,56.8531784868449
B,IFNA7,3444,4604,3,63.0120447167631
B,MSTN,2660,3693,3,50.5437621935287
B,ZFR,51663,4160,3,56.9352967032438
B,TRAF3IP3,80342,3744,3,51.2417670329194
B,HSFY1,86614,4013,3,54.9234004014705
B,LRRC53,100144878,3503,3,47.9433520075632
B,HTR2A,3356,6149,3,84.1574854394822
B,SMIM21,284274,2715,3,37.1584929205065
B,RALGAPA1,253959,3649,3,49.9415619399367
B,COL4A3BP,10087,5507,3,75.3708362847989
B,CCDC177,56936,4309,3,58.9745657438167
B,OR52N2,390077,6051,3,82.8162212383
B,IL1RL1,9173,5846,3,80.0105155113373
B,ADH7,131,6983,3,95.5719175189306
B,C4orf46,201725,4374,3,59.8641797548049
B,HAUS4,54930,2745,3,37.569084002501
B,PRG2,5553,4999,3,68.4181606296913
B,ASCC3,10973,2612,3,35.7487968723252
B,CCL25,6370,6911,3,94.5864989221437
B,ZNF267,10308,3964,3,54.2527683008794
B,SLCO1C1,53919,5278,3,72.2366576922405
B,OR2T27,403239,4615,3,63.1625947801611
B,C2,717,6561,3,89.7962696322073
B,TMEM253,643382,5489,3,75.1244816356022
B,AQP10,89872,5840,3,79.9283972949384
B,CSN1S1,1446,4136,3,56.6068238376481
B,SLC38A1,81539,5975,3,81.7760571639138
B,FSBP,100861412,4732,3,64.7638999999398
B,DGCR2,9993,3001,3,41.0727945688545
B,LYPLA2,11313,2308,3,31.5881405747804
B,OR2W3,343171,4712,3,64.4901726119434
B,KRT38,8687,5034,3,68.8971835586849
B,TTYH3,80727,2999,3,41.0454218300548
B,VSIG4,11326,4261,3,58.3176200126254
B,PLAC1,10761,3237,3,44.3027777472116
B,SPINK13,153218,7372,3,100.89591521546
B,ZBTB32,27033,5283,3,72.3050895392396
B,KCNMB2,10242,4015,3,54.9507731402701
B,CCNA1,8900,3262,3,44.644936982207
B,C11orf98,102288414,5171,3,70.77221616646
B,SP8,221833,4002,3,54.7728503380725
B,C1orf189,388701,4961,3,67.8980785924982
B,PGBD4,161779,3975,3,54.4033183642774
B,AP3S2,10239,3809,3,52.1313810439076
B,SPINK1,6690,4099,3,56.1004281698549
B,CD28,940,4666,3,63.8605996195518
B,USP21,27005,5546,3,75.9046046913918
B,PEX14,5195,3363,3,46.0272602915887
B,WDR76,79968,5609,3,76.7668459635804
B,ATAD5,79915,3454,3,47.2727199069721
B,TMEM236,653567,5315,3,72.7430533600338
B,CCDC103,388389,5731,3,78.4365830303582
B,COX7B,1349,3889,3,53.226290595893
B,LOC100506514,100506514,5154,3,70.5395478866631
B,IGF1,3479,3451,3,47.2316607987727
B,CTNNA1,1495,925,3,12.6598916948318
B,ANKAR,150709,2942,3,40.2652987742652
B,FCAMR,83953,4901,3,67.0768964285091
B,NMUR2,56923,3481,3,47.6422518807672
B,GKN1,56287,7001,3,95.8182721681273
B,LUM,4060,5523,3,75.589818195196
B,ZNF630,57232,3568,3,48.8329660185514
B,OR2M3,127062,8867,3,121.357037468188
B,C2orf16,84226,5284,3,72.3187759086394
B,C3orf36,80111,5989,3,81.9676663355113
B,DMBX1,127343,4787,3,65.5166503169298
B,BPGM,669,5855,3,80.1336928359356
B,PAH,5053,4537,3,62.0950579669752
B,HAVCR2,84868,3126,3,42.7835907438317
B,OR9I1,219954,4151,3,56.8121193786454
B,TSPAN10,83882,2468,3,33.7779596787514
B,HADHB,3032,4875,3,66.7210508241138
B,TIMM23B,100652748,4267,3,58.3997382290243
B,ATOH7,220202,4152,3,56.8258057480452
B,FLG2,388698,6477,3,88.6466146026226
B,C8orf4,56892,4369,3,59.7957479078058
B,PHEX,5251,5307,3,72.6335624048353
B,TIMMDC1,51300,4474,3,61.2328166947867
B,ZNF384,171017,2775,3,37.9796750844955
B,PDE1C,5137,4829,3,66.0914778317222
B,TNRC18,84629,3530,3,48.3128839813583
B,ALDH16A1,126133,2574,3,35.2287148351321
B,OLR1,4973,3270,3,44.7544279374056
B,LAMB3,3914,6334,3,86.6894637784486
B,WDR63,126820,3586,3,49.0793206677481
B,SMPX,23676,4510,3,61.7255259931801
B,NHLRC3,387921,3878,3,53.075740532495
B,LAIR1,3903,4161,3,56.9489830726436
B,SLC22A12,116085,4424,3,60.5484982247958
B,NDUFC2,4718,4471,3,61.1917575865872
B,ATF7IP,55729,3007,3,41.1549127852534
B,LOC101927844,101927844,3865,3,52.8978177302974
B,FHL5,9457,4144,3,56.7163147928467
B,PILRB,29990,3446,3,47.1632289517736
B,CNTNAP3,79937,2126,3,29.0972213440135
B,TTC25,83538,5022,3,68.7329471258871
B,LCP1,3936,3183,3,43.5637137996214
B,TRIM64C,646754,3936,3,53.8695499576845
B,GABRG1,2565,3942,3,53.9516681740834
B,UQCRC2,7385,3725,3,50.9817260143228
B,OLFML3,56944,4105,3,56.1825463862538
B,COX11,1353,5008,3,68.5413379542896
B,SLFN12,55106,5259,3,71.976616673644
B,XCR1,2829,4979,3,68.1444332416949
B,CD96,10225,2593,3,35.4887558537286
B,GPR151,134391,2246,3,30.7395856719917
B,HSD17B6,8630,5180,3,70.8953934910583
B,PDE3B,5140,3853,3,52.7335812974996
B,SMCO2,341346,5112,3,69.9647203718707
B,CSMD2,114784,4777,3,65.3797866229316
B,NF1,4763,2499,3,34.2022371301457
B,TMLHE,55217,5324,3,72.8662306846322
B,PCDHGB3,56102,2488,3,34.0516870667477
B,BBOX1,8424,2894,3,39.6083530430739
B,HTR2C,3358,2593,3,35.4887558537286
B,SMPD4,55627,2464,3,33.7232142011521
B,MSRB3,253827,3692,3,50.5300758241289
B,GPR85,54329,3650,3,49.9552483093365
B,GNL3,26354,4299,3,58.8377020498185
B,GSS,2937,4006,3,54.8275958156718
B,FBLN1,2192,3508,3,48.0117838545623
B,RNF112,7732,4295,3,58.7829565722192
B,ARL14,80117,4777,3,65.3797866229316
B,C1orf158,93190,4590,3,62.8204355451656
B,TM4SF19,116211,4167,3,57.0311012890425
B,TTI1,9675,7518,3,102.894125147833
B,LAT2,7462,4368,3,59.782061538406
B,NCALD,83988,6625,3,90.6721972737956
B,NLRP8,126205,6035,3,82.5972393279029
B,PCDH18,54510,5405,3,73.9748266060174
B,CAMP,820,5607,3,76.7394732247807
B,KRTAP2-3,730755,3840,2,52.5556584953019
B,ALPK1,80216,3675,3,50.2974075443319
B,EIF3G,8666,1890,3,25.8672381656564
B,SPATA5,166378,3946,3,54.0064136516827
B,CFAP43,80217,5053,3,69.1572245772814
B,TSEN2,80746,4732,3,64.7638999999398
B,HAPLN1,1404,4078,3,55.8130144124587
B,AMY1A,276,2862,3,39.1703892222797
B,CDK15,65061,5040,3,68.9793017750838
B,ZNF227,7770,3519,3,48.1623339179603
B,KRT74,121391,6145,3,84.1027399618829
B,DNAJC11,55735,3560,3,48.7234750633528
B,DLGAP5,9787,2418,3,33.0936412087604
B,PLSCR4,57088,4705,3,64.3943680261447
B,BRD2,6046,3302,3,45.1923917581997
B,MARCO,8685,2984,3,40.8401262890575
B,OTX2,5015,4001,3,54.7591639686727
B,ZBTB6,10773,3662,3,50.1194847421343
B,GATA3,2625,3782,3,51.7618490701125
B,PEX3,8504,3072,3,42.0445267962416
B,OR4F4,26682,5142,3,70.3753114538653
B,HSDL2,84263,4363,3,59.7136296914069
B,CD300C,10871,3330,3,45.5756101013947
B,STK31,56164,6886,3,94.2443396871482
B,C17orf105,284067,3333,3,45.6166692095941
B,GFM1,85476,4500,3,61.588662299182
B,COA5,493753,3754,3,51.3786307269176
B,CAPNS1,826,3486,3,47.7106837277663
B,TREML2,79865,4294,3,58.7692702028194
B,RPL7,6129,3052,3,41.7707994082452
B,EXTL2,2135,3247,3,44.4396414412097
B,GPR183,1880,3965,3,54.2664546702792
B,WDR48,57599,4622,3,63.2583993659598
B,PEX5L,51555,5248,3,71.826066610246
B,RAPGEF2,9693,5367,3,73.4547445688243
B,ASB7,140460,6568,3,89.892074218006
B,NAIP,4671,3611,3,49.4214799027436
B,SRRT,51593,3952,3,54.0885318680816
B,KIAA0408,9729,4551,3,62.2866671385727
B,ZNF668,79759,3160,3,43.2489273034256
B,NHLRC2,374354,5715,3,78.2176011199611
B,CPSF3,51692,3981,3,54.4854365806763
B,TSPO2,222642,5942,3,81.3244069737198
B,PTX3,5806,4263,3,58.344992751425
B,CD40LG,959,5816,3,79.5999244293427
B,HOXA1,3198,4676,3,63.99746331355
B,PDCD1LG2,80380,4635,3,63.4363221681574
B,CFHR4,10877,5219,3,71.4291618976512
B,SLC16A6,9120,4087,3,55.936191737057
B,CSF1,1435,4200,3,57.4827514792365
B,POU5F1,5460,6113,3,83.6647761410887
B,INSL5,10022,4867,3,66.6115598689152
B,CD209,30835,2225,3,30.4521719145955
B,GPR15,2838,3703,3,50.6806258875268
B,OR1A1,8383,3336,3,45.6577283177936
B,RASL11B,65997,4243,3,58.0712653634287
B,PROX1,5629,3565,3,48.7919069103519
B,CYP2C18,1562,5538,3,75.7951137361933
B,MECOM,2122,6210,3,84.9923539728711
B,SLC22A23,63027,3776,3,51.6797308537136
B,GPX8,493869,3112,3,42.5919815722343
B,PTPRC,5788,4803,3,65.7356322273269
B,OR13C2,392376,836,1,11.441804818248
B,GPC6,10082,4028,3,55.1286959424678
B,REP15,387849,3831,3,52.4324811707036
B,ANGPTL5,253935,3141,3,42.988886284829
B,ANKFN1,162282,4318,3,59.0977430684151
B,TECRL,253017,2573,3,35.2150284657323
B,NBPF19,101060226,2988,3,40.8948717666568
B,COL17A1,1308,2440,3,33.3947413355564
B,SMNDC1,10285,3852,3,52.7198949280998
B,ADRB3,155,4681,3,64.0658951605491
B,VNN2,8875,4224,3,57.8112243448321
B,BABAM1,29086,4270,3,58.4407973372238
B,MSR1,4481,4105,3,56.1825463862538
B,PLET1,349633,3366,3,46.0683193997881
B,PALMD,54873,5052,3,69.1435382078816
B,GBA3,57733,4493,3,61.4928577133832
B,DUSP6,1848,5073,3,69.4309519652778
B,ZGRF1,55345,5489,3,75.1244816356022
B,RALB,5899,4939,3,67.5969784657022
B,PPIG,9360,5105,3,69.868915786072
B,LOXHD1,125336,5938,3,81.2696614961206
B,TFPI,7035,3359,3,45.9725148139894
B,OR6N1,128372,4878,3,66.7621099323132
B,TRIM77,390231,3970,3,54.3348865172783
B,NAV3,89795,3971,3,54.3485728866781
B,C8B,732,6321,3,86.5115409762509
B,DNAJB4,11080,5111,3,69.9510340024709
B,SPATA21,374955,5861,3,80.2158110523345
B,IL22RA2,116379,4575,3,62.6151400041683
B,TTC36,143941,6236,3,85.3481995772664
B,LMNB1,4001,2947,3,40.3337306212643
B,C5orf64,285668,6489,3,88.8108510354204
B,FSHR,2492,6075,3,83.1446941038957
B,PHOSPHO1,162466,2527,3,34.5854554733406
B,KMT2C,58508,4734,3,64.7912727387394
B,STOML2,30968,3061,3,41.8939767328436
B,LOC100131150,100131150,4531,3,62.0129397505763
B,PNO1,56902,5712,3,78.1765420117616
B,ID1,3397,4240,3,58.0302062552292
B,PAN3,255967,3715,3,50.8448623203247
B,RBBP8,5932,3168,3,43.3584182586241
B,VBP1,7411,2919,3,39.9505122780694
B,KBTBD8,84541,2393,3,32.751481973765
B,ADNP,23394,3742,3,51.2143942941198
B,VPS11,55823,5417,3,74.1390630388153
B,CDC26,246184,5230,3,71.5797119610493
B,C19orf43,79002,3668,3,50.2016029585332
B,CCAR1,55749,2555,3,34.9686738165355
B,POTEH,23784,4947,3,67.7064694209007
B,ZNF415,55786,5676,3,77.6838327133682
B,C1QTNF7,114905,3520,3,48.1760202873601
B,CCL14,6358,6502,3,88.988773837618
B,GAS2,2620,3948,3,54.0337863904823
B,HTR3A,3359,5204,3,71.223866356654
B,SIGLEC14,100049587,4461,3,61.0548938925891
B,LURAP1L,286343,3059,3,41.8666039940439
B,ABHD16A,7920,2496,3,34.1611780219463
B,HIGD1C,613227,2944,3,40.2926715130648
B,LTB4R2,56413,3130,3,42.838336221431
B,ZRANB1,54764,4923,3,67.3779965553051
B,TPO,7173,3549,3,48.5729249999548
B,IFIT1,3434,3576,3,48.9424569737499
B,LIPF,8513,5436,3,74.3991040574118
B,CUTC,51076,3470,3,47.4917018173692
B,ZIM3,114026,3157,3,43.2078681952261
B,SF3B6,51639,2148,3,29.3983214708095
B,CUL5,8065,3828,3,52.3914220625041
B,AARD,441376,5533,3,75.7266818891942
B,HLA-DPB1,3115,5837,3,79.8873381867389
B,SLC25A18,83733,4779,3,65.4071593617313
B,DMP1,1758,3663,3,50.1331711115341
B,OTP,23440,3372,3,46.150437616187
B,NSUN6,221078,4741,3,64.8870773245382
B,DSPP,1834,4123,3,56.4289010354505
B,FOXD4L5,653427,4403,3,60.2610844673996
B,DYTN,391475,8412,3,115.129739391271
B,CD33,945,6236,3,85.3481995772664
B,C19orf54,284325,4485,3,61.3833667581847
B,GCNT3,9245,6771,3,92.6704072061691
B,TACR2,6865,3075,3,42.085585904441
B,KIAA1211,57482,6930,3,94.8465399407402
B,TRPM3,80036,6295,3,86.1556953718556
B,COA1,55744,3467,3,47.4506427091697
B,DIP2C,22982,5016,3,68.6508289094882
B,SULT1B1,27284,3743,3,51.2280806635196
B,DYDC1,143241,4679,3,64.0385224217494
B,KRTAP15-1,254950,3305,3,45.2334508663992
B,FCGR2B,2213,4540,3,62.1361170751747
B,RBM33,155435,2286,3,31.2870404479844
B,CCL3L3,414062,5536,3,75.7677409973936
B,GABARAPL2,11345,3959,3,54.1843364538803
B,LOC730159,730159,4302,3,58.878761158018
B,MEF2D,4209,1689,3,23.116277916293
B,ANXA1,301,3823,3,52.322990215505
B,TMEM69,51249,2519,3,34.4759645181421
B,KRTAP22-1,337979,3981,3,54.4854365806763
B,DEFB110,245913,4265,3,58.3723654902247
B,LPO,4025,3311,3,45.3155690827981
B,RC3H1,149041,5202,3,71.1964936178543
B,TMEM59,9528,2567,3,35.1329102493334
B,OR4A47,403253,5866,3,80.2842428993336
B,BPIFB6,128859,5759,3,78.8198013735531
B,C1orf100,200159,6230,3,85.2660813608675
B,MSX2,4488,3729,3,51.0364714919221
B,C2orf27A,29798,6239,3,85.3892586854658
B,KRTAP5-9,3846,3940,3,53.9242954352838
B,TSN,7247,4568,3,62.5193354183696
B,PHYH,5264,5293,3,72.4419532332378
B,OR6C70,390327,3005,3,41.1275400464537
B,BMX,660,5020,3,68.7055743870874
B,PHIP,55023,5115,3,70.0057794800702
B,PIRT,644139,3529,3,48.2991976119585
B,CLNS1A,1207,3430,3,46.9442470413765
B,BEST2,54831,4173,3,57.1132195054414
B,DDX56,54606,4721,3,64.6133499365418
B,PLA2G4E,123745,4525,3,61.9308215341774
B,PAM,5066,6910,3,94.5728125527438
B,CMYA5,202333,2341,3,32.0397907649744
B,ZNF578,147660,5221,3,71.4565346364509
B,PIH1D1,55011,3512,3,48.0665293321616
B,GNA15,2769,1839,3,25.1692333262657
B,SPATA31A7,26165,4262,3,58.3313063820252
B,PRDX2,7001,2756,3,37.719634065899
B,CNTD2,79935,3859,3,52.8156995138985
B,RUFY3,22902,3401,3,46.5473423287818
B,ASPN,54829,4068,3,55.6761507184605
B,LRRC4,64101,4736,3,64.8186454775391
B,SMARCC1,6599,3395,3,46.4652241123828
B,RPS6KL1,83694,4273,3,58.4818564454232
B,CLEC12B,387837,4395,3,60.1515935122011
B,MYBBP1A,10514,2518,3,34.4622781487423
B,SRSF6,6431,3745,3,51.2554534023192
B,CYP26B1,56603,3485,3,47.6969973583665
B,YAE1D1,57002,2688,3,36.7889609467114
B,ZC3H13,23091,4723,3,64.6407226753414
B,ZNF232,7775,5136,3,70.2931932374663
B,MROH5,389690,5481,3,75.0149906804036
B,TEKT2,27285,5097,3,69.7594248308734
B,CLCN3,1182,3598,3,49.2435571005459
B,OR56B4,196335,4387,3,60.0421025570025
B,TEX15,56154,5105,3,69.868915786072
B,DUSP21,63904,4240,3,58.0302062552292
B,AMPD1,270,4347,3,59.4946477810098
B,OR5K3,403277,5350,3,73.2220762890274
B,GPN1,11321,3205,3,43.8648139264174
B,KIAA2012,100652824,3284,3,44.946037109003
B,IFRD1,3475,4772,3,65.3113547759325
B,CCIN,881,5819,3,79.6409835375422
B,IP6K3,117283,5043,3,69.0203608832833
B,COL28A1,340267,3257,3,44.5765051352079
B,UGT2A1,10941,5536,3,75.7677409973936
B,OR5K1,26339,5461,3,74.7412632924073
B,HEXB,3074,3349,3,45.8356511199912
B,KIAA0556,23247,4587,3,62.7793764369661
B,POU2AF1,5450,3504,3,47.957038376963
B,FKBP11,51303,3897,3,53.3357815510916
B,FUCA2,2519,3269,3,44.7407415680057
B,GSTT2,2953,4449,3,60.8906574597912
B,GSDMB,55876,5703,3,78.0533646871633
B,FBXO39,162517,2768,3,37.8838704986968
B,MORN5,254956,4852,3,66.406264327918
B,TOGARAM1,23116,3467,3,47.4506427091697
B,OR1G1,8390,3551,3,48.6002977387545
B,OR5I1,10798,4386,3,60.0284161876027
B,OR1D5,8386,3633,3,49.7225800295396
B,OR5M10,390167,5437,3,74.4127904268116
B,ZNF573,126231,7541,3,103.208911644029
B,LDHAL6B,92483,8099,3,110.845905769128
B,MBD3L2,125997,4036,3,55.2381868976663
B,RIOX2,84864,5125,3,70.1426431740683
B,HES5,388585,3471,3,47.505388186769
B,FBXO38,81545,4603,3,62.9983583473632
B,KIF25,3834,3752,3,51.3512579881179
B,NADK,65220,2535,3,34.6949464285392
B,KCNA3,3738,3199,3,43.7826957100185
B,CLTCL1,8218,3970,3,54.3348865172783
B,KAT6B,23522,5519,3,75.5350727175967
B,PARD3,56288,3207,3,43.892186665217
B,HNF1B,6928,6599,3,90.3163516694004
B,NBEA,26960,3605,3,49.3393616863447
B,CASP12,100506742,5209,3,71.2922982036531
B,RBL1,5933,4046,3,55.3750505916645
B,NAT6,24142,4438,3,60.7401073963932
B,RGS10,6001,2471,3,33.8190187869508
B,CTNND2,1501,4015,3,54.9507731402701
B,DUOXA1,90527,2946,3,40.3200442518645
B,ZG16,653808,4156,3,56.8805512256445
B,IL12B,3593,5390,3,73.7695310650202
B,CYP2C19,1557,4934,3,67.5285466187031
B,JCHAIN,3512,5305,3,72.6061896660356
B,HABP2,3026,6485,3,88.7561055578211
B,CBX8,57332,2688,3,36.7889609467114
B,PCDHA8,56140,5355,3,73.2905081360265
B,XKR7,343702,2577,3,35.2697739433315
B,MRPS14,63931,5004,3,68.4865924766903
B,USP40,55230,3272,3,44.7818006762052
B,TREX2,11219,4400,3,60.2200253592001
B,LRRC18,474354,4564,3,62.4645899407703
B,MINOS1,440574,4319,3,59.1114294378149
B,PCDH15,65217,5554,3,76.0140956465904
B,ADAMTS6,11174,3064,3,41.935035841043
B,SLC38A4,55089,4907,3,67.159014644908
B,GDPD4,220032,4895,3,66.9947782121102
B,OR2W5,441932,4330,3,59.2619795012129
B,LIN37,55957,3433,3,46.9853061495759
B,OR2G6,391211,4568,3,62.5193354183696
B,LGALS12,85329,5890,3,80.6127157649293
B,IRF3,3661,3880,3,53.1031132712947
B,UBA7,7318,4466,3,61.1233257395881
B,ZRSR2,8233,4178,3,57.1816513524405
B,CNOT3,4849,3216,3,44.0153639898154
B,OR5B17,219965,5314,3,72.729366990634
B,MYOD1,4654,5222,3,71.4702210058507
B,NOSTRIN,115677,4865,3,66.5841871301156
B,HERC6,55008,4405,3,60.2884572061992
B,ZNF471,57573,5040,3,68.9793017750838
B,ZNF222,7673,4345,3,59.4672750422101
B,CRBN,51185,5728,3,78.3955239221587
B,CHRNE,1145,6919,3,94.6959898773422
B,ZIC4,84107,1976,3,27.0442659340408
B,KLF14,136259,1927,3,26.3736338334497
B,CRADD,8738,3478,3,47.6011927725677
B,C20orf96,140680,3617,3,49.5035981191425
B,MS4A6A,64231,5036,3,68.9245562974845
B,TRPS1,7227,3890,3,53.2399769652929
B,STBD1,8987,3854,3,52.7472676668994
B,IFNA14,3448,3876,3,53.0483677936954
B,SCGB2B2,284402,4115,3,56.3194100802519
B,LRRC42,115353,2640,3,36.1320152155201
B,LYST,1130,4532,3,62.0266261199761
B,LCE5A,254910,4350,3,59.5357068892092
B,CELA2A,63036,3521,3,48.1897066567599
B,ADGRF3,165082,3134,3,42.8930816990303
B,ASCL4,121549,3438,3,47.053737996575
B,OR2B3,442184,4590,3,62.8204355451656
B,DHH,50846,7190,3,98.4049959846929
B,CLRN2,645104,2806,3,38.4039525358899
B,ATAD1,84896,4781,3,65.4345321005309
B,NPW,283869,1907,3,26.0999064454533
B,DACT2,168002,2695,3,36.8847655325101
B,COG7,91949,2748,3,37.6101431107005
B,ZNF473,25888,5634,3,77.1090051985758
B,CENPA,1058,4147,3,56.7573739010461
B,SYF2,25949,3414,3,46.7252651309794
B,WNT2,7472,3717,3,50.8722350591243
B,NKX1-2,390010,1295,3,17.7238483727646
B,GPR176,11245,3154,3,43.1668090870266
B,HERC3,8916,3913,3,53.5547634614887
B,AGTPBP1,23287,3627,3,49.6404618131407
B,ZNF644,84146,5401,3,73.9200811284182
B,BBS9,27241,1435,3,19.6399400887391
B,TRAPPC1,58485,4270,3,58.4407973372238
B,POM121L2,94026,6424,3,87.9212370244322
B,FBXO45,200933,892,3,12.2082415046378
B,ZFPM1,161882,1750,3,23.9511464496819
B,ZNF708,7562,4244,3,58.0849517328285
B,TSHZ1,10194,5142,3,70.3753114538653
B,MT1F,4494,4307,3,58.9471930050171
B,BHLHA15,168620,2316,3,31.697631529979
B,CCDC124,115098,2705,3,37.0216292265083
B,WDR83OS,51398,4745,3,64.9418228021374
B,CACNB3,784,5159,3,70.6079797336622
B,SLC9A1,6548,1382,3,18.9145625105488
B,POT1,25913,2807,3,38.4176389052897
B,ARPC3,10094,2007,3,27.4685433854352
B,COX6B1,1340,5254,3,71.9081848266449
B,OR4X2,119764,3654,3,50.0099937869357
B,FAM205A,259308,3993,3,54.6496730134741
B,CLVS2,134829,4085,3,55.9088189982574
B,FASTKD1,79675,2693,3,36.8573927937105
B,UPF3B,65109,3279,3,44.8776052620039
B,PCDHB11,56125,5221,3,71.4565346364509
B,RAB26,25837,2209,3,30.2331900041984
B,FBXO40,51725,5202,3,71.1964936178543
B,FREM1,158326,3918,3,53.6231953084878
B,SNRPB2,6629,3327,3,45.5345509931952
B,TXNRD3,114112,2619,3,35.8446014581239
B,RHOA,387,4349,3,59.5220205198094
B,SPATS1,221409,3989,3,54.5949275358749
B,MTMR9,66036,2388,3,32.6830501267659
B,BRAT1,221927,3243,3,44.3848959636105
B,TTC30A,92104,2178,3,29.8089125528041
B,NECAB3,63941,1759,3,24.0743237742802
B,PXDNL,137902,4391,3,60.0968480346018
B,HRASLS5,117245,2492,3,34.106432544347
B,CCR6,1235,2728,3,37.3364157227041
B,FKBP1A,2280,5248,3,71.826066610246
B,GALNS,2588,3228,3,44.1796004226132
B,PEAR1,375033,3672,3,50.2563484361325
B,TEX30,93081,2647,3,36.2278198013188
B,SEPSECS,51091,3162,3,43.2763000422252
B,ZNF136,7695,4164,3,56.990042180843
B,ARHGDIA,396,3516,3,48.1212748097608
B,LATS2,26524,3210,3,43.9332457734165
B,SEC14L2,23541,2720,3,37.2269247675055
B,PDK2,5164,2627,3,35.9540924133224
B,RIOX1,79697,2211,3,30.2605627429981
B,TUBD1,51174,4658,3,63.7511086643533
B,HEXDC,284004,5869,3,80.3253020075331
B,SIX4,51804,4200,3,57.4827514792365
B,ITGA3,3675,2889,3,39.5399211960748
B,LYAR,55646,3089,3,42.2771950760385
B,PCDHGB6,56100,4095,3,56.0456826922556
B,SLC35B2,347734,3889,3,53.226290595893
B,USP30,84749,1664,3,22.7741186812975
B,OSTF1,26578,3151,3,43.1257499788272
B,CENPK,64105,4408,3,60.3295163143987
B,ACTR2,10097,5582,3,76.3973139897853
B,IFNA21,3452,3960,3,54.1980228232801
B,MYO3B,140469,4722,3,64.6270363059416
B,RLIM,51132,4858,3,66.4883825443169
B,UNC93A,54346,5055,3,69.1845973160811
B,MT1A,4489,4525,3,61.9308215341774
B,NHSL1,57224,3946,3,54.0064136516827
B,DCD,117159,3534,3,48.3676294589576
B,FAM129A,116496,3160,3,43.2489273034256
B,FBXO41,150726,2533,3,34.6675736897395
B,ZZEF1,23140,5448,3,74.5633404902096
B,MPLKIP,136647,3374,3,46.1778103549867
B,OPHN1,4983,7015,3,96.0098813397248
B,ZNF331,55422,4663,3,63.8195405113523
B,ARMCX5,64860,2679,3,36.665783622113
B,RUSC1-AS1,284618,4450,3,60.9043438291911
B,TRA2B,6434,3888,3,53.2126042264932
B,OR52H1,390067,5224,3,71.4975937446504
B,SVIL,6840,3402,3,46.5610286981816
B,NIPA2,81614,2817,3,38.5545025992879
B,FAM90A1,55138,5413,3,74.084317561216
B,ITGAM,3684,5561,3,76.1099002323891
B,PCDHGA6,56109,5586,3,76.4520594673845
B,MAS1L,116511,3645,3,49.8868164623374
B,SPRR2F,6705,5791,3,79.2577651943473
B,FAM24A,118670,3304,3,45.2197644969994
B,OAS3,4940,1835,3,25.1144878486664
B,BCAS2,10286,4176,3,57.1542786136409
B,CCR10,2826,3826,3,52.3640493237045
B,CELA3B,23436,4701,3,64.3396225485454
B,HNRNPCL4,101060301,4541,3,62.1498034445745
B,CCT4,10575,3043,3,41.6476220836468
B,DR1,1810,3039,3,41.5928766060476
B,SLC26A7,115111,5252,3,71.8808120878452
B,RNF212,285498,2938,3,40.2105532966659
B,C1orf68,100129271,1866,3,25.5387653000608
B,MTFR1L,56181,5604,3,76.6984141165813
B,OR2S2,56656,2882,3,39.4441166102761
B,NDUFB4,4710,5166,3,70.7037843194609
B,TMEM62,80021,6036,3,82.6109256973027
B,CA7,766,1930,3,26.4146929416492
B,LGALS3,3958,2414,3,33.0388957311612
B,VIM,7431,3956,3,54.1432773456809
B,MAK,4117,4022,3,55.0465777260689
B,GEMIN6,79833,4622,3,63.2583993659598
B,GLYAT,10249,4020,3,55.0192049872692
B,TMEM209,84928,3075,3,42.085585904441
B,RPS6KC1,26750,2362,3,32.3272045223706
B,ADAM17,6868,4075,3,55.7719553042592
B,SLC25A13,10165,3959,3,54.1843364538803
B,U2SURP,23350,3340,3,45.7124737953928
B,HORMAD2,150280,4367,3,59.7683751690061
B,PRDM9,56979,2858,3,39.1156437446805
B,FOXN4,121643,3766,3,51.5428671597154
B,POC1B-GALNT4,100528030,5821,3,79.6683562763418
B,FUT8,2530,1583,3,21.6655227599122
B,XAGE1E,653067,2895,3,39.6220394124737
B,UNC79,57578,3518,3,48.1486475485605
B,MPZL2,10205,6067,3,83.0352031486971
B,TM6SF2,53345,1794,3,24.5533467032739
B,NEK5,341676,1836,3,25.1281742180662
B,MRPL34,64981,4744,3,64.9281364327376
B,GNG2,54331,4370,3,59.8094342772056
B,RDH11,51109,3549,3,48.5729249999548
B,GYS1,2997,1865,3,25.525078930661
B,OTUD3,23252,3058,3,41.8529176246441
B,FGF3,2248,4043,3,55.333991483465
B,EIF1,10209,2432,3,33.2852503803579
B,NFYC,4802,3599,3,49.2572434699458
B,E2F3,1871,2315,3,31.6839451605792
B,MSMO1,6307,2971,3,40.6622034868599
B,MAGEA2,4101,3097,3,42.386686031237
B,MAGEA12,4111,303,1,4.14696992814492
B,TCFL5,10732,1515,3,20.7348496407246
B,EGLN2,112398,3230,3,44.2069731614128
B,ZBTB9,221504,1728,3,23.6500463228859
B,KRIT1,889,2864,3,39.1977619610794
B,SLC35E2B,728661,2734,3,37.418533939103
B,SAMD4A,23034,2174,3,29.7541670752048
B,CCNB1,891,3504,3,47.957038376963
B,LRRC72,100506049,3731,3,51.0638442307218
B,WFS1,7466,1478,3,20.2284539729313
B,PHACTR4,65979,3327,3,45.5345509931952
B,FBXO25,26260,1721,3,23.5542417370871
B,TPI1,7167,3585,3,49.0656342983483
B,POLR3G,10622,2660,3,36.4057426035165
B,TSPYL1,7259,3414,3,46.7252651309794
B,ZNF653,115950,3555,3,48.6550432163537
B,HVCN1,84329,2078,3,28.4402756128223
B,TTC33,23548,2910,3,39.827334953471
B,LIFR,3977,1561,3,21.3644226331162
B,TAF8,129685,3292,3,45.0555280642016
B,POLG2,11232,4224,3,57.8112243448321
B,DENND6A,201627,3352,3,45.8767102281907
B,RBMXL2,27288,4601,3,62.9709856085636
B,FBXO8,26269,6290,3,86.0872635248566
B,PNMA3,29944,1640,3,22.4456458157019
B,EEFSEC,60678,3250,3,44.4807005494092
B,OR4C12,283093,3920,3,53.6505680472874
B,UBTFL1,642623,4561,3,62.4235308325709
B,IMPAD1,54928,5388,3,73.7421583262205
B,ZNF335,63925,4779,3,65.4071593617313
B,CARD6,84674,3012,3,41.2233446322525
B,KLF4,9314,4181,3,57.22271046064
B,MAST2,23139,2729,3,37.3501020921039
B,GCM2,9247,3835,3,52.4872266483029
B,NANOG,79923,3875,3,53.0346814242956
B,IL37,27178,2652,3,36.2962516483179
B,ANXA2R,389289,3600,3,49.2709298393456
B,RFWD2,64326,3628,3,49.6541481825405
B,LASP1,3927,3361,3,45.999887552789
B,OR1L6,392390,3473,2,47.5327609255687
B,BHLHE41,79365,2709,3,37.0763747041075
B,ZNF566,84924,4294,3,58.7692702028194
B,C17orf100,388327,4162,3,56.9626694420434
B,KRTAP21-2,337978,4590,3,62.8204355451656
B,KRTAP19-5,337972,3893,3,53.2810360734923
B,KRTAP21-1,337977,4598,3,62.9299265003641
B,HSD3B2,3284,1994,3,27.2906205832375
B,SLCO1B1,10599,2807,3,38.4176389052897
B,TRAT1,50852,3124,3,42.7562180050321
B,BEST4,266675,5133,3,70.2521341292669
B,C17orf78,284099,4206,3,57.5648696956354
B,LIPN,643418,4241,3,58.043892624629
B,MS4A4E,643680,3048,3,41.7160539306459
B,LOC100506422,100506422,4485,3,61.3833667581847
B,CLDN16,10686,6046,3,82.7477893913009
B,ZNF474,133923,5558,3,76.0688411241896
B,CDK11A,728642,1973,3,27.0032068258413
B,MYNN,55892,4001,3,54.7591639686727
B,RPS10,6204,5116,3,70.01946584947
B,SCNN1G,6340,3789,3,51.8576536559112
B,PCYT1A,5130,945,3,12.9336190828282
B,NUP50,10762,7550,3,103.332088968628
B,ZNF416,55659,2753,3,37.6785749576995
B,HOXB4,3214,5088,3,69.6362475062751
B,OR3A2,4995,4436,3,60.7127346575936
B,LIPI,149998,4567,3,62.5056490489698
B,C7orf57,136288,2316,3,31.697631529979
B,SLIT2,9353,3388,3,46.3694195265841
B,TRIM37,4591,4635,3,63.4363221681574
B,CSMD3,114788,8011,3,109.641505261944
B,ZNF736,728927,4969,3,68.0075695476967
B,OR2M4,26245,5436,3,74.3991040574118
B,LSM2,57819,3570,3,48.860338757351
B,PTPN2,5771,4497,3,61.5476031909825
B,SFMBT2,57713,3317,3,45.397687299197
B,ZSCAN12,9753,1949,3,26.6747339602457
B,ZMYM5,9205,3578,3,48.9698297125496
B,HSPA2,3306,2848,3,38.9787800506823
B,SNX10,29887,3763,3,51.5018080515159
B,LYPD1,116372,3060,3,41.8802903634437
B,CDC42EP5,148170,3159,3,43.2352409340257
B,LRRC8E,80131,5934,3,81.2149160185213
B,MYH8,4626,6260,3,85.676672442862
B,SUDS3,64426,2242,3,30.6848401943924
B,ZNF414,84330,2887,3,39.5125484572752
B,TBC1D14,57533,2347,3,32.1219089813734
B,RABIF,5877,4552,3,62.3003535079725
B,FAM53B,9679,1757,3,24.0469510354806
B,CNDP1,84735,3470,3,47.4917018173692
B,SST,6750,5705,3,78.0807374259629
B,TSACC,128229,5246,3,71.7986938714463
B,IQGAP2,10788,3816,3,52.2271856297063
B,OR52B6,340980,4151,3,56.8121193786454
B,GSTA5,221357,4153,3,56.839492117445
B,ACSM1,116285,5501,3,75.2887180684
B,GLRX,2745,4051,3,55.4434824386636
B,PDE6C,5146,3911,3,53.527390722689
B,RBM47,54502,4421,3,60.5074391165963
B,C20orf202,400831,4991,3,68.3086696744927
B,PAGR1,79447,3748,3,51.2965125105187
B,MYRFL,196446,6235,3,85.3345132078666
B,BRS3,680,5358,3,73.331567244226
B,ABCG5,64240,3924,3,53.7053135248867
B,APOA2,336,4141,3,56.6752556846472
B,SPP1,6696,4117,3,56.3467828190516
B,CYP4Z1,199974,5203,3,71.2101799872542
B,HS3ST3B1,9953,4070,3,55.7035234572601
B,SH3BP5L,80851,5548,3,75.9319774301915
B,PCDHA12,56137,4109,3,56.2372918638531
B,MXI1,4601,3576,3,48.9424569737499
B,TMEM202,338949,4749,3,64.9965682797367
B,ACR,49,7113,3,97.3511455409069
B,CCDC157,550631,1572,3,21.5149726965142
B,CD2AP,23607,6770,3,92.6567208367693
B,MT1HL1,645745,3529,3,48.2991976119585
B,AK7,122481,4654,3,63.696363186754
B,CIR1,9541,3963,3,54.2390819314796
B,CSAG1,158511,5069,3,69.3762064876785
B,ETV2,2116,3566,3,48.8055932797518
B,ZNF551,90233,1585,3,21.6928954987119
B,SEZ6L2,26470,3728,3,51.0227851225223
B,PSMD7,5713,2304,3,31.5333950971812
B,KRTAP29-1,100533177,5188,3,71.0048844462569
B,KIFC1,3833,2087,3,28.5634529374206
B,OR52E6,390078,2989,3,40.9085581360566
B,OR6T1,219874,6562,3,89.8099560016071
B,N4BP2L1,90634,2830,3,38.7324254014855
B,ZMYND10,51364,3854,3,52.7472676668994
B,HERPUD1,9709,3530,3,48.3128839813583
B,ZUFSP,221302,4511,3,61.73921236258
B,RIMS2,9699,4341,3,59.4125295646109
B,KDM5C,8242,6761,3,92.5335435121709
B,C11orf40,143501,5317,3,72.7704260988334
B,TXNDC12,51060,4415,3,60.4253209001974
B,RWDD2B,10069,3025,3,41.4012674344501
B,SGO2,151246,4129,3,56.5110192518494
B,CYLC1,1538,4286,3,58.6597792476209
B,OAZ3,51686,5349,3,73.2083899196276
B,ROBO1,6091,4974,3,68.0760013946958
B,LOC157562,157562,4888,3,66.8989736263114
B,SNX22,79856,3470,3,47.4917018173692
B,PYROXD1,79912,1865,3,25.525078930661
B,KIF26A,26153,2047,3,28.0159981614279
B,TANK,10010,2008,3,27.482229754835
B,ABCG2,9429,3493,3,47.806488313565
B,KCNMB1,3779,3052,3,41.7707994082452
B,PSG9,5678,5097,3,69.7594248308734
B,N6AMT1,29104,1307,3,17.8880848055624
B,KIF2A,3796,2948,3,40.3474169906641
B,ABCC2,1244,5379,3,73.6189810016222
B,KRTAP13-1,140258,6293,3,86.128322633056
B,PFKFB1,5207,4821,3,65.9819868765236
B,BAIAP2L1,55971,3130,3,42.838336221431
B,B3GNT5,84002,3714,3,50.8311759509248
B,C2orf82,389084,4425,3,60.5621845941956
B,GNAT2,2780,3757,3,51.419689835117
B,WNT5B,81029,2769,3,37.8975568680966
B,SOX2,6657,3916,3,53.5958225696881
B,DNAJC28,54943,4054,3,55.484541546863
B,OR56A4,120793,5008,3,68.5413379542896
B,DNTTIP2,30836,2244,3,30.7122129331921
B,KRT8,3856,2777,3,38.0070478232952
B,TMEM168,64418,2832,3,38.7597981402852
B,ATP2A1,487,5101,3,69.8141703084727
B,C1orf105,92346,5226,3,71.52496648345
B,SHTN1,57698,4941,3,67.6243512045018
B,PTPN22,26191,3529,3,48.2991976119585
B,OR13C8,138802,4809,3,65.8177504437258
B,TPX2,22974,3750,3,51.3238852493183
B,SERF2,10169,5700,3,78.0123055789638
B,AP5M1,55745,5065,3,69.3214610100793
B,PRPH2,5961,1547,3,21.1728134615188
B,FRG2C,100288801,3172,3,43.4131637362234
B,GDF3,9573,3964,3,54.2527683008794
B,MYO1E,4643,5108,3,69.9099748942714
B,DLG3,1741,5217,3,71.4017891588516
B,GCSAM,257144,4703,3,64.3669952873451
B,AMELX,265,2607,3,35.6803650253261
B,HTN3,3347,3809,3,52.1313810439076
B,HGC6.3,100128124,3474,3,47.5464472949685
B,OR2B6,26212,4209,3,57.6059288038349
B,OR2H1,26716,5280,3,72.2640304310402
B,OR5W2,390148,4233,3,57.9344016694305
B,PPIH,10465,4109,3,56.2372918638531
B,ANGPT2,285,6675,3,91.3565157437866
B,PGK2,5232,3092,3,42.3182541842379
B,PFDN5,5204,4816,3,65.9135550295245
B,RIT2,6014,3475,3,47.5601336643683
B,EDEM2,55741,2986,3,40.8674990278572
B,ADGRL3,23284,3459,3,47.3411517539712
B,KHDC1,80759,4360,3,59.6725705832074
B,MNX1,3110,3485,3,47.6969973583665
B,MEMO1,51072,4159,3,56.9216103338439
B,LHX8,431707,614,3,8.40343081148838
B,CDH7,1005,1728,3,23.6500463228859
B,CLEC5A,23601,4603,3,62.9983583473632
B,C12orf50,160419,5624,3,76.9721415045776
B,NR4A1,3164,5111,3,69.9510340024709
B,OR10C1,442194,3069,3,42.0034676880421
B,TAS2R16,50833,5264,3,72.0450485206431
B,OR2M2,391194,5143,3,70.3889978232651
B,TRDN,10345,3550,3,48.5866113693547
B,NCL,4691,4207,3,57.5785560650352
B,OR51B4,79339,5273,3,72.1682258452414
B,SENP8,123228,6440,3,88.1402189348293
B,C14orf166,51637,6186,3,84.6638811072755
B,MAP2,4133,4077,3,55.7993280430589
B,PSG8,440533,5007,3,68.5276515848898
B,MGP,4256,3002,3,41.0864809382543
B,ADRA2A,150,4154,3,56.8531784868449
B,FASLG,356,6374,3,87.2369185544413
B,SSX4B,548313,1826,1,24.9913105240681
B,OR8U1,219417,4129,3,56.5110192518494
B,OR8B2,26595,4830,3,66.105164201122
B,APOBEC1,339,3878,3,53.075740532495
B,WBP2,23558,3576,3,48.9424569737499
B,OR5M3,219482,5530,3,75.6856227809947
B,KRTAP4-5,85289,3393,3,46.4378513735832
B,KCNRG,283518,5116,3,70.01946584947
B,MYL3,4634,5866,3,80.2842428993336
B,PSD4,23550,5415,3,74.1116903000156
B,OR9A2,135924,4272,3,58.4681700760234
B,TMEM200A,114801,2444,3,33.4494868131557
B,PRRC1,133619,4775,3,65.352413884132
B,OR3A1,4994,2807,3,38.4176389052897
B,SAMD7,344658,3022,3,41.3602083262506
B,XAB2,56949,3024,3,41.3875810650503
B,WFDC9,259240,7079,3,96.8858089813131
B,LRRC37B,114659,4168,3,57.0447876584423
B,TPRKB,51002,3270,3,44.7544279374056
B,MAGEB10,139422,4876,3,66.7347371935136
B,OTOL1,131149,8071,3,110.462687425933
B,MMP20,9313,2748,3,37.6101431107005
B,SLC16A9,220963,1926,3,26.3599474640499
B,PRRC2A,7916,3146,3,43.0573181318281
B,SPINK2,6691,4341,3,59.4125295646109
B,PAPLN,89932,4042,3,55.3203051140652
B,RBMY1A1,5940,3103,3,42.4688042476359
B,SLC2A5,6518,5616,3,76.8626505493791
B,NANOGNB,360030,3407,3,46.6294605451807
B,WDR72,256764,2877,3,39.375684763277
B,COL7A1,1294,5431,3,74.3306722104127
B,HSPA4L,22824,4987,3,68.2539241968934
B,MAGEB5,347541,4979,3,68.1444332416949
B,GPR34,2857,4634,3,63.4226357987576
B,MBL2,4153,4482,3,61.3423076499852
B,GAPDH,2597,2216,3,30.3289945899972
B,GINS3,64785,5531,3,75.6993091503945
B,CHMP3,51652,2299,3,31.4649632501821
B,ANKRD60,140731,1947,3,26.6473612214461
B,KLC4,89953,6573,3,89.9605060650051
B,OR52A5,390054,3387,3,46.3557331571843
B,CDKL4,344387,3661,3,50.1057983727345
B,BIRC3,330,3520,3,48.1760202873601
B,RLN1,6013,4189,3,57.3322014158385
B,TMEM217,221468,4525,3,61.9308215341774
B,ALX1,8092,5763,3,78.8745468511524
B,CLDN17,26285,3158,3,43.2215545646259
B,MCM3AP,8888,3877,3,53.0620541630952
B,GTF2IRD2,84163,6096,3,83.4321078612918
B,GPR65,8477,2471,3,33.8190187869508
B,MRPL45,84311,3287,3,44.9870962172025
B,OR5K4,403278,7111,3,97.3237728021073
B,TP53TG3,24150,5220,3,71.4428482670511
B,MMP21,118856,3847,3,52.6514630811007
B,GSTA4,2941,5852,3,80.0926337277362
B,GCG,2641,4896,3,67.00846458151
B,CDRT4,284040,7947,3,108.765577620355
B,PABPN1L,390748,3544,3,48.5044931529558
B,MBD5,55777,9352,3,127.9949266271
B,OR5D14,219436,5474,3,74.9191860946049
B,OR2B11,127623,2901,3,39.7041576288726
B,OR1L4,254973,4422,3,60.5211254859961
B,NBPF14,25832,4268,3,58.4134245984241
B,HERC2,8924,4219,3,57.742792497833
B,B3GAT2,135152,3773,3,51.6386717455141
B,MB,4151,3647,3,49.914189201137
B,ADAM28,10863,4246,3,58.1123244716281
B,GRP,2922,5601,3,76.6573550083818
B,OR13J1,392309,3454,3,47.2727199069721
B,ADAMTS16,170690,3205,3,43.8648139264174
B,OR10H2,26538,4531,3,62.0129397505763
B,ARMC12,221481,5269,3,72.1134803676422
B,SYT4,6860,5428,3,74.2896131022133
B,PLAC9,219348,2995,3,40.9906763524555
B,FAM159B,100132916,3564,3,48.7782205409521
B,VTI1B,10490,1804,3,24.6902103972721
B,RCE1,9986,4253,3,58.2081290574269
B,CWF19L2,143884,5351,3,73.2357626584273
B,SPATA5L1,79029,2380,3,32.5735591715674
B,IL22,50616,5090,3,69.6636202450747
B,ZNF720,124411,2980,3,40.7853808114583
B,RBBP4,5928,3366,3,46.0683193997881
B,LINC01862,105372267,7114,3,97.3648319103068
B,NPSR1,387129,3590,3,49.1340661453474
B,OR10A3,26496,3710,3,50.7764304733256
B,IL33,90865,4630,3,63.3678903211583
B,OR10A6,390093,2887,3,39.5125484572752
B,SLC6A9,6536,1855,3,25.3882152366628
B,EYA4,2070,3116,3,42.6467270498336
B,ZKSCAN2,342357,1194,3,16.3415250633829
B,DDR1,780,4512,3,61.7528987319798
B,C1orf195,727684,6239,3,85.3892586854658
B,KCNK18,338567,4059,3,55.5529733938621
B,CAPSL,133690,4402,3,60.2473980979998
B,NPDC1,56654,4543,3,62.1771761833741
B,OR2A12,346525,4408,3,60.3295163143987
B,KNTC1,9735,5081,3,69.5404429204763
B,FBXO28,23219,4608,3,63.0667901943623
B,RPL15,6138,4629,3,63.3542039517585
B,OR7A10,390892,4513,3,61.7665851013796
B,ARL6,84100,2452,3,33.5589777683543
B,COX7A1,1346,2341,3,32.0397907649744
B,PKD2L2,27039,3500,3,47.9022928993638
B,SUMF1,285362,2322,3,31.7797497463779
B,MR1,3140,4572,3,62.5740808959689
B,EGFLAM,133584,5361,3,73.3726263524255
B,BNC2,54796,3877,3,53.0620541630952
B,SLC25A5,292,6524,3,89.289873964414
B,ANKH,56172,5658,3,77.4374780641715
B,TSNAX,7257,3933,3,53.828490849485
B,OR5P2,120065,5111,3,69.9510340024709
B,OR7G3,390883,6912,3,94.6001852915435
B,PMM2,5373,4915,3,67.2685056001065
B,C10orf88,80007,2902,3,39.7178439982725
B,KCTD3,51133,3760,3,51.4607489433165
B,ADM5,199800,4418,3,60.4663800083969
B,ALDH2,217,2908,3,39.7999622146714
B,TXLNG,55787,1593,3,21.8023864539104
B,OR1N1,138883,4866,3,66.5978734995154
B,IGFN1,91156,5132,3,70.2384477598671
B,NYAP2,57624,4216,3,57.7017333896336
B,GPR37,2861,3718,3,50.8859214285241
B,OR8J1,219477,6640,3,90.8774928147929
B,FAM98A,25940,3087,3,42.2498223372388
B,OR8G1,26494,3457,3,47.3137790151716
B,VSX1,30813,3663,3,50.1331711115341
B,OR8B12,219858,2852,3,39.0335255282815
B,OR8B8,26493,3417,3,46.7663242391788
B,OR8B3,390271,2303,2,31.5197087277813
B,C8G,733,4727,3,64.6954681529407
B,HOXB1,3211,1735,3,23.7458509086846
B,SLC36A2,153201,5479,3,74.987617941604
B,C3orf56,285311,3727,3,51.0090987531225
B,LOC100506388,100506388,5398,3,73.8790220202187
B,CABP5,56344,3998,3,54.7181048604732
B,CSPP1,79848,3355,3,45.9177693363901
B,GFRAL,389400,3195,3,43.7279502324192
B,SLC25A32,81034,2183,3,29.8773443998032
B,NFAM1,150372,4399,3,60.2063389898003
B,PSG11,5680,5820,3,79.654669906942
B,KRTAP20-2,337976,4917,3,67.2958783389062
B,OR8D2,283160,3723,3,50.9543532755232
B,OR10G9,219870,2694,3,36.8710791631103
B,SLC2A12,154091,4190,3,57.3458877852383
B,ITM2A,9452,3387,3,46.3557331571843
B,OR13G1,441933,3863,3,52.8704449914978
B,SP3,6670,1319,3,18.0523212383602
B,OR5L2,26338,5181,3,70.9090798604582
B,CNTN6,27255,3064,3,41.935035841043
B,PRKAA1,5562,3293,3,45.0692144336014
B,TGFB2,7042,3611,3,49.4214799027436
B,ZNF165,7718,5977,3,81.8034299027135
B,KLRK1,22914,3748,3,51.2965125105187
B,RPS6,6194,5340,3,73.0852125950293
B,NDUFA4,4697,5010,3,68.5687106930893
B,TOMM40L,84134,4779,3,65.4071593617313
B,MBNL1,4154,4096,3,56.0593690616554
B,TFAP4,7023,3159,3,43.2352409340257
B,CCDC12,151903,4682,3,64.0795815299489
B,MYH15,22989,4988,3,68.2676105662933
B,VDAC2,7417,2652,3,36.2962516483179
B,WWC3,55841,2805,3,38.3902661664901
B,WDR20,91833,6940,3,94.9834036347384
B,RBPJ,3516,3321,3,45.4524327767963
B,SUV39H1,6839,2789,3,38.171284256093
B,UBR1,197131,3837,3,52.5145993871025
B,PCIF1,63935,3834,3,52.473540278903
B,MRPL22,29093,4814,3,65.8861822907249
B,OSBPL9,114883,4675,3,63.9837769441501
B,SNX1,6642,3634,3,49.7362663989394
B,NCSTN,23385,3204,3,43.8511275570176
B,KDM5D,8284,4329,3,59.248293131813
B,OR52D1,390066,3156,3,43.1941818258263
B,RS1,6247,3900,3,53.376840659291
B,CCL16,6360,4561,3,62.4235308325709
B,ACTRT1,139741,7803,3,106.794740426782
B,BTNL9,153579,4957,3,67.8433331148989
B,ZBTB8A,653121,3660,3,50.0921120033347
B,C7,730,2791,3,38.1986569948926
B,RPF1,80135,4824,3,66.0230459847231
B,RNF219,79596,6197,3,84.8144311706735
B,PPFIA2,8499,6251,3,85.5534951182637
B,TAOK1,57551,4070,3,55.7035234572601
B,LOC100144595,100144595,5011,3,68.5823970624891
B,BRD3,8019,2138,3,29.2614577768113
B,EPM2AIP1,9852,5655,3,77.396418955972
B,GPR21,2844,5602,3,76.6710413777816
B,H3F3C,440093,2967,3,40.6074580092606
B,LRRC61,65999,2466,3,33.7505869399517
B,TDO2,6999,3601,3,49.2846162087454
B,P2RY10,27334,2805,3,38.3902661664901
B,NR1I2,8856,3618,3,49.5172844885423
B,CD14,929,3471,3,47.505388186769
B,CSNK1G1,53944,3429,3,46.9305606719767
B,DNAI2,64446,3606,3,49.3530480557445
B,GNAT3,346562,4795,3,65.6261412721283
B,LOC646588,646588,5900,3,80.7495794589275
B,NHLH2,4808,4782,3,65.4482184699307
B,KAZALD1,81621,2517,3,34.4485917793424
B,PSMF1,9491,4439,3,60.753793765793
B,ZNF841,284371,3874,3,53.0209950548958
B,ZNF880,400713,3664,3,50.1468574809339
B,SIRPD,128646,5179,3,70.8817071216585
B,FOXF1,2294,2942,3,40.2652987742652
B,ASB13,79754,3363,3,46.0272602915887
B,CCDC126,90693,2209,3,30.2331900041984
B,RBM39,9584,3378,3,46.2325558325859
B,PRIM1,5557,2565,3,35.1055375105337
B,TARM1,441864,5532,3,75.7129955197944
B,ZNF114,163071,4532,3,62.0266261199761
B,RGS4,5999,2474,3,33.8600778951503
B,EFHC1,114327,6821,3,93.35472567616
B,MSMB,4477,2724,3,37.2816702451048
B,SPTBN2,6712,3904,3,53.4315861368903
B,UQCRB,7381,5606,3,76.7257868553809
B,SRP68,6730,3918,3,53.6231953084878
B,TRAF6,7189,2044,3,27.9749390532284
B,MUSK,4593,3059,3,41.8666039940439
B,PTPRB,5787,6046,3,82.7477893913009
B,MCAM,4162,2862,3,39.1703892222797
B,CD48,962,3027,3,41.4286401732497
B,DCAF8L1,139425,2680,3,36.6794699915128
B,BOD1L1,259282,3892,3,53.2673497040925
B,LINC02312,100132612,5330,3,72.9483489010311
B,ZNF44,51710,3514,3,48.0939020709612
B,XPNPEP1,7511,4059,3,55.5529733938621
B,PRSS42,339906,4856,3,66.4610098055172
B,LNX1,84708,3025,3,41.4012674344501
B,GJA1,2697,7715,3,105.590339919598
B,GCM1,8521,3674,3,50.2837211749321
B,NR2E3,10002,3428,3,46.9168743025768
B,PCDHA11,56138,4418,3,60.4663800083969
B,MARC1,64757,3058,3,41.8529176246441
B,TAS2R30,259293,5086,3,69.6088747674754
B,LRR1,122769,6587,3,90.1521152366026
B,COX8C,341947,2899,3,39.676784890073
B,SPATA3,130560,4101,3,56.1278009086545
B,MTHFR,4524,2560,3,35.0371056635346
B,STOML1,9399,3426,3,46.8895015637772
B,ATF4,468,4544,3,62.190862552774
B,C6orf58,352999,2468,3,33.7779596787514
B,IL36A,27179,4335,3,59.330411348212
B,SUPT20H,55578,1519,3,20.7895951183239
B,CALML4,91860,1732,3,23.7047918004851
B,SPANXN5,494197,4237,3,57.9891471470298
B,CRYBG1,202,1249,3,17.0942753803729
B,HIST1H2AH,85235,4470,3,61.1780712171874
B,SAV1,60485,1588,3,21.7339546069113
B,GM2A,2760,4942,3,67.6380375739016
B,C21orf58,54058,1475,3,20.1873948647319
B,PRDM7,11105,4074,3,55.7582689348594
B,BORA,79866,3047,3,41.7023675612461
B,SIGLEC5,8778,2764,3,37.8291250210975
B,PSMB8,5696,4545,3,62.2045489221738
B,CHD1L,9557,1668,3,22.8288641588968
B,PABPC4,8761,2593,3,35.4887558537286
B,CDK7,1022,4301,3,58.8650747886181
B,THTPA,79178,1719,3,23.5268689982875
B,FAM217A,222826,1883,3,25.7714335798577
B,CLTB,1212,2127,3,29.1109077134133
B,GDF5,8200,4459,3,61.0275211537894
B,TNRC6A,27327,2777,3,38.0070478232952
B,ITGA2B,3674,4213,3,57.6606742814341
B,ABCA13,154664,4998,3,68.4044742602914
B,SMARCD2,6603,2644,3,36.1867606931194
B,OR52K1,390036,3468,3,47.4643290785696
B,FAU,2197,3903,3,53.4178997674905
B,KRR1,11103,3766,3,51.5428671597154
B,UTP20,27340,2598,3,35.5571877007277
B,USP32,84669,4949,3,67.7338421597003
B,CTSH,1512,3035,3,41.5381311284483
B,PRMT1,3276,2669,3,36.5289199281148
B,KCNN2,3781,3235,3,44.2754050084119
B,ATN1,1822,1712,3,23.4310644124888
B,RNF180,285671,2808,3,38.4313252746895
B,DOK5,55816,1091,3,14.9318290152017
B,WNT10B,7480,2423,3,33.1620730557595
B,LIN52,91750,4608,3,63.0667901943623
B,ADAM10,102,2275,3,31.1364903845864
B,SERINC2,347735,1658,3,22.6920004648986
B,PRKAG1,5571,3655,3,50.0236801563356
B,TOB2,10766,2262,3,30.9585675823888
B,IARS,3376,2902,3,39.7178439982725
B,CHD8,57680,4070,3,55.7035234572601
B,SSTR2,6752,2996,3,41.0043627218554
B,EMG1,10436,2524,3,34.5443963651412
B,C1orf122,127687,2950,3,40.3747897294637
B,HCLS1,3059,3176,3,43.4679092138226
B,MBD3L1,85509,4240,3,58.0302062552292
B,TMEM115,11070,3195,3,43.7279502324192
B,UBE3A,7337,2673,3,36.5836654057141
B,TARS2,80222,3404,3,46.5884014369812
B,LOC100129083,100129083,3804,3,52.0629491969085
B,DDX58,23586,3259,3,44.6038778740076
B,DDX5,1655,2429,3,33.2441912721584
B,PEX2,5828,3757,3,51.419689835117
B,FMC1,154791,2896,3,39.6357257818735
B,PTK2,5747,3547,3,48.5455522611552
B,SETDB1,9869,3086,3,42.236135967839
B,CRELD1,78987,1769,3,24.2111874682784
B,ARHGAP4,393,2184,3,29.891030769203
B,AACS,65985,1299,3,17.7785938503639
B,MLLT3,4300,4866,3,66.5978734995154
B,SRRM2,23524,2563,3,35.0781647717341
B,DHCR7,1717,2775,3,37.9796750844955
B,PLCG1,5335,3999,3,54.731791229873
B,KRT27,342574,2339,3,32.0124180261748
B,BCO2,83875,3350,3,45.849337489391
B,TSC22D1,8848,5590,3,76.5068049449838
B,NAPA,8775,3855,3,52.7609540362992
B,UGGT2,55757,6187,3,84.6775674766753
B,DCHS2,54798,5080,3,69.5267565510765
B,ZNF582,147948,1839,3,25.1692333262657
B,MEN1,4221,3699,3,50.6258804099276
B,BPNT1,10380,5062,3,69.2804019018798
B,LMO3,55885,5442,3,74.4812222738107
B,SLC10A2,6555,4209,3,57.6059288038349
B,C6orf136,221545,2842,3,38.8966618342834
B,ZNF74,7625,3260,3,44.6175642434074
B,FBN1,2200,2866,3,39.225134699879
B,CNTD1,124817,4025,3,55.0876368342683
B,FGF10,2255,3704,3,50.6943122569267
B,IDH1,3417,3821,3,52.2956174767054
B,CHCHD7,79145,3405,3,46.602087806381
B,ZNF761,388561,3327,3,45.5345509931952
B,ZNF28,7576,2006,3,27.4548570160353
B,ZNF701,55762,4024,3,55.0739504648685
B,ZNF347,84671,4682,3,64.0795815299489
B,POMGNT1,55624,2934,3,40.1558078190666
B,TMEM185B,79134,1321,3,18.0796939771599
B,REPS2,9185,3521,3,48.1897066567599
B,CEP85L,387119,3183,3,43.5637137996214
B,PAPOLG,64895,3901,3,53.3905270286909
B,BUD13,84811,3561,3,48.7371614327527
B,RNF111,54778,3168,3,43.3584182586241
B,BDP1,55814,3398,3,46.5062832205823
B,CBX1,10951,3267,3,44.7133688292061
B,CSNK1A1,1452,4801,3,65.7082594885272
B,CARHSP1,23589,4224,3,57.8112243448321
B,ADRB2,154,3196,3,43.741636601819
B,FAM84B,157638,2735,3,37.4322203085028
B,OTUD6A,139562,5330,3,72.9483489010311
B,GRB7,2886,4340,3,59.3988431952111
B,PDCL2,132954,3028,3,41.4423265426496
B,BANK1,55024,3090,3,42.2908814454383
B,ATP2A3,489,2344,3,32.0808498731739
B,ZNF782,158431,3796,3,51.9534582417099
B,SETD6,79918,5279,3,72.2503440616403
B,TRIML1,339976,3767,3,51.5565535291152
B,PRR5L,79899,2519,3,34.4759645181421
B,ADGRG7,84873,5977,3,81.8034299027135
B,SIM1,6492,3143,3,43.0162590236286
B,C8A,731,1511,3,20.6801041631253
B,ZNF547,284306,6526,3,89.3172467032137
B,SERPINI1,5274,7347,3,100.553755980464
B,FBXW9,84261,3501,3,47.9159792687636
B,NMS,129521,2649,3,36.2551925401184
B,BLOC1S3,388552,3308,3,45.2745099745987
B,UMAD1,729852,2543,3,34.8044373837377
B,HIST1H1B,3009,4402,3,60.2473980979998
B,TFAP2B,7021,4441,3,60.7811665045927
B,SLC22A11,55867,2431,3,33.2715640109581
B,CCL24,6369,6327,3,86.5936591926498
B,OR4S2,219431,4197,3,57.441692371037
B,AGPAT4,56895,2074,3,28.385530135223
B,ISCA1,81689,1916,3,26.2230837700517
B,GAB4,128954,5230,3,71.5797119610493
B,DEFB123,245936,4132,3,56.5520783600489
B,PARG,8505,1694,3,23.1847097632921
B,OGFRL1,79627,2540,3,34.7633782755383
B,TAAR2,9287,4602,3,62.9846719779634
B,C15orf52,388115,2746,3,37.5827703719008
B,RCN3,57333,6855,3,93.8200622357538
B,CD2,914,4449,3,60.8906574597912
B,TUBGCP4,27229,5117,3,70.0331522188698
B,DNASE1L1,1774,1502,3,20.556926838527
B,OR51M1,390059,3249,3,44.4670141800094
B,EIF6,3692,4331,3,59.2756658706127
B,RNF144B,255488,2181,3,29.8499716610035
B,WFDC8,90199,5953,3,81.4749570371178
B,TRMT10A,93587,4475,3,61.2465030641865
B,RAD50,10111,3217,3,44.0290503592152
B,GLIPR1,11010,5405,3,73.9748266060174
B,CSRNP3,80034,2706,3,37.0353155959081
B,TBCE,6905,2810,3,38.4586980134892
B,ASB2,51676,5668,3,77.5743417581696
B,HRASLS2,54979,3891,3,53.2536633346927
B,PCDHB10,56126,2274,3,31.1228040151866
B,ZBTB41,360023,3006,3,41.1412264158535
B,GRIP1,23426,5346,3,73.1673308114282
B,CLK1,1195,4078,3,55.8130144124587
B,GJA8,2703,4826,3,66.0504187235227
B,OR5V1,81696,5136,3,70.2931932374663
B,SCARB2,950,1421,3,19.4483309171417
B,SLC18A1,6570,3537,3,48.408688567157
B,CARD17,440068,3047,3,41.7023675612461
B,TMEM179,388021,4657,3,63.7374222949534
B,PCDHA4,56144,2727,3,37.3227293533043
B,TMEM67,91147,3613,3,49.4488526415432
B,SEMA3A,10371,4459,3,61.0275211537894
B,DHRS9,10170,5342,3,73.1125853338289
B,CAPZA2,830,4266,3,58.3860518596245
B,GCLM,2730,3606,3,49.3530480557445
B,CCDC114,93233,3120,3,42.7014725274328
B,APOC1,341,4708,3,64.4354271343442
B,DCLRE1B,64858,2576,3,35.2560875739317
B,PCDHGA10,56106,5359,3,73.3452536136258
B,OR11A1,26531,2503,3,34.256982607745
B,GJB4,127534,6679,3,91.4112612213859
B,MORC2,22880,2454,3,33.5863505071539
B,DGCR14,8220,1855,3,25.3882152366628
B,SPN,6693,4632,3,63.395263059958
B,CPEB4,80315,1710,3,23.4036916736891
B,GLRA2,2742,4288,3,58.6871519864205
B,CD101,9398,5281,3,72.27771680044
B,OR2K2,26248,4745,3,64.9418228021374
B,MBNL2,10150,4388,3,60.0557889264023
B,IQCJ,654502,4938,3,67.5832920963023
B,ACTR1A,10121,3816,3,52.2271856297063
B,JAZF1,221895,4679,3,64.0385224217494
B,SUPT20HL2,170067,4431,3,60.6443028105945
B,TMC2,117532,2218,3,30.3563673287968
B,ZBTB37,84614,3267,3,44.7133688292061
B,OR52L1,338751,4410,3,60.3568890531983
B,AP4B1,10717,3515,3,48.107588440361
B,CYP2S1,29785,3023,3,41.3738946956505
B,IDNK,414328,2264,3,30.9859403211884
B,SMO,6608,3328,3,45.548237362595
B,APOBEC3G,60489,4559,3,62.3961580937712
B,C4orf17,84103,3884,3,53.1578587488939
B,KLHL10,317719,4536,3,62.0813715975754
B,BMP4,652,4711,3,64.4764862425436
B,KCNK12,56660,1830,3,25.0460560016673
B,LANCL3,347404,2906,3,39.7725894758717
B,FAM221B,392307,3517,3,48.1349611791607
B,AGPAT1,10554,4946,3,67.6927830515009
B,OR8S1,341568,2902,3,39.7178439982725
B,GLIS1,148979,2286,3,31.2870404479844
B,MTA2,9219,3577,3,48.9561433431498
B,TNNC2,7125,3691,3,50.516389454729
B,TNFRSF6B,8771,2537,3,34.7223191673388
B,SKIV2L,6499,3520,3,48.1760202873601
B,STRA6,64220,5003,3,68.4729061072905
B,LY6G6D,58530,2427,3,33.2168185333588
B,MED1,5469,2454,3,33.5863505071539
B,EIF4A1,1973,4074,3,55.7582689348594
B,FMO5,2330,4021,3,55.032891356669
B,ARPP21,10777,2285,3,31.2733540785846
B,NKPD1,284353,2214,3,30.3016218511975
B,RIC8B,55188,3036,3,41.5518174978481
B,IKBKAP,8518,3888,3,53.2126042264932
B,ARSB,411,4635,3,63.4363221681574
B,PROM2,150696,6165,3,84.3764673498793
B,KCNQ5,56479,6916,3,94.6549307691428
B,RPL9,6133,2403,3,32.8883456677632
B,BCL2L15,440603,2970,3,40.6485171174601
B,OR2F1,26211,3437,3,47.0400516271752
B,CASP8,841,4598,3,62.9299265003641
B,IRX5,10265,2562,3,35.0644784023343
B,SLC40A1,30061,1496,3,20.474808622128
B,C4orf50,389197,2707,3,37.0490019653079
B,FAM19A2,338811,5043,3,69.0203608832833
B,DHRS3,9249,2425,3,33.1894457945592
B,PTGIR,5739,5137,3,70.3068796068662
B,GP1BA,2811,3154,3,43.1668090870266
B,TMEM220,388335,1873,3,25.6345698858595
B,TIAL1,7073,5461,3,74.7412632924073
B,UTY,7404,4903,3,67.1042691673087
B,CHD2,1106,5297,3,72.4966987108371
B,PRSS8,5652,3421,3,46.8210697167781
B,PRKCG,5582,5257,3,71.9492439348444
B,DENND5A,23258,2713,3,37.1311201817068
B,PMF1,11243,5102,3,69.8278566778725
B,INSL4,3641,3655,3,50.0236801563356
B,P2RY11,5032,5826,3,79.7367881233409
B,GZMH,2999,4741,3,64.8870773245382
B,WISP2,8839,5672,3,77.6290872357689
B,TMEM14B,81853,3464,3,47.4095836009703
B,OR52J3,119679,4223,3,57.7975379754323
B,MLF2,8079,4657,3,63.7374222949534
B,DTWD2,285605,1767,3,24.1838147294788
B,IQCB1,9657,1781,3,24.3754239010762
B,SERPINB1,1992,2650,3,36.2688789095183
B,SEC14L1,6397,2947,3,40.3337306212643
B,CFAP36,112942,2736,3,37.4459066779026
B,GOLGA8M,653720,2818,2,38.5681889686877
B,ZNF18,7566,3999,3,54.731791229873
B,C19orf12,83636,1126,3,15.4108519441953
B,IER3,8870,4405,3,60.2884572061992
B,KPNA4,3840,3842,3,52.5830312341016
B,DUT,1854,3060,3,41.8802903634437
B,ASCL1,429,2461,3,33.6821550929526
B,ISPD,729920,4174,3,57.1269058748412
B,CCDC74A,90557,3547,3,48.5455522611552
B,SYNE2,23224,3966,3,54.280141039679
B,CHGB,1114,5417,3,74.1390630388153
B,CENPBD1,92806,1629,3,22.2950957523039
B,MRPL46,26589,4001,3,54.7591639686727
B,TMEM18,129787,4078,3,55.8130144124587
B,ROCK2,9475,3043,3,41.6476220836468
B,MRPL14,64928,2646,3,36.214133431919
B,FRMD4A,55691,4934,3,67.5285466187031
B,CCRL2,9034,5162,3,70.6490388418616
B,DSN1,79980,5748,3,78.6692513101551
B,HS6ST2,90161,3353,3,45.8903965975905
B,SLC17A2,10246,3091,3,42.3045678148381
B,FCER1A,2205,5953,3,81.4749570371178
B,LMX1A,4009,2607,3,35.6803650253261
B,GPD1L,23171,2793,3,38.2260297336923
B,ZNF304,57343,5203,3,71.2101799872542
B,HTR5A,3361,3401,3,46.5473423287818
B,LDAH,60526,3901,3,53.3905270286909
B,BMP15,9210,3053,3,41.784485777645
B,TAGLN,6876,2783,3,38.0891660396941
B,C9orf131,138724,5746,3,78.6418785713555
B,UNC50,25972,5911,3,80.9001295223255
B,SPIN2A,54466,5958,3,81.5433888841169
B,ERVW-1,30816,4400,3,60.2200253592001
B,CLIC5,53405,4044,3,55.3476778528649
B,SHISA4,149345,3680,3,50.365839391331
B,PSMA3,5684,4249,3,58.1533835798276
B,CD72,971,4913,3,67.2411328613069
B,CIPC,85457,3745,3,51.2554534023192
B,TEX37,200523,3435,3,47.0126788883756
B,DBNDD2,55861,3651,3,49.9689346787363
B,COPA,1314,5172,3,70.7859025358598
B,PPP1R9B,84687,1976,3,27.0442659340408
B,SOX18,54345,4387,3,60.0421025570025
B,TG,7038,1822,3,24.9365650464688
B,AP1AR,55435,5051,3,69.1298518384818
B,TMED10,10972,3332,3,45.6029828401943
B,TMEM212,389177,3447,3,47.1769153211734
B,OR6V1,346517,3641,3,49.8320709847381
B,SPO11,23626,3092,3,42.3182541842379
B,ST8SIA1,6489,1875,3,25.6619426246592
B,MID1IP1,58526,2635,3,36.063583368521
B,AVL9,23080,4943,3,67.6517239433014
B,SLCO1B3,28234,4241,3,58.043892624629
B,PSMA4,5685,3299,3,45.1513326500003
B,RAB18,22931,5238,3,71.6892029162478
B,RASGRP3,25780,2538,3,34.7360055367386
B,TIAF1,9220,4292,3,58.7418974640198
B,GGA3,23163,4890,3,66.9263463651111
B,CDSN,1041,2074,3,28.385530135223
B,PRRG2,5639,4261,3,58.3176200126254
B,MMD2,221938,1901,3,26.0177882290544
B,CPNE4,131034,4447,3,60.8632847209916
B,RNF167,26001,2916,3,39.9094531698699
B,CHCHD5,84269,4955,3,67.8159603760992
B,PML,5371,3148,3,43.0846908706277
B,ARSI,340075,5882,3,80.5032248097307
B,IQCF3,401067,3597,3,49.2298707311461
B,BRDT,676,3497,3,47.8612337911643
B,FUK,197258,1878,3,25.7030017328586
B,PLA2G10,8399,5401,3,73.9200811284182
B,MEX3A,92312,3031,3,41.483385650849
B,DIRAS2,54769,3438,3,47.053737996575
B,FAM231C,729587,3793,3,51.9123991335105
B,PPBP,5473,6513,3,89.139323901016
B,LCE2D,353141,4119,3,56.3741555578512
B,DENND4B,9909,2870,3,39.2798801774783
B,KCNK16,83795,2765,3,37.8428113904974
B,PLK2,10769,1061,3,14.5212379332071
B,TMEM181,57583,3785,3,51.8029081783119
B,MOCS2,4338,4491,3,61.4654849745836
B,ADAMTSL4,54507,3933,3,53.828490849485
B,ADGRD2,347088,3712,3,50.8038032121252
B,RAPGEF6,51735,2684,3,36.7342154691121
B,SMIM8,57150,3986,3,54.5538684276754
B,SARNP,84324,3703,3,50.6806258875268
B,GPHB5,122876,3903,3,53.4178997674905
B,RESP18,389075,2462,3,33.6958414623524
B,CTTNBP2NL,55917,3145,3,43.0436317624283
B,C6orf163,206412,3538,3,48.4223749365568
B,SCP2D1,140856,4813,3,65.8724959213251
B,UPK2,7379,5162,3,70.6490388418616
B,TRIM59,286827,2323,3,31.7934361157777
B,CDC5L,988,5347,3,73.181017180828
B,C7orf61,402573,4498,3,61.5612895603823
B,CD1A,909,3136,3,42.9204544378299
B,HSP90AA1,3320,4309,3,58.9745657438167
B,PSORS1C1,170679,4477,3,61.2738758029861
B,CPE,1363,3633,3,49.7225800295396
B,MAGED2,10916,6347,3,86.8673865806462
B,MRPL1,65008,5374,3,73.5505491546231
B,LY6L,101928108,3906,3,53.4589588756899
B,ZG16B,124220,4385,3,60.0147298182029
B,TXNDC2,84203,3837,3,52.5145993871025
B,CCDC42,146849,3181,3,43.5363410608217
B,MRPL28,10573,3484,3,47.6833109889667
B,LRRC37A,9884,5032,3,68.8698108198853
B,VSTM2A,222008,2116,3,28.9603576500153
B,OR5T3,390154,2782,3,38.0754796702943
B,GTF3A,2971,2574,3,35.2287148351321
B,MRPS7,51081,3136,3,42.9204544378299
B,METTL14,57721,4014,3,54.9370867708703
B,METTL2A,339175,1815,3,24.8407604606701
B,ACKR4,51554,1668,3,22.8288641588968
B,CDRT1,374286,2883,2,39.4578029796759
B,TP53I3,9540,3423,3,46.8484424555777
B,KRBOX4,55634,2756,3,37.719634065899
B,FBP2,8789,5111,3,69.9510340024709
B,VWA3A,146177,3593,3,49.1751252535469
B,DNAJC5B,85479,4018,3,54.9918322484696
B,GPRC5C,55890,4210,3,57.6196151732347
B,CT55,54967,5209,3,71.2922982036531
B,PEBP4,157310,7697,3,105.343985270401
B,SSBP3,23648,2424,3,33.1757594251594
B,LOC285500,285500,3646,3,49.9005028317372
B,PCDHGA1,56114,4046,3,55.3750505916645
B,EXOSC4,54512,2330,3,31.8892407015764
B,FAM25A,643161,4090,3,55.9772508452565
B,LENG1,79165,3837,3,52.5145993871025
B,SMUG1,23583,5190,3,71.0322571850565
B,TMEM106A,113277,3757,3,51.419689835117
B,CAPG,822,1848,3,25.2924106508641
B,SELE,6401,3047,3,41.7023675612461
B,ADTRP,84830,2587,3,35.4066376373297
B,OPA3,80207,3586,3,49.0793206677481
B,CD300E,342510,4832,3,66.1325369399216
B,RNASE3,6037,3912,3,53.5410770920888
B,KIF9,64147,4296,3,58.796642941619
B,MYH3,4621,2607,3,35.6803650253261
B,CHRNB1,1140,3121,3,42.7151588968326
B,C6orf222,389384,4345,3,59.4672750422101
B,FGF11,2256,3438,3,47.053737996575
B,TOMM5,401505,3363,3,46.0272602915887
B,CDH11,1009,3350,3,45.849337489391
B,CDKN1A,1026,2696,3,36.8984519019099
B,CNGA4,1262,4419,3,60.4800663777967
B,EEF1E1,9521,4134,3,56.5794510988485
B,PGM1,5236,3084,3,42.2087632290394
B,CFAP45,25790,3930,3,53.7874317412856
B,CT47B1,643311,4231,3,57.9070289306309
B,ESPL1,9700,3037,3,41.5655038672479
B,ZNF91,7644,3001,3,41.0727945688545
B,PLS3,5358,3653,3,49.9963074175359
B,LPL,4023,3015,3,41.2644037404519
B,CUEDC2,79004,3703,3,50.6806258875268
B,TECPR1,25851,1448,3,19.8178628909368
B,TAPBPL,55080,2541,3,34.7770646449381
B,SNX25,83891,2944,3,40.2926715130648
B,MID1,4281,3685,3,50.4342712383301
B,FGD1,2245,2032,3,27.8107026204306
B,RPLP2,6181,3332,3,45.6029828401943
B,PLN,5350,3873,3,53.0073086854959
B,METTL15,196074,2393,3,32.751481973765
B,FRMD6,122786,4437,3,60.7264210269934
B,C1orf137,388667,2771,3,37.9249296068963
B,RACGAP1,29127,2990,3,40.9222445054565
B,CREB3L1,90993,2424,3,33.1757594251594
B,NT5C1B,93034,3917,3,53.6095089390879
B,OR7C1,26664,5405,3,73.9748266060174
B,OR10A7,121364,3100,3,42.4277451394365
B,ATG7,10533,1486,3,20.3379449281299
B,FCHSD1,89848,4179,3,57.1953377218403
B,ATXN3,4287,4385,3,60.0147298182029
B,RNF113A,7737,3822,3,52.3093038461052
B,OLFM3,118427,1769,3,24.2111874682784
B,OCIAD1,54940,7177,3,98.2270731824953
B,ENOPH1,58478,4925,3,67.4053692941047
B,NUDT13,25961,3231,3,44.2206595308126
B,PDE6G,5148,4733,3,64.7775863693396
B,ZMAT4,79698,2155,3,29.4941260566082
B,PADI1,29943,4873,3,66.6936780853142
B,RAB11FIP4,84440,2123,3,29.0561622358141
B,MAJIN,283129,3385,3,46.3283604183847
B,FCRL4,83417,6476,3,88.6329282332227
B,KIR2DL1,3802,3663,3,50.1331711115341
B,LOC101929372,101929372,4150,3,56.7984330092456
B,CDK20,23552,4983,3,68.1991787192942
B,FGF1,2246,4888,3,66.8989736263114
B,TRAPPC9,83696,1886,3,25.8124926880572
B,FNDC11,79025,3882,3,53.1304860100943
B,PPY,5539,5016,3,68.6508289094882
B,BCCIP,56647,3390,3,46.3967922653837
B,PAIP2B,400961,5030,3,68.8424380810856
B,C16orf82,162083,5525,3,75.6171909339956
B,PPIL3,53938,2198,3,30.0826399408004
B,SELENBP1,8991,5543,3,75.8635455831924
B,CCDC186,55088,3738,3,51.1596488165205
B,IQCJ-SCHIP1,100505385,2636,3,36.0772697379208
B,MAB21L1,4081,6092,3,83.3773623836926
B,GBP3,2635,3648,3,49.9278755705369
B,LIPC,3990,4618,3,63.2036538883605
B,HAUS3,79441,2081,3,28.4813347210217
B,NDUFA13,51079,2629,3,35.9814651521221
B,P4HA3,283208,3470,3,47.4917018173692
B,TFG,10342,1638,3,22.4182730769022
B,ZNF676,163223,4916,3,67.2821919695063
B,GALNT7,51809,3344,3,45.7672192729921
B,GATS,352954,5802,3,79.4083152577453
B,CSNK2B,1460,3687,3,50.4616439771298
B,GOLIM4,27333,4743,3,64.9144500633378
B,CCDC140,151278,3620,3,49.5446572273419
B,ZNF20,7568,3642,3,49.8457573541379
B,CCDC171,203238,6001,3,82.1319027683091
B,C14orf37,145407,4311,3,59.0019384826163
B,RBM19,9904,3991,3,54.6223002746745
B,IGFBP5,3488,3388,3,46.3694195265841
B,EMP3,2014,3151,3,43.1257499788272
B,GPC3,2719,1697,3,23.2257688714915
B,TEP1,7011,2552,3,34.9276147083361
B,TUSC5,286753,2509,3,34.3391008241439
B,FAT1,2195,3292,3,45.0555280642016
B,ZNF311,282890,5296,3,72.4830123414373
B,GNS,2799,3730,3,51.0501578613219
B,STMN4,81551,4346,3,59.48096141161
B,DEFB105A,245908,6590,3,90.193174344802
B,KCNJ4,3761,3751,3,51.3375716187181
B,C11orf54,28970,3885,3,53.1715451182938
B,OR6C68,403284,3657,3,50.0510528951352
B,ALOX15B,247,3524,3,48.2307657649594
B,HRH4,59340,4620,3,63.2310266271602
B,CLCA4,22802,4496,3,61.5339168215827
B,OR2T1,26696,4646,3,63.5868722315554
B,PRDM11,56981,3037,3,41.5655038672479
B,UBE4B,10277,7028,3,96.1878041419224
B,HLX,3142,5147,3,70.4437433008643
B,OR2B2,81697,4517,3,61.8213305789789
B,HOXB7,3217,2717,3,37.1858656593061
B,TARBP2,6895,2843,3,38.9103482036832
B,SSX1,6756,4695,3,64.2575043321465
B,SCG5,6447,2939,3,40.2242396660657
B,PTH,5741,2842,3,38.8966618342834
B,TMEM208,29100,1531,3,20.9538315511217
B,VHLL,391104,3869,3,52.9525632078967
B,WISP3,8838,4698,3,64.298563440346
B,PCDHGA2,56113,3988,3,54.581241166475
B,CYLD,1540,4796,3,65.6398276415282
B,SMCO3,440087,2766,3,37.8564977598972
B,OR2G2,81470,4597,3,62.9162401309643
B,TMPRSS11F,389208,6589,3,90.1794879754022
B,CDC20B,166979,5760,3,78.8334877429529
B,CC2D2B,387707,5294,3,72.4556396026376
B,MRPL50,54534,5265,3,72.0587348900429
B,OR10A5,144124,3733,3,51.0912169695214
B,MEF2C,4208,4325,3,59.1935476542138
B,EDN2,1907,5343,3,73.1262717032287
B,NUP153,9972,5633,3,77.095318829176
B,JAGN1,84522,4109,3,56.2372918638531
B,RNF168,165918,3948,3,54.0337863904823
B,MS4A6E,245802,5174,3,70.8132752746594
B,FBXO36,130888,4005,3,54.8139094462719
B,MAB21L3,126868,4338,3,59.3714704564114
B,MYOT,9499,4154,3,56.8531784868449
B,TRIB2,28951,4576,3,62.6288263735681
B,OLAH,55301,3766,3,51.5428671597154
B,TLE4,7091,5595,3,76.5752367919829
B,INO80D,54891,4004,3,54.8002230768721
B,OR1S1,219959,4811,3,65.8451231825254
B,OR1S2,219958,5834,3,79.8462790785395
B,OR6C4,341418,5666,3,77.54696901937
B,OR4C45,403257,4170,3,57.072160397242
B,MS4A12,54860,4615,3,63.1625947801611
B,F8,2157,5264,3,72.0450485206431
B,ZNF645,158506,6520,3,89.2351284868147
B,OR13F1,138805,4925,3,67.4053692941047
B,TGIF2LX,90316,4186,3,57.2911423076391
B,RICTOR,253260,3414,3,46.7252651309794
B,IGSF10,285313,5805,3,79.4493743659447
B,DEFB107A,245910,6315,3,86.429422759852
B,TMEM257,9142,2159,3,29.5488715342075
B,EVX2,344191,5595,3,76.5752367919829
B,GIF,2694,6516,3,89.1803830092155
B,LECT2,3950,4290,3,58.7145247252201
B,CLPP,8192,3831,3,52.4324811707036
B,SLC4A9,83697,4817,3,65.9272413989243
B,C9orf85,138241,4845,3,66.3104597421192
B,MCEMP1,199675,3361,3,45.999887552789
B,SRSF11,9295,4018,3,54.9918322484696
B,NPR3,4883,5327,3,72.9072897928316
B,ASB4,51666,4193,3,57.3869468934378
B,ZNF732,654254,4848,3,66.3515188503187
B,CMSS1,84319,4941,3,67.6243512045018
B,FOXD1,2297,3685,3,50.4342712383301
B,FOXRED1,55572,3829,3,52.4051084319039
B,EQTN,54586,3060,3,41.8802903634437
B,CBLL1,79872,4080,3,55.8403871512583
B,VWDE,221806,5377,3,73.5916082628225
B,CDY1,9085,6991,3,95.6814084741291
B,LRRN4CL,221091,5476,3,74.9465588334045
B,TUBB1,81027,3323,3,45.4798055155959
B,SIGLEC9,27180,5015,3,68.6371425400883
B,ZNF207,7756,2646,3,36.214133431919
B,LOC340178,340178,2066,3,28.2760391800244
B,VNN1,8876,5104,3,69.8552294166722
B,KRTAP3-2,83897,7569,3,103.592129987224
B,PCDHGB7,56099,5123,3,70.1152704352687
B,ZFP57,346171,4259,3,58.2902472738258
B,NLGN3,54413,6426,3,87.9486097632318
B,EDNRA,1909,2658,3,36.3783698647168
B,SEMA6B,10501,5859,3,80.1884383135349
B,UCP3,7352,7038,3,96.3246678359206
B,CHRNB3,1142,3865,3,52.8978177302974
B,SLC1A3,6507,2600,3,35.5845604395274
B,EME1,146956,3654,3,50.0099937869357
B,ARMC8,25852,6335,3,86.7031501478484
B,ARL17B,100506084,826,2,11.3049411242498
B,TRIM5,85363,5876,3,80.4211065933318
B,MMP3,4314,4809,3,65.8177504437258
B,IL13,3596,4693,3,64.2301315933469
B,CTXN3,613212,4265,3,58.3723654902247
B,RPL6,6128,5230,3,71.5797119610493
B,HELZ2,85441,6415,3,87.7980596998338
B,UMODL1,89766,6141,3,84.0479944842836
B,TGFBR3,7049,4654,3,63.696363186754
B,TNPO2,30000,4999,3,68.4181606296913
B,COX15,1355,5933,3,81.2012296491215
B,ORC4,5000,3958,3,54.1706500844805
B,SPRED2,200734,7459,3,102.086629353244
B,ARL6IP5,10550,2425,3,33.1894457945592
B,HMMR,3161,3583,3,49.0382615595487
B,GPX2,2877,6006,3,82.2003346153082
B,C6,729,4280,3,58.577661031222
B,PPEF1,5475,4330,3,59.2619795012129
B,SCN3A,6328,3920,3,53.6505680472874
B,CEP164,22897,2878,3,39.3893711326768
B,RBM28,55131,2184,3,29.891030769203
B,CYP7A1,1581,4287,3,58.6734656170207
B,SPAG4,6676,3244,3,44.3985823330103
B,ZP4,57829,7252,3,99.2535508874817
B,PIGX,54965,2665,3,36.4741744505155
B,ZNF366,167465,5030,3,68.8424380810856
B,TRIM22,10346,6804,3,93.1220573963631
B,CDH9,1007,7202,3,98.5692324174908
B,SIX3,6496,4041,3,55.3066187446654
B,AP1G1,164,4128,3,56.4973328824496
B,TLR3,7098,5905,3,80.8180113059266
B,GABRA3,2556,3923,3,53.6916271554869
B,OR11H6,122748,4059,3,55.5529733938621
B,KIF6,221458,5680,3,77.7385781909675
B,ZNF468,90333,3282,3,44.9186643702034
B,OR11G2,390439,2440,3,33.3947413355564
B,MUC19,283463,4331,3,59.2756658706127
B,TRIP11,9321,3824,3,52.3366765849049
B,CD74,972,5550,3,75.9593501689911
B,TSHR,7253,3881,3,53.1167996406945
B,ADGRL2,23266,5045,3,69.0477336220829
B,DPP6,1804,4918,3,67.309564708306
B,DEFB121,245934,6312,3,86.3883636516526
B,DEFB127,140850,5220,3,71.4428482670511
B,CTIF,9811,3402,3,46.5610286981816
B,RAB42,115273,3890,3,53.2399769652929
B,OR5AP2,338675,3912,3,53.5410770920888
B,OR10J1,26476,5844,3,79.9831427725376
B,SAMD9L,219285,4572,3,62.5740808959689
B,HTR3B,9177,5013,3,68.6097698012887
B,SGCE,8910,3495,3,47.8338610523647
B,SSX7,280658,5549,3,75.9456637995913
B,PPARG,5468,4355,3,59.6041387362083
B,FAHD2A,51011,4319,3,59.1114294378149
B,TK1,7083,3445,3,47.1495425823737
B,TMEM191C,645426,5117,3,70.0331522188698
B,HOXB13,10481,6005,3,82.1866482459084
B,MED8,112950,5899,3,80.7358930895276
B,IL1F10,84639,4993,3,68.3360424132923
B,PMS2,5395,4802,3,65.7219458579271
B,HOXD8,3234,2338,3,31.998731656775
B,UPP1,7378,4854,3,66.4336370667176
B,COPG1,22820,3803,3,52.0492628275087
B,SBF2,81846,3445,3,47.1495425823737
B,TPRG1L,127262,4414,3,60.4116345307976
B,KLRC3,3823,4432,3,60.6579891799943
B,SCNN1D,6339,5831,3,79.80521997034
B,CXCL17,284340,6687,3,91.5207521765844
B,PATE1,160065,2866,3,39.225134699879
B,IPO8,10526,10820,3,148.086516906033
B,PPM1K,152926,4596,3,62.9025537615645
B,C9,735,5479,3,74.987617941604
B,APC,324,3914,3,53.5684498308885
B,THUMPD3,25917,5903,3,80.7906385671269
B,C17orf50,146853,7264,3,99.4177873202795
B,RUSC2,9853,6408,3,87.7022551140351
B,HOXA5,3202,5061,3,69.26671553248
B,TFF1,7031,6604,3,90.3847835163995
B,AARS2,57505,2514,3,34.407532671143
B,BTD,686,4683,3,64.0932678993487
B,CCDC40,55036,3346,3,45.7945920117917
B,RABEP2,79874,3520,3,48.1760202873601
B,CWC15,51503,5222,3,71.4702210058507
B,PNPLA4,8228,4219,3,57.742792497833
B,KIAA0754,643314,4205,3,57.5511833262356
B,EXTL3,2137,4468,3,61.1506984783878
B,CDC23,8697,3949,3,54.0474727598821
B,DNPH1,10591,3035,3,41.5381311284483
B,SH3BGRL,6451,4495,3,61.5202304521829
B,DCDC2B,149069,2886,3,39.4988620878754
B,UGT1A4,54657,4015,3,54.9507731402701
B,GLYATL3,389396,4181,3,57.22271046064
B,HOXD4,3233,3602,3,49.2983025781452
B,ZNF461,92283,6579,3,90.042624281404
B,PPEF2,5470,4717,3,64.5586044589425
B,RPL35,11224,4468,3,61.1506984783878
B,CPNE7,27132,3415,3,46.7389515003792
B,ARHGDIB,397,4747,3,64.9691955409371
B,ZNF221,7638,3080,3,42.1540177514401
B,HPR,3250,5263,3,72.0313621512433
B,HIST3H2A,92815,4686,3,64.1343270075482
B,FCRL3,115352,9448,3,129.308818089482
B,ETAA1,54465,4369,3,59.7957479078058
B,CEP83,51134,3462,3,47.3822108621707
B,CATSPER3,347732,4913,3,67.2411328613069
B,OR11H1,81061,6180,3,84.5817628908766
B,GPR19,2842,2835,3,38.8008572484846
B,FKBP15,23307,2185,3,29.9047171386028
B,C9orf92,100129385,4735,3,64.8049591081392
B,PCDHB9,56127,5109,3,69.9236612636713
B,PRG4,10216,3660,3,50.0921120033347
B,FGG,2266,4163,3,56.9763558114432
B,LCLAT1,253558,3640,3,49.8183846153383
B,FAM71D,161142,3754,3,51.3786307269176
B,TCHP,84260,3922,3,53.677940786087
B,OR6A2,8590,4026,3,55.1013232036681
B,MYF5,4617,4192,3,57.373260524038
B,TRIM40,135644,5952,3,81.461270667718
B,TAS2R46,259292,5395,3,73.8379629120193
B,NTM,50863,6318,3,86.4704818680515
B,VAMP8,8673,6903,3,94.4770079669451
B,LOC101928436,101928436,4695,3,64.2575043321465
B,MRGPRX4,117196,3206,3,43.8785002958172
B,CRP,1401,6218,3,85.1018449280696
B,ZMYM6,9204,5926,3,81.1054250633227
B,FDXACB1,91893,6657,3,91.1101610945899
B,EMCN,51705,4291,3,58.72821109462
B,SLC27A6,28965,4463,3,61.0822666313887
B,DSG4,147409,5715,3,78.2176011199611
B,ZMYND8,23613,6310,3,86.3609909128529
B,ASB8,140461,4065,3,55.635091610261
B,RPL23A,6147,6932,3,94.8739126795399
B,G6PC2,57818,4175,3,57.140592244241
B,INCA1,388324,2804,3,38.3765797970903
B,UGT1A5,54579,3845,3,52.624090342301
B,LOC100134391,100134391,5663,3,77.5059099111705
B,CNTN3,5067,3928,3,53.7600590024859
B,METTL6,131965,3620,3,49.5446572273419
B,ASPA,443,8136,3,111.352301436921
B,ADIPOQ,9370,7245,3,99.1577463016829
B,TPRG1,285386,5815,3,79.5862380599429
B,TFDP3,51270,3678,3,50.3384666525314
B,OR51V1,283111,5551,3,75.9730365383909
B,C17orf80,55028,4139,3,56.6478829458476
B,EFCAB8,388795,5482,3,75.0286770498035
B,OR6C65,403282,5263,3,72.0313621512433
B,PRR27,401137,6057,3,82.8983394546989
B,SPINK8,646424,6656,3,91.09647472519
B,SUOX,6821,4221,3,57.7701652366327
B,PHF8,23133,3977,3,54.430691103077
B,OR6M1,390261,5565,3,76.1646457099884
B,FAM43B,163933,2325,3,31.8208088545773
B,TSGA13,114960,5446,3,74.53596775141
B,KRT77,374454,5826,3,79.7367881233409
B,ZNF705D,728957,5447,3,74.5496541208098
B,PCDHGB5,56101,4982,3,68.1854923498943
B,TSHB,7252,4711,3,64.4764862425436
B,ARIH2OS,646450,3358,3,45.9588284445896
B,CLP1,10978,5224,3,71.4975937446504
B,ARHGAP15,55843,2910,3,39.827334953471
B,ECM2,1842,2713,3,37.1311201817068
B,PBOV1,59351,4032,3,55.183441420067
B,TCEAL7,56849,5246,3,71.7986938714463
B,PIK3CG,5294,4630,3,63.3678903211583
B,OR5T2,219464,4773,3,65.3250411453323
B,NUP43,348995,2069,3,28.3170982882239
B,CFAP52,146845,3127,3,42.7972771132316
B,RNF133,168433,3225,3,44.1385413144137
B,CAPN14,440854,4957,3,67.8433331148989
B,KATNA1,11104,2818,3,38.5681889686877
B,PDE6H,5149,7611,3,104.166957502016
B,AURKAIP1,54998,4110,3,56.2509782332529
B,IFNB1,3456,5631,3,77.0679460903764
B,TFIP11,24144,3768,3,51.570239898515
B,OR13C3,138803,7059,3,96.6120815933168
B,HSPA8,3312,6431,3,88.0170416102309
B,RPS2,6187,5002,3,68.4592197378907
B,FAM156B,727866,3289,3,45.0144689560021
B,PBX1,5087,4797,3,65.653514010928
B,OR10J3,441911,5914,3,80.9411886305249
B,C10orf126,283080,7019,3,96.064626817324
B,MTRNR2L4,100463285,4615,3,63.1625947801611
B,NXF2,56001,3742,3,51.2143942941198
B,SLCO2B1,11309,6126,3,83.8426989432864
B,VPREB1,7441,6290,3,86.0872635248566
B,CELF2,10659,5111,3,69.9510340024709
B,PREPL,9581,6061,3,82.9530849322982
B,RAB11FIP5,26056,3295,3,45.096587172401
B,RBP2,5948,6311,3,86.3746772822527
B,SEMA6D,80031,6393,3,87.4969595730378
B,PCOLCE2,26577,3432,3,46.9716197801761
B,C14orf93,60686,5673,3,77.6427736051687
B,MYEOV,26579,5968,3,81.6802525781151
B,CLDN3,1365,4080,3,55.8403871512583
B,FLRT3,23767,4500,3,61.588662299182
B,APC2,10297,2072,3,28.3581573964233
B,DDX17,10521,2122,3,29.0424758664143
B,MRPS31,10240,7699,3,105.3713580092
B,TSNAXIP1,55815,5665,3,77.5332826499702
B,NKX2-1,7080,5323,3,72.8525443152324
B,AQP9,366,5588,3,76.4794322061842
B,GPC1,2817,2661,3,36.4194289729163
B,FAM26D,221301,4987,3,68.2539241968934
B,TERB1,283847,3309,3,45.2881963439985
B,LRRC4C,57689,4455,3,60.9727756761901
B,GTF2B,2959,10587,3,144.897592835875
B,FGF7,2252,5519,3,75.5350727175967
B,OR6C75,390323,4863,3,66.556814391316
B,ITK,3702,4924,3,67.3916829247049
B,UBA1,7317,3188,3,43.6321456466205
B,CDIP1,29965,4636,3,63.4500085375572
B,MTRNR2L6,100463482,4143,3,56.7026284234469
B,KRT40,125115,6305,3,86.2925590658538
B,SLC35B1,10237,4554,3,62.3277262467721
B,KLHL21,9903,4718,3,64.5722908283423
B,BOD1,91272,4581,3,62.6972582205672
B,FHDC1,85462,2475,3,33.8737642645501
B,RPS9,6203,4484,3,61.3696803887849
B,ORC1,4998,5635,3,77.1226915679756
B,OOSP2,219990,4358,3,59.6451978444078
B,ACTA1,58,4655,3,63.7100495561538
B,KRT33A,3883,7441,3,101.840274704047
B,AGAP5,729092,2509,3,34.3391008241439
B,OSBPL11,114885,5613,3,76.8215914411796
B,SEPT2,4735,4463,3,61.0822666313887
B,FRMPD2,143162,3127,3,42.7972771132316
B,MRTO4,51154,5879,3,80.4621657015313
B,DEFB112,245915,4707,3,64.4217407649443
B,CABP4,57010,6147,3,84.1301127006826
B,PHKG1,5260,6766,3,92.60197535917
B,OR10H3,26532,7198,3,98.5144869398915
B,AGT,183,6066,3,83.0215167792973
B,FASTKD2,22868,6473,3,88.5918691250233
B,C17orf77,146723,6193,3,84.7596856930742
B,AGER,177,6160,3,84.3080355028802
B,KRTAP5-6,440023,5232,3,71.6070846998489
B,MLF1,4291,4281,3,58.5913474006218
B,LSM7,51690,2681,3,36.6931563609126
B,AMBN,258,7424,3,101.60760642425
B,NEUROG2,63973,5266,3,72.0724212594427
B,NLGN4X,57502,4786,3,65.50296394753
B,LYPD4,147719,3696,3,50.5848213017281
B,METTL7A,25840,6979,3,95.5171720413313
B,GLCE,26035,3068,3,41.9897813186423
B,CLEC16A,23274,2753,3,37.6785749576995
B,SLCO4C1,353189,4678,3,64.0248360523496
B,CD163L1,283316,4980,3,68.1581196110947
B,MYOM3,127294,4575,3,62.6151400041683
B,TBC1D31,93594,4998,3,68.4044742602914
B,KLK2,3817,6302,3,86.2514999576544
B,JSRP1,126306,4452,3,60.9317165679907
B,TIMM9,26520,5387,3,73.7284719568207
B,PRSS56,646960,4296,3,58.796642941619
B,MAGEA2B,266740,5130,3,70.2110750210674
B,TEX47,219557,6353,3,86.9495047970451
B,DEFB104A,140596,6925,3,94.7781080937411
B,RBMS1,5937,4226,3,57.8385970836318
B,ZBED2,79413,6699,3,91.6849886093822
B,FAM157A,728262,4872,3,66.6799917159143
B,DPEP2,64174,2955,3,40.4432215764628
B,SLC15A5,729025,7556,3,103.414207185026
B,PNPLA1,285848,7740,3,105.932499154593
B,ZNF806,646915,3616,3,49.4899117497427
B,FOSB,2354,7776,3,106.425208452986
B,SULT1A1,6817,5202,3,71.1964936178543
B,UBFD1,56061,2656,3,36.3509971259172
B,MED24,9862,1874,3,25.6482562552593
B,SNAP29,9342,4478,3,61.287562172386
B,IL21,59067,3928,3,53.7600590024859
B,INIP,58493,6520,3,89.2351284868147
B,MAP3K19,80122,9503,3,130.061568406472
B,WDR82,80335,3428,3,46.9168743025768
B,LPP,4026,5556,3,76.04146838539
B,OR6C6,283365,6532,3,89.3993649196126
B,ZNF248,57209,6400,3,87.5927641588366
B,ZNF512,84450,5493,3,75.1792271132014
B,ARHGAP30,257106,6982,3,95.5582311495308
B,CLEC4E,26253,4797,3,65.653514010928
B,MPIG6B,80739,6222,3,85.1565904056689
B,PLEKHG7,440107,4282,3,58.6050337700216
B,C4A,720,3459,3,47.3411517539712
B,PVRIG,79037,4651,3,63.6553040785545
B,VSIG1,340547,6414,3,87.784373330434
B,CLCNKB,1188,3645,3,49.8868164623374
B,RAI2,10742,3439,3,47.0674243659748
B,MEIS1,4211,9096,3,124.491216060746
B,ZASP,101927655,6129,3,83.8837580514858
B,RBM12B,389677,3354,3,45.9040829669903
B,IL26,55801,4855,3,66.4473234361174
B,LRMP,4033,6306,3,86.3062454352536
B,IL2RG,3561,8176,3,111.899756212914
B,APOBEC3A,200315,6826,3,93.4231575231591
B,TASP1,55617,3693,3,50.5437621935287
B,KIAA1644,85352,4964,3,67.9391377006976
B,KCNU1,157855,8704,3,119.126159256018
B,SPDYE16,102723555,6327,2,86.5936591926498
B,ZNF609,23060,3495,3,47.8338610523647
B,BCL2L1,598,6695,3,91.6302431317829
B,KRT17,3872,4664,3,63.8332268807521
B,SLC6A5,9152,6175,3,84.5133310438775
B,DDRGK1,65992,1906,3,26.0862200760535
B,HIST2H3C,126961,4716,3,64.5449180895427
B,RAB5B,5869,5836,3,79.8736518173391
B,PLLP,51090,4564,3,62.4645899407703
B,RBM4,5936,8088,3,110.69535570573
B,ZNF679,168417,6500,3,88.9614010988184
B,KCNK9,51305,5319,3,72.7977988376331
B,CYP3A5,1577,6068,3,83.0488895180969
B,FABP6,2172,4220,3,57.7564788672329
B,ATRN,8455,8076,3,110.531119272932
B,KRT39,390792,7215,3,98.7471552196884
B,RDH16,8608,5583,3,76.4110003591851
B,RBP5,83758,4492,3,61.4791713439834
B,PIEZO2,63895,5511,3,75.4255817623982
B,LCE6A,448835,6662,3,91.1785929415889
B,C9orf153,389766,5491,3,75.1518543744018
B,CEBPE,1053,7438,3,101.799215595848
B,NPS,594857,7301,3,99.9241829880728
B,KIF4B,285643,6251,3,85.5534951182637
B,CYP4A22,284541,3093,3,42.3319405536377
B,BLK,640,5160,3,70.621666103062
B,TCTN3,26123,7085,3,96.967927197712
B,MTMR7,9108,3826,3,52.3640493237045
B,CHRM3,1131,4654,3,63.696363186754
B,LAMP2,3920,5487,3,75.0971088968025
B,SGPP2,130367,3635,3,49.7499527683392
B,PODXL2,50512,2314,3,31.6702587911793
B,ZNF418,147686,6576,3,90.0015651732046
B,TMEM150B,284417,2135,3,29.2203986686119
B,ZNF2,7549,6004,3,82.1729618765086
B,DTX3,196403,3597,3,49.2298707311461
B,KANK4,163782,1860,3,25.4566470836619
B,PLEKHG4B,153478,3784,3,51.7892218089121
B,PLEKHG2,64857,3934,3,53.8421772188849
B,DEFB1,1672,4952,3,67.7749012678998
B,CHST5,23563,4419,3,60.4800663777967
B,ZNF696,79943,6665,3,91.2196520497884
B,BCL2L12,83596,4916,3,67.2821919695063
B,C15orf41,84529,4870,3,66.6526189771147
B,HSF2,3298,3242,3,44.3712095942106
B,STAG3,10734,3506,3,47.9844111157627
B,EPHA2,1969,3806,3,52.0903219357081
B,NAV1,89796,3233,3,44.2480322696123
B,TRIM66,9866,3673,3,50.2700348055323
B,MASP2,10747,2134,3,29.2067122992121
B,LEMD3,23592,4311,3,59.0019384826163
B,DZIP1,22873,4709,3,64.449113503744
B,APLF,200558,2378,3,32.5461864327677
B,PSMB3,5691,7273,3,99.5409646448778
B,PRMT2,3275,2094,3,28.6592575232193
B,PAGE2,203569,6210,3,84.9923539728711
B,NLRP9,338321,6034,3,82.5835529585031
B,PCLO,27445,4348,3,59.5083341504096
B,C8orf37,157657,8883,3,121.576019378585
B,MT4,84560,6355,3,86.9768775358447
B,LOC100130357,100130357,3882,3,53.1304860100943
B,HSD17B4,3295,3136,3,42.9204544378299
B,ZBTB40,9923,4317,3,59.0840566990152
B,C9orf142,286257,5175,3,70.8269616440593
B,MRPL41,64975,4555,3,62.341412616172
B,TLR1,7096,5370,3,73.4958036770238
B,RNF225,646862,7514,3,102.839379670234
B,ANAPC16,119504,2568,3,35.1465966187332
B,RSL1D1,26156,4475,3,61.2465030641865
B,STXBP5,134957,3287,3,44.9870962172025
B,OR1J1,347168,2819,3,38.5818753380875
B,ZNF707,286075,3097,3,42.386686031237
B,PRRT3,285368,6427,3,87.9622961326317
B,USP17L24,728369,3111,2,42.5782952028345
B,IQCK,124152,3079,3,42.1403313820403
B,NLRC3,197358,6612,3,90.494274471598
B,NAA50,80218,5662,3,77.4922235417707
B,ZNF648,127665,5970,3,81.7076253169147
B,RNH1,6050,4529,3,61.9855670117767
B,FMOD,2331,3065,3,41.9487222104428
B,THAP1,55145,3577,3,48.9561433431498
B,OR13A1,79290,4667,3,63.8742859889516
B,ANAPC10,10393,4312,3,59.0156248520161
B,TAS2R43,259289,3751,3,51.3375716187181
B,SLC4A4,8671,3765,3,51.5291807903156
B,ZW10,9183,4780,3,65.4208457311311
B,SLC4A11,83959,2422,3,33.1483866863597
B,ZBED9,114821,6082,3,83.2404986896944
B,CNOT6L,246175,3469,3,47.4780154479694
B,HGH1,51236,5952,3,81.461270667718
B,TM4SF18,116441,1557,3,21.309677155517
B,RBM20,282996,6151,3,84.1848581782818
B,SKI,6497,5188,3,71.0048844462569
B,HAUS6,54801,4661,3,63.7921677725527
B,CTAGE6,340307,3397,3,46.4925968511825
B,OR56B1,387748,6908,3,94.5454398139442
B,SMIM11B,102723553,5324,3,72.8662306846322
B,IRX3,79191,2613,3,35.762483241725
B,EMX2,2018,2140,3,29.288830515611
B,G6PD,2539,4032,3,55.183441420067
B,HAO2,51179,3254,3,44.5354460270085
B,MZB1,51237,6063,3,82.9804576710978
B,PTS,5805,3397,3,46.4925968511825
B,AZIN1,51582,6781,3,92.8072709001673
B,HLA-DQB2,3120,4282,3,58.6050337700216
B,PCDHB12,56124,4935,3,67.5422329881029
B,SCN2A,6326,7512,3,102.812006931434
B,MOG,4340,4369,3,59.7957479078058
B,CIB4,130106,7479,3,102.36035674124
B,NACA,4666,6840,3,93.6147666947566
B,TRAPPC12,51112,4720,3,64.599663567142
B,KRTAP1-1,81851,4992,3,68.3223560438925
B,THEGL,100506564,2972,3,40.6758898562597
B,OR4D1,26689,5974,3,81.762370794514
B,TMEM247,388946,3627,3,49.6404618131407
B,VASH2,79805,6061,3,82.9530849322982
B,HCAR2,338442,9071,3,124.149056825751
B,POF1B,79983,6798,3,93.0399391799642
B,HCAR3,8843,8564,3,117.210067540043
B,CFAP74,85452,4518,3,61.8350169483787
B,NRP2,8828,4661,3,63.7921677725527
B,UPK3BL,100134938,5676,3,77.6838327133682
B,GP6,51206,5744,3,78.6145058325558
B,GTF3C3,9330,2692,3,36.8437064243106
B,SPARCL1,8404,4189,3,57.3322014158385
B,APOL1,8542,4334,3,59.3167249788121
B,VMO1,284013,4013,3,54.9234004014705
B,TCEANC2,127428,8154,3,111.598656086118
B,FAM240A,100132146,5957,3,81.5297025147171
B,TSSK3,81629,6388,3,87.4285277260387
B,HSPA12A,259217,5195,3,71.1006890320556
B,RPL37,6167,6008,3,82.2277073541078
B,TRPC5OS,100329135,4133,3,56.5657647294487
B,BAK1,578,4973,3,68.062315025296
B,CRYBA1,1411,6204,3,84.9102357564722
B,KCNE4,23704,3386,3,46.3420467877845
B,SPATA32,124783,3384,3,46.3146740489848
B,ECD,11319,3193,3,43.7005774936196
B,C11orf52,91894,4896,3,67.00846458151
B,CD79B,974,3909,3,53.5000179838894
B,PAPD5,64282,1790,3,24.4986012256746
B,EMP1,2012,4001,3,54.7591639686727
B,SPTBN5,51332,5765,3,78.901919589952
B,ZBTB47,92999,8588,3,117.538540405639
B,PRR9,574414,7277,3,99.5957101224771
B,SAFB,6294,3794,3,51.9260855029103
B,DXO,1797,4511,3,61.73921236258
B,CEACAM20,125931,6490,3,88.8245374048202
B,DEF8,54849,3083,3,42.1950768596396
B,HDC,3067,5484,3,75.0560497886031
B,KRTAP9-3,83900,6379,3,87.3053504014404
B,SPATA31E1,286234,3905,3,53.4452725062901
B,RIN2,54453,5454,3,74.6454587066085
B,ATF7,11016,6291,3,86.1009498942564
B,ZNF791,163049,7254,3,99.2809236262813
B,NRN1L,123904,4457,3,61.0001484149898
B,ITGB6,3694,3482,3,47.655938250167
B,CDO1,1036,4975,3,68.0896877640956
B,PSMB1,5689,3279,3,44.8776052620039
B,DYNAP,284254,4865,3,66.5841871301156
B,CCDC125,202243,6901,3,94.4496352281455
B,KRTAP7-1,337878,8790,3,120.303187024402
B,RBKS,64080,5266,3,72.0724212594427
B,CADM4,199731,3280,3,44.8912916314037
B,SDC4,6385,3232,3,44.2343459002125
B,TNFRSF18,8784,4121,3,56.4015282966509
B,RLN2,6019,6204,3,84.9102357564722
B,RASGEF1A,221002,4603,3,62.9983583473632
B,EFNB1,1947,3769,3,51.5839262679149
B,PTAFR,5724,3922,3,53.677940786087
B,SIGLEC15,284266,4204,3,57.5374969568358
B,PPP1R14D,54866,5527,3,75.6445636727953
B,MBOAT4,619373,4970,3,68.0212559170965
B,KRTAP9-6,100507608,4626,3,63.3131448435591
B,OR56A5,390084,3480,3,47.6285655113674
B,OR56A3,390083,2507,3,34.3117280853443
B,APOL6,80830,5100,3,69.8004839390729
B,C19orf35,374872,2257,3,30.8901357353897
B,MYO9A,4649,3318,3,45.4113736685968
B,SLA2,84174,4346,3,59.48096141161
B,RAB32,10981,3151,3,43.1257499788272
B,USP11,8237,4813,3,65.8724959213251
B,ST3GAL3,6487,3135,3,42.9067680684301
B,KRTAP5-7,440050,3873,3,53.0073086854959
B,ASGR1,432,5416,3,74.1253766694155
B,MEIOB,254528,4281,3,58.5913474006218
B,ALDH3A1,218,6028,3,82.5014347421042
B,ZNF674,641339,4261,3,58.3176200126254
B,KRTAP4-8,728224,4331,3,59.2756658706127
B,HUS1B,135458,3812,3,52.172440152107
B,RHOU,58480,1010,3,13.8232330938164
B,KIAA0040,9674,3875,3,53.0346814242956
B,MANBA,4126,5053,3,69.1572245772814
B,LZTR1,8216,1930,3,26.4146929416492
B,NXPH2,11249,4153,3,56.839492117445
B,IPO13,9670,3051,3,41.7571130388454
B,LMAN1,3998,5029,3,68.8287517116858
B,SLC12A4,6560,4575,3,62.6151400041683
B,SMTN,6525,2362,3,32.3272045223706
B,FSIP1,161835,4214,3,57.674360650834
B,NDUFV1,4723,4135,3,56.5931374682483
B,SDR16C5,195814,5348,3,73.1947035502278
B,MCTS1,28985,4085,3,55.9088189982574
B,PRELP,5549,4683,3,64.0932678993487
B,MYBPHL,343263,3870,3,52.9662495772965
B,ACTRT2,140625,4521,3,61.8760760565781
B,GNRH2,2797,5791,3,79.2577651943473
B,DUSP12,11266,4895,3,66.9947782121102
B,MET,4233,7562,3,103.496325401425
B,CH25H,9023,3772,3,51.6249853761143
B,FICD,11153,1439,3,19.6946855663384
B,DEFB135,613209,5526,3,75.6308773033954
B,AMD1,262,3413,3,46.7115787615796
B,ZDHHC24,254359,4544,3,62.190862552774
B,TMEM45A,55076,7280,3,99.6367692306766
B,COG4,25839,5824,3,79.7094153845413
B,CDY2A,9426,2166,1,29.6446761200063
B,COL22A1,169044,4041,3,55.3066187446654
B,SSX2,6757,6926,3,94.791794463141
B,FRK,2444,3394,3,46.451537742983
B,ORM1,5004,4114,3,56.3057237108521
B,ZNF486,90649,5572,3,76.2604502957871
B,NLRP3,114548,3747,3,51.2828261411188
B,KRT25,147183,4847,3,66.3378324809189
B,ATXN1,6310,4294,3,58.7692702028194
B,CYP19A1,1588,3827,3,52.3777356931043
B,ARSE,415,7483,3,102.41510221884
B,IL9,3578,6533,3,89.4130512890124
B,KRTAP5-8,57830,2920,3,39.9641986474692
B,DMRTA1,63951,2988,3,40.8948717666568
B,PRH1,5554,5142,3,70.3753114538653
B,LCE1E,353135,4780,3,65.4208457311311
B,SOX17,64321,5498,3,75.2476589602005
B,WFDC1,58189,5012,3,68.5960834318889
B,PLCB2,5330,5511,3,75.4255817623982
B,NID1,4811,4670,3,63.9153450971511
B,CIZ1,25792,2979,3,40.7716944420585
B,EBF1,1879,4083,3,55.8814462594578
B,SDCCAG8,10806,5584,3,76.4246867285849
B,MAT1A,4143,4755,3,65.0786864961356
B,SLC25A39,51629,3432,3,46.9716197801761
B,WHAMM,123720,2821,3,38.6092480768872
B,TMEM56-RWDD3,100527978,2372,3,32.4640682163688
B,UPF2,26019,3347,3,45.8082783811916
B,TBX19,9095,4989,3,68.2812969356931
B,MUM1L1,139221,4843,3,66.2830870033196
B,ARMC7,79637,4785,3,65.4892775781302
B,MOK,5891,3834,3,52.473540278903
B,CA6,765,5045,3,69.0477336220829
B,OR2A5,393046,3787,3,51.8302809171116
B,OR2A4,79541,4883,3,66.8305417793123
B,CLCA1,1179,6541,3,89.522542244211
B,CGB5,93659,5176,3,70.8406480134591
B,SBSN,374897,4590,3,62.8204355451656
B,ASH1L,55870,3405,3,46.602087806381
B,CLN5,1203,3554,3,48.6413568469539
B,HBQ1,3049,4188,3,57.3185150464387
B,KIZ,55857,3301,3,45.1787053887999
B,CREM,1390,4115,3,56.3194100802519
B,DCAF4,26094,3270,3,44.7544279374056
B,EIF4A2,1974,4457,3,61.0001484149898
B,NUAK2,81788,2549,3,34.8865556001366
B,SKIL,6498,1667,3,22.815177789497
B,TMEM139,135932,5807,3,79.4767471047444
B,RPS29,6235,4786,3,65.50296394753
B,SLC30A7,148867,4698,3,64.298563440346
B,ZNF607,84775,4585,3,62.7520036981665
B,MCMBP,79892,4518,3,61.8350169483787
B,HAAO,23498,5639,3,77.1774370455749
B,DTYMK,1841,4880,3,66.7894826711129
B,ZCRB1,85437,4215,3,57.6880470202338
B,SMYD1,150572,3046,3,41.6886811918463
B,BCL2A1,597,5655,3,77.396418955972
B,TNPO3,23534,4101,3,56.1278009086545
B,ZNF814,730051,5028,3,68.815065342286
B,ZPBP2,124626,5653,3,77.3690462171724
B,ASAP1,50807,1583,3,21.6655227599122
B,MTERF1,7978,7836,3,107.246390616976
B,SHC4,399694,3394,3,46.451537742983
B,FAM13A,10144,6892,3,94.3264579035471
B,HYAL4,23553,4872,3,66.6799917159143
B,FOXJ2,55810,2641,3,36.1457015849199
B,FIGNL2,401720,5728,3,78.3955239221587
B,LIMA1,51474,6296,3,86.1693817412555
B,SPRY1,10252,5030,3,68.8424380810856
B,RTKN2,219790,6730,3,92.1092660607766
B,SGPP1,81537,4092,3,56.0046235840561
B,NOSIP,51070,5304,3,72.5925032966358
B,GVQW2,100507462,6424,3,87.9212370244322
B,PDPR,55066,2300,3,31.4786496195819
B,SLC22A9,114571,4096,3,56.0593690616554
B,PDC,5132,5442,3,74.4812222738107
B,CPN1,1369,3580,3,48.9972024513492
B,LMTK3,114783,6389,3,87.4422140954386
B,C8orf22,492307,5189,3,71.0185708156567
B,PPP6C,5537,2774,3,37.9659887150957
B,EVL,51466,4520,3,61.8623896871783
B,RPL26L1,51121,2565,3,35.1055375105337
B,SAMSN1,64092,3374,3,46.1778103549867
B,IDI2,91734,6618,3,90.5763926879969
B,GLYATL2,219970,5287,3,72.3598350168389
B,DYNC2H1,79659,4892,3,66.9537191039107
B,STPG3,441476,4913,3,67.2411328613069
B,NEUROG1,4762,3417,3,46.7663242391788
B,FAM13C,220965,3970,3,54.3348865172783
B,C1orf115,79762,3482,3,47.655938250167
B,EPX,8288,4922,3,67.3643101859052
B,HNRNPUL1,11100,2739,3,37.4869657861021
B,CDK2AP2,10263,3164,3,43.3036727810248
B,WWTR1,25937,5150,3,70.4848024090638
B,MPP3,4356,3916,3,53.5958225696881
B,CASTOR1,652968,3587,3,49.0930070371479
B,TMEM263,90488,3224,3,44.1248549450139
B,PVALB,5816,4849,3,66.3652052197185
B,PCDH12,51294,5362,3,73.3863127218253
B,C10orf90,118611,9222,3,126.215698605124
B,PRDM5,11107,1823,3,24.9502514158686
B,GLUD2,2747,3402,3,46.5610286981816
B,ZNF665,79788,4318,3,59.0977430684151
B,HOXC11,3227,4911,3,67.2137601225072
B,PON1,5444,5608,3,76.7531595941806
B,ZNF134,7693,2197,3,30.0689535714006
B,FGB,2244,4250,3,58.1670699492274
B,RAD51B,5890,5322,3,72.8388579458325
B,TSSK2,23617,4740,3,64.8733909551383
B,IFNA6,3443,7593,3,103.92060285282
B,IFNA17,3451,5107,2,69.8962885248716
B,TAS2R3,50831,7931,3,108.546595709958
B,IFNA10,3446,5394,3,73.8242765426195
B,ETF1,2107,2919,3,39.9505122780694
B,OR7C2,26658,7683,3,105.152376098803
B,KLRC4,8302,5855,3,80.1336928359356
B,ZNF596,169270,5730,3,78.4228966609584
B,SELENOT,51714,3877,3,53.0620541630952
B,INPP5J,27124,4871,3,66.6663053465145
B,CRYGA,1418,8186,3,112.036619906912
B,IQCF2,389123,3359,3,45.9725148139894
B,GRPEL2,134266,3838,3,52.5282857565023
B,HIRA,7290,3704,3,50.6943122569267
B,SLC9A6,10479,3336,3,45.6577283177936
B,TNIP2,79155,3698,3,50.6121940405278
B,OR51F1,256892,5451,3,74.6043995984091
B,OR4F3,26683,5869,3,80.3253020075331
B,GNG5,2787,3913,3,53.5547634614887
B,CYTIP,9595,7631,3,104.440684890013
B,SMIM18,100507341,5331,3,72.9620352704309
B,TXNRD3NB,645840,4798,3,65.6672003803278
B,NAA20,51126,5036,3,68.9245562974845
B,GZMK,3003,4060,3,55.566659763262
B,CXCL11,6373,5081,3,69.5404429204763
B,TNMD,64102,6685,3,91.4933794377847
B,HOXB9,3219,4195,3,57.4143196322374
B,RETNLB,84666,6554,3,89.7004650464086
B,OR51Q1,390061,4387,3,60.0421025570025
B,OR51E1,143503,4737,3,64.8323318469389
B,ZNF608,57507,3451,3,47.2316607987727
B,DYNC1LI1,51143,3212,3,43.9606185122161
B,KIF4A,24137,5384,3,73.6874128486213
B,SRGN,5552,5693,3,77.9165009931651
B,CD36,948,5799,3,79.3672561495458
B,CLVS1,157807,4208,3,57.592242434435
B,NFYB,4801,6797,3,93.0262528105644
B,CEP63,80254,5077,3,69.4856974428771
B,PPP1R42,286187,2589,3,35.4340103761294
B,RFXAP,5994,5417,3,74.1390630388153
B,IFNA8,3445,5964,3,81.6255071005158
B,MC5R,4161,5962,3,81.5981343617162
B,GRM3,2913,4492,3,61.4791713439834
B,TM2D1,83941,2118,3,28.987730388815
B,GGPS1,9453,2008,3,27.482229754835
B,OR52I2,143502,5741,3,78.5734467243564
B,LOC100130451,100130451,4839,3,66.2283415257203
B,HES1,3280,5934,3,81.2149160185213
B,LOC286238,286238,7282,3,99.6641419694762
B,LHB,3972,7500,3,102.647770498637
B,DKC1,1736,2712,3,37.117433812307
B,HTR3D,200909,2928,3,40.0736896026677
B,DCAF13,25879,4556,3,62.3550989855718
B,KLK3,354,6077,3,83.1720668426953
B,PCDHGA12,26025,5148,3,70.4574296702642
B,TBX5,6910,5471,3,74.8781269864054
B,TSSC4,10078,2917,3,39.9231395392697
B,MFRP,83552,3731,3,51.0638442307218
B,HMP19,51617,2381,3,32.5872455409672
B,TLE3,7090,5044,3,69.0340472526831
B,LEPR,3953,2785,3,38.1165387784937
B,XAGE5,170627,6782,3,92.8209572695671
B,LZTFL1,54585,5390,3,73.7695310650202
B,MKL1,57591,3438,3,47.053737996575
B,HCRT,3060,4502,3,61.6160350379816
B,PDE9A,5152,2652,3,36.2962516483179
B,TYROBP,7305,1727,3,23.6363599534861
B,FCGR1A,2209,3948,3,54.0337863904823
B,IL17A,3605,4931,3,67.4874875105036
B,HHIPL2,79802,4612,3,63.1215356719616
B,TRIM9,114088,3242,3,44.3712095942106
B,ANP32E,81611,3627,3,49.6404618131407
B,ACSBG2,81616,4335,3,59.330411348212
B,FBXL15,79176,4802,3,65.7219458579271
B,CCR9,10803,4193,3,57.3869468934378
B,STARD3NL,83930,6565,3,89.8510151098066
B,SYT1,6857,3923,3,53.6916271554869
B,AMMECR1,9949,4162,3,56.9626694420434
B,INTS12,57117,3489,3,47.7517428359657
B,OR4B1,119765,5809,3,79.504119843544
B,GDPGP1,390637,2278,3,31.1775494927859
B,KRT13,3860,4921,3,67.3506238165054
B,FBXL20,84961,4402,3,60.2473980979998
B,G3BP2,9908,3954,3,54.1159046068812
B,VEZT,55591,5330,3,72.9483489010311
B,RANGAP1,5905,2170,3,29.6994215976055
B,APEX2,27301,4415,3,60.4253209001974
B,CYP4F22,126410,3649,3,49.9415619399367
B,TSKS,60385,3284,3,44.946037109003
B,TANGO6,79613,2472,3,33.8327051563506
B,UBE2V1,7335,2347,3,32.1219089813734
B,CEP85,64793,2768,3,37.8838704986968
B,NARS2,79731,6538,3,89.4814831360115
B,RIOK1,83732,4259,3,58.2902472738258
B,BPIFA2,140683,3433,3,46.9853061495759
B,TEKT1,83659,3325,3,45.5071782543956
B,CIAPIN1,57019,3395,3,46.4652241123828
B,FCER1G,2207,6282,3,85.977772569658
B,ECM1,1893,5042,3,69.0066745138834
B,HMGCS2,3158,5300,3,72.5377578190365
B,UFSP2,55325,1272,3,17.4090618765688
B,PHF14,9678,5305,3,72.6061896660356
B,GIN1,54826,4122,3,56.4152146660507
B,SASH3,54440,3543,3,48.4908067835559
B,UQCRQ,27089,4732,3,64.7638999999398
B,NOBOX,135935,3158,3,43.2215545646259
B,BUB1,699,3568,3,48.8329660185514
B,SLC5A2,6524,5140,3,70.3479387150656
B,FAM104B,90736,3629,3,49.6678345519403
B,ZNF138,7697,3222,3,44.0974822062143
B,AZI2,64343,3316,3,45.3840009297972
B,CYP8B1,1582,5372,3,73.5231764158234
B,NEUROD6,63974,3553,3,48.6276704775541
B,C2orf91,400950,4745,3,64.9418228021374
B,LYPD8,646627,3433,3,46.9853061495759
B,CRTC2,200186,5222,3,71.4702210058507
B,MT1H,4496,4345,3,59.4672750422101
B,C15orf61,145853,1680,3,22.9931005916946
B,ZMYM2,7750,3158,3,43.2215545646259
B,IFITM3,10410,5021,3,68.7192607564873
B,GRAPL,400581,5478,3,74.9739315722042
B,RPL19,6143,4483,3,61.3559940193851
B,MRPS16,51021,2562,3,35.0644784023343
B,PACRGL,133015,2171,3,29.7131079670053
B,CAPN8,388743,4517,3,61.8213305789789
B,CCR2,729230,3629,3,49.6678345519403
B,OR10G7,390265,3291,3,45.0418416948017
B,NR1D1,9572,4325,3,59.1935476542138
B,ADAMTSL3,57188,3936,3,53.8695499576845
B,OR7A5,26659,6348,3,86.881072950046
B,ICAM1,3383,6350,3,86.9084456888457
B,OPN1MW,2652,4048,3,55.4024233304641
B,ZNF678,339500,4815,3,65.8998686601247
B,RAB11A,8766,4987,3,68.2539241968934
B,ATRAID,51374,1864,3,25.5113925612612
B,APOL5,80831,5594,3,76.5615504225831
B,TBC1D28,254272,5253,3,71.8944984572451
B,PDP2,57546,1915,3,26.2093974006519
B,SLC12A6,9990,5430,3,74.3169858410129
B,SPRR1B,6699,4665,3,63.846913250152
B,AANAT,15,4819,3,65.954614137724
B,MMEL1,79258,2937,3,40.1968669272661
B,TRIM27,5987,5446,3,74.53596775141
B,STRADB,55437,5061,3,69.26671553248
B,PTPN20,26095,4540,3,62.1361170751747
B,SYCP3,50511,3673,3,50.2700348055323
B,MYOM1,8736,3367,3,46.0820057691879
B,CELA1,1990,3468,3,47.4643290785696
B,DAB2,1601,2589,3,35.4340103761294
B,WASHC2C,253725,4580,3,62.6835718511674
B,DCAF5,8816,3798,3,51.9808309805096
B,ICAM3,3385,4194,3,57.4006332628376
B,HIF3A,64344,4803,3,65.7356322273269
B,NOL7,51406,2153,3,29.4667533178086
B,LRRC75B,388886,2562,3,35.0644784023343
B,RPL23,9349,3658,3,50.064739264535
B,MS4A18,728588,5236,3,71.6618301774482
B,NR0B2,8431,5994,3,82.0360981825104
B,LOC102724957,102724957,4046,3,55.3750505916645
B,NOVA2,4858,2118,3,28.987730388815
B,GMFG,9535,6035,3,82.5972393279029
B,MTHFSD,64779,4085,3,55.9088189982574
B,ENO4,387712,3133,3,42.8793953296305
B,SPEM1,374768,4685,3,64.1206406381483
B,TPSG1,25823,1330,3,18.2028713017582
B,RPS4Y1,6192,3175,3,43.4542228444228
B,MAP7,9053,3600,3,49.2709298393456
B,ITPA,3704,1574,3,21.5423454353139
B,EEF2,1938,1686,3,23.0752188080935
B,KRTAP4-11,653240,6642,3,90.9048655535926
B,KRTAP4-1,85285,5455,3,74.6591450760084
B,MYLPF,29895,5131,3,70.2247613904673
B,DHRS7C,201140,4911,3,67.2137601225072
B,RAB27A,5873,2002,3,27.4001115384361
B,RNF26,79102,5708,3,78.1217965341624
B,GPR84,53831,6678,3,91.397574851986
B,USP12,219333,2166,3,29.6446761200063
B,MTR,4548,4753,3,65.051313757336
B,CHRNA2,1135,4035,3,55.2245005282665
B,GNPDA2,132789,4570,3,62.5467081571692
B,SERTAD1,29950,5123,3,70.1152704352687
B,UFC1,51506,3907,3,53.4726452450898
B,IL2RA,3559,4623,3,63.2720857353596
B,RFX8,731220,4998,3,68.4044742602914
B,CLDN2,9075,7119,3,97.4332637573059
B,CROCC2,728763,3703,3,50.6806258875268
B,TRAPPC5,126003,1959,3,26.8115976542439
B,ADA,100,1192,3,16.3141523245833
B,KCNA6,3742,2034,3,27.8380753592302
B,SMAD2,4087,733,3,10.0321087700668
B,ETV1,2115,4156,3,56.8805512256445
B,KIAA0586,9786,1674,3,22.9109823752957
B,FAM214B,80256,3681,3,50.3795257607308
B,RAD52,5893,2412,3,33.0115229923615
B,GDF2,2658,4949,3,67.7338421597003
B,GBP5,115362,5184,3,70.9501389686576
B,CNIH3,149111,2470,3,33.805332417551
B,CD79A,973,6160,3,84.3080355028802
B,LSAMP,4045,2471,3,33.8190187869508
B,PRAMEF27,101929983,3435,3,47.0126788883756
B,TMSB15A,11013,3588,3,49.1066934065477
B,RALY,22913,4959,3,67.8707058536985
B,HDX,139324,2229,3,30.5069173921948
B,TMPRSS6,164656,3753,3,51.3649443575178
B,TSC22D4,81628,5162,3,70.6490388418616
B,ANKLE1,126549,2207,3,30.2058172653988
B,HECW2,57520,2841,3,38.8829754648835
B,MAGED4B,81557,2210,3,30.2468763735983
B,WSB1,26118,2458,3,33.6410959847532
B,PRMT7,54496,3947,3,54.0201000210825
B,FAM181B,220382,3409,3,46.6568332839803
B,VGF,7425,3996,3,54.6907321216736
B,CASP5,838,4854,3,66.4336370667176
B,C1orf185,284546,4607,3,63.0531038249625
B,GABRG2,2566,3670,3,50.2289756973328
B,DMAP1,55929,7713,3,105.562967180798
B,TUBE1,51175,5763,3,78.8745468511524
B,SECISBP2L,9728,4136,3,56.6068238376481
B,CWF19L1,55280,4242,3,58.0575789940289
B,LBX2,85474,2983,3,40.8264399196577
B,CYP21A2,1589,6486,3,88.7697919272209
B,HEYL,26508,1643,3,22.4867049239013
B,SOX5,6660,6480,3,88.687673710822
B,FAM167B,84734,6577,3,90.0152515426044
B,XIRP2,129446,3403,3,46.5747150675814
B,GAS7,8522,6175,3,84.5133310438775
B,MMS22L,253714,3696,3,50.5848213017281
B,NPAT,4863,7259,3,99.3493554732804
B,LRRC74A,145497,5587,3,76.4657458367844
B,SNW1,22938,7826,3,107.109526922977
B,CGB8,94115,4234,3,57.9480880388303
B,CD81,975,4086,3,55.9225053676572
B,PRAF2,11230,3030,3,41.4696992814492
B,ODF3L1,161753,4404,3,60.2747708367994
B,ADGRL1,22859,3969,3,54.3212001478785
B,WDR33,55339,2575,3,35.2424012045319
B,ZP3,7784,1532,3,20.9675179205215
B,CATSPER1,117144,5398,3,73.8790220202187
B,CD44,960,4714,3,64.5175453507431
B,PDZD2,23037,2297,3,31.4375905113824
B,PCOLCE,5118,3632,3,49.7088936601397
B,RTL6,84247,3292,3,45.0555280642016
B,ELF2,1998,3882,3,53.1304860100943
B,SLC6A20,54716,2319,3,31.7386906381784
B,ITPRIPL1,150771,3439,3,47.0674243659748
B,ASCC1,51008,5810,3,79.5178062129438
B,SPINK7,84651,5923,3,81.0643659551233
B,C20orf78,100128496,3885,3,53.1715451182938
B,FAM155B,27112,3976,3,54.4170047336772
B,KHDRBS1,10657,4343,3,59.4399023034105
B,SESN3,143686,2232,3,30.5479765003943
B,HBP1,26959,4415,3,60.4253209001974
B,TSPYL5,85453,2252,3,30.8217038883906
B,PHTF1,10745,2179,3,29.8225989222039
B,MAP4K3,8491,3753,3,51.3649443575178
B,RBX1,9978,4125,3,56.4562737742501
B,PGR,5241,4202,3,57.5101242180361
B,LHX3,8022,3605,3,49.3393616863447
B,RGL4,266747,4896,3,67.00846458151
B,ZC3H12A,80149,3752,3,51.3512579881179
B,GABRG3,2567,2973,3,40.6895762256595
B,SPATA24,202051,2825,3,38.6639935544865
B,GPR160,26996,3987,3,54.5675547970752
B,FLNB,2317,2778,3,38.020734192695
B,MKNK2,2872,4702,3,64.3533089179452
B,AFAP1,60312,4515,3,61.7939578401792
B,WDR90,197335,2918,3,39.9368259086696
B,LHX4,89884,3309,3,45.2881963439985
B,ICA1,3382,2201,3,30.1236990489999
B,FAM161A,84140,3444,3,47.1358562129739
B,PLEKHA7,144100,3382,3,46.2873013101852
B,WFIKKN1,117166,3879,3,53.0894269018948
B,NEXN,91624,1799,3,24.621778550273
B,TGIF2-C20orf24,100527943,3164,3,43.3036727810248
B,CAMLG,819,4009,3,54.8686549238712
B,AMER3,205147,6325,3,86.5662864538502
B,C11orf71,54494,3889,3,53.226290595893
B,CDH3,1001,7523,3,102.962556994832
B,PPIP5K2,23262,2871,3,39.2935665468781
B,MBNL3,55796,4432,3,60.6579891799943
B,OR5H15,403274,4425,2,60.5621845941956
B,CEACAM21,90273,3177,3,43.4815955832225
B,NPC1L1,29881,3511,3,48.0528429627618
B,PTX4,390667,5309,3,72.6609351436349
B,MFSD3,113655,3549,3,48.5729249999548
B,WLS,79971,3032,3,41.4970720202488
B,GCGR,2642,2465,3,33.7369005705519
B,VSNL1,7447,2951,3,40.3884760988636
B,ATAD3B,83858,1489,3,20.3790040363293
B,GNAI2,2771,4299,3,58.8377020498185
B,UNC93B1,81622,4222,3,57.7838516060325
B,RNF157,114804,1797,3,24.5944058114733
B,THUMPD2,80745,3218,3,44.042736728615
B,SLC25A3,5250,7747,3,106.028303740392
B,DEDD2,162989,2590,3,35.4476967455292
B,TIMM8A,1678,4292,3,58.7418974640198
B,PPP6R3,55291,3161,3,43.2626136728254
B,EVC2,132884,2990,3,40.9222445054565
B,TMOD3,29766,5186,3,70.9775117074572
B,PNMA8A,55228,2058,3,28.1665482248259
B,AKAP1,8165,2768,3,37.8838704986968
B,ZNF567,163081,1695,3,23.1983961326919
B,MAN2A1,4124,3181,3,43.5363410608217
B,YIPF3,25844,3367,3,46.0820057691879
B,SLC30A4,7782,1544,3,21.1317543533193
B,CADPS2,93664,3055,3,41.8118585164446
B,PDLIM1,9124,5885,3,80.5442839179302
B,UTP6,55813,3999,3,54.731791229873
B,OSBPL10,114884,1382,3,18.9145625105488
B,CPN2,1370,2766,3,37.8564977598972
B,MAATS1,89876,2386,3,32.6556773879663
B,NEURL2,140825,3704,3,50.6943122569267
B,TGDS,23483,3688,3,50.4753303465296
B,FUNDC1,139341,4743,3,64.9144500633378
B,ZNF408,79797,2820,3,38.5955617074874
B,CNTN2,6900,2751,3,37.6512022188999
B,RARA,5914,1915,3,26.2093974006519
B,LRRC7,57554,3018,3,41.3054628486514
B,OGDH,4967,2286,3,31.2870404479844
B,RFX7,64864,4915,3,67.2685056001065
B,RPL27,6155,5957,3,81.5297025147171
B,WWC1,23286,3018,3,41.3054628486514
B,CERS2,29956,2103,3,28.7824348478177
B,ZNF276,92822,2248,3,30.7669584107913
B,PGA3,643834,5493,3,75.1792271132014
B,CTTN,2017,3941,3,53.9379818046836
B,RABGEF1,27342,5113,3,69.9784067412705
B,IKZF4,64375,1961,3,26.8389703930435
B,GOLM1,51280,2408,3,32.9567775147623
B,CAPZB,832,3811,3,52.1587537827072
B,YIPF6,286451,3989,3,54.5949275358749
B,PSMD1,5707,5756,3,78.7787422653536
B,CELA3A,10136,4457,3,61.0001484149898
B,APPBP2,10513,2268,3,31.0406857987877
B,MAGI3,260425,3134,3,42.8930816990303
B,TALDO1,6888,2992,3,40.9496172442561
B,MUC5B,727897,2436,3,33.3399958579572
B,SMIM13,221710,4226,3,57.8385970836318
B,DCLRE1A,9937,3331,3,45.5892964707945
B,LGR4,55366,3739,3,51.1733351859203
B,IKBIP,121457,3612,3,49.4351662721434
B,BID,637,1212,3,16.5878797125797
B,ALK,238,2229,3,30.5069173921948
B,GRAMD3,65983,2750,3,37.6375158495001
B,LEFTY1,10637,8708,3,119.180904733617
B,AMDHD1,144193,2955,3,40.4432215764628
B,KCNJ18,100134444,5063,3,69.2940882712796
B,FUT5,2527,2046,3,28.0023117920281
B,GNPAT,8443,5731,3,78.4365830303582
B,PGAM2,5224,3380,3,46.2599285713856
B,HLA-G,3135,8024,3,109.819428064141
B,AMY1B,277,5320,3,72.8114852070329
B,COPZ1,22818,2837,3,38.8282299872843
B,SUSD1,64420,3459,3,47.3411517539712
B,SPRY3,10251,4497,3,61.5476031909825
B,SULT1C4,27233,4831,3,66.1188505705218
B,HNF4A,3172,5595,3,76.5752367919829
B,TRIM23,373,3220,3,44.0701094674146
B,THEG,51298,4023,3,55.0602640954687
B,LCP2,3937,2293,3,31.3828450337832
B,C1R,715,6308,3,86.3336181740533
B,NR2E1,7101,3885,3,53.1715451182938
B,LUZP1,7798,2557,3,34.9960465553352
B,SCAND1,51282,2561,3,35.0507920329344
B,CCL8,6355,5326,3,72.8936034234318
B,KIAA1109,84162,3149,3,43.0983772400276
B,TROVE2,6738,3262,3,44.644936982207
B,SIDT1,54847,6279,3,85.9367134614586
B,CKAP5,9793,4447,3,60.8632847209916
B,UBE2A,7319,3990,3,54.6086139052747
B,C19orf66,55337,2705,3,37.0216292265083
B,SLC17A3,10786,4825,3,66.0367323541229
B,KIAA2013,90231,4010,3,54.882341293271
B,ZNF655,79027,2833,3,38.773484509685
B,WDR74,54663,3667,3,50.1879165891334
B,HSPA4,3308,3388,3,46.3694195265841
B,PGLS,25796,2941,3,40.2516124048654
B,SEPT5,5413,4393,3,60.1242207734014
B,C21orf2,755,3221,3,44.0837958368145
B,WASHC2A,387680,3270,3,44.7544279374056
B,ZNF799,90576,1985,3,27.1674432586392
B,DPP9-AS1,100131094,6109,3,83.6100306634895
B,ACVRL1,94,3261,3,44.6312506128072
B,C17orf99,100141515,7115,3,97.3785182797066
B,ZNF721,170960,8813,3,120.617973520598
B,DOK7,285489,5245,3,71.7850075020465
B,CHMP2A,27243,2457,3,33.6274096153534
B,MTF2,22823,3524,3,48.2307657649594
B,SPRYD7,57213,2273,3,31.1091176457868
B,TYW1,55253,3235,3,44.2754050084119
B,DNAJC18,202052,3721,3,50.9269805367236
B,CT45A1,541466,4621,3,63.24471299656
B,SEC16A,9919,1929,3,26.4010065722493
B,YBX1,4904,4660,3,63.7784814031529
B,NUPL2,11097,5713,3,78.1902283811615
B,RMND5A,64795,5443,3,74.4949086432105
B,PLA2G5,5322,4925,3,67.4053692941047
B,TPPP3,51673,4966,3,67.9665104394973
B,RBSN,64145,3849,3,52.6788358199003
B,ZNF445,353274,1444,3,19.7631174133375
B,RGS9BP,388531,4377,3,59.9052388630043
B,KIAA0513,9764,2749,3,37.6238294801003
B,FAM172A,83989,3352,3,45.8767102281907
B,FAM160A2,84067,4991,3,68.3086696744927
B,PPA2,27068,1308,3,17.9017711749622
B,AVPR1A,552,3763,3,51.5018080515159
B,PJA1,64219,2723,3,37.267983875705
B,STIM1,6786,1674,3,22.9109823752957
B,ALG5,29880,4024,3,55.0739504648685
B,DEPDC4,120863,6134,3,83.9521898984849
B,RSRC2,65117,4950,3,67.7475285291002
B,SLC31A2,1318,4974,3,68.0760013946958
B,VSIG2,23584,3565,3,48.7919069103519
B,SHCBP1,79801,4855,3,66.4473234361174
B,LGR6,59352,4109,3,56.2372918638531
B,SRA1,10011,2678,3,36.6520972527132
B,FEZF2,55079,4193,3,57.3869468934378
B,SEMA4C,54910,1180,3,16.1499158917855
B,DPP4,1803,2484,3,33.9969415891484
B,PPM1E,22843,3071,3,42.0308404268417
B,ARFIP1,27236,5227,3,71.5386528528498
B,TMEM107,84314,2536,3,34.708632797939
B,H1FX,8971,2001,3,27.3864251690362
B,LY86,9450,3243,3,44.3848959636105
B,PITHD1,57095,1822,3,24.9365650464688
B,SLC35B3,51000,1967,3,26.9210886094424
B,SPAG9,9043,3561,3,48.7371614327527
B,GRIN3A,116443,1332,3,18.2302440405579
B,RAB5C,5878,2754,3,37.6922613270994
B,DACT1,51339,2800,3,38.321834319491
B,DNMBP,23268,2408,3,32.9567775147623
B,UHRF2,115426,5252,3,71.8808120878452
B,RNFT1,51136,3572,3,48.8877114961507
B,STAU1,6780,3368,3,46.0956921385878
B,RPL39L,116832,2388,3,32.6830501267659
B,NFXL1,152518,2683,3,36.7205290997123
B,AKAP10,11216,3863,3,52.8704449914978
B,MATK,4145,3356,3,45.9314557057899
B,EPHA5,2044,4117,3,56.3467828190516
B,FAM9A,171482,4799,3,65.6808867497276
B,KIT,3815,1119,3,15.3150473583966
B,SVIP,258010,1851,3,25.3334697590635
B,NMNAT1,64802,1610,3,22.0350547337073
B,ARG2,384,3632,3,49.7088936601397
B,ME1,4199,1284,3,17.5732983093666
B,TAF7L,54457,3623,3,49.5857163355414
B,ANKRD26,22852,2174,3,29.7541670752048
B,JADE2,23338,1252,3,17.1353344885724
B,REV1,51455,1286,3,17.6006710481662
B,SLCO2A1,6578,2663,3,36.4468017117159
B,GYPC,2995,4766,3,65.2292365595336
B,AGBL4,84871,4988,3,68.2676105662933
B,KANSL3,55683,3602,3,49.2983025781452
B,TTC30B,150737,2052,3,28.084430008427
B,VGLL3,389136,2091,3,28.6181984150199
B,ACSL4,2182,1383,3,18.9282488799486
B,SF3A1,10291,3890,3,53.2399769652929
B,POLA2,23649,4205,3,57.5511833262356
B,OPRM1,4988,2670,3,36.5426062975146
B,ASS1,445,2702,3,36.9805701183088
B,PLS1,5357,4207,3,57.5785560650352
B,TPD52L2,7165,2289,3,31.3280995561839
B,RAMP1,10267,3651,3,49.9689346787363
B,C19orf24,55009,1530,3,20.9401451817219
B,STX12,23673,3815,3,52.2134992603065
B,PPP1R15B,84919,3682,3,50.3932121301307
B,ELAVL3,1995,2017,3,27.6054070794333
B,PARP9,83666,3506,3,47.9844111157627
B,EFNA3,1944,4183,3,57.2500831994396
B,ZFAND2B,130617,1819,3,24.8955059382693
B,DIRAS1,148252,3053,3,41.784485777645
B,BAIAP2,10458,5960,3,81.5707616229165
B,LCE1D,353134,4642,3,63.5321267539561
B,KCNE1,3753,6179,3,84.5680765214767
B,EMILIN1,11117,5087,3,69.6225611368752
B,ZNF35,7584,3477,3,47.5875064031679
B,SLC25A44,9673,4620,3,63.2310266271602
B,CLIC4,25932,7623,3,104.331193934814
B,HRH3,11255,2549,3,34.8865556001366
B,PEF1,553115,4834,3,66.1599096787212
B,NDUFA12,55967,3586,3,49.0793206677481
B,CCT7,10574,5699,3,77.998619209564
B,TRPC5,7224,3805,3,52.0766355663083
B,VRTN,55237,6416,3,87.8117460692337
B,PITX1,5307,2636,3,36.0772697379208
B,KCTD9,54793,3678,3,50.3384666525314
B,SPPL2B,56928,2655,3,36.3373107565174
B,GMDS,2762,2235,3,30.5890356085937
B,STX17,55014,2338,3,31.998731656775
B,MEA1,4201,3052,3,41.7707994082452
B,MFF,56947,1651,3,22.5961958790999
B,MYPOP,339344,2948,3,40.3474169906641
B,ELAC2,60528,3055,3,41.8118585164446
B,PABPC4L,132430,2450,3,33.5316050295546
B,ACYP1,97,2105,3,28.8098075866173
B,ITCH,83737,3801,3,52.021890088709
B,FBXO10,26267,3975,3,54.4033183642774
B,ATG13,9776,4048,3,55.4024233304641
B,CLUL1,27098,5062,3,69.2804019018798
B,UTP14A,10813,5026,3,68.7876926034863
B,RPRD2,23248,3042,3,41.633935714247
B,SMIM19,114926,3316,3,45.3840009297972
B,AP1B1,162,5388,3,73.7421583262205
B,ID4,3400,5094,3,69.718365722674
B,PINK1,65018,2375,3,32.5051273245683
B,XPO5,57510,2284,3,31.2596677091848
B,ZDHHC5,25921,3072,3,42.0445267962416
B,NAA11,84779,4090,3,55.9772508452565
B,CBR3,874,3459,3,47.3411517539712
B,KCNK15,60598,3964,3,54.2527683008794
B,PTPRJ,5795,3877,3,53.0620541630952
B,ZNF251,90987,3683,3,50.4068984995305
B,ADGRB2,576,2144,3,29.3435759932103
B,RPL10L,140801,4201,3,57.4964378486363
B,ATP6V1A,523,1230,3,16.8342343617764
B,SMC4,10051,4092,3,56.0046235840561
B,CCND2,894,4677,3,64.0111496829498
B,NAALADL1,10004,1765,3,24.1564419906791
B,TTK,7272,3629,3,49.6678345519403
B,NDUFS6,4726,1948,3,26.6610475908459
B,HAND1,9421,3354,3,45.9040829669903
B,HSDL1,83693,5746,3,78.6418785713555
B,UQCRHL,440567,3430,3,46.9442470413765
B,DDX53,168400,3865,3,52.8978177302974
B,LGALS2,3957,3379,3,46.2462422019857
B,SQSTM1,8878,3843,3,52.5967176035014
B,SUPT7L,9913,3477,3,47.5875064031679
B,KCNK2,3776,3024,3,41.3875810650503
B,SSX3,10214,4947,3,67.7064694209007
B,CDK2,1017,749,3,10.2510906804638
B,ZNF658,26149,3794,3,51.9260855029103
B,LOC284108,284108,5601,3,76.6573550083818
B,CEP44,80817,5421,3,74.1938085164145
B,KIF24,347240,5108,3,69.9099748942714
B,UTP18,51096,3823,3,52.322990215505
B,CA14,23632,6007,3,82.214020984708
B,ITGB3BP,23421,3444,3,47.1358562129739
B,KLK8,11202,4101,3,56.1278009086545
B,IQCD,115811,4544,3,62.190862552774
B,SELENOW,6415,5599,3,76.6299822695822
B,FRMPD1,22844,2355,3,32.2313999365719
B,PRR32,100130613,2813,3,38.4997571216886
B,CST8,10047,2253,3,30.8353902577904
B,NUDCD3,23386,4211,3,57.6333015426345
B,CREB3,10488,1863,3,25.4977061918613
B,NAP1L1,4673,2762,3,37.8017522822979
B,HEATR5B,54497,3224,3,44.1248549450139
B,CHRM5,1133,3857,3,52.7883267750989
B,ZC3H12B,340554,2906,3,39.7725894758717
B,UROS,7390,3772,3,51.6249853761143
B,EID3,493861,2949,3,40.3611033600639
B,TMEM207,131920,3887,3,53.1989178570934
B,GPRIN3,285513,2500,3,34.2159234995455
B,WDR31,114987,794,3,10.8669773034557
B,INO80B,83444,5454,3,74.6454587066085
B,SLC35G5,83650,2747,3,37.5964567413006
B,ITFG2,55846,2820,3,38.5955617074874
B,DTWD1,56986,2355,3,32.2313999365719
B,ENO3,2027,4884,3,66.8442281487122
B,CFAP221,200373,2616,3,35.8035423499244
B,ZNF670,93474,3561,3,48.7371614327527
B,CATSPER4,378807,4442,3,60.7948528739925
B,CIDEC,63924,7112,3,97.3374591715071
B,ZDHHC19,131540,2964,3,40.5663989010612
B,PDZD9,255762,3927,3,53.7463726330861
B,PAXIP1,22976,6668,3,91.2607111579879
B,DHRS7B,25979,3108,3,42.537236094635
B,NMT1,4836,4721,3,64.6133499365418
B,VCX,26609,4819,3,65.954614137724
B,GOT1,2805,3140,3,42.9751999154292
B,APBB1,322,3025,3,41.4012674344501
B,OR9G4,283189,6930,3,94.8465399407402
B,USP27X,389856,3730,3,51.0501578613219
B,USP49,25862,6082,3,83.2404986896944
B,LETM2,137994,2690,3,36.816333685511
B,TAF1B,9014,3459,3,47.3411517539712
B,SLC25A30,253512,1633,3,22.3498412299031
B,TCTN1,79600,3034,3,41.5244447590485
B,TAOK3,51347,3447,3,47.1769153211734
B,UCHL3,7347,2771,3,37.9249296068963
B,DDX54,79039,2918,3,39.9368259086696
B,CSE1L,1434,5880,3,80.4758520709311
B,A4GALT,53947,1786,3,24.4438557480753
B,FNBP1L,54874,1574,3,21.5423454353139
B,KRTAP16-1,100505753,4759,3,65.1334319737349
B,P2RY14,9934,5515,3,75.4803272399975
B,CCNI2,645121,3391,3,46.4104786347836
B,ADGRF5,221395,5897,3,80.708520350728
B,ESCO2,157570,3248,3,44.4533278106096
B,MED9,55090,5341,3,73.0988989644291
B,CUTA,51596,3147,3,43.0710045012279
B,MS4A7,58475,4889,3,66.9126599957112
B,TTC6,319089,4088,3,55.9498781064569
B,ZNF793,390927,3194,3,43.7142638630194
B,ZSCAN31,64288,5885,3,80.5442839179302
B,DAPP1,27071,6994,3,95.7224675823286
B,OR5B12,390191,4827,3,66.0641050929225
B,SERPIND1,3053,4181,3,57.22271046064
B,SULT2A1,6822,2944,3,40.2926715130648
B,MEDAG,84935,7136,3,97.6659320371028
B,AHSP,51327,5627,3,77.0132006127771
B,HIVEP2,3097,2276,3,31.1501767539863
B,RNF41,10193,2791,3,38.1986569948926
B,PNOC,5368,5208,3,71.2786118342533
B,SSR4,6748,6317,3,86.4567954986517
B,COX6A1,1337,6790,3,92.9304482247657
B,ADCK2,90956,4087,3,55.936191737057
B,UNK,85451,2065,3,28.2623528106246
B,CLEC4C,170482,5112,3,69.9647203718707
B,LRRC23,10233,4966,3,67.9665104394973
B,SERPINA9,327657,4804,3,65.7493185967267
B,TRPM6,140803,5411,3,74.0569448224164
B,TKTL2,84076,2764,3,37.8291250210975
B,SFTPC,6440,7351,3,100.608501458064
B,C16orf70,80262,2465,3,33.7369005705519
B,ZBTB49,166793,5321,3,72.8251715764327
B,PTPN3,5774,5283,3,72.3050895392396
B,ANO9,338440,4015,3,54.9507731402701
B,MLXIPL,51085,3551,3,48.6002977387545
B,SLC6A4,6532,1998,3,27.3453660608368
B,CD68,968,3474,3,47.5464472949685
B,GRAMD1C,54762,2184,3,29.891030769203
B,ZDHHC7,55625,2256,3,30.8764493659899
B,ADAP2,55803,1621,3,22.1856047971053
B,TP53AIP1,63970,2147,3,29.3846351014097
B,AGR2,10551,2290,3,31.3417859255837
B,POMGNT2,84892,2303,3,31.5197087277813
B,AGTRAP,57085,1408,3,19.270408114944
B,ALAS1,211,2780,3,38.0481069314946
B,CBR1,873,3771,3,51.6112990067145
B,PRR15L,79170,4786,3,65.50296394753
B,ZSCAN18,65982,2823,3,38.6366208156868
B,MNAT1,4331,2398,3,32.8199138207641
B,TRIM60,166655,4348,3,59.5083341504096
B,PRKAR1B,5575,2554,3,34.9549874471357
B,OR2T4,127074,5026,3,68.7876926034863
B,NMRAL1,57407,4892,3,66.9537191039107
B,OXGR1,27199,2927,3,40.0600032332679
B,IMPACT,55364,2543,3,34.8044373837377
B,ZNF212,7988,1088,3,14.8907699070022
B,RNF182,221687,1606,3,21.9803092561081
B,RGPD2,729857,3613,3,49.4488526415432
B,PRR19,284338,4627,3,63.3268312129589
B,KRBA1,84626,2508,3,34.3254144547441
B,TSNARE1,203062,2871,3,39.2935665468781
B,ZNF488,118738,5113,3,69.9784067412705
B,GATA1,2623,5746,3,78.6418785713555
B,PLA1A,51365,4845,3,66.3104597421192
B,KLK15,55554,3835,3,52.4872266483029
B,LONRF2,164832,2876,3,39.3619983938772
B,FCRL1,115350,3322,3,45.4661191461961
B,HLCS,3141,1525,3,20.8717133347228
B,ANO2,57101,2632,3,36.0225242603215
B,MUC22,100507679,5122,3,70.1015840658689
B,FAM126B,285172,5473,3,74.9054997252051
B,MYL12B,103910,7389,3,101.128583495257
B,TMEM30B,161291,4047,3,55.3887369610643
B,TMEM129,92305,4320,3,59.1251158072147
B,OPRL1,4987,4884,3,66.8442281487122
B,ZNF677,342926,3233,3,44.2480322696123
B,NXPH1,30010,2340,3,32.0261043955746
B,ST3GAL6,10402,4430,3,60.6306164411947
B,GH2,2689,2668,3,36.515233558715
B,C12orf77,196415,6289,3,86.0735771554568
B,TRIM10,10107,5857,3,80.1610655747353
B,KLK9,284366,4809,3,65.8177504437258
B,CCL11,6356,4192,3,57.373260524038
B,MAGEC3,139081,5047,3,69.0751063608825
B,HIKESHI,51501,3806,3,52.0903219357081
B,KIAA0895,23366,3969,3,54.3212001478785
B,SLC20A1,6574,2913,3,39.8683940616705
B,ARHGAP27,201176,2240,3,30.6574674555928
B,RAB20,55647,1993,3,27.2769342138377
B,MIB1,57534,4499,3,61.5749759297821
B,ILDR1,286676,2558,3,35.009732924735
B,KRTAP2-1,81872,6441,3,88.1539053042291
B,MCMDC2,157777,6009,3,82.2413937235077
B,IMPA1,3612,1953,3,26.729479437845
B,HIST2H2AC,8338,3571,3,48.8740251267508
B,ABCB9,23457,3050,3,41.7434266694456
B,DPP10,57628,3546,3,48.5318658917554
B,PPM1G,5496,2839,3,38.8556027260839
B,HPCAL4,51440,4178,3,57.1816513524405
B,KRTAP2-4,85294,4794,3,65.6124549027285
B,COX7C,1350,6433,3,88.0444143490306
B,RFX5,5993,5707,3,78.1081101647625
B,KIAA1456,57604,2745,3,37.569084002501
B,OLA1,29789,3391,3,46.4104786347836
B,SPATA31C1,441452,2817,3,38.5545025992879
B,PIK3C3,5289,1878,3,25.7030017328586
B,SCRG1,11341,5254,3,71.9081848266449
B,C2CD3,26005,4320,3,59.1251158072147
B,HIST1H2BJ,8970,2518,3,34.4622781487423
B,CDC45,8318,3652,3,49.9826210481361
B,PCLAF,9768,4434,3,60.685361918794
B,NFE4,58160,3610,3,49.4077935333438
B,ZNF292,23036,7081,3,96.9131817201128
B,CGA,1081,4305,3,58.9198202662174
B,THEMIS2,9473,3264,3,44.6723097210066
B,CEP350,9857,3236,3,44.2890913778117
B,FCGR3A,2214,4810,3,65.8314368131256
B,URB1,9875,4390,3,60.083161665202
B,SCARB1,949,3783,3,51.7755354395123
B,RASSF4,83937,5659,3,77.4511644335713
B,MMAB,326625,2412,3,33.0115229923615
B,GDPD1,284161,2296,3,31.4239041419826
B,IQUB,154865,4293,3,58.7555838334196
B,PYCR1,5831,2945,3,40.3063578824646
B,C1orf56,54964,2416,3,33.0662684699608
B,ZFYVE9,9372,2565,3,35.1055375105337
B,LDLR,3949,5558,3,76.0688411241896
B,MIEF2,125170,4373,3,59.850493385405
B,MSL2,55167,2072,3,28.3581573964233
B,PSTK,118672,5272,3,72.1545394758416
B,PRPF6,24148,5593,3,76.5478640531833
B,EXOG,9941,2788,3,38.1575978866932
B,SRP54,6729,7152,3,97.8849139474999
B,OFD1,8481,3975,3,54.4033183642774
B,KNSTRN,90417,6787,3,92.8893891165662
B,ITGB3,3690,2986,3,40.8674990278572
B,GABRR1,2569,5656,3,77.4101053253718
B,SPDYA,245711,5181,3,70.9090798604582
B,ORAI3,93129,4361,3,59.6862569526072
B,MPP6,51678,5949,3,81.4202115595186
B,SH3BGRL2,83699,2763,3,37.8154386516977
B,DCAF11,80344,3734,3,51.1049033389212
B,SEPT8,23176,6592,3,90.2205470836017
B,TUBB4A,10382,4452,3,60.9317165679907
B,POLR3H,171568,3082,3,42.1813904902397
B,DDX59,83479,4796,3,65.6398276415282
B,SLC16A1,6566,7340,3,100.457951394666
B,DICER1,23405,3942,3,53.9516681740834
B,DDX28,55794,3693,3,50.5437621935287
B,LIPG,9388,2585,3,35.3792648985301
B,USP14,9097,4670,3,63.9153450971511
B,TRO,7216,5338,3,73.0578398562296
B,TRIP6,7205,5336,3,73.03046711743
B,UAP1L1,91373,3066,3,41.9624085798426
B,RALGPS2,55103,4349,3,59.5220205198094
B,NAA60,79903,4445,3,60.835911982192
B,KIF13B,23303,4502,3,61.6160350379816
B,FAM169B,283777,5236,3,71.6618301774482
B,POLR3A,11128,4275,3,58.5092291842229
B,SYNGR1,9145,4972,3,68.0486286558962
B,SAFB2,9667,2486,3,34.0243143279481
B,C11orf70,85016,5220,3,71.4428482670511
B,LEKR1,389170,4900,3,67.0632100591092
B,STXBP4,252983,3993,3,54.6496730134741
B,PIAS1,8554,4399,3,60.2063389898003
B,ACIN1,22985,5086,3,69.6088747674754
B,GOSR2,9570,700,3,9.58045857987275
B,GML,2765,3270,3,44.7544279374056
B,DHX9,1660,5042,3,69.0066745138834
B,ARHGAP11A,9824,2817,3,38.5545025992879
B,NFATC2,4773,3503,3,47.9433520075632
B,GRPEL1,80273,1526,3,20.8853997041226
B,TDRP,157695,2953,3,40.4158488376632
B,CLEC14A,161198,3962,3,54.2253955620798
B,RNF151,146310,4412,3,60.384261791998
B,SFTPA1,653509,5461,3,74.7412632924073
B,C2orf73,129852,2762,3,37.8017522822979
B,PXDC1,221749,2735,3,37.4322203085028
B,AKT1,207,2136,3,29.2340850380117
B,CDK5RAP1,51654,3520,3,48.1760202873601
B,METTL25,84190,4376,3,59.8915524936045
B,B3GALT1,8708,4549,3,62.2592943997731
B,PSG7,5676,4516,3,61.8076442095791
B,ZNF184,7738,4095,3,56.0456826922556
B,STOX1,219736,777,3,10.6343090236588
B,ATG4B,23192,4168,3,57.0447876584423
B,DPM3,54344,5346,3,73.1673308114282
B,SIKE1,80143,4507,3,61.6844668849807
B,RHOXF1,158800,4438,3,60.7401073963932
B,MPHOSPH10,10199,1194,3,16.3415250633829
B,ATP10D,57205,4039,3,55.2792460058658
B,COQ2,27235,2859,3,39.1293301140803
B,NAPRT,93100,3662,3,50.1194847421343
B,PDE4C,5143,3256,3,44.5628187658081
B,PKDREJ,10343,6275,3,85.8819679838593
B,NDUFA7,4701,1964,3,26.880029501243
B,ZNF382,84911,2802,3,38.3492070582906
B,BCLAF1,9774,4512,3,61.7528987319798
B,MFAP2,4237,1241,3,16.9847844251744
B,STMND1,401236,5176,3,70.8406480134591
B,PSKH1,5681,1827,3,25.0049968934679
B,FHOD3,80206,2375,3,32.5051273245683
B,OLIG1,116448,1923,3,26.3188883558504
B,PPARA,5465,1922,3,26.3052019864506
B,PNMA6A,84968,3127,3,42.7972771132316
B,SOD1,6647,3153,3,43.1531227176268
B,SERHL2,253190,1996,3,27.3179933220372
B,CSDC2,27254,7106,3,97.2553409551082
B,ZBTB7A,51341,3882,3,53.1304860100943
B,CCDC85A,114800,2026,3,27.7285844040317
B,FAM168B,130074,1970,3,26.9621477176419
B,NABP2,79035,1401,3,19.1746035291453
B,MTHFD2L,441024,2056,3,28.1391754860262
B,RAB10,10890,1897,3,25.9630427514552
B,GSKIP,51527,3313,3,45.3429418215977
B,TTC13,79573,661,3,9.04669017327984
B,PEPD,5184,3802,3,52.0355764581089
B,TAAR8,83551,4290,3,58.7145247252201
B,UBE2U,148581,5447,3,74.5496541208098
B,HCN3,57657,3242,3,44.3712095942106
B,IFI30,10437,3532,3,48.3402567201579
B,PRPF8,10594,3608,3,49.3804207945441
B,EXOC3L1,283849,4465,3,61.1096393701883
B,MBTPS1,8720,1540,3,21.07700887572
B,RBMX2,51634,2766,3,37.8564977598972
B,SLC22A4,6583,3729,3,51.0364714919221
B,MYBL2,4605,1726,3,23.6226735840862
B,NUP205,23165,3345,3,45.7809056423919
B,ZMAT5,55954,3414,3,46.7252651309794
B,CCDC146,57639,8027,3,109.860487172341
B,STK38,11329,4557,3,62.3687853549716
B,PROKR2,128674,3807,3,52.1040083051079
B,TBC1D15,64786,4007,3,54.8412821850716
B,HRH1,3269,3944,3,53.979040912883
B,PPP1R3F,89801,2215,3,30.3153082205973
B,ALDOA,226,5558,3,76.0688411241896
B,ZNFX1,57169,3357,3,45.9451420751897
B,ABCD1,215,2354,3,32.2177135671721
B,MSLN,10232,3096,3,42.3729996618372
B,GSTP1,2950,2141,3,29.3025168850108
B,PRADC1,84279,2758,3,37.7470068046986
B,SLC24A3,57419,3331,3,45.5892964707945
B,ZNF614,80110,2183,3,29.8773443998032
B,MYCN,4613,8253,3,112.9536066567
B,MRPS18C,51023,5209,3,71.2922982036531
B,SYCP2,10388,3090,3,42.2908814454383
B,H1F0,3005,4662,3,63.8058541419525
B,CXorf58,254158,1909,3,26.127279184253
B,CCDC180,100499483,4364,3,59.7273160608067
B,GCN1,10985,6081,3,83.2268123202946
B,MORN1,79906,1802,3,24.6628376584724
B,FZD4,8322,1160,3,15.8761885037891
B,ALG3,10195,2764,3,37.8291250210975
B,GNA12,2768,2959,3,40.4979670540621
B,TCF15,6939,3198,3,43.7690093406186
B,OSBPL8,114882,3897,3,53.3357815510916
B,TEAD4,7004,1511,3,20.6801041631253
B,KIF2C,11004,4963,3,67.9254513312978
B,FGF8,2253,2073,3,28.3718437658232
B,AXIN1,8312,2984,3,40.8401262890575
B,HAGHL,84264,1214,3,16.6152524513793
B,EFHD1,80303,3165,3,43.3173591504246
B,ABHD11,83451,5145,3,70.4163705620647
B,TYK2,7297,3093,3,42.3319405536377
B,CHST1,8534,2532,3,34.6538873203397
B,OSR2,116039,3361,3,45.999887552789
B,ZFAND5,7763,2947,3,40.3337306212643
B,MRPS11,64963,4393,3,60.1242207734014
B,SPIRE2,84501,1282,3,17.545925570567
B,TMEM70,54968,1834,3,25.1008014792666
B,TMEM159,57146,3434,3,46.9989925189757
B,PMPCA,23203,2931,3,40.1147487108672
B,NOM1,64434,1766,3,24.170128360079
B,CD151,977,2354,3,32.2177135671721
B,SLC25A42,284439,1810,3,24.772328613671
B,CENPT,80152,4939,3,67.5969784657022
B,EBAG9,9166,6657,3,91.1101610945899
B,ZNF587,84914,3131,3,42.8520225908308
B,CNPY2,10330,3161,3,43.2626136728254
B,POLG,5428,2212,3,30.2742491123979
B,FPR3,2359,4898,3,67.0358373203096
B,TFPT,29844,4925,3,67.4053692941047
B,HDAC6,10013,4378,3,59.9189252324041
B,FAM189B,10712,2461,3,33.6821550929526
B,PITPNC1,26207,1533,3,20.9812042899213
B,CACTIN,58509,2488,3,34.0516870667477
B,FAM124A,220108,1130,3,15.4655974217946
B,WDR6,11180,3783,3,51.7755354395123
B,SFTA3,253970,4237,3,57.9891471470298
B,MRGPRG,386746,4024,3,55.0739504648685
B,ZFP64,55734,4965,3,67.9528240700974
B,DLL4,54567,2451,3,33.5452913989544
B,CLSTN1,22883,5135,3,70.2795068680665
B,VCP,7415,3375,3,46.1914967243865
B,UBE2S,27338,2813,3,38.4997571216886
B,SOCS6,9306,3784,3,51.7892218089121
B,ZNF263,10127,2986,3,40.8674990278572
B,COPS7B,64708,3332,3,45.6029828401943
B,THRSP,7069,4901,3,67.0768964285091
B,SSR1,6745,3978,3,54.4443774724769
B,PLG,5340,5578,3,76.342568512186
B,RPL41,6171,4546,3,62.2182352915736
B,CNPPD1,27013,4897,3,67.0221509509098
B,EFTUD2,9343,2800,3,38.321834319491
B,SCN10A,6336,3974,3,54.3896319948776
B,PMFBP1,83449,4776,3,65.3661002535318
B,NPL,80896,3137,3,42.9341408072297
B,CRABP1,1381,6283,3,85.9914589390578
B,SLC44A4,80736,5522,3,75.5761318257962
B,CRB3,92359,6531,3,89.3856785502127
B,CHAC1,79094,3910,3,53.5137043532892
B,HHATL,57467,6363,3,87.0863684910433
B,CXXC4,80319,4229,3,57.8796561918312
B,FMNL1,752,2702,3,36.9805701183088
B,MAP3K3,4215,5721,3,78.29971933636
B,CA13,377677,6149,3,84.1574854394822
B,SLURP1,57152,4530,3,61.9992533811765
B,PARP2,10038,3423,3,46.8484424555777
B,UBE2D1,7321,2454,3,33.5863505071539
B,NICN1,84276,5155,3,70.5532342560629
B,KIAA1958,158405,1301,3,17.8059665891635
B,RPTOR,57521,3961,3,54.2117091926799
B,PAX7,5081,8166,3,111.762892518916
B,SLC10A1,6554,3362,3,46.0135739221888
B,CCP110,9738,5993,3,82.0224118131106
B,ZNF589,51385,4053,3,55.4708551774632
B,ASXL1,171023,2509,3,34.3391008241439
B,MLNR,2862,3183,3,43.5637137996214
B,HSPA14,51182,6419,3,87.8528051774331
B,TSEN34,79042,2152,3,29.4530669484088
B,SMIM14,201895,2346,3,32.1082226119735
B,ADRA2C,152,2420,3,33.1210139475601
B,GGCT,79017,4139,3,56.6478829458476
B,PREP,5550,4982,3,68.1854923498943
B,NUDT15,55270,675,3,9.23829934487729
B,ORMDL3,94103,3035,3,41.5381311284483
B,ZNF316,100131017,4382,3,59.9736707100034
B,ARL8A,127829,441,3,6.03568890531983
B,TMF1,7110,6235,3,85.3345132078666
B,PTPA,5524,2264,3,30.9859403211884
B,NT5C3A,51251,2688,3,36.7889609467114
B,RNF103,7844,5084,3,69.5815020286758
B,ATF3,467,1867,3,25.5524516694606
B,STX5,6811,4896,3,67.00846458151
B,LHFPL4,375323,2240,3,30.6574674555928
B,HSD17B14,51171,6313,3,86.4020500210524
B,PLXNA3,55558,1972,3,26.9895204564415
B,PLA2G2A,5320,6494,3,88.8792828824195
B,ATP4A,495,2997,3,41.0180490912552
B,RBP3,5949,4751,3,65.0239410185363
B,MRPL17,63875,2898,3,39.6630985206732
B,VPS16,64601,3600,3,49.2709298393456
B,YLPM1,56252,1447,3,19.804176521537
B,POLA1,5422,3667,3,50.1879165891334
B,TMEM185A,84548,2826,3,38.6776799238863
B,NUP88,4927,3915,3,53.5821362002883
B,BHLHE40,8553,1167,3,15.9719930895879
B,ICK,22858,3138,3,42.9478271766295
B,STKLD1,169436,3504,3,47.957038376963
B,SMIM4,440957,6047,3,82.7614757607007
B,CSGALNACT1,55790,3524,3,48.2307657649594
B,MED12,9968,3272,3,44.7818006762052
B,KIF5B,3799,3743,3,51.2280806635196
B,PHLPP1,23239,2747,3,37.5964567413006
B,ZC3H10,84872,5783,3,79.1482742391487
B,DBNDD1,79007,2316,3,31.697631529979
B,FOXP4,116113,2390,3,32.7104228655655
B,SAT2,112483,4255,3,58.2355017962265
B,AMN1,196394,4338,3,59.3714704564114
B,TACC3,10460,3451,3,47.2316607987727
B,TAAR9,134860,4530,3,61.9992533811765
B,MAGEA1,4100,4004,3,54.8002230768721
B,ITGA5,3678,4852,3,66.406264327918
B,CCDC88C,440193,1937,3,26.5104975274479
B,ZNF837,116412,3121,3,42.7151588968326
B,BEX5,340542,3768,3,51.570239898515
B,GDPD3,79153,2886,3,39.4988620878754
B,ARMC9,80210,2234,3,30.5753492391939
B,UEVLD,55293,6621,3,90.6174517961964
B,PSPN,5623,2765,3,37.8428113904974
B,SLC25A46,91137,3927,3,53.7463726330861
B,NF2,4771,2720,3,37.2269247675055
B,RNF214,257160,4385,3,60.0147298182029
B,AKR7A3,22977,3237,3,44.3027777472116
B,PI4K2B,55300,3766,3,51.5428671597154
B,DNAAF4,161582,3613,3,49.4488526415432
B,TAZ,6901,5367,3,73.4547445688243
B,FAM109A,144717,2880,3,39.4167438714765
B,LRRC2,79442,2407,3,32.9430911453624
B,NLRP6,171389,4260,3,58.3039336432256
B,NT5C3B,115024,3031,3,41.483385650849
B,NEDD4L,23327,5034,3,68.8971835586849
B,MEPCE,56257,4398,3,60.1926526204005
B,DIP2B,57609,2135,3,29.2203986686119
B,CACNA2D2,9254,2241,3,30.6711538249926
B,ACTL6B,51412,4815,3,65.8998686601247
B,CHRAC1,54108,4557,3,62.3687853549716
B,BBS5,129880,5841,3,79.9420836643382
B,TNFRSF1B,7133,2852,3,39.0335255282815
B,MYO3A,53904,3821,3,52.2956174767054
B,NDUFAF3,25915,3891,3,53.2536633346927
B,LRRC75A,388341,2405,3,32.9157184065628
B,MAP2K7,5609,4068,3,55.6761507184605
B,RSBN1,54665,1570,3,21.4875999577146
B,NABP1,64859,3040,3,41.6065629754474
B,OR51G1,79324,6356,3,86.9905639052446
B,SLC6A8,6535,2936,3,40.1831805578663
B,TMEM196,256130,7909,3,108.245495583162
B,ZFYVE19,84936,4661,3,63.7921677725527
B,PCDHB13,56123,6265,3,85.7451042898611
B,KRTCAP3,200634,4103,3,56.1551736474541
B,UBXN6,80700,3981,3,54.4854365806763
B,IFNAR1,3454,5029,3,68.8287517116858
B,METTL21A,151194,2305,3,31.547081466581
B,SMURF2,64750,3159,3,43.2352409340257
B,OCIAD2,132299,5081,3,69.5404429204763
B,RAB11FIP3,9727,3839,3,52.5419721259021
B,C6orf47,57827,6329,3,86.6210319314495
B,GABARAP,11337,3935,3,53.8558635882847
B,GAL3ST3,89792,3493,3,47.806488313565
B,IL12RB1,3594,4815,3,65.8998686601247
B,ANKRD30A,91074,3074,3,42.0718995350412
B,ZNF16,7564,3453,3,47.2590335375723
B,NPY,4852,2808,3,38.4313252746895
B,TMEM60,85025,3378,3,46.2325558325859
B,PCDHA1,56147,3529,3,48.2991976119585
B,TRPC7,57113,5542,3,75.8498592137925
B,PLCE1,51196,7219,3,98.8019006972877
B,SSR2,6746,4394,3,60.1379071428012
B,POLR2C,5432,3040,3,41.6065629754474
B,FNDC4,64838,2985,3,40.8538126584574
B,DDX43,55510,4671,3,63.9290314665509
B,NBR1,4077,4561,3,62.4235308325709
B,ZNF786,136051,3335,3,45.6440419483938
B,EPG5,57724,1832,3,25.073428740467
B,SLCO4A1,28231,3876,3,53.0483677936954
B,PTGES3L,100885848,3496,3,47.8475474217645
B,CPT1C,126129,5408,3,74.0158857142169
B,ITIH1,3697,3123,3,42.7425316356323
B,SLC27A3,11000,1887,3,25.826179057457
B,EPHA7,2045,4072,3,55.7308961960598
B,SEPT3,55964,3184,3,43.5774001690212
B,NOL10,79954,2155,3,29.4941260566082
B,SAC3D1,29901,1974,3,27.0168931952412
B,OR14C36,127066,4922,3,67.3643101859052
B,PRR22,163154,5001,3,68.4455333684909
B,MED14OS,100873985,5844,3,79.9831427725376
B,CWC22,57703,2021,3,27.6601525570326
B,ZCCHC17,51538,2342,3,32.0534771343743
B,CASP14,23581,5878,3,80.4484793321315
B,PDIA6,10130,6238,3,85.375572316066
B,TLR6,10333,3762,3,51.4881216821161
B,TEK,7010,5446,3,74.53596775141
B,CBWD5,220869,2264,3,30.9859403211884
B,CBWD1,55871,3582,3,49.0245751901488
B,MAGOH,4116,3268,3,44.7270551986059
B,DDX52,11056,3744,3,51.2417670329194
B,CCDC96,257236,2168,3,29.6720488588059
B,NIPSNAP1,8508,1595,3,21.8297591927101
B,HSP90B1,7184,2423,3,33.1620730557595
B,PTPDC1,138639,2388,3,32.6830501267659
B,HK2,3099,3953,3,54.1022182374814
B,PRKAR2A,5576,2093,3,28.6455711538195
B,INPP1,3628,1585,3,21.6928954987119
B,LOC100129697,100129697,2141,3,29.3025168850108
B,CCL28,56477,3058,3,41.8529176246441
B,TNRC6B,23112,4004,3,54.8002230768721
B,CBX5,23468,4040,3,55.2929323752656
B,BEND2,139105,961,3,13.1526009932253
B,C10orf131,100127889,4491,3,61.4654849745836
B,DUSP22,56940,878,3,12.0166323330404
B,DCAF8L2,347442,3171,3,43.3994773668235
B,ONECUT2,9480,4234,3,57.9480880388303
B,SERPINB8,5271,6769,3,92.6430344673695
B,PFDN6,10471,4588,3,62.793062806366
B,NEIL2,252969,2928,3,40.0736896026677
B,PTBP1,5725,3295,3,45.096587172401
B,ZNF770,54989,1375,3,18.81875792475
B,KRTAP19-4,337971,3815,3,52.2134992603065
B,RASGRP2,10235,3963,3,54.2390819314796
B,GABRA6,2559,4023,3,55.0602640954687
B,ATP7A,538,4763,3,65.1881774513342
B,GOLGB1,2804,6443,3,88.1812780430287
B,VPS37B,79720,1923,3,26.3188883558504
B,PPFIA4,8497,2648,3,36.2415061707186
B,HUS1,3364,2185,3,29.9047171386028
B,TRMT61A,115708,2373,3,32.4777545857686
B,CDC42SE1,56882,3086,3,42.236135967839
B,SLC38A3,10991,4888,3,66.8989736263114
B,SAP25,100316904,1362,3,18.6408351225524
B,TSPYL6,388951,5374,3,73.5505491546231
B,ABLIM1,3983,2933,3,40.1421214496668
B,FAM210A,125228,4700,3,64.3259361791456
B,ANKZF1,55139,2600,3,35.5845604395274
B,OR5R1,219479,5817,3,79.6136107987426
B,WDR24,84219,4324,3,59.179861284814
B,FRG2B,441581,5455,3,74.6591450760084
B,RNASE9,390443,4083,3,55.8814462594578
B,EFCAB9,285588,6754,3,92.4377389263722
B,AHSA1,10598,2931,3,40.1147487108672
B,IMPDH2,3615,2687,3,36.7752745773115
B,ST3GAL5,8869,3039,3,41.5928766060476
B,SPATA8,145946,3608,3,49.3804207945441
B,TMCO2,127391,3693,3,50.5437621935287
B,ZNF141,7700,5152,3,70.5121751478634
B,GPAA1,8733,2868,3,39.2525074386786
B,HYKK,123688,3467,3,47.4506427091697
B,C18orf21,83608,2227,3,30.4795446533952
B,THAP6,152815,3653,3,49.9963074175359
B,CARS2,79587,4033,3,55.1971277894669
B,EIF4G1,1981,1544,3,21.1317543533193
B,CRCT1,54544,3266,3,44.6996824598063
B,HIST2H2AA3,8337,3284,3,44.946037109003
B,IFNG,3458,5607,3,76.7394732247807
B,C19orf81,342918,3485,3,47.6969973583665
B,GTF3C6,112495,4022,3,55.0465777260689
B,WDR36,134430,3453,3,47.2590335375723
B,TBL1Y,90665,2388,3,32.6830501267659
B,MT1G,4495,2976,3,40.730635333859
B,SULT1E1,6783,3702,3,50.666939518127
B,KRT34,3885,5615,3,76.8489641799793
B,ANKRD44,91526,5114,3,69.9920931106703
B,LMOD1,25802,1944,3,26.6063021132466
B,POLR2M,81488,1943,3,26.5926157438468
B,DERL3,91319,1558,3,21.3233635249168
B,ZNF350,59348,2770,3,37.9112432374964
B,FAM9B,171483,4368,3,59.782061538406
B,P2RX3,5024,5191,3,71.0459435544563
B,SYT11,23208,2957,3,40.4705943152625
B,OR10H5,284433,3679,3,50.3521530219312
B,HARS2,23438,5052,3,69.1435382078816
B,ASB11,140456,4428,3,60.6032437023951
B,TMEM71,137835,4832,3,66.1325369399216
B,GNG3,2785,4928,3,67.4464284023042
B,LTA4H,4048,4281,3,58.5913474006218
B,PCDHGA7,56108,5575,3,76.3015094039865
B,DTHD1,401124,5817,3,79.6136107987426
B,SLC13A1,6561,6205,3,84.923922125872
B,NAPG,8774,6345,3,86.8400138418466
B,MC4R,4160,3939,3,53.9106090658839
B,TTC9C,283237,5020,3,68.7055743870874
B,CST1,1469,7017,3,96.0372540785244
B,RGS5,8490,5157,3,70.5806069948625
B,STK26,51765,2509,3,34.3391008241439
B,IQGAP3,128239,4502,3,61.6160350379816
B,FRS3,10817,2690,3,36.816333685511
B,ELMO2,63916,3151,3,43.1257499788272
B,RAP1GAP,5909,3242,3,44.3712095942106
B,JMJD7-PLA2G4B,8681,2998,3,41.031735460655
B,CNN2,1265,2598,3,35.5571877007277
B,SLC10A5,347051,4572,3,62.5740808959689
B,ZNF449,203523,4889,3,66.9126599957112
B,CHEK2,11200,3163,3,43.289986411625
B,SCFD2,152579,3184,3,43.5774001690212
B,STX1A,6804,2782,3,38.0754796702943
B,ZEB1,6935,4316,3,59.0703703296154
B,ERGIC1,57222,3019,3,41.3191492180512
B,SLAMF7,57823,6548,3,89.6183468300097
B,KRT15,3866,4851,3,66.3925779585182
B,TWNK,56652,4189,3,57.3322014158385
B,COX4I2,84701,2589,3,35.4340103761294
B,KLRC1,3821,4202,3,57.5101242180361
B,DIO2,1734,4727,3,64.6954681529407
B,FARSB,10056,4371,3,59.8231206466054
B,KRTAP4-12,83755,6119,3,83.7468943574876
B,ZNF787,126208,4266,3,58.3860518596245
B,FABP4,2167,3635,3,49.7499527683392
B,PARP15,165631,4811,3,65.8451231825254
B,MAGED1,9500,4083,3,55.8814462594578
B,STOML3,161003,7180,3,98.2681322906948
B,ZC3H14,79882,1607,3,21.9939956255079
B,TSPEAR,54084,6053,3,82.8435939770996
B,KLRB1,3820,5429,3,74.3032994716131
B,PIGY,84992,5493,3,75.1792271132014
B,PDF,64146,4054,3,55.484541546863
B,OR5J2,282775,4108,3,56.2236054944532
B,LOC388780,388780,3305,3,45.2334508663992
B,WDR87,83889,3525,3,48.2444521343592
B,KIF23,9493,1434,3,19.6262537193393
B,GLIPR1L1,256710,4054,3,55.484541546863
B,TAS2R50,259296,4459,3,61.0275211537894
B,DCST1,149095,4010,3,54.882341293271
B,MYO16,23026,965,3,13.2073464708246
B,GCHFR,2644,3502,3,47.9296656381634
B,RASGRP4,115727,5841,3,79.9420836643382
B,RIPK1,8737,2851,3,39.0198391588817
B,F2RL3,9002,1829,3,25.0323696322675
B,DZIP1L,199221,3122,3,42.7288452662325
B,AAMP,14,2642,3,36.1593879543197
B,ACTR1B,10120,2523,3,34.5307099957414
B,GPR20,2843,5571,3,76.2467639263873
B,RNF149,284996,4169,3,57.0584740278421
B,RNF6,6049,3599,3,49.2572434699458
B,MRPL32,64983,2100,3,28.7413757396183
B,NEMP1,23306,2417,3,33.0799548393606
B,AMPD2,271,4675,3,63.9837769441501
B,ANXA11,311,510,3,6.98004839390729
B,INO80E,283899,2611,3,35.7351105029254
B,RDH14,57665,3668,3,50.2016029585332
B,PREB,10113,3022,3,41.3602083262506
B,BCDIN3D,144233,3073,3,42.0582131656414
B,VPS53,55275,1972,3,26.9895204564415
B,NRIP2,83714,3615,3,49.4762253803429
B,TMEM64,169200,2740,3,37.5006521555019
B,SLC8B1,80024,2807,3,38.4176389052897
B,IER5,51278,5223,3,71.4839073752505
B,TRMT10C,54931,3309,3,45.2881963439985
B,SLC23A3,151295,7151,3,97.8712275781001
B,NPY4R,5540,2003,3,27.4137979078359
B,PCDH19,57526,4117,3,56.3467828190516
B,C4orf3,401152,3305,3,45.2334508663992
B,NUCKS1,64710,4040,3,55.2929323752656
B,ZCWPW1,55063,4579,3,62.6698854817676
B,FBL,2091,2024,3,27.7012116652321
B,OBSCN,84033,2911,3,39.8410213228708
B,LRP12,29967,1923,3,26.3188883558504
B,DCP2,167227,1171,3,16.0267385671871
B,CDCP1,64866,2766,3,37.8564977598972
B,STYK1,55359,3184,3,43.5774001690212
B,ENPEP,2028,2077,3,28.4265892434224
B,AFAP1L2,84632,3447,3,47.1769153211734
B,C1GALT1C1,29071,3156,3,43.1941818258263
B,XPR1,9213,2941,3,40.2516124048654
B,STK10,6793,3436,3,47.0263652577754
B,PRSS1,5644,5028,3,68.815065342286
B,PYDC2,152138,5366,3,73.4410581994245
B,IFI27L1,122509,3218,3,44.042736728615
B,TTLL1,25809,2468,3,33.7779596787514
B,SLC35E4,339665,3962,3,54.2253955620798
B,PEX16,9409,5511,3,75.4255817623982
B,RPP14,11102,4163,3,56.9763558114432
B,POTEB2,100287399,4124,3,56.4425874048503
B,POTED,317754,4893,3,66.9674054733105
B,TXNIP,10628,3738,3,51.1596488165205
B,HSD11B1L,374875,3963,3,54.2390819314796
B,HMCN1,83872,3465,3,47.4232699703701
B,LIPA,3988,2759,3,37.7606931740985
B,TACR3,6870,4454,3,60.9590893067903
B,ANKDD1B,728780,4388,3,60.0557889264023
B,ARL14EP,120534,4434,3,60.685361918794
B,TST,7263,3467,3,47.4506427091697
B,LRCH4,4034,1320,3,18.06600760776
B,PIWIL2,55124,5632,3,77.0816324597762
B,PPP1R2,5504,1084,3,14.8360244294029
B,MPC2,25874,2004,3,27.4274842772357
B,NDUFB2,4708,1774,3,24.2796193152775
B,AQP1,358,4225,3,57.824910714232
B,ZSCAN10,84891,4926,3,67.4190556635045
B,RAPGEF4,11069,4599,3,62.943612869764
B,PIGH,5283,1438,3,19.6809991969386
B,SGMS2,166929,2082,3,28.4950210904215
B,SIL1,64374,1919,3,26.2641428782512
B,LMLN,89782,4800,3,65.6945731191274
B,LRP5L,91355,2200,3,30.1100126796001
B,UXT,8409,2507,3,34.3117280853443
B,NOTCH2NL,388677,1555,3,21.2823044167173
B,MROH6,642475,2461,3,33.6821550929526
B,C11orf49,79096,3794,3,51.9260855029103
B,ARFGEF1,10565,3302,3,45.1923917581997
B,RCL1,10171,4199,3,57.4690651098367
B,RPE,6120,5156,3,70.5669206254627
B,NAT16,375607,776,3,10.6206226542589
B,TMED9,54732,2408,3,32.9567775147623
B,ANO3,63982,2686,3,36.7615882079117
B,SPRR2D,6703,5121,3,70.0878976964691
B,SLC50A1,55974,5176,3,70.8406480134591
B,DMGDH,29958,2947,3,40.3337306212643
B,RBM42,79171,2168,3,29.6720488588059
B,ZNF695,57116,2592,3,35.4750694843288
B,RECQL,5965,6665,3,91.2196520497884
B,HPSE,10855,2857,3,39.1019573752806
B,OAS1,4938,3897,3,53.3357815510916
B,OR1L3,26735,6572,3,89.9468196956053
B,MUC3B,57876,5136,3,70.2931932374663
B,EIF4A3,9775,4427,3,60.5895573329952
B,DPAGT1,1798,2092,3,28.6318847844197
B,ZIC3,7547,4929,3,67.460114771704
B,PDXK,8566,3678,3,50.3384666525314
B,LYZL1,84569,4400,3,60.2200253592001
B,OR6S1,341799,3084,3,42.2087632290394
B,RIMS3,9783,2888,3,39.526234826675
B,PLA2G4A,5321,4652,3,63.6689904479543
B,FAM175B,23172,3131,3,42.8520225908308
B,DMRTC2,63946,6812,3,93.2315483515617
B,PDS5B,23047,4448,3,60.8769710903914
B,NEDD9,4739,3693,3,50.5437621935287
B,POU4F2,5458,6668,3,91.2607111579879
B,CD3G,917,3659,3,50.0784256339349
B,SERPINI2,5276,4501,3,61.6023486685818
B,AKAP4,8852,4375,3,59.8778661242047
B,BARX2,8538,2883,3,39.4578029796759
B,SPATA31D4,389761,3321,3,45.4524327767963
B,TIMP4,7079,6868,3,93.9979850379515
B,GSTZ1,2954,1077,3,14.7402198436042
B,NEU4,129807,3629,3,49.6678345519403
B,SLC22A14,9389,5050,3,69.116165469082
B,SLC35E2,9906,2818,3,38.5681889686877
B,ZNF615,284370,4980,3,68.1581196110947
B,THAP7,80764,4821,3,65.9819868765236
B,UBE2K,3093,3421,3,46.8210697167781
B,TGM1,7051,7861,3,107.588549851971
B,TAS2R20,259295,4033,3,55.1971277894669
B,AWAT2,158835,6156,3,84.2532900252809
B,IGFL1,374918,4771,3,65.2976684065327
B,AUH,549,2651,3,36.2825652789181
B,OR52A1,23538,6403,3,87.633823267036
B,LBP,3929,3690,3,50.5027030853292
B,MRPS35,60488,5084,3,69.5815020286758
B,B4GALT6,9331,3982,3,54.4991229500761
B,AMACR,23600,3503,3,47.9433520075632
B,HRG,3273,4466,3,61.1233257395881
B,SERPINA11,256394,5985,3,81.912920857912
B,PAX4,5078,5556,3,76.04146838539
B,ELOC,6921,5119,3,70.0605249576694
B,TCP10L,140290,7690,3,105.248180684602
B,FGF14,2259,6909,3,94.559126183344
B,ALG10B,144245,3769,3,51.5839262679149
B,KRT28,162605,5139,3,70.3342523456658
B,HIST2H3D,653604,2150,3,29.4256942096092
B,LACTB,114294,2492,3,34.106432544347
B,STK33,65975,4425,3,60.5621845941956
B,NCAPD2,9918,2379,3,32.5598728021675
B,LARS2,23395,3980,3,54.4717502112765
B,CLRN1,7401,3727,3,51.0090987531225
B,MRAP,56246,3984,3,54.5264956888758
B,FBXO17,115290,3782,3,51.7618490701125
B,CEBPZ,10153,5333,3,72.9894080092305
B,PCSK9,255738,6070,3,83.0762622568966
B,EZH2,2146,4086,3,55.9225053676572
B,IQCA1,79781,5598,3,76.6162959001824
B,BCAM,4059,417,3,5.70721603972419
B,RPA1,6117,4962,3,67.911764961898
B,HNRNPF,3185,3437,3,47.0400516271752
B,PER3,8863,4154,3,56.8531784868449
B,GXYLT1,283464,661,3,9.04669017327984
B,EPPK1,83481,2868,3,39.2525074386786
B,DLGAP3,58512,1973,3,27.0032068258413
B,PINX1,54984,4595,3,62.8888673921647
B,TMEM130,222865,7251,3,99.2398645180819
B,C6orf226,441150,2709,3,37.0763747041075
B,ACYP2,98,3918,3,53.6231953084878
B,LY6G5B,58496,5948,3,81.4065251901187
B,GULP1,51454,3993,3,54.6496730134741
B,ENKUR,219670,3819,3,52.2682447379058
B,MYBL1,4603,3124,3,42.7562180050321
B,EID2B,126272,5551,3,75.9730365383909
B,CDK18,5129,4163,3,56.9763558114432
B,OSBPL7,114881,2395,3,32.7788547125646
B,PLA2G3,50487,5244,3,71.7713211326467
B,DHX32,55760,3519,3,48.1623339179603
B,PDZK1,5174,6249,3,85.526122379464
B,APAF1,317,5934,3,81.2149160185213
B,IGFBP6,3489,5753,3,78.7376831571542
B,PLA2G2D,26279,8908,3,121.918178613581
B,TREX1,11277,4164,3,56.990042180843
B,FARSA,2193,7305,3,99.978928465672
B,AVIL,10677,7127,3,97.5427547125044
B,TESPA1,9840,7002,3,95.8319585375271
B,SYNE1,23345,3417,3,46.7663242391788
B,TLR4,7099,4325,3,59.1935476542138
B,HIST1H2BN,8341,3873,3,53.0073086854959
B,TMEM131,23505,6750,3,92.3829934487729
B,SPATA7,55812,2177,3,29.7952261834043
B,OR52R1,119695,2809,3,38.4450116440894
B,SNRNP40,9410,2554,3,34.9549874471357
B,PLEKHS1,79949,4361,3,59.6862569526072
B,LRTOMT,220074,4339,3,59.3851568258112
B,ZBTB33,10009,3875,3,53.0346814242956
B,PVR,5817,3379,3,46.2462422019857
B,MRGPRX2,117194,5257,3,71.9492439348444
B,GRK4,2868,6437,3,88.0991598266298
B,CWC25,54883,7172,3,98.1586413354962
B,ERVMER34-1,100288413,2487,3,34.0380006973479
B,BAG3,9531,5771,3,78.9840378063509
B,UNC13C,440279,3922,3,53.677940786087
B,ZNF426,79088,4544,3,62.190862552774
B,CRLS1,54675,4690,3,64.1890724851474
B,NPEPPS,9520,2653,3,36.3099380177177
B,OR2T3,343173,1030,1,14.0969604818128
B,UBR2,23304,1820,3,24.9091923076692
B,NPIPB9,100507607,6721,3,91.9860887361782
B,RIOK3,8780,5421,3,74.1938085164145
B,SYT8,90019,5751,3,78.7103104183546
B,ZFP62,643836,3304,3,45.2197644969994
B,DOCK9,23348,3789,3,51.8576536559112
B,CCDC159,126075,3805,3,52.0766355663083
B,MCUR1,63933,4798,3,65.6672003803278
B,EPHB3,2049,3666,3,50.1742302197336
B,PLEKHG6,55200,3810,3,52.1450674133074
B,EXD2,55218,4387,3,60.0421025570025
B,PLCXD2,257068,4912,3,67.2274464919071
B,ANKRD17,26057,3615,3,49.4762253803429
B,CLINT1,9685,4645,3,63.5731858621556
B,TBC1D3F,84218,5393,3,73.8105901732196
B,KRTAP1-4,728255,4931,3,67.4874875105036
B,TMEM38B,55151,3273,3,44.795487045605
B,TYW5,129450,5889,3,80.5990293955295
B,GPR1,2825,4628,3,63.3405175823587
B,POMZP3,22932,5100,3,69.8004839390729
B,FIS1,51024,5559,3,76.0825274935894
B,LCK,3932,4094,3,56.0319963228558
B,IL18,3606,3443,3,47.1221698435741
B,HSD17B2,3294,4484,3,61.3696803887849
B,TOMM6,100188893,3857,3,52.7883267750989
B,ZNF485,220992,6590,3,90.193174344802
B,HRCT1,646962,3355,3,45.9177693363901
B,CPA2,1358,5400,3,73.9063947590184
B,RNASE8,122665,8890,3,121.671823964384
B,TOLLIP,54472,2880,3,39.4167438714765
B,AADACL2,344752,6009,3,82.2413937235077
B,FGD5,152273,6334,3,86.6894637784486
B,TSC1,7248,4970,3,68.0212559170965
B,SLAMF9,89886,3931,3,53.8011181106854
B,CCDC116,164592,5817,3,79.6136107987426
B,ERICH4,100170765,5008,3,68.5413379542896
B,FOPNL,123811,7284,3,99.6915147082759
B,H1FNT,341567,7469,3,102.223493047242
B,PPIAL4C,653598,2124,1,29.0698486052139
B,PLEKHN1,84069,2305,3,31.547081466581
B,DEFB113,245927,5486,3,75.0834225274027
B,CSNK2A3,283106,3671,3,50.2426620667327
B,OR51T1,401665,4598,3,62.9299265003641
B,KIAA0391,9692,4268,3,58.4134245984241
B,ATP8B4,79895,7562,3,103.496325401425
B,C9orf152,401546,5082,3,69.5541292898762
B,WDR19,57728,6282,3,85.977772569658
B,OR4D6,219983,6840,3,93.6147666947566
B,CD226,10666,5803,3,79.4220016271451
B,CLLU1OS,574016,6063,3,82.9804576710978
B,SULT1C3,442038,1801,3,24.6491512890726
B,ORMDL1,94101,4872,3,66.6799917159143
B,SIRT4,23409,6564,3,89.8373287404067
B,ABCC11,85320,5524,3,75.6035045645958
B,ACADVL,37,4129,3,56.5110192518494
B,POLR2I,5438,2224,3,30.4384855451957
B,SYNPO2,171024,5891,3,80.6264021343291
B,FANCD2,2177,5172,3,70.7859025358598
B,LILRB5,10990,5850,3,80.0652609889366
B,EVPLL,645027,4793,3,65.5987685333287
B,AKIP1,56672,4590,3,62.8204355451656
B,FAM153B,202134,4167,3,57.0311012890425
B,C3AR1,719,5595,3,76.5752367919829
B,PAGE1,8712,5535,3,75.7540546279938
B,KAT8,84148,5592,3,76.5341776837834
B,SDHC,6391,6594,3,90.2479198224013
B,NMRK2,27231,3537,3,48.408688567157
B,GAS2L2,246176,6727,3,92.0682069525771
B,FAM231A,729574,5178,3,70.8680207522587
B,TMEM250,90120,5605,3,76.7121004859811
B,RAX,30062,6958,3,95.2297582839351
B,ZNF225,7768,7365,3,100.800110629661
B,THAP10,56906,7368,3,100.841169737861
B,RBMXL3,139804,9395,3,128.583440511292
B,HDDC3,374659,2436,3,33.3399958579572
B,ZNF862,643641,769,3,10.5248180684602
B,KBTBD3,143879,5808,3,79.4904334741442
B,MBOAT7,79143,3231,3,44.2206595308126
B,ACLY,47,2562,3,35.0644784023343
B,NOTCH2,4853,5286,3,72.3461486474391
B,XIAP,331,1590,3,21.761327345711
B,KDELR3,11015,5097,3,69.7594248308734
B,NUP85,79902,5573,3,76.2741366651869
B,DEFA4,1669,4773,3,65.3250411453323
B,TSFM,10102,4840,3,66.2420278951202
B,FAM107A,11170,6678,3,91.397574851986
B,MTTP,4547,5294,3,72.4556396026376
B,MED10,84246,5379,3,73.6189810016222
B,XAF1,54739,2831,3,38.7461117708854
B,NNMT,4837,6628,3,90.7132563819951
B,LDHC,3948,4701,3,64.3396225485454
B,TMEM167A,153339,5442,3,74.4812222738107
B,TCHH,7062,4367,3,59.7683751690061
B,SLC9B1,150159,4073,3,55.7445825654596
B,OTOR,56914,6492,3,88.8519101436198
B,POLE2,5427,4812,3,65.8588095519253
B,NRTN,4902,5901,3,80.7632658283273
B,EPHA3,2042,7233,3,98.9935098688851
B,COLQ,8292,7835,3,107.232704247576
B,COA7,65260,7197,3,98.5008005704917
B,DEF6,50619,4830,3,66.105164201122
B,PAGE4,9506,4483,3,61.3559940193851
B,AOC2,314,6632,3,90.7680018595944
B,FIG4,9896,4889,3,66.9126599957112
B,ELOVL3,83401,5359,3,73.3452536136258
B,ALKBH8,91801,5836,3,79.8736518173391
B,GPR171,29909,7188,3,98.3776232458933
B,NMBR,4829,5807,3,79.4767471047444
B,SERPINA7,6906,6348,3,86.881072950046
B,FAM185A,222234,4595,3,62.8888673921647
B,CDH18,1016,6231,3,85.2797677302673
B,GAR1,54433,4789,3,65.5440230557294
B,MS4A3,932,5339,3,73.0715262256294
B,DKK2,27123,1281,3,17.5322392011671
B,KCNJ1,3758,6120,3,83.7605807268875
B,LIG3,3980,4218,3,57.7291061284332
B,VPS13C,54832,5036,3,68.9245562974845
B,PCK1,5105,5135,3,70.2795068680665
B,SMARCE1,6605,3510,3,48.0391565933619
B,LDLRAD1,388633,7983,3,109.258286918749
B,ANKS4B,257629,4932,3,67.5011738799034
B,SH2D4A,63898,2871,3,39.2935665468781
B,CHRFAM7A,89832,3760,3,51.4607489433165
B,ZSCAN29,146050,5059,3,69.2393427936803
B,ICOSLG,23308,3343,3,45.7535329035923
B,ELMOD3,84173,4577,3,62.642512742968
B,CLUH,23277,3952,3,54.0885318680816
B,CHMP6,79643,5393,3,73.8105901732196
B,UGT2B4,7363,5249,3,71.8397529796458
B,ACTBL2,345651,2913,3,39.8683940616705
B,IFT27,11020,4473,3,61.2191303253869
B,LINGO2,158038,3630,3,49.6815209213401
B,HRNR,388697,8051,3,110.188960037936
B,PPP1R1C,151242,5982,3,81.8718617497125
B,TAS2R7,50837,5922,3,81.0506795857235
B,EGR2,1959,5070,3,69.3898928570783
B,SPHKAP,80309,6740,3,92.2461297547748
B,TMEM74,157753,5675,3,77.6701463439684
B,OR8H2,390151,5670,3,77.6017144969693
B,PAPSS1,9061,4735,3,64.8049591081392
B,C3orf84,646498,3517,3,48.1349611791607
B,TRIM63,84676,5920,3,81.0233068469238
B,RAD1,5810,5999,3,82.1045300295095
B,ITIH4,3700,5768,3,78.9429786981515
B,POLRMT,5442,4436,3,60.7127346575936
B,DPY19L2,283417,5066,3,69.3351473794791
B,STON1-GTF2A1L,286749,4468,3,61.1506984783878
B,RASGRF2,5924,2255,3,30.8627629965901
B,MRPS33,51650,5609,3,76.7668459635804
B,NUP107,57122,5614,3,76.8352778105794
B,GNGT1,2792,4793,3,65.5987685333287
B,SAMD13,148418,4258,3,58.276560904426
B,PAPPA,5069,4440,3,60.7674801351929
B,STRA8,346673,6315,3,86.429422759852
B,FAM111B,374393,6327,3,86.5936591926498
B,OR8G2P,26492,3668,3,50.2016029585332
B,GOLGA6L9,440295,6587,3,90.1521152366026
B,TIPIN,54962,6097,3,83.4457942306917
B,PLAT,5327,3669,3,50.215289327933
B,ATM,472,6477,3,88.6466146026226
B,BMP10,27302,5120,3,70.0742113270692
B,CLPSL1,340204,5802,3,79.4083152577453
B,TBC1D10C,374403,5261,3,72.0039894124436
B,NOS1AP,9722,4381,3,59.9599843406036
B,CPXCR1,53336,6978,3,95.5034856719315
B,KLRF2,100431172,7111,3,97.3237728021073
B,MROH9,80133,7100,3,97.1732227387093
B,RAET1E,135250,6591,3,90.2068607142018
B,OSCAR,126014,4992,3,68.3223560438925
B,CRIPAK,285464,5699,3,77.998619209564
B,PRSS22,64063,2157,3,29.5214987954079
B,NREP,9315,4207,3,57.5785560650352
B,PWP1,11137,6950,3,95.1202673287366
B,ATP8B1,5205,4931,3,67.4874875105036
B,GOLGA2,2801,4347,3,59.4946477810098
B,ARRB2,409,5199,3,71.1554345096549
B,OR9K2,441639,5864,3,80.256870160534
B,EXOC3L4,91828,6590,3,90.193174344802
B,CHEK1,1111,5193,3,71.073316293256
B,ADH1B,125,5651,3,77.3416734783727
B,LRPAP1,4043,5391,3,73.78321743442
B,SURF2,6835,2981,3,40.7990671808581
B,INPP4B,8821,4642,3,63.5321267539561
B,PRDX1,5052,6950,3,95.1202673287366
B,PLEKHA4,57664,8849,3,121.110682818991
B,C2orf83,56918,6006,3,82.2003346153082
B,FSCB,84075,6871,3,94.0390441461509
B,TULP2,7288,7186,3,98.3502505070937
B,LRTM1,57408,4508,3,61.6981532543805
B,MLIP,90523,6404,3,87.6475096364358
B,POU3F2,5454,7377,3,100.964347062459
B,C10orf99,387695,5954,3,81.4886434065176
B,CES5A,221223,6392,3,87.483273203638
B,GOLGA8J,653073,5124,2,70.1289568046685
B,LCMT1,51451,3472,3,47.5190745561688
B,SLC28A3,64078,8946,3,122.438260650774
B,ZNF10,7556,5295,3,72.4693259720374
B,AMOT,154796,5230,3,71.5797119610493
B,PRMT6,55170,5291,3,72.4145804944382
B,ZNF274,10782,7582,3,103.770052789422
B,BRSK1,84446,8975,3,122.835165363368
B,ANGPTL7,10218,4100,3,56.1141145392547
B,C17orf98,388381,5107,3,69.8962885248716
B,PI15,51050,4950,3,67.7475285291002
B,SPAM1,6677,5565,3,76.1646457099884
B,PDCL,5082,5167,3,70.7174706888607
B,LPA,4018,6577,3,90.0152515426044
B,ALLC,55821,5257,3,71.9492439348444
B,EIF4E1B,253314,5636,3,77.1363779373754
B,MMP27,64066,4746,3,64.9555091715373
B,FSIP2,401024,5993,3,82.0224118131106
B,USF1,7391,6061,3,82.9530849322982
B,TP53TG3E,102724101,4318,3,59.0977430684151
B,AADACL3,126767,4740,3,64.8733909551383
B,LCE1C,353133,5662,3,77.4922235417707
B,SKAP2,8935,4046,3,55.3750505916645
B,MPZL3,196264,5240,3,71.7165756550474
B,SIGLEC10,89790,1820,3,24.9091923076692
B,DCAF4L2,138009,5808,3,79.4904334741442
B,LAMC2,3918,5656,3,77.4101053253718
B,BMPER,168667,6895,3,94.3675170117466
B,KRT5,3852,5089,3,69.6499338756749
B,NLRP1,22861,7379,3,100.991719801259
B,ZNF579,163033,7695,3,105.316612531601
B,HBS1L,10767,6465,3,88.4823781698247
B,SART3,9733,4408,3,60.3295163143987
B,RAD21L1,642636,4545,3,62.2045489221738
B,HSPB8,26353,4575,3,62.6151400041683
B,CSTF1,1477,5235,3,71.6481438080484
B,ARMC5,79798,5489,3,75.1244816356022
B,C11orf21,29125,6273,3,85.8545952450596
B,ZNF772,400720,6802,3,93.0946846575635
B,KIAA1328,57536,3992,3,54.6359866440743
B,TTC23L,153657,4925,3,67.4053692941047
B,PCDHGC4,56098,6883,3,94.2032805789488
B,FBXW8,26259,5420,3,74.1801221470147
B,TMEM79,84283,5863,3,80.2431837911342
B,MATN1,4146,5715,3,78.2176011199611
B,NLRP4,147945,6059,3,82.9257121934986
B,C9orf66,157983,5247,3,71.8123802408462
B,FAM208A,23272,4421,3,60.5074391165963
B,KRTAP6-1,337966,5154,3,70.5395478866631
B,PTPN6,5777,4508,3,61.6981532543805
B,ADGRG5,221188,7298,3,99.8831238798733
B,CDK6,1021,6028,3,82.5014347421042
B,TADA1,117143,6639,3,90.8638064453931
B,MYCT1,80177,5387,3,73.7284719568207
B,C1orf116,79098,5439,3,74.4401631656113
B,ACTG2,72,5349,3,73.2083899196276
B,ATP9A,10079,5010,3,68.5687106930893
B,SLC36A3,285641,5289,3,72.3872077556385
B,ADCY10,55811,7452,3,101.990824767445
B,CNBD1,168975,5516,3,75.4940136093973
B,DDIAS,220042,4792,3,65.5850821639289
B,CREB3L2,64764,6160,3,84.3080355028802
B,SSTR3,6753,6761,3,92.5335435121709
B,TBC1D20,128637,4245,3,58.0986381022283
B,REXO5,81691,7057,3,96.5847088545171
B,PBX2,5089,8965,3,122.69830166937
B,HIST1H2AA,221613,6443,3,88.1812780430287
B,LGI3,203190,2555,3,34.9686738165355
B,TAT,6898,4648,3,63.6142449703551
B,MMP26,56547,4728,3,64.7091545223405
B,BROX,148362,3420,3,46.8073833473783
B,ABCB1,5243,2878,3,39.3893711326768
B,TMPRSS13,84000,4554,3,62.3277262467721
B,REG3G,130120,7742,3,105.959871893393
B,SLC14A1,6563,6240,3,85.4029450548656
B,TP53I13,90313,6269,3,85.7998497674604
B,ZNF511-PRAP1,104326056,5087,3,69.6225611368752
B,MMP10,4319,4670,3,63.9153450971511
B,NAP1L5,266812,6056,3,82.8846530852991
B,TNFAIP2,7127,7276,3,99.5820237530773
B,PIFO,128344,7029,3,96.2014905113222
B,HFE,3077,3307,3,45.2608236051988
B,TSPAN11,441631,7676,3,105.056571513005
B,EPHA4,2043,4195,3,57.4143196322374
B,KIAA0907,22889,3544,3,48.5044931529558
B,PCDHB4,56131,5063,3,69.2940882712796
B,NFE2L1,4779,3825,3,52.3503629543047
B,IL6,3569,6847,3,93.7105712805553
B,TMX3,54495,3674,3,50.2837211749321
B,PHLDB2,90102,5534,3,75.740368258594
B,BTBD19,149478,6000,3,82.1182163989093
B,CMAS,55907,5566,3,76.1783320793882
B,USP17L12,100287205,5023,2,68.7466334952869
B,GPR179,440435,6245,3,85.4713769018647
B,NAA16,79612,5927,3,81.1191114327225
B,LEP,3952,7710,3,105.521908072598
B,GPR89B,51463,7868,3,107.68435443777
B,CD59,966,5462,3,74.7549496618071
B,PRPF38B,55119,6440,3,88.1402189348293
B,C2orf88,84281,5377,3,73.5916082628225
B,PPP1R3D,5509,4689,3,64.1753861157476
B,TBC1D17,79735,6298,3,86.1967544800551
B,SPARC,6678,4956,3,67.8296467454991
B,PROP1,5626,4126,3,56.4699601436499
B,GPC4,2239,3056,3,41.8255448858445
B,ZNF98,148198,4130,3,56.5247056212492
B,ZBED6,100381270,6160,3,84.3080355028802
B,SLX4,84464,2222,3,30.4111128063961
B,ODF1,4956,5696,3,77.9575601013645
B,CENPS,378708,3673,3,50.2700348055323
B,TEX36,387718,6526,3,89.3172467032137
B,OR2T2,401992,10479,3,143.419464940695
B,ZNF844,284391,4046,3,55.3750505916645
B,TSPYL4,23270,6353,3,86.9495047970451
B,CAV1,857,4825,3,66.0367323541229
B,CACNA1E,777,4314,3,59.0429975908158
B,GOT1L1,137362,4509,3,61.7118396237803
B,APOF,319,6042,3,82.6930439137017
B,SSX4,6759,3924,3,53.7053135248867
B,OR10S1,219873,5197,3,71.1280617708553
B,CCL18,6362,3950,3,54.0611591292819
B,ZNF286B,729288,5103,3,69.8415430472723
B,SOX1,6656,5709,3,78.1354829035622
B,CXCL10,3627,5355,3,73.2905081360265
B,HNF4G,3174,4368,3,59.782061538406
B,ADH1A,124,5926,3,81.1054250633227
B,ADH1C,126,5375,3,73.5642355240229
B,IL23A,51561,4434,3,60.685361918794
B,TCN2,6948,5035,3,68.9108699280847
B,IGSF1,3547,4985,3,68.2265514580938
B,LOC100128988,100128988,3902,3,53.4042133980907
B,C4orf36,132989,4399,3,60.2063389898003
B,CNGB3,54714,2648,3,36.2415061707186
B,COX7B2,170712,7033,3,96.2562359889215
B,NUTM1,256646,7195,3,98.473427831692
B,FABP12,646486,7073,3,96.8036907649142
B,THAP5,168451,4066,3,55.6487779796609
B,DET1,55070,6076,3,83.1583804732955
B,LOC100505841,100505841,7686,3,105.193435207003
B,OR6Y1,391112,5924,3,81.0780523245231
B,TAS2R8,50836,3528,3,48.2855112425587
B,TSLP,85480,4820,3,65.9683005071238
B,IFIT2,3433,3621,3,49.5583435967417
B,CKS1B,1163,5454,3,74.6454587066085
B,ZRANB2,9406,4211,3,57.6333015426345
B,SLC24A5,283652,7867,3,107.67066806837
B,CLIC2,1193,6125,3,83.8290125738866
B,CALML6,163688,7104,3,97.2279682163086
B,C3orf67,200844,5697,3,77.9712464707644
B,PPIAL4A,653505,3531,2,48.3265703507581
B,PLSCR1,5359,6113,3,83.6647761410887
B,TBC1D25,4943,4871,3,66.6663053465145
B,AES,166,4295,3,58.7829565722192
B,H2BFWT,158983,6139,3,84.020621745484
B,FAM157B,100132403,3305,1,45.2334508663992
B,TM4SF4,7104,3977,3,54.430691103077
B,UGT1A10,54575,5637,3,77.1500643067753
B,IFIT3,3437,5538,3,75.7951137361933
B,MUC17,140453,5235,3,71.6481438080484
B,CRYZL1,9946,4698,3,64.298563440346
B,RNASE1,6035,7826,3,107.109526922977
B,RYR1,6261,4303,3,58.8924475274178
B,ZAP70,7535,4615,3,63.1625947801611
B,PCGF6,84108,5974,3,81.762370794514
B,GALNT8,26290,3989,3,54.5949275358749
B,CERS4,79603,3964,3,54.2527683008794
B,CHRM4,1132,6749,3,92.3693070793731
B,AICDA,57379,5276,3,72.2092849534409
B,ATP6V1B1,525,6509,3,89.0845784234167
B,AKR1B15,441282,7070,3,96.7626316567148
B,ADAMTS18,170692,6950,3,95.1202673287366
B,STARD13,90627,4463,3,61.0822666313887
B,AMH,268,5867,3,80.2979292687335
B,SPZ1,84654,6509,3,89.0845784234167
B,COPE,11316,2840,3,38.8692890954837
B,NBPF3,84224,6277,3,85.9093407226589
B,GTPBP6,8225,9473,3,129.650977324478
B,PRM3,58531,6004,3,82.1729618765086
B,HSP90AB1,3326,4317,3,59.0840566990152
B,BTBD8,284697,2774,3,37.9659887150957
B,TAS2R13,50838,4236,3,57.97546077763
B,HIST1H2AB,8335,5886,3,80.55797028733
B,DSG3,1830,5536,3,75.7677409973936
B,SYT16,83851,6364,3,87.1000548604431
B,ORC3,23595,2945,3,40.3063578824646
B,LOC101927572,101927572,6936,3,94.9286581571391
B,DMPK,1760,5193,3,71.073316293256
B,RPTN,126638,5295,3,72.4693259720374
B,TMEM57,55219,5339,3,73.0715262256294
B,RILP,83547,7533,3,103.099420688831
B,KRT26,353288,6279,3,85.9367134614586
B,DEFB115,245929,5021,3,68.7192607564873
B,LSMEM1,286006,5493,3,75.1792271132014
B,PSMB9,5698,9572,3,131.00592789506
B,AREL1,9870,5087,3,69.6225611368752
B,CSF3R,1441,6581,3,90.0699970202037
B,CSAG3,389903,4208,3,57.592242434435
B,YARS2,51067,4229,3,57.8796561918312
B,USP17L8,392188,4271,3,58.4544837066236
B,CFDP1,10428,4663,3,63.8195405113523
B,GABRB1,2560,3080,3,42.1540177514401
B,AQP4,361,4509,3,61.7118396237803
B,TCEAL4,79921,4485,3,61.3833667581847
B,RGS2,5997,4819,3,65.954614137724
B,TMEM261,90871,5788,3,79.2167060861478
B,MAGEA5,4104,6216,3,85.07447218927
B,WNT2B,7482,5807,3,79.4767471047444
B,TMEFF1,8577,3293,3,45.0692144336014
B,PROSER2,254427,3059,3,41.8666039940439
B,DFFB,1677,5469,3,74.8507542476058
B,C1orf112,55732,5119,3,70.0605249576694
B,EXOC1,55763,3007,3,41.1549127852534
B,ZSCAN9,7746,4800,3,65.6945731191274
B,ZNF766,90321,4066,3,55.6487779796609
B,SLC45A2,51151,4955,3,67.8159603760992
B,SLC39A1,27173,3943,3,53.9653545434832
B,CCDC91,55297,3469,3,47.4780154479694
B,RFXANK,8625,4952,3,67.7749012678998
B,EPHX1,2052,4015,3,54.9507731402701
B,SPON1,10418,1256,3,17.1900799661717
B,HTRA4,203100,6193,3,84.7596856930742
B,GTF2A1L,11036,4457,3,61.0001484149898
B,UBXN2B,137886,3204,3,43.8511275570176
B,DUSP13,51207,5109,3,69.9236612636713
B,RPS16,6217,3390,3,46.3967922653837
B,CPSF6,11052,5275,3,72.1955985840411
B,COL21A1,81578,4406,3,60.302143575599
B,CA11,770,8654,3,118.441840786027
B,SLC10A7,84068,5140,3,70.3479387150656
B,VN1R5,317705,5358,3,73.331567244226
B,OPCML,4978,3098,3,42.4003724006368
B,ARRDC1,92714,972,3,13.3031510566233
B,SOST,50964,3099,3,42.4140587700366
B,ANXA7,310,5761,3,78.8471741123527
B,SPINK5,11005,3355,3,45.9177693363901
B,KLRG1,10219,2594,3,35.5024422231284
B,IGFL4,444882,3616,3,49.4899117497427
B,TAMM41,132001,2863,3,39.1840755916795
B,TPPP,11076,655,3,8.96457195688093
B,C5orf42,65250,679,3,9.29304482247657
B,CD70,970,2254,3,30.8490766271903
B,TBX3,6926,898,3,12.2903597210368
B,FAM9C,171484,999,3,13.6726830304184
B,CRISPLD2,83716,3111,3,42.5782952028345
B,ASB6,140459,1811,3,24.7860149830708
B,HLA-B,3106,4910,3,67.2000737531074
B,POLI,11201,3463,3,47.3958972315705
B,C2CD2,25966,2663,3,36.4468017117159
B,SARAF,51669,1365,3,18.6818942307519
B,SS18L1,26039,4336,3,59.3440977176118
B,E2F2,1870,3681,3,50.3795257607308
B,PRKAR2B,5577,372,3,5.09132941673238
B,SHISA2,387914,2432,3,33.2852503803579
B,PRKACA,5566,3816,3,52.2271856297063
B,HELQ,113510,4555,3,62.341412616172
B,SPOCK1,6695,2686,3,36.7615882079117
B,LOC284513,284513,628,3,8.59503998308584
B,CCDC185,164127,2230,3,30.5206037615946
B,POP1,10940,4164,3,56.990042180843
B,GALE,2582,2982,3,40.8127535502579
B,ETV3,2117,2753,3,37.6785749576995
B,H2AFJ,55766,1445,3,19.7768037827373
B,PCDH8,5100,5781,3,79.1209015003491
B,EIF4E,1977,1858,3,25.4292743448622
B,CNN3,1266,2019,3,27.632779818233
B,YTHDC2,64848,4311,3,59.0019384826163
B,CDC7,8317,2390,3,32.7104228655655
B,BBIP1,92482,3828,3,52.3914220625041
B,PI16,221476,3721,3,50.9269805367236
B,ATP4B,496,2609,3,35.7077377641257
B,FNTB,2342,3801,3,52.021890088709
B,NDUFA8,4702,2209,3,30.2331900041984
B,TVP23A,780776,2797,3,38.2807752112915
B,RTL4,340595,5879,3,80.4621657015313
B,RPS4Y2,140032,3019,3,41.3191492180512
B,BAG6,7917,3751,3,51.3375716187181
B,ERLEC1,27248,1989,3,27.2221887362384
B,DIS3,22894,3700,3,50.6395667793274
B,MYOF,26509,4701,3,64.3396225485454
B,LARP7,51574,5273,3,72.1682258452414
B,CYP3A7,1551,5830,3,79.7915336009402
B,OR1K1,392392,6224,3,85.1839631444686
B,ENPP5,59084,2417,3,33.0799548393606
B,FRS2,10818,3922,3,53.677940786087
B,USP39,10713,4126,3,56.4699601436499
B,MAFF,23764,3173,3,43.4268501056232
B,RPRD1B,58490,5615,3,76.8489641799793
B,TNFAIP8L2,79626,6954,3,95.1750128063359
B,C17orf53,78995,5394,3,73.8242765426195
B,MUC1,4582,1733,3,23.718478169885
B,RFPL4A,342931,7254,3,99.2809236262813
B,ANGPTL3,27329,3212,3,43.9606185122161
B,RFX4,5992,5635,3,77.1226915679756
B,POSTN,10631,2694,3,36.8710791631103
B,RPS8,6202,4535,3,62.0676852281756
B,CCDC34,91057,2651,3,36.2825652789181
B,BIN3,55909,9249,3,126.585230578919
B,ABCD2,225,4750,3,65.0102546491365
B,TIGD7,91151,6177,3,84.5407037826771
B,OR1C1,26188,3341,3,45.7261601647927
B,PLA2G1B,5319,5858,3,80.1747519441351
B,CSF2,1437,4036,3,55.2381868976663
B,ARHGAP5,394,5924,3,81.0780523245231
B,STATH,6779,6507,3,89.0572056846171
B,SI,6476,5302,3,72.5651305578362
B,OR5C1,392391,5091,3,69.6773066144745
B,FRMPD4,9758,4453,3,60.9454029373905
B,MED6,10001,5441,3,74.4675359044109
B,SON,6651,5040,3,68.9793017750838
B,EAF1,85403,7980,3,109.217227810549
B,CSF2RA,1438,6074,3,83.1310077344958
B,TMEM52B,120939,5166,3,70.7037843194609
B,BCL6B,255877,3891,3,53.2536633346927
B,GUCY2C,2984,4574,3,62.6014536347685
B,ATP5S,27109,4559,3,62.3961580937712
B,FAM124B,79843,5048,3,69.0887927302823
B,ANKRD35,148741,4298,3,58.8240156804187
B,FAM183A,440585,4759,3,65.1334319737349
B,CCDC148,130940,4904,3,67.1179555367085
B,PCDHAC1,56135,3755,3,51.3923170963174
B,GRM2,2912,7305,3,99.978928465672
B,LACTBL1,646262,3234,3,44.2617186390121
B,MTMR11,10903,7384,3,101.060151648258
B,MYL7,58498,6516,3,89.1803830092155
B,MAP1LC3B2,643246,6660,3,91.1512202027893
B,DCST2,127579,8508,3,116.443630853653
B,TIMP1,7076,3830,3,52.4187948013038
B,TBRG1,84897,3744,3,51.2417670329194
B,GRK5,2869,8074,3,110.503746534132
B,RORC,6097,5461,3,74.7412632924073
B,CD27,939,5337,3,73.0441534868298
B,BLMH,642,5083,3,69.567815659276
B,SPEN,23013,4971,3,68.0349422864963
B,BLOC1S5,63915,4905,3,67.1316419061084
B,THBS2,7058,4598,3,62.9299265003641
B,CITED1,4435,5055,3,69.1845973160811
B,CT47A11,255313,2604,2,35.6393059171266
B,B3GNT6,192134,6236,3,85.3481995772664
B,ODF3,113746,1461,3,19.9957856931344
B,OSTN,344901,7008,3,95.914076753926
B,KLHL1,57626,5173,3,70.7995889052596
B,C2CD4B,388125,5619,3,76.9037096575785
B,NAB2,4665,5553,3,76.0004092771905
B,DOPEY2,9980,6761,3,92.5335435121709
B,UBE2E1,7324,4031,3,55.1697550506672
B,BAZ2B,29994,8059,3,110.298450993135
B,DNAH6,1768,6559,3,89.7688968934077
B,PRND,23627,7270,3,99.4999055366784
B,ST14,6768,4098,3,56.086741800455
B,CCT8L2,150160,6884,3,94.2169669483486
B,ABCB5,340273,4404,3,60.2747708367994
B,HSPA13,6782,4782,3,65.4482184699307
B,MSI2,124540,3995,3,54.6770457522738
B,EID1,23741,3209,3,43.9195594040166
B,PLA2G4D,283748,5444,3,74.5085950126104
B,NEUROG3,50674,4575,3,62.6151400041683
B,PAK4,10298,5178,3,70.8680207522587
B,ZNF404,342908,3923,3,53.6916271554869
B,FTCD,10841,5196,3,71.1143754014554
B,WNK1,65125,3140,3,42.9751999154292
B,ARHGAP32,9743,5769,3,78.9566650675513
B,TRIM26,7726,5585,3,76.4383730979847
B,PRPSAP2,5636,4981,3,68.1718059804945
B,RAB6B,51560,4014,3,54.9370867708703
B,TARP,445347,3915,3,53.5821362002883
B,DHTKD1,55526,4488,3,61.4244258663841
B,MGAM,8972,5270,3,72.127166737042
B,ROR1,4919,4185,3,57.2774559382392
B,TEX26,122046,6032,3,82.5561802197035
B,KHNYN,23351,4441,3,60.7811665045927
B,OR6X1,390260,5385,3,73.7010992180211
B,BCS1L,617,3526,3,48.258138503759
B,RIC3,79608,6916,3,94.6549307691428
B,CLSTN3,9746,6209,3,84.9786676034713
B,MKL2,57496,5430,3,74.3169858410129
B,HMGB2,3148,4776,3,65.3661002535318
B,PAX6,5080,6741,3,92.2598161241746
B,MRLN,100507027,4588,3,62.793062806366
B,KRT12,3859,8206,3,112.310347294908
B,PRDM8,56978,5242,3,71.7439483938471
B,GPR55,9290,5787,3,79.203019716748
B,HMSD,284293,4257,3,58.2628745350261
B,CTAGE8,100142659,4325,3,59.1935476542138
B,RUNDC3A,10900,3136,3,42.9204544378299
B,MAF,4094,4889,3,66.9126599957112
B,PRSS33,260429,5819,3,79.6409835375422
B,WBP1,23559,4832,3,66.1325369399216
B,LYPD2,137797,4200,3,57.4827514792365
B,AKAP13,11214,5467,3,74.8233815088062
B,TMEM88B,643965,5613,3,76.8215914411796
B,C10orf62,414157,3128,3,42.8109634826314
B,PCDHB15,56121,2977,3,40.7443217032588
B,FAM3D,131177,5193,3,71.073316293256
B,BHLHB9,80823,4178,3,57.1816513524405
B,KRTAP4-3,85290,5550,3,75.9593501689911
B,KRTAP4-6,81871,6566,3,89.8647014792064
B,PRRT1,80863,7109,3,97.2964000633077
B,LILRB4,11006,5776,3,79.05246965335
B,PRSS16,10279,5391,3,73.78321743442
B,KRTAP5-3,387266,4422,3,60.5211254859961
B,ZNF431,170959,7357,3,100.690619674463
B,DSEL,92126,4204,3,57.5374969568358
B,PFDN2,5202,3780,3,51.7344763313129
B,CYP2U1,113612,3498,3,47.8749201605641
B,PTER,9317,4864,3,66.5705007607158
B,DEFA5,1670,8284,3,113.377884108094
B,SEC22C,9117,5907,3,80.8453840447262
B,ZPBP,11055,2799,3,38.3081479500912
B,MARC2,54996,3026,3,41.4149538038499
B,SDS,10993,4663,3,63.8195405113523
B,TP53,7157,5591,3,76.5204913143836
B,TGIF2LY,90655,5437,3,74.4127904268116
B,RIMS1,22999,4817,3,65.9272413989243
B,GFAP,2670,4320,3,59.1251158072147
B,TRPV6,55503,3586,3,49.0793206677481
B,C3orf18,51161,2324,3,31.8071224851775
B,PPFIBP2,8495,4692,3,64.2164452239471
B,CALB2,794,2721,3,37.2406111369054
B,SEMA5B,54437,2684,3,36.7342154691121
B,CYP2J2,1573,3144,3,43.0299453930285
B,TCN1,6947,4558,3,62.3824717243714
B,TMEM132D,121256,2152,3,29.4530669484088
B,KLHL8,57563,4210,3,57.6196151732347
B,FCMR,9214,5273,3,72.1682258452414
B,CAPN5,726,3271,3,44.7681143068054
B,PKIB,5570,4424,3,60.5484982247958
B,SLIT1,6585,3223,3,44.1111685756141
B,IFT81,28981,3309,3,45.2881963439985
B,LOC728392,728392,4804,3,65.7493185967267
B,COBLL1,22837,7218,3,98.7882143278879
B,ZNF229,7772,5561,3,76.1099002323891
B,GCNT2,2651,5910,3,80.8864431529256
B,PDRG1,81572,3701,3,50.6532531487272
B,SPAG8,26206,3889,3,53.226290595893
B,PPP4R4,57718,3284,3,44.946037109003
B,CDH6,1004,3611,3,49.4214799027436
B,USP2,9099,3149,3,43.0983772400276
B,IL6R,3570,4148,3,56.7710602704459
B,EIF3H,8667,2012,3,27.5369752324342
B,PRR21,643905,9458,3,129.445681783481
B,C3orf30,152405,2019,3,27.632779818233
B,APOBEC3F,200316,4108,3,56.2236054944532
B,LDHB,3945,1277,3,17.4774937235679
B,COL8A2,1296,2989,3,40.9085581360566
B,RREB1,6239,4190,3,57.3458877852383
B,YWHAG,7532,4617,3,63.1899675189607
B,PRR29,92340,3521,3,48.1897066567599
B,MEGF11,84465,4216,3,57.7017333896336
B,TBC1D10B,26000,4483,3,61.3559940193851
B,SMTNL2,342527,6977,3,95.4897993025317
B,NPTX1,4884,3539,3,48.4360613059567
B,SLC35G1,159371,3417,3,46.7663242391788
B,GTF2I,2969,3864,3,52.8841313608976
B,CXCL5,6374,6189,3,84.7049402154749
B,PROSER3,148137,3556,3,48.6687295857536
B,CPXM2,119587,4265,3,58.3723654902247
B,BCAR1,9564,2406,3,32.9294047759626
B,ABHD3,171586,5300,3,72.5377578190365
B,ZC3H4,23211,3859,3,52.8156995138985
B,WIPI2,26100,5264,3,72.0450485206431
B,ERMP1,79956,5978,3,81.8171162721133
B,CXCL2,2920,6259,3,85.6629860734622
B,DLX6,1750,5645,3,77.2595552619738
B,C16orf46,123775,4060,3,55.566659763262
B,IDO2,169355,6812,3,93.2315483515617
B,GSTK1,373156,2320,3,31.7523770075783
B,CLEC3B,7123,7175,3,98.1997004436957
B,FAM166A,401565,4625,3,63.2994584741592
B,BARHL1,56751,3582,3,49.0245751901488
B,PDE4A,5141,6269,3,85.7998497674604
B,SPANXN3,139067,4296,3,58.796642941619
B,OR51E2,81285,4877,3,66.7484235629134
B,MTHFS,10588,4843,3,66.2830870033196
B,DOPEY1,23033,4000,3,54.7454775992729
B,GGTLC1,92086,5384,3,73.6874128486213
B,GPATCH11,253635,3946,3,54.0064136516827
B,SH2D1B,117157,4114,3,56.3057237108521
B,KIAA0825,285600,4181,3,57.22271046064
B,LCE3A,353142,7117,3,97.4058910185062
B,OR1I1,126370,6650,3,91.0143565087911
B,ZNF69,7620,1982,3,27.1263841504397
B,ZNF717,100131827,3488,3,47.7380564665659
B,CTHRC1,115908,3127,3,42.7972771132316
B,CCNT1,904,4654,3,63.696363186754
B,ILF2,3608,6453,3,88.3181417370269
B,KIAA1614,57710,6755,3,92.451425295772
B,TMEM165,55858,4499,3,61.5749759297821
B,OR5M8,219484,3145,3,43.0436317624283
B,GPRASP2,114928,5287,3,72.3598350168389
B,CLDN34,100288814,3661,3,50.1057983727345
B,TEX264,51368,5700,3,78.0123055789638
B,DMTN,2039,9085,3,124.340665997348
B,KRTDAP,388533,4965,3,67.9528240700974
B,RFPL4B,442247,5437,3,74.4127904268116
B,TARS,6897,5363,3,73.3999990912251
B,KBTBD11,9920,4360,3,59.6725705832074
B,COL26A1,136227,3527,3,48.2718248731588
B,RAD51D,5892,4284,3,58.6324065088212
B,CAMK2N1,55450,5373,3,73.5368627852233
B,ATG2B,55102,3018,3,41.3054628486514
B,MBD1,4152,6190,3,84.7186265848747
B,WNK4,65266,5790,3,79.2440788249475
B,MBTPS2,51360,5091,3,69.6773066144745
B,ZNRD1,30834,3060,3,41.8802903634437
B,OR7G2,390882,8013,3,109.668878000743
B,NR0B1,190,4224,3,57.8112243448321
B,STARD6,147323,4148,3,56.7710602704459
B,FAM208B,54906,6154,3,84.2259172864813
B,ANKS1B,56899,4211,3,57.6333015426345
B,PRDM1,639,6623,3,90.644824534996
B,OR5L1,219437,4755,3,65.0786864961356
B,CEP162,22832,7474,3,102.291924894241
B,FAM72C,554282,8127,3,111.229124112323
B,GDAP1,54332,5415,3,74.1116903000156
B,PDGFA,5154,2723,3,37.267983875705
B,NUPR1,26471,6301,3,86.2378135882546
B,NUMB,8650,7148,3,97.8301684699006
B,LCE3B,353143,9432,3,129.089836179085
B,GAGE1,2543,4323,3,59.1661749154141
B,LYG1,129530,4225,3,57.824910714232
B,MAMDC4,158056,6923,3,94.7507353549415
B,SDCBP,6386,4395,3,60.1515935122011
B,C10orf91,170393,5124,3,70.1289568046685
B,SURF6,6838,3754,3,51.3786307269176
B,TULP1,7287,1995,3,27.3043069526373
B,OR9G1,390174,6001,3,82.1319027683091
B,USP51,158880,8777,3,120.125264222204
B,SRGAP2B,647135,4113,3,56.2920373414523
B,FAM174A,345757,4577,3,62.642512742968
B,JAKMIP3,282973,2876,3,39.3619983938772
B,AHSG,197,3652,3,49.9826210481361
B,MRGBP,55257,5169,3,70.7448434276603
B,SCO1,6341,4870,3,66.6526189771147
B,EFS,10278,4188,3,57.3185150464387
B,RTBDN,83546,4785,3,65.4892775781302
B,DENND1B,163486,3016,3,41.2780901098517
B,MAGEA9,4108,5004,3,68.4865924766903
B,ODAM,54959,5008,3,68.5413379542896
B,KRTAP19-6,337973,7003,3,95.8456449069269
B,ARPC5,10092,3987,3,54.5675547970752
B,SATB2,23314,2434,3,33.3126231191575
B,TBC1D8,11138,3885,3,53.1715451182938
B,SBNO1,55206,7397,3,101.238074450455
B,TBC1D13,54662,4569,3,62.5330217877694
B,VENTX,27287,3258,3,44.5901915046077
B,ZMYND11,10771,2554,3,34.9549874471357
B,ERRFI1,54206,3386,3,46.3420467877845
B,TTPA,7274,4883,3,66.8305417793123
B,YBEY,54059,4994,3,68.3497287826921
B,FOXR1,283150,5373,3,73.5368627852233
B,C9orf72,203228,4188,3,57.3185150464387
B,NFASC,23114,4889,3,66.9126599957112
B,HECTD4,283450,5792,3,79.2714515637471
B,SIAH1,6477,3136,3,42.9204544378299
B,GTF2H1,2965,4585,3,62.7520036981665
B,GSX1,219409,3467,3,47.4506427091697
B,SLC16A8,23539,4600,3,62.9572992391638
B,ORC5,5001,3753,3,51.3649443575178
B,KRT6B,3854,5020,3,68.7055743870874
B,ASPDH,554235,3964,3,54.2527683008794
B,ZBBX,79740,4133,3,56.5657647294487
B,CLCN1,1180,8148,3,111.516537869719
B,IFNW1,3467,6694,3,91.6165567623831
B,SNX2,6643,2415,3,33.052582100561
B,KIDINS220,57498,5672,3,77.6290872357689
B,STMN1,3925,4788,3,65.5303366863296
B,RGL3,57139,5338,3,73.0578398562296
B,RP1L1,94137,3063,3,41.9213494716432
B,OR9Q1,219956,6727,3,92.0682069525771
B,UGDH,7358,5396,3,73.8516492814191
B,RPL28,6158,3379,3,46.2462422019857
B,FITM2,128486,5417,3,74.1390630388153
B,HOXD1,3231,3249,3,44.4670141800094
B,NUP62,23636,7252,3,99.2535508874817
B,TIMELESS,8914,1693,3,23.1710233938922
B,NCOA1,8648,3935,3,53.8558635882847
B,RBM48,84060,4945,3,67.6790966821011
B,OR5D16,390144,6354,3,86.9631911664449
B,SERF1A,8293,5133,3,70.2521341292669
B,ZFP92,139735,4466,3,61.1233257395881
B,RHOV,171177,4983,3,68.1991787192942
B,ZFYVE26,23503,2675,3,36.6110381445137
B,HFM1,164045,5322,3,72.8388579458325
B,LIM2,3982,5463,3,74.7686360312069
B,UHRF1BP1,54887,2014,3,27.5643479712339
B,TMEM89,440955,3454,3,47.2727199069721
B,NSUN7,79730,5558,3,76.0688411241896
B,PPP3CB,5532,2791,3,38.1986569948926
B,TLR9,54106,5363,3,73.3999990912251
B,RPIA,22934,2568,3,35.1465966187332
B,MTFR1,9650,4698,3,64.298563440346
B,AFF3,3899,5037,3,68.9382426668843
B,SIPA1,6494,4552,3,62.3003535079725
B,MFNG,4242,6578,3,90.0289379120042
B,CSF2RB,1439,4200,3,57.4827514792365
B,MOCS3,27304,5434,3,74.3717313186122
B,BPIFA1,51297,7535,3,103.12679342763
B,CFAP69,79846,4037,3,55.2518732670661
B,KRTAP4-9,100132386,5936,3,81.2422887573209
B,ADSL,158,5060,3,69.2530291630802
B,FBXL22,283807,4477,3,61.2738758029861
B,ENTPD7,57089,3963,3,54.2390819314796
B,CPM,1368,6132,3,83.9248171596853
B,FAM20B,9917,3381,3,46.2736149407854
B,NTN4,59277,7181,3,98.2818186600946
B,VASP,7408,5124,3,70.1289568046685
B,NR2C1,7181,6844,3,93.6695121723558
B,ACTL9,284382,5296,3,72.4830123414373
B,CDRT15,146822,8246,3,112.857802070901
B,OR12D2,26529,3965,3,54.2664546702792
B,FAM103A1,83640,5086,3,69.6088747674754
B,HSPE1,3336,4921,3,67.3506238165054
B,ERMN,57471,4629,3,63.3542039517585
B,LOC389895,389895,5666,3,77.54696901937
B,TRIM39,56658,5904,3,80.8043249365267
B,NDUFS5,4725,5362,3,73.3863127218253
B,MAGI1,9223,4534,3,62.0539988587758
B,GALP,85569,4452,3,60.9317165679907
B,ZNF254,9534,1522,3,20.8306542265233
B,SRSF7,6432,2615,3,35.7898559805246
B,PLD1,5337,3036,3,41.5518174978481
B,LBHD1,79081,6637,3,90.8364337065935
B,UGT3A1,133688,5317,3,72.7704260988334
B,INSRR,3645,2516,3,34.4349054099426
B,DNALI1,7802,4247,3,58.126010841028
B,RBFOX3,146713,4731,3,64.75021363054
B,C2orf74,339804,4586,3,62.7656900675663
B,TGM4,7047,6549,3,89.6320331994095
B,FAM180B,399888,6308,3,86.3336181740533
B,KLF8,11279,2477,3,33.9011370033497
B,NPTX2,4885,3528,3,48.2855112425587
B,SCLT1,132320,4509,3,61.7118396237803
B,SYNCRIP,10492,4626,3,63.3131448435591
B,SLC1A4,6509,4229,3,57.8796561918312
B,ALDH7A1,501,4658,3,63.7511086643533
B,C16orf54,283897,7350,3,100.594815088664
B,OR5D18,219438,4599,3,62.943612869764
B,OR1Q1,158131,6497,3,88.9203419906189
B,PCNA,5111,3751,3,51.3375716187181
B,CALCRL,10203,3562,3,48.7508478021525
B,SPP2,6694,4716,3,64.5449180895427
B,FAT4,79633,5580,3,76.3699412509856
B,OR4N4,283694,6538,3,89.4814831360115
B,LRRC69,100130742,5620,3,76.9173960269784
B,FNBP4,23360,5062,3,69.2804019018798
B,SRSF3,6428,8115,3,111.064887679525
B,ADAMTS20,80070,4406,3,60.302143575599
B,OR6C2,341416,5252,3,71.8808120878452
B,CPO,130749,5492,3,75.1655407438016
B,LYRM4,57128,7167,3,98.0902094884971
B,NUDT21,11051,5213,3,71.3470436812523
B,LIX1,167410,3491,3,47.7791155747654
B,HAL,3034,4933,3,67.5148602493032
B,SLC39A8,64116,11380,3,155.750883769931
B,CFC1B,653275,2364,3,32.3545772611703
B,XRCC4,7518,8358,3,114.390675443681
B,DLG2,1740,3305,3,45.2334508663992
B,TOP3A,7156,2768,3,37.8838704986968
B,SOSTDC1,25928,6657,3,91.1101610945899
B,CYSLTR2,57105,4314,3,59.0429975908158
B,MINK1,50488,5174,3,70.8132752746594
B,HNRNPA0,10949,6311,3,86.3746772822527
B,SPTA1,6708,7299,3,99.8968102492731
B,PANX3,116337,3835,3,52.4872266483029
B,USP50,373509,6147,3,84.1301127006826
B,FRMD1,79981,5204,3,71.223866356654
B,CLEC2D,29121,4474,3,61.2328166947867
B,NLGN4Y,22829,3482,3,47.655938250167
B,SPRR2A,6700,4442,3,60.7948528739925
B,COG1,9382,3859,3,52.8156995138985
B,NFATC1,4772,3502,3,47.9296656381634
B,NMNAT3,349565,4941,3,67.6243512045018
B,ZC3H3,23144,2490,3,34.0790598055473
B,DAZAP1,26528,2497,3,34.1748643913461
B,TTC34,100287898,5201,3,71.1828072484545
B,TUBB8,347688,3611,3,49.4214799027436
B,PLAC4,191585,7107,3,97.269027324508
B,PRAMEF8,391002,6744,3,92.300875232374
B,GBA,2629,3452,3,47.2453471681725
B,GRXCR1,389207,4234,3,57.9480880388303
B,RPL32,6161,5328,3,72.9209761622315
B,TNFSF13,8741,5515,3,75.4803272399975
B,LLGL1,3996,2763,3,37.8154386516977
B,GUCA1B,2979,4948,3,67.7201557903005
B,OR1A2,26189,4544,3,62.190862552774
B,CPSF4L,642843,5168,3,70.7311570582605
B,PDCL3,79031,6508,3,89.070892054017
B,MKRN2OS,100129480,5795,3,79.3125106719466
B,FAM216A,29902,2826,3,38.6776799238863
B,TAF11,6882,3541,3,48.4634340447563
B,C1RL,51279,6025,3,82.4603756339047
B,MIPOL1,145282,4635,3,63.4363221681574
B,PLA2G2F,64600,5924,3,81.0780523245231
B,NUDT6,11162,4706,3,64.4080543955445
B,KRTAP5-2,440021,7026,3,96.1604314031228
B,CARD9,64170,4669,3,63.9016587277512
B,LOXL4,84171,4857,3,66.4746961749171
B,FANCB,2187,4170,3,57.072160397242
B,SDF4,51150,3827,3,52.3777356931043
B,SERBP1,26135,3931,3,53.8011181106854
B,MRPS12,6183,5638,3,77.1637506761751
B,CNOT2,4848,3092,3,42.3182541842379
B,RPL13A,23521,4028,3,55.1286959424678
B,ZFAND1,79752,3457,3,47.3137790151716
B,TPGS1,91978,5298,3,72.5103850802369
B,ZCCHC4,29063,5911,3,80.9001295223255
B,GRWD1,83743,1977,3,27.0579523034406
B,PPRC1,23082,2704,3,37.0079428571085
B,MRPS30,10884,4193,3,57.3869468934378
B,CD84,8832,4028,3,55.1286959424678
B,EDA2R,60401,4389,3,60.0694752958021
B,PHAX,51808,6470,3,88.5508100168238
B,RPLP0,6175,3668,3,50.2016029585332
B,C11orf94,143678,5694,3,77.9301873625649
B,KRTAP19-3,337970,6167,3,84.4038400886789
B,CREG2,200407,1944,3,26.6063021132466
B,KRT81,3887,4035,3,55.2245005282665
B,RNF148,378925,3110,3,42.5646088334346
B,CLEC17A,388512,5888,3,80.5853430261296
B,LOC286068,286068,4610,3,63.094162933162
B,KCNJ5,3762,5412,3,74.0706311918162
B,IL34,146433,4792,3,65.5850821639289
B,RXRG,6258,3633,3,49.7225800295396
B,IQCG,84223,4435,3,60.6990482881938
B,ADGRA1,84435,3974,3,54.3896319948776
B,ACTR3,10096,3345,3,45.7809056423919
B,UTS2B,257313,3746,3,51.269139771719
B,ZNF492,57615,4742,3,64.900763693938
B,HIST1H2BO,8348,6474,3,88.6055554944231
B,TAF1C,9013,5318,3,72.7841124682333
B,WDR93,56964,3843,3,52.5967176035014
B,FAM196B,100131897,5643,3,77.2321825231742
B,PRKAR1A,5573,5662,3,77.4922235417707
B,NWD1,284434,3717,3,50.8722350591243
B,PRMT9,90826,2038,3,27.8928208368295
B,C11orf88,399949,4989,3,68.2812969356931
B,LAMP5,24141,4068,3,55.6761507184605
B,OR4L1,122742,6204,3,84.9102357564722
B,OR10K1,391109,5826,3,79.7367881233409
B,TMEM249,340393,6536,3,89.4541103972119
B,LPAR5,57121,6493,3,88.8655965130197
B,SNRPC,6631,3285,3,44.9597234784028
B,ARSK,153642,6034,3,82.5835529585031
B,WRNIP1,56897,3761,3,51.4744353127163
B,CCDC138,165055,8000,3,109.490955198546
B,EDRF1,26098,4124,3,56.4425874048503
B,XXYLT1,152002,3602,3,49.2983025781452
B,DDX42,11325,3606,3,49.3530480557445
B,MDN1,23195,3867,3,52.925190469097
B,GPD1,2819,7419,3,101.539174577251
B,TRHDE,29953,5444,3,74.5085950126104
B,HDAC1,3065,3907,3,53.4726452450898
B,N4BP2,55728,2712,3,37.117433812307
B,KCNC1,3746,3205,3,43.8648139264174
B,MAP2K3,5606,3966,3,54.280141039679
B,CSRP3,8048,7405,3,101.347565405654
B,PCGF5,84333,6650,3,91.0143565087911
B,BCL6,604,5668,3,77.5743417581696
B,JAKMIP2,9832,6421,3,87.8801779162327
B,MDH1B,130752,3372,3,46.150437616187
B,SNPH,9751,4287,3,58.6734656170207
B,TOMM22,56993,2628,3,35.9677787827223
B,CCR3,1232,6009,3,82.2413937235077
B,GALNTL5,168391,6429,3,87.9896688714313
B,ZNF705B,100132396,4684,3,64.1069542687485
B,AOC1,26,5055,3,69.1845973160811
B,VLDLR,7436,3970,3,54.3348865172783
B,CD86,942,6144,3,84.0890535924831
B,CRISP2,7180,6703,3,91.7397340869815
B,TMPRSS15,5651,6470,3,88.5508100168238
B,KRTAP3-1,83896,5829,3,79.7778472315404
B,ACAT1,38,6933,3,94.8875990489397
B,ITGA9,3680,4693,3,64.2301315933469
B,PLCB1,23236,5240,3,71.7165756550474
B,KLHL26,55295,4634,3,63.4226357987576
B,C17orf112,100506650,3812,3,52.172440152107
B,CD6,923,4296,3,58.796642941619
B,GSTM5,2949,3815,3,52.2134992603065
B,GSTM1,2944,3225,3,44.1385413144137
B,ASMTL,8623,5548,3,75.9319774301915
B,C3,718,5470,3,74.8644406170056
B,C20orf144,128864,4830,3,66.105164201122
B,ARHGEF26,26084,2988,3,40.8948717666568
B,LAMTOR1,55004,4049,3,55.4161096998639
B,GTF2E2,2961,6256,3,85.6219269652627
B,REV3L,5980,2121,3,29.0287894970144
B,GPR88,54112,3497,3,47.8612337911643
B,TMEM63C,57156,2937,3,40.1968669272661
B,PDE7B,27115,3651,3,49.9689346787363
B,MTOR,2475,3089,3,42.2771950760385
B,ACKR3,57007,4600,3,62.9572992391638
B,WFDC12,128488,5906,3,80.8316976753264
B,PGLYRP4,57115,3257,3,44.5765051352079
B,EPCAM,4072,3848,3,52.6651494505005
B,HMOX1,3162,6165,3,84.3764673498793
B,RNASE7,84659,5581,3,76.3836276203854
B,EME2,197342,2003,3,27.4137979078359
B,APP,351,650,3,8.89614010988184
B,UROD,7389,4339,3,59.3851568258112
B,NPAS4,266743,2396,3,32.7925410819644
B,FAM174B,400451,3389,3,46.3831058959839
B,NSD3,54904,4030,3,55.1560686812674
B,AK2,204,3902,3,53.4042133980907
B,TMEM223,79064,3990,3,54.6086139052747
B,MTNR1A,4543,2197,3,30.0689535714006
B,LOC389602,389602,3619,3,49.5309708579421
B,PNPO,55163,3555,3,48.6550432163537
B,NOB1,28987,2265,3,30.9996266905883
B,PABPC1,26986,4107,3,56.2099191250534
B,DIEXF,27042,4487,3,61.4107394969843
B,ADGRL4,64123,4781,3,65.4345321005309
B,ITGB5,3693,5727,3,78.3818375527589
B,PRPS1,5631,5206,3,71.2512390954536
B,IL31RA,133396,2641,3,36.1457015849199
B,CDV3,55573,2905,3,39.7589031064719
B,OR5AN1,390195,8929,3,122.205592370977
B,ZNF683,257101,5697,3,77.9712464707644
B,RGMA,56963,2466,3,33.7505869399517
B,HMGB4,127540,3839,3,52.5419721259021
B,OR4P4,81300,5202,3,71.1964936178543
B,SPINK6,404203,6796,3,93.0125664411646
B,GAP43,2596,6331,3,86.6484046702491
B,RPN1,6184,5642,3,77.2184961537744
B,FAAP100,80233,2278,3,31.1775494927859
B,FDPS,2224,3896,3,53.3220951816918
B,OXT,5020,4706,3,64.4080543955445
B,OTOS,150677,4997,3,68.3907878908916
B,FXYD2,486,8240,3,112.775683854502
B,PAPSS2,9060,6098,3,83.4594806000915
B,CLDN15,24146,5158,3,70.5942933642623
B,TANC2,26115,5570,3,76.2330775569874
B,CXCL8,3576,3429,3,46.9305606719767
B,KALRN,8997,6178,3,84.5543901520769
B,WDR26,80232,4313,3,59.029311221416
B,KIAA0895L,653319,2750,3,37.6375158495001
B,FOS,2353,5084,3,69.5815020286758
B,SIRPB2,284759,5066,3,69.3351473794791
B,FAM50B,26240,4438,3,60.7401073963932
B,OR14J1,442191,6757,3,92.4787980345716
B,HTR1F,3355,5842,3,79.955770033738
B,LOC650293,650293,8536,3,116.826849196848
B,ZMYND12,84217,5294,3,72.4556396026376
B,ANGPT1,284,5652,3,77.3553598477725
B,TAS2R10,50839,4039,3,55.2792460058658
B,PLP2,5355,4012,3,54.9097140320707
B,RNF222,643904,3677,3,50.3247802831316
B,F9,2158,6563,3,89.8236423710069
B,KCNAB1,7881,5925,3,81.0917386939229
B,SCPEP1,59342,5751,3,78.7103104183546
B,MRPL11,65003,4305,3,58.9198202662174
B,MCTP1,79772,2800,3,38.321834319491
B,FCGR2A,2212,6802,3,93.0946846575635
B,SH3KBP1,30011,5511,3,75.4255817623982
B,CYTL1,54360,5442,3,74.4812222738107
B,ALPP,250,4790,3,65.5577094251292
B,CAPN6,827,5298,3,72.5103850802369
B,NOL4L,140688,4103,3,56.1551736474541
B,JAM3,83700,4190,3,57.3458877852383
B,REN,5972,5674,3,77.6564599745686
B,SGSH,6448,3362,3,46.0135739221888
B,SUMO4,387082,4581,3,62.6972582205672
B,DPP7,29952,4012,3,54.9097140320707
B,PHF21A,51317,5566,3,76.1783320793882
B,ACPT,93650,4773,3,65.3250411453323
B,HLA-C,3107,2683,3,36.7205290997123
B,CDK14,5218,5918,3,80.9959341081242
B,TPSD1,23430,3175,2,43.4542228444228
B,TMEM252,169693,5257,3,71.9492439348444
B,SIX1,6495,4676,3,63.99746331355
B,TMEM27,57393,5773,3,79.0114105451506
B,SEC13,6396,4092,3,56.0046235840561
B,SAA1,6288,4013,3,54.9234004014705
B,PDGFRL,5157,6238,3,85.375572316066
B,TECTB,6975,4209,3,57.6059288038349
B,CCL20,6364,5116,3,70.01946584947
B,LYRM2,57226,2414,3,33.0388957311612
B,IGBP1,3476,5158,3,70.5942933642623
B,SPATA20,64847,2355,3,32.2313999365719
B,FOXJ3,22887,2210,3,30.2468763735983
B,CMKLR1,1240,4266,3,58.3860518596245
B,SYNPO,11346,5033,3,68.8834971892851
B,TNNI3,7137,3623,3,49.5857163355414
B,CDHR5,53841,1954,3,26.7431658072448
B,ANKRD31,256006,6272,3,85.8409088756598
B,NDST2,8509,2747,3,37.5964567413006
B,FYN,2534,4140,3,56.6615693152474
B,RFX2,5990,3546,3,48.5318658917554
B,MYLK2,85366,7122,3,97.4743228655053
B,SPATC1L,84221,4569,3,62.5330217877694
B,KIAA0922,23240,3465,3,47.4232699703701
B,CDS2,8760,2311,3,31.6291996829799
B,DAAM2,23500,3998,3,54.7181048604732
B,GSTO2,119391,5067,3,69.3488337488789
B,TXNDC5,81567,4450,3,60.9043438291911
B,SLITRK5,26050,4630,3,63.3678903211583
B,EMILIN3,90187,2425,3,33.1894457945592
B,DNAJC24,120526,5731,3,78.4365830303582
B,TMEM104,54868,3617,3,49.5035981191425
B,BSX,390259,3452,3,47.2453471681725
B,SERINC1,57515,4073,3,55.7445825654596
B,GALNT2,2590,3462,3,47.3822108621707
B,CERS6,253782,3172,3,43.4131637362234
B,EIF5A,1984,2952,3,40.4021624682634
B,NDUFAF2,91942,5474,3,74.9191860946049
B,LRMDA,83938,3140,3,42.9751999154292
B,LCAT,3931,2052,3,28.084430008427
B,GPIHBP1,338328,3065,3,41.9487222104428
B,TAF5,6877,7399,3,101.265447189255
B,RUVBL1,8607,4111,3,56.2646646026527
B,RGPD6,729540,3122,3,42.7288452662325
B,GALNT10,55568,3609,3,49.3941071639439
B,MAP9,79884,7623,3,104.331193934814
B,PKP2,5318,1163,3,15.9172476119886
B,PGAM4,441531,5024,3,68.7603198646867
B,MT3,4504,4468,3,61.1506984783878
B,GSDMA,284110,3801,3,52.021890088709
B,RNF125,54941,5820,3,79.654669906942
B,USP5,8078,5889,3,80.5990293955295
B,TMPRSS4,56649,3939,3,53.9106090658839
B,DEFB132,400830,5751,3,78.7103104183546
B,SLC41A2,84102,7932,3,108.560282079358
B,PTGES,9536,4030,3,55.1560686812674
B,PTGIS,5740,3388,3,46.3694195265841
B,STUM,375057,2063,3,28.234980071825
B,ELN,2006,6259,3,85.6629860734622
B,TMEM190,147744,4700,3,64.3259361791456
B,PDPN,10630,2890,3,39.5536075654746
B,DEFB118,117285,3217,3,44.0290503592152
B,ARHGAP44,9912,2433,3,33.2989367497577
B,S1PR1,1901,5827,3,79.7504744927407
B,RNASE11,122651,3845,3,52.624090342301
B,TRIM44,54765,3513,3,48.0802157015614
B,LCN6,158062,5332,3,72.9757216398307
B,SHBG,6462,4232,3,57.9207153000307
B,RASL10B,91608,3178,3,43.4952819526223
B,MAD2L1,4085,2251,3,30.8080175189908
B,NR4A2,4929,3897,3,53.3357815510916
B,PLVAP,83483,6153,3,84.2122309170815
B,GPSM1,26086,7325,3,100.252655853668
B,NECAB2,54550,2924,3,40.0189441250685
B,ALDH4A1,8659,3107,3,42.5235497252352
B,KCNA1,3736,2722,3,37.2542975063052
B,PARP10,84875,5070,3,69.3898928570783
B,DNAH10,196385,7014,3,95.9961949703249
B,ODF2L,57489,9435,3,129.130895287285
B,SPRR3,6707,3480,3,47.6285655113674
B,GJC2,57165,5450,3,74.5907132290093
B,RAB14,51552,6079,3,83.1994395814949
B,CCDC73,493860,8583,3,117.47010855864
B,MEI1,150365,6123,3,83.8016398350869
B,S100A7L2,645922,4037,3,55.2518732670661
B,KNL1,57082,3549,3,48.5729249999548
B,DDX20,11218,3319,3,45.4250600379967
B,PRUNE2,158471,2849,3,38.9924664200821
B,GVQW1,101362076,2912,3,39.8547076922706
B,SLX1B,79008,2601,3,35.5982468089272
B,EGLN3,112399,3695,3,50.5711349323283
B,FAM71C,196472,6421,3,87.8801779162327
B,U2AF1,7307,5135,3,70.2795068680665
B,PCDHGC5,56097,6471,3,88.5644963862237
B,CILP,8483,6447,3,88.236023520628
B,ARL3,403,3035,3,41.5381311284483
B,KAAG1,353219,2661,3,36.4194289729163
B,RELL2,285613,3735,3,51.118589708321
B,RIPOR2,9750,6091,3,83.3636760142927
B,ZNF365,22891,5016,3,68.6508289094882
B,COMMD6,170622,3269,3,44.7407415680057
B,VAT1L,57687,4419,3,60.4800663777967
B,THSD7A,221981,3008,3,41.1685991546532
B,MT1E,4493,2526,3,34.5717691039408
B,FBXL18,80028,2687,3,36.7752745773115
B,RAD18,56852,5998,3,82.0908436601096
B,PLEKHA6,22874,3573,3,48.9013978655505
B,OTOF,9381,4642,3,63.5321267539561
B,DEFB129,140881,5705,3,78.0807374259629
B,SOCS1,8651,2425,3,33.1894457945592
B,TMEM86B,255043,3541,3,48.4634340447563
B,GLDN,342035,5026,3,68.7876926034863
B,DDX10,1662,5034,3,68.8971835586849
B,SELPLG,6404,3081,3,42.1677041208399
B,RPL36A,6173,5495,3,75.2065998520011
B,ATP5F1,515,5397,3,73.8653356508189
B,POU2F2,5452,5121,3,70.0878976964691
B,CPB2,1361,4127,3,56.4836465130498
B,NEMF,9147,3503,3,47.9433520075632
B,POPDC2,64091,3416,3,46.752637869779
B,APLN,8862,4041,3,55.3066187446654
B,CCL1,6346,6911,3,94.5864989221437
B,PIM2,11040,3406,3,46.6157741757808
B,FSD2,123722,6720,3,91.9724023667784
B,SAMD9,54809,4172,3,57.0995331360416
B,STYXL1,51657,4554,3,62.3277262467721
B,IL23R,149233,4610,3,63.094162933162
B,UGT2A3,79799,3758,3,51.4333762045169
B,GAPVD1,26130,3329,3,45.5619237319948
B,ABCB8,11194,4008,3,54.8549685544714
B,REEP6,92840,3712,3,50.8038032121252
B,UHRF1BP1L,23074,3374,3,46.1778103549867
B,NLRP11,204801,3474,3,47.5464472949685
B,ARHGEF17,9828,2907,3,39.7862758452716
B,HTR3E,285242,4034,3,55.2108141588667
B,FAM3B,54097,3616,3,49.4899117497427
B,ELP3,55140,2815,3,38.5271298604883
B,CHST11,50515,4189,3,57.3322014158385
B,SLC25A34,284723,6582,3,90.0836833896035
B,TNK2,10188,3834,3,52.473540278903
B,CYP17A1,1586,3484,3,47.6833109889667
B,MYOM2,9172,6260,3,85.676672442862
B,NHLRC4,283948,5182,3,70.922766229858
B,WWP1,11059,2648,3,36.2415061707186
B,C2CD6,151254,5586,3,76.4520594673845
B,C2orf15,150590,4386,3,60.0284161876027
B,PAGE2B,389860,4200,3,57.4827514792365
B,EBNA1BP2,10969,2647,3,36.2278198013188
B,NUTM2A,728118,3888,3,53.2126042264932
B,STAT6,6778,4731,3,64.75021363054
B,VPS45,11311,5398,3,73.8790220202187
B,C22orf34,348645,5937,3,81.2559751267207
B,TLX1,3195,4433,3,60.6716755493941
B,TMEM132C,92293,3276,3,44.8365461538045
B,ITGA11,22801,2932,3,40.128435080267
B,KLF3,51274,4467,3,61.137012108988
B,MCIDAS,345643,2696,3,36.8984519019099
B,SMIM24,284422,3785,3,51.8029081783119
B,TTC17,55761,4669,3,63.9016587277512
B,SLC6A11,6538,4320,3,59.1251158072147
B,PUS7,54517,4555,3,62.341412616172
B,PDE4B,5142,3147,3,43.0710045012279
B,AR,367,4431,3,60.6443028105945
B,ATG14,22863,5040,3,68.9793017750838
B,CA10,56934,5742,3,78.5871330937562
B,ASB5,140458,3568,3,48.8329660185514
B,LYVE1,10894,3456,3,47.3000926457717
B,HIGD1A,25994,2850,3,39.0061527894819
B,GPR83,10888,2654,3,36.3236243871175
B,B3GNT4,79369,3698,3,50.6121940405278
B,UPRT,139596,5128,3,70.1837022822678
B,SLC30A8,169026,5288,3,72.3735213862387
B,CKM,1158,4739,3,64.8597045857385
B,GPR62,118442,5200,3,71.1691208790547
B,SLC9A4,389015,3691,3,50.516389454729
B,TYW3,127253,5510,3,75.4118953929984
B,MS4A4A,51338,5434,3,74.3717313186122
B,ZNF521,25925,3720,3,50.9132941673238
B,CGRRF1,10668,4266,3,58.3860518596245
B,ATP2C2,9914,2059,3,28.1802345942257
B,PLEKHJ1,55111,3894,3,53.2947224428921
B,ATF5,22809,4469,3,61.1643848477876
B,IRAK3,11213,2531,3,34.6402009509399
B,MAN2B1,4125,5386,3,73.7147855874209
B,KLHL32,114792,4805,3,65.7630049661265
B,XRCC1,7515,3586,3,49.0793206677481
B,PRLR,5618,5256,3,71.9355575654445
B,MMP9,4318,5042,3,69.0066745138834
B,CAMSAP3,57662,2183,3,29.8773443998032
B,TMED6,146456,3807,3,52.1040083051079
B,PUSL1,126789,2246,3,30.7395856719917
B,ACY1,95,5841,3,79.9420836643382
B,HRASLS,57110,2152,3,29.4530669484088
B,RABGGTA,5875,2021,3,27.6601525570326
B,GORASP2,26003,1949,3,26.6747339602457
B,GK2,2712,4900,3,67.0632100591092
B,ANKRD16,54522,3084,3,42.2087632290394
B,CCDC153,283152,5458,3,74.7002041842078
B,RAB3GAP1,22930,4519,3,61.8487033177785
B,SLC46A1,113235,2107,3,28.837180325417
B,ZBTB24,9841,2471,3,33.8190187869508
B,ABCC4,10257,4423,3,60.534811855396
B,NOS3,4846,4698,3,64.298563440346
B,RLF,6018,1899,3,25.9904154902548
B,ZNF362,149076,638,3,8.73190367708402
B,POLE3,54107,1869,3,25.5798244082602
B,FAM173A,65990,3803,3,52.0492628275087
B,NDUFS2,4720,2729,3,37.3501020921039
B,PIK3CA,5290,916,3,12.5367143702335
B,CTSG,1511,6274,3,85.8682816144595
B,BPIFB2,80341,3974,3,54.3896319948776
B,ANK1,286,3788,3,51.8439672865114
B,MOXD1,26002,2173,3,29.740480705805
B,PUF60,22827,3233,3,44.2480322696123
B,MARVELD3,91862,4926,3,67.4190556635045
B,ADAM23,8745,2326,3,31.8344952239772
B,ZNF735,730291,5085,3,69.5951883980756
B,DNAH17,8632,2920,3,39.9641986474692
B,NR1H3,10062,5414,3,74.0980039306158
B,COPG2,26958,2378,3,32.5461864327677
B,TTC21B,79809,3091,3,42.3045678148381
B,GNG10,2790,3574,3,48.9150842349503
B,KIAA0753,9851,2054,3,28.1118027472266
B,MYCBP2,23077,2979,3,40.7716944420585
B,PRKCB,5579,2020,3,27.6464661876328
B,PANK1,53354,2056,3,28.1391754860262
B,OXSM,54995,3102,3,42.4551178782361
B,CABP1,9478,1770,3,24.2248738376782
B,DCTN1,1639,3089,3,42.2771950760385
B,PRPF40B,25766,989,3,13.5358193364202
B,LMO2,4005,3502,3,47.9296656381634
B,EFCAB13,124989,1921,3,26.2915156170508
B,SAG,6295,8006,3,109.573073414945
B,KISS1R,84634,5391,3,73.78321743442
B,KRTAP12-4,386684,5273,3,72.1682258452414
B,ZHX2,22882,1583,3,21.6655227599122
B,GPR146,115330,1029,3,14.0832741124129
B,PSTPIP1,9051,3561,3,48.7371614327527
B,LRP5,4041,2448,3,33.504232290755
B,RMDN1,51115,3483,3,47.6696246195668
B,LIAS,11019,2888,3,39.526234826675
B,ARHGAP45,23526,1114,3,15.2466155113975
B,AS3MT,57412,2945,3,40.3063578824646
B,STK25,10494,2872,3,39.3072529162779
B,DUSP9,1852,1642,3,22.4730185545015
B,RIN1,9610,2923,3,40.0052577556686
B,LDLRAP1,26119,1579,3,21.610777282313
B,UNC13A,23025,3491,3,47.7791155747654
B,MRPL12,6182,2675,3,36.6110381445137
B,LRP4,4038,2625,3,35.9267196745228
B,NUDT18,79873,780,3,10.6753681318582
B,TERF1,7013,2459,3,33.654782354153
B,ZNF777,27153,4256,3,58.2491881656263
B,ZNF48,197407,2866,3,39.225134699879
B,NIPAL1,152519,5111,3,69.9510340024709
B,CRB2,286204,2391,3,32.7241092349654
B,CCDC160,347475,1673,3,22.8972960058959
B,ZCCHC6,79670,4200,3,57.4827514792365
B,SMIM5,643008,5122,3,70.1015840658689
B,WNT9B,7484,2372,3,32.4640682163688
B,DESI2,51029,1462,3,20.0094720625342
B,ANKRD13B,124930,3774,3,51.6523581149139
B,CNTN4,152330,4213,3,57.6606742814341
B,MAPK8IP2,23542,2837,3,38.8282299872843
B,LARGE2,120071,2481,3,33.955882480949
B,HTR6,3362,1721,3,23.5542417370871
B,SLC25A29,123096,1447,3,19.804176521537
B,PGBD1,84547,2121,3,29.0287894970144
B,E2F5,1875,5603,3,76.6847277471814
B,TEX101,83639,4566,3,62.49196267957
B,FLCN,201163,2579,3,35.2971466821312
B,VPS29,51699,5621,3,76.9310823963782
B,NR3C2,4306,3578,3,48.9698297125496
B,HSF2BP,11077,2390,3,32.7104228655655
B,PDHX,8050,2868,3,39.2525074386786
B,ZWINT,11130,4678,3,64.0248360523496
B,SDR9C7,121214,4628,3,63.3405175823587
B,ZNF37A,7587,3473,3,47.5327609255687
B,C2CD2L,9854,2049,3,28.0433709002275
B,HSPB7,27129,3372,3,46.150437616187
B,LMO4,8543,2326,3,31.8344952239772
B,TPP1,1200,3972,3,54.3622592560779
B,CEACAM7,1087,6045,3,82.7341030219011
B,CEACAM6,4680,5622,3,76.944768765778
B,CEACAM3,1084,6455,3,88.3455144758266
B,UTS2R,2837,2278,3,31.1775494927859
B,BCAS3,54828,2583,3,35.3518921597304
B,FAM92B,339145,1631,3,22.3224684911035
B,LMOD3,56203,4612,3,63.1215356719616
B,RNASEH2C,84153,2326,3,31.8344952239772
B,ISOC2,79763,2811,3,38.472384382889
B,CSK,1445,2004,3,27.4274842772357
B,RGS9,8787,2315,3,31.6839451605792
B,ARHGEF12,23365,2775,3,37.9796750844955
B,SYCE1,93426,3336,3,45.6577283177936
B,HEPACAM2,253012,5371,3,73.5094900464236
B,CDCA8,55143,2375,3,32.5051273245683
B,UBE2Q2L,100505679,2404,3,32.902032037163
B,IDH3G,3421,3189,3,43.6458320160203
B,TMPRSS3,64699,3064,3,41.935035841043
B,CPQ,10404,3399,3,46.5199695899821
B,DRD3,1814,6395,3,87.5243323118375
B,EEF1B2,1933,3816,3,52.2271856297063
B,ATP5E,514,1301,3,17.8059665891635
B,FSHB,2488,4557,3,62.3687853549716
B,C11orf91,100131378,2227,3,30.4795446533952
B,AMIGO3,386724,4550,3,62.2729807691729
B,IL17RA,23765,5173,3,70.7995889052596
B,FLT1,2321,2860,3,39.1430164834801
B,EPB41L5,57669,2252,3,30.8217038883906
B,BCL3,602,2617,3,35.8172287193243
B,INTS5,80789,2658,3,36.3783698647168
B,EFEMP2,30008,2381,3,32.5872455409672
B,CTSC,1075,3366,3,46.0683193997881
B,TMEM151A,256472,3244,3,44.3985823330103
B,CDKN2B,1030,3083,3,42.1950768596396
B,AP1M2,10053,4168,3,57.0447876584423
B,SNX13,23161,3883,3,53.1441723794941
B,ARHGAP10,79658,1203,3,16.4647023879813
B,GAS2L3,283431,2343,3,32.0671635037741
B,FASTK,10922,1332,3,18.2302440405579
B,MRPL16,54948,4827,3,66.0641050929225
B,NOC2L,26155,4760,3,65.1471183431347
B,ATPAF2,91647,1943,3,26.5926157438468
B,ABCA5,23461,4417,3,60.4526936389971
B,SRSF12,135295,2791,3,38.1986569948926
B,AKAP7,9465,1600,3,21.8981910397091
B,SDHAF1,644096,1701,3,23.2805143490908
B,NKX2-2,4821,1983,3,27.1400705198395
B,PTGER2,5732,584,3,7.99283972949384
B,FOXP1,27086,1898,3,25.976729120855
B,KRTAP6-3,337968,4505,3,61.657094146181
B,QARS,5859,3677,3,50.3247802831316
B,ZYG11A,440590,3697,3,50.5985076711279
B,FAM107B,83641,1112,3,15.2192427725979
B,ERMAP,114625,1594,3,21.8160728233102
B,NIFK,84365,2266,3,31.0133130599881
B,SNAP25,6616,4852,3,66.406264327918
B,DTD1,92675,2878,3,39.3893711326768
B,CYFIP1,23191,2795,3,38.2534024724919
B,MTX2,10651,3118,3,42.6740997886332
B,TXNDC9,10190,2625,3,35.9267196745228
B,SH3BP5,9467,3571,3,48.8740251267508
B,HMCN2,256158,1424,3,19.4893900253411
B,C7orf25,79020,1281,3,17.5322392011671
B,C14orf132,56967,3431,3,46.9579334107763
B,LOC283454,283454,6100,3,83.4868533388911
B,ZBED5,58486,3137,3,42.9341408072297
B,EXOSC3,51010,4812,3,65.8588095519253
B,GABRE,2564,2369,3,32.4230091081693
B,AVEN,57099,1624,3,22.2266639053048
B,GFOD1,54438,6113,3,83.6647761410887
B,LRRC27,80313,6680,3,91.4249475907857
B,CEBPB,1051,4664,3,63.8332268807521
B,ADPGK,83440,4078,3,55.8130144124587
B,HLA-A,3105,3111,3,42.5782952028345
B,HEY2,23493,1353,3,18.517657797954
B,NFKBIZ,64332,759,3,10.387954374462
B,ATAD3A,55210,3156,3,43.1941818258263
B,TEC,7006,3381,3,46.2736149407854
B,SH3D21,79729,4945,3,67.6790966821011
B,ZHX3,23051,2424,3,33.1757594251594
B,PAMR1,25891,1850,3,25.3197833896637
B,STARD8,9754,2044,3,27.9749390532284
B,CFAP99,402160,1891,3,25.8809245350562
B,CNIH2,254263,2800,3,38.321834319491
B,HAT1,8520,2884,3,39.4714893490757
B,PCBP3,54039,4971,3,68.0349422864963
B,ARFGAP2,84364,3026,3,41.4149538038499
B,CACUL1,143384,3080,3,42.1540177514401
B,FCHSD2,9873,1309,3,17.915457544362
B,ZNF432,9668,2219,3,30.3700536981966
B,COPS4,51138,4760,3,65.1471183431347
B,PJA2,9867,4802,3,65.7219458579271
B,DUSP3,1845,2191,3,29.9868353550017
B,TMEM267,64417,5575,3,76.3015094039865
B,CLSPN,63967,2356,3,32.2450863059717
B,TSTA3,7264,4206,3,57.5648696956354
B,FEZ1,9638,1878,3,25.7030017328586
B,SYNPO2L,79933,4718,3,64.5722908283423
B,HNRNPL,3191,3209,3,43.9195594040166
B,RDH8,50700,3771,3,51.6112990067145
B,FRAT2,23401,3922,3,53.677940786087
B,MFSD5,84975,3533,3,48.3539430895578
B,BCAS4,55653,3564,3,48.7782205409521
B,OPLAH,26873,2606,3,35.6666786559263
B,MTCH1,23787,1654,3,22.6372549872993
B,SLC30A2,7780,4272,3,58.4681700760234
B,TANC1,85461,2602,3,35.611933178327
B,CHSY1,22856,3968,3,54.3075137784787
B,PRSS35,167681,2277,3,31.1638631233861
B,CCDC9,26093,2438,3,33.3673685967568
B,LAMTOR5,10542,2593,3,35.4887558537286
B,TMEM55B,90809,3506,3,47.9844111157627
B,CCDC106,29903,2749,3,37.6238294801003
B,MAP1B,4131,2556,3,34.9823601859354
B,SAMD10,140700,3675,3,50.2974075443319
B,PRPH,5630,2762,3,37.8017522822979
B,FDFT1,2222,2073,3,28.3718437658232
B,SLC39A11,201266,6762,3,92.5472298815708
B,DNLZ,728489,3392,3,46.4241650041834
B,NPPC,4880,4089,3,55.9635644758567
B,C9orf16,79095,3056,3,41.8255448858445
B,TMEM123,114908,3557,3,48.6824159551534
B,CAMK1D,57118,4493,3,61.4928577133832
B,GJC3,349149,2629,3,35.9814651521221
B,TMIE,259236,1369,3,18.7366397083511
B,ISL1,3670,3038,3,41.5791902366477
B,NOL12,79159,4474,3,61.2328166947867
B,MAP6,4135,1305,3,17.8607120667628
B,CSNK1E,1454,5063,3,69.2940882712796
B,EFHD2,79180,3139,3,42.9615135460294
B,SNAPC5,10302,3268,3,44.7270551986059
B,DEGS1,8560,2862,3,39.1703892222797
B,GPER1,2852,2083,3,28.5087074598213
B,ZBTB42,100128927,2385,3,32.6419910185664
B,AMN,81693,2135,3,29.2203986686119
B,PHF12,57649,3901,3,53.3905270286909
B,XKR4,114786,3542,3,48.4771204141561
B,PPM1L,151742,5937,3,81.2559751267207
B,HARS,3035,4877,3,66.7484235629134
B,USH1C,10083,3087,3,42.2498223372388
B,LINGO4,339398,2459,3,33.654782354153
B,SSU72,29101,3177,3,43.4815955832225
B,MLLT6,4302,1716,3,23.4858098900881
B,TACC1,6867,1399,3,19.1472307903457
B,FAM131C,348487,1922,3,26.3052019864506
B,NCKAP1,10787,3150,3,43.1120636094274
B,UBE2O,63893,2166,3,29.6446761200063
B,NDUFV3,4731,3506,3,47.9844111157627
B,PPP5C,5536,1715,3,23.4721235206882
B,SLC39A10,57181,3215,3,44.0016776204156
B,DNAAF5,54919,2284,3,31.2596677091848
B,HEATR5A,25938,2713,3,37.1311201817068
B,SNX18,112574,4069,3,55.6898370878603
B,FLAD1,80308,3754,3,51.3786307269176
B,SLC5A3,6526,2410,3,32.9841502535619
B,SDHAF2,54949,1176,3,16.0951704141862
B,SMU1,55234,3637,3,49.7773255071388
B,ZNF233,353355,4022,3,55.0465777260689
B,STAU2,27067,4104,3,56.1688600168539
B,CEACAM1,634,4807,3,65.7903777049262
B,OR9Q2,219957,3288,3,45.0007825866023
B,EIF2S2,8894,3474,3,47.5464472949685
B,USP36,57602,3021,3,41.3465219568508
B,FABP3,2170,2025,3,27.7148980346319
B,ERAL1,26284,4182,3,57.2363968300398
B,TIPRL,261726,2353,3,32.2040271977723
B,ESRRG,2104,6026,3,82.4740620033046
B,AFM,173,6564,3,89.8373287404067
B,PRKG1,5592,5143,3,70.3889978232651
B,SUV39H2,79723,5674,3,77.6564599745686
B,MDM1,56890,4386,3,60.0284161876027
B,VPS25,84313,3550,3,48.5866113693547
B,AGMAT,79814,4315,3,59.0566839602156
B,C5orf47,133491,4772,3,65.3113547759325
B,PORCN,64840,1151,3,15.7530111791908
B,C11orf63,79864,3107,3,42.5235497252352
B,RBM23,55147,4109,3,56.2372918638531
B,PQLC2L,152078,3127,3,42.7972771132316
B,GP2,2813,4300,3,58.8513884192183
B,INPP5F,22876,5688,3,77.848069146166
B,FOXG1,2290,3435,3,47.0126788883756
B,FHL3,2275,672,3,9.19724023667784
B,TTC37,9652,3031,3,41.483385650849
B,SH3YL1,26751,2810,3,38.4586980134892
B,LYPD6B,130576,4730,3,64.7365272611402
B,ITM2C,81618,3653,3,49.9963074175359
B,HERC1,8925,2716,3,37.1721792899063
B,NOA1,84273,3009,3,41.182285524053
B,OR10A4,283297,2959,3,40.4979670540621
B,FAM175A,84142,3019,3,41.3191492180512
B,MSH5,4439,2932,3,40.128435080267
B,C16orf74,404550,2240,3,30.6574674555928
B,C1QTNF9,338872,2360,3,32.299831783571
B,NBPF12,149013,3517,3,48.1349611791607
B,IGFALS,3483,3478,3,47.6011927725677
B,SYT15,83849,1993,3,27.2769342138377
B,OR1J4,26219,2818,3,38.5681889686877
B,LOC284570,284570,3898,3,53.3494679204914
B,REM1,28954,3051,3,41.7571130388454
B,AGAP11,119385,3703,3,50.6806258875268
B,TOR3A,64222,2049,3,28.0433709002275
B,PHLDB1,23187,1904,3,26.0588473372539
B,SEC24C,9632,2480,3,33.9421961115492
B,ELOA2,51224,3024,3,41.3875810650503
B,RTN4RL2,349667,3735,3,51.118589708321
B,GOLT1A,127845,4049,3,55.4161096998639
B,C1orf61,10485,5179,3,70.8817071216585
B,KIAA1024L,100127206,5597,3,76.6026095307825
B,LOC100130370,100130370,3800,3,52.0082037193092
B,ARHGAP1,392,2784,3,38.1028524090939
B,SCN11A,11280,4723,3,64.6407226753414
B,FAM209B,388799,2631,3,36.0088378909217
B,HIST1H2BM,8342,5708,3,78.1217965341624
B,TACC2,10579,3969,3,54.3212001478785
B,LRRC6,23639,8023,3,109.805741694742
B,SOX7,83595,1941,3,26.5652430050472
B,TIGAR,57103,3552,3,48.6139841081543
B,RTL8C,8933,3043,3,41.6476220836468
B,DYSF,8291,2487,3,34.0380006973479
B,PPP1R17,10842,6820,3,93.3410393067602
B,DZIP3,9666,3668,3,50.2016029585332
B,ZNF133,7692,5065,3,69.3214610100793
B,APLP2,334,4577,3,62.642512742968
B,SNCA,6622,3009,3,41.182285524053
B,SELENOO,83642,3863,3,52.8704449914978
B,NAT8B,51471,3460,3,47.354838123371
B,MPP7,143098,2659,3,36.3920562341166
B,LCN1,3933,2129,3,29.138280452213
B,CCNF,899,2072,3,28.3581573964233
B,SEMA3C,10512,1520,3,20.8032814877237
B,ZNF783,100289678,4400,3,60.2200253592001
B,NDUFA10,4705,1408,3,19.270408114944
B,C14orf28,122525,2201,3,30.1236990489999
B,SFXN5,94097,3827,3,52.3777356931043
B,KRT222,125113,6717,3,91.9313432585789
B,CHST13,166012,4049,3,55.4161096998639
B,GAD1,2571,4401,3,60.2337117286
B,PA2G4,5036,4492,3,61.4791713439834
B,MAGOHB,55110,6631,3,90.7543154901946
B,TCHHL1,126637,3595,3,49.2024979923465
B,WSCD2,9671,3690,3,50.5027030853292
B,FCN1,2219,4167,3,57.0311012890425
B,SLC41A1,254428,2917,3,39.9231395392697
B,UBXN4,23190,2855,3,39.074584636481
B,CDS1,1040,1733,3,23.718478169885
B,CUX2,23316,2033,3,27.8243889898304
B,RGS12,6002,1662,3,22.7467459424979
B,RCOR2,283248,2654,3,36.3236243871175
B,TMEM161A,54929,3336,3,45.6577283177936
B,SNTB1,6641,4024,3,55.0739504648685
B,DENND5B,160518,2960,3,40.5116534234619
B,GATA2,2624,2815,3,38.5271298604883
B,PLD3,23646,1704,3,23.3215734572902
B,BCL9L,283149,5615,3,76.8489641799793
B,MED13L,23389,8798,3,120.412677979601
B,PSMD5,5711,6238,3,85.375572316066
B,SREK1IP1,285672,4113,3,56.2920373414523
B,ROMO1,140823,4652,3,63.6689904479543
B,FBLN5,10516,2855,3,39.074584636481
B,EXOC7,23265,3819,3,52.2682447379058
B,ERP27,121506,4854,3,66.4336370667176
B,PDE6B,5158,3531,3,48.3265703507581
B,FAM72B,653820,3032,3,41.4970720202488
B,BAG2,9532,2042,3,27.9475663144288
B,KIAA1324L,222223,5090,3,69.6636202450747
B,EIF4EBP1,1978,4151,3,56.8121193786454
B,SH3RF2,153769,3790,3,51.871340025311
B,FCRLB,127943,3582,3,49.0245751901488
B,MCFD2,90411,2285,3,31.2733540785846
B,SYNPR,132204,2990,3,40.9222445054565
B,SLBP,7884,4151,3,56.8121193786454
B,TRIM58,25893,3272,3,44.7818006762052
B,MBD2,8932,3263,3,44.6586233516068
B,SCAMP5,192683,2720,3,37.2269247675055
B,PHKG2,5261,3205,3,43.8648139264174
B,FAM86B2,653333,889,2,12.1671823964384
B,SUSD3,203328,2499,3,34.2022371301457
B,TFR2,7036,4230,3,57.893342561231
B,TIGIT,201633,3052,3,41.7707994082452
B,STEAP4,79689,1928,3,26.3873202028495
B,ARG1,383,4509,3,61.7118396237803
B,SHMT1,6470,4610,3,63.094162933162
B,KYAT1,883,3002,3,41.0864809382543
B,DNAH14,127602,4257,3,58.2628745350261
B,PPIF,10105,1353,3,18.517657797954
B,CD99L2,83692,3255,3,44.5491323964083
B,ARHGEF25,115557,1502,3,20.556926838527
B,CPT2,1376,3226,3,44.1522276838136
B,CD300LG,146894,2983,3,40.8264399196577
B,FAM151B,167555,4480,3,61.3149349111856
B,CTSV,1515,2662,3,36.4331153423161
B,FJX1,24147,2946,3,40.3200442518645
B,CSH1,1442,3563,3,48.7645341715523
B,ULK3,25989,1045,3,14.30225602281
B,RAB13,5872,2271,3,31.0817449069872
B,RHOD,29984,2473,3,33.8463915257504
B,CAPN15,6650,2065,3,28.2623528106246
B,STC2,8614,3444,3,47.1358562129739
B,SVEP1,79987,2652,3,36.2962516483179
B,DNAJA1,3301,2039,3,27.9065072062293
B,TF,7018,5095,3,69.7320520920738
B,LIN54,132660,3874,3,53.0209950548958
B,HGSNAT,138050,1392,3,19.051426204547
B,RNF141,50862,3729,3,51.0364714919221
B,GPX4,2879,2848,3,38.9787800506823
B,TRAF4,9618,1873,3,25.6345698858595
B,WDR45B,56270,3065,3,41.9487222104428
B,THSD4,79875,2786,3,38.1302251478935
B,CLPTM1,1209,3208,3,43.9058730346168
B,CCDC83,220047,3596,3,49.2161843617463
B,USP24,23358,1890,3,25.8672381656564
B,SNX16,64089,2776,3,37.9933614538954
B,USP38,84640,4145,3,56.7300011622465
B,HS3ST3A1,9955,3946,3,54.0064136516827
B,PTPRO,5800,3589,3,49.1203797759476
B,KCTD7,154881,1212,3,16.5878797125797
B,MYL9,10398,3512,3,48.0665293321616
B,RNF165,494470,5871,3,80.3526747463327
B,TBCD,6904,4785,3,65.4892775781302
B,JMJD8,339123,3355,3,45.9177693363901
B,MED12L,116931,2958,3,40.4842806846623
B,NOP16,51491,3929,3,53.7737453718858
B,PHKB,5257,2465,3,33.7369005705519
B,WNT9A,7483,2413,3,33.0252093617613
B,TMCC2,9911,2829,3,38.7187390320857
B,SYNJ2,8871,1788,3,24.471228486875
B,KIAA1211L,343990,2232,3,30.5479765003943
B,BSCL2,26580,1571,3,21.5012863271144
B,NOP14,8602,2361,3,32.3135181529708
B,RTL8A,26071,2636,3,36.0772697379208
B,ASCL2,430,579,3,7.92440788249474
B,IL1R1,3554,1555,3,21.2823044167173
B,INAFM2,100505573,1337,3,18.2986758875569
B,NIN,51199,1638,3,22.4182730769022
B,SLTM,79811,4833,3,66.1462233093214
B,PCDHB1,29930,5928,3,81.1327978021224
B,MAML1,9794,5192,3,71.0596299238562
B,SRD5A3,79644,3925,3,53.7189998942865
B,ARX,170302,4080,3,55.8403871512583
B,IGFBPL1,347252,2572,3,35.2013420963324
B,SSPN,8082,3151,3,43.1257499788272
B,IDUA,3425,2344,3,32.0808498731739
B,TSHZ3,57616,3982,3,54.4991229500761
B,FASN,2194,2234,3,30.5753492391939
B,LYRM9,201229,2920,3,39.9641986474692
B,CTBP1,1487,2440,3,33.3947413355564
B,WDHD1,11169,4798,3,65.6672003803278
B,IGF2,3481,4553,3,62.3140398773723
B,JAG2,3714,3993,3,54.6496730134741
B,AJAP1,55966,3765,3,51.5291807903156
B,FBXL19,54620,2714,3,37.1448065511066
B,MAPK7,5598,4371,3,59.8231206466054
B,EIF5A2,56648,1757,3,24.0469510354806
B,FASTKD3,79072,2410,3,32.9841502535619
B,DHRS12,79758,3947,3,54.0201000210825
B,TMEM246,84302,1819,3,24.8955059382693
B,RBPMS,11030,2686,3,36.7615882079117
B,OTUD6B,51633,3543,3,48.4908067835559
B,PRPF19,27339,4343,3,59.4399023034105
B,TGOLN2,10618,3254,3,44.5354460270085
B,OSBPL3,26031,3881,3,53.1167996406945
B,ANKRD2,26287,4517,3,61.8213305789789
B,SCN9A,6335,3542,3,48.4771204141561
B,DCTN3,11258,3986,3,54.5538684276754
B,RAMP3,10268,3435,3,47.0126788883756
B,DNM1,1759,1804,3,24.6902103972721
B,RHPN1,114822,2326,3,31.8344952239772
B,PHF3,23469,3534,3,48.3676294589576
B,BCL2,596,1259,3,17.2311390743711
B,IFIT5,24138,2539,3,34.7496919061384
B,BLOC1S4,55330,1832,3,25.073428740467
B,FGF19,9965,3081,3,42.1677041208399
B,IDH3A,3419,5596,3,76.5889231613827
B,MDH2,4191,4323,3,59.1661749154141
B,EMC10,284361,4543,3,62.1771761833741
B,AP1G2,8906,5518,3,75.5213863481969
B,FAM206A,54942,3457,3,47.3137790151716
B,NOP53,29997,1708,3,23.3763189348895
B,MINDY1,55793,4336,3,59.3440977176118
B,PAK5,57144,2864,3,39.1977619610794
B,BACH2,60468,3240,3,44.343836855411
B,HS6ST1,9394,4606,3,63.0394174555627
B,PPP1R12B,4660,7720,3,105.658771766597
B,FAM120C,54954,3934,3,53.8421772188849
B,AP5S1,55317,2339,3,32.0124180261748
B,ADAMTS4,9507,5813,3,79.5588653211433
B,DDX3X,1654,3382,3,46.2873013101852
B,PRPF38A,84950,5561,3,76.1099002323891
B,ASGR2,433,3264,3,44.6723097210066
B,GIMAP6,474344,3846,3,52.6377767117009
B,EPAS1,2034,2479,3,33.9285097421493
B,ZFP91,80829,2824,3,38.6503071850866
B,STIP1,10963,4035,3,55.2245005282665
B,AFF4,27125,1873,3,25.6345698858595
B,PHF23,79142,3983,3,54.5128093194759
B,RASGRF1,5923,6138,3,84.0069353760842
B,LY6K,54742,2882,3,39.4441166102761
B,NT5C1A,84618,1620,3,22.1719184277055
B,CASP2,835,2455,3,33.6000368765537
B,PERP,64065,2661,3,36.4194289729163
B,PRDM2,7799,1346,3,18.4218532121553
B,GCDH,2639,3136,3,42.9204544378299
B,MALT1,10892,3082,3,42.1813904902397
B,MBD3,53615,7028,3,96.1878041419224
B,SPATS2L,26010,2520,3,34.4896508875419
B,MYDGF,56005,3333,3,45.6166692095941
B,CASP3,836,7017,3,96.0372540785244
B,ST7L,54879,3510,3,48.0391565933619
B,PIR,8544,3761,3,51.4744353127163
B,ASIC4,55515,4003,3,54.7865367074723
B,GPC5,2262,4597,3,62.9162401309643
B,DGKB,1607,2341,3,32.0397907649744
B,SYNGR3,9143,2496,3,34.1611780219463
B,ARCN1,372,3283,3,44.9323507396032
B,PSMC1,5700,5868,3,80.3116156381333
B,CORO6,84940,3520,3,48.1760202873601
B,MUC3A,4584,2959,3,40.4979670540621
B,EPN3,55040,1778,3,24.3343647928768
B,RAD9B,144715,2984,3,40.8401262890575
B,RPL14,9045,5839,3,79.9147109255386
B,NANS,54187,1705,3,23.3352598266901
B,ARMC2,84071,4518,3,61.8350169483787
B,ADARB1,104,2773,3,37.9523023456959
B,MAD1L1,8379,1641,3,22.4593321851017
B,TCF3,6929,1979,3,27.0853250422402
B,ZNF652,22834,4008,3,54.8549685544714
B,NENF,29937,1991,3,27.2495614750381
B,PIM1,5292,3892,3,53.2673497040925
B,ILKAP,80895,2262,3,30.9585675823888
B,RIMKLB,57494,5837,3,79.8873381867389
B,ARIH1,25820,3887,3,53.1989178570934
B,IFT20,90410,4563,3,62.4509035713705
B,ZNF513,130557,1570,3,21.4875999577146
B,ARV1,64801,9891,3,135.371879733602
B,IFT140,9742,5378,3,73.6052946322223
B,GFY,100507003,3549,3,48.5729249999548
B,PNPLA8,50640,4259,3,58.2902472738258
B,ZNF502,91392,1309,3,17.915457544362
B,WIPF3,644150,1680,3,22.9931005916946
B,HOMER2,9455,1663,3,22.7604323118977
B,TLE1,7088,3688,3,50.4753303465296
B,EXOSC9,5393,2729,3,37.3501020921039
B,DENND2A,27147,1758,3,24.0606374048804
B,MYB,4602,1108,3,15.1644972949986
B,TJAP1,93643,3111,3,42.5782952028345
B,SMURF1,57154,4378,3,59.9189252324041
B,CASTOR2,729438,1992,3,27.2632478444379
B,UVRAG,7405,2422,3,33.1483866863597
B,FMN2,56776,3363,3,46.0272602915887
B,NDUFAF1,51103,2626,3,35.9404060439226
B,TSPAN14,81619,3482,3,47.655938250167
B,SC5D,6309,1842,3,25.2102924344652
B,PCYOX1L,78991,3803,3,52.0492628275087
B,GPR27,2850,1084,3,14.8360244294029
B,ULBP2,80328,3580,3,48.9972024513492
B,HSPBP1,23640,4149,3,56.7847466398458
B,VRK1,7443,1959,3,26.8115976542439
B,ATP6V0D1,9114,4950,3,67.7475285291002
B,HES6,55502,4745,3,64.9418228021374
B,ABHD12,26090,3083,3,42.1950768596396
B,C2orf27B,408029,2210,3,30.2468763735983
B,GALNT18,374378,2166,3,29.6446761200063
B,MAP2K1,5604,3266,3,44.6996824598063
B,NDUFAF8,284184,2966,3,40.5937716398608
B,EPHA10,284656,3957,3,54.1569637150807
B,STN1,79991,2567,3,35.1329102493334
B,DCAF17,80067,1473,3,20.1600221259322
B,KLHL9,55958,3971,3,54.3485728866781
B,ZCCHC24,219654,990,3,13.54950570582
B,REEP2,51308,1924,3,26.3325747252502
B,TATDN3,128387,3964,3,54.2527683008794
B,UQCRFS1,7386,3420,3,46.8073833473783
B,GAGE2B,645037,2494,3,34.1338052831466
B,ANGPTL4,51129,2285,3,31.2733540785846
B,UBE2M,9040,3315,3,45.3703145603974
B,TUSC3,7991,5437,3,74.4127904268116
B,BHMT,635,2794,3,38.2397161030921
B,BOLA1,51027,2960,3,40.5116534234619
B,ATG16L1,55054,4509,3,61.7118396237803
B,ALDH3B1,221,3050,3,41.7434266694456
B,PRRG1,5638,2137,3,29.2477714074115
B,GDA,9615,3767,3,51.5565535291152
B,DNAJC8,22826,4196,3,57.4280060016372
B,DISC1,27185,4809,3,65.8177504437258
B,ACADS,35,3804,3,52.0629491969085
B,ITGB1,3688,2767,3,37.870184129297
B,MGA,23269,4841,3,66.25571426452
B,DOC2B,8447,2213,3,30.2879354817977
B,PKN1,5585,1420,3,19.4346445477419
B,ABCA2,20,2170,3,29.6994215976055
B,METRNL,284207,710,3,9.71732227387093
B,CLIC6,54102,4633,3,63.4089494293578
B,WFDC2,10406,5830,3,79.7915336009402
B,FGFR2,2263,3250,3,44.4807005494092
B,GUK1,2987,975,3,13.3442101648228
B,ST6GALNAC3,256435,3980,3,54.4717502112765
B,TRNT1,51095,2700,3,36.9531973795092
B,P2RX4,5025,6049,3,82.7888484995004
B,DCUN1D2,55208,2042,3,27.9475663144288
B,CYTH2,9266,3149,3,43.0983772400276
B,AFG3L2,10939,1448,3,19.8178628909368
B,NCEH1,57552,3310,3,45.3018827133983
B,TTC9,23508,5106,3,69.8826021554718
B,RPAP2,79871,1716,3,23.4858098900881
B,ETV3L,440695,4404,3,60.2747708367994
B,SIVA1,10572,3037,3,41.5655038672479
B,STAG1,10274,1876,3,25.675628994059
B,TFPI2,7980,4052,3,55.4571688080634
B,ACSS2,55902,3121,3,42.7151588968326
B,MCTP2,55784,2501,3,34.2296098689454
B,ECEL1,9427,2049,3,28.0433709002275
B,ZSCAN25,221785,4789,3,65.5440230557294
B,AK3,50808,2383,3,32.6146182797668
B,NUP54,53371,4198,3,57.4553787404369
B,ADAL,161823,3100,3,42.4277451394365
B,PACSIN2,11252,1061,3,14.5212379332071
B,XAGE2,9502,4306,3,58.9335066356172
B,FAM169A,26049,2139,3,29.2751441462112
B,LRRC14B,389257,5049,3,69.1024790996822
B,PI4KB,5298,4535,3,62.0676852281756
B,ZFHX3,463,4683,3,64.0932678993487
B,PTGFRN,5738,1848,3,25.2924106508641
B,SIRT2,22933,3039,3,41.5928766060476
B,ZNF436,80818,1810,3,24.772328613671
B,CCT5,22948,5087,3,69.6225611368752
B,UNC13B,10497,575,3,7.86966240489547
B,IGFBP1,3484,3684,3,50.4205848689303
B,TBRG4,9238,5251,3,71.8671257184454
B,C8orf33,65265,3888,3,53.2126042264932
B,CACNG5,27091,1993,3,27.2769342138377
B,ABCE1,6059,4294,3,58.7692702028194
B,C16orf95,100506581,2083,3,28.5087074598213
B,AKIRIN2,55122,3801,3,52.021890088709
B,TCP11,6954,2728,3,37.3364157227041
B,SEPT7,989,4870,3,66.6526189771147
B,URAD,646625,3143,3,43.0162590236286
B,IFT172,26160,4804,3,65.7493185967267
B,ZDHHC20,253832,1721,3,23.5542417370871
B,CR2,1380,1263,3,17.2858845519704
B,ABCG4,64137,5303,3,72.578816927236
B,SYTL2,54843,1754,3,24.0058919272811
B,SNX9,51429,2227,3,30.4795446533952
B,REL,5966,2979,3,40.7716944420585
B,NRXN1,9378,3320,3,45.4387464073965
B,DIMT1,27292,2389,3,32.6967364961657
B,DOK3,79930,3574,3,48.9150842349503
B,ATP13A3,79572,3429,3,46.9305606719767
B,SLC2A1,6513,3360,3,45.9862011833892
B,SLC38A2,54407,2646,3,36.214133431919
B,ALG8,79053,3291,3,45.0418416948017
B,TESMIN,9633,4321,3,59.1388021766145
B,SHE,126669,1650,3,22.5825095097001
B,C10orf10,11067,1979,3,27.0853250422402
B,GOLGA8N,643699,3147,3,43.0710045012279
B,LARS,51520,1275,3,17.4501209847682
B,NOP58,51602,2778,3,38.020734192695
B,CRYM,1428,1714,3,23.4584371512884
B,MAT2A,4144,3408,3,46.6431469145805
B,EEF2KMT,196483,2557,3,34.9960465553352
B,KCTD4,386618,3820,3,52.2819311073056
B,ITPR1,3708,1932,3,26.4420656804488
B,SCYL1,57410,4111,3,56.2646646026527
B,DRG1,4733,4955,3,67.8159603760992
B,ZNF727,442319,3699,3,50.6258804099276
B,PCMT1,5110,4493,3,61.4928577133832
B,TMEM269,100129924,5897,3,80.708520350728
B,TPK1,27010,4384,3,60.0010434488031
B,KCNH4,23415,5046,3,69.0614199914827
B,KRTAP19-8,728299,3908,3,53.4863316144896
B,CUL1,8454,7004,3,95.8593312763268
B,SLC30A1,7779,4738,3,64.8460182163387
B,INVS,27130,2617,3,35.8172287193243
B,GCLC,2729,4622,3,63.2583993659598
B,C8orf87,389676,5846,3,80.0105155113373
B,KLHL28,54813,3152,3,43.139436348227
B,PDE11A,50940,2979,3,40.7716944420585
B,ZNF345,25850,4982,3,68.1854923498943
B,UBQLNL,143630,5001,3,68.4455333684909
B,TTC4,7268,4979,3,68.1444332416949
B,FATE1,89885,4026,3,55.1013232036681
B,INTU,27152,4932,3,67.5011738799034
B,ADM,133,4519,3,61.8487033177785
B,ADAM33,80332,5756,3,78.7787422653536
B,F12,2161,3945,3,53.9927272822829
B,NUDT17,200035,1587,3,21.7202682375115
B,GCNA,93953,4160,3,56.9352967032438
B,ACSL5,51703,7579,3,103.728993681222
B,CCER2,643669,2553,3,34.9413010777359
B,PAK1,5058,2596,3,35.5298149619281
B,IGSF11,152404,3080,3,42.1540177514401
B,ME2,4200,3617,3,49.5035981191425
B,NAT8L,339983,4048,3,55.4024233304641
B,VTN,7448,5659,3,77.4511644335713
B,TMEM92,162461,6242,3,85.4303177936653
B,CXCR6,10663,6624,3,90.6585109043959
B,FOXI1,2299,4548,3,62.2456080303732
B,INA,9118,2868,3,39.2525074386786
B,DMTF1,9988,3249,3,44.4670141800094
B,FAM110A,83541,1998,3,27.3453660608368
B,CD300LD,100131439,3068,3,41.9897813186423
B,ZSCAN26,7741,3987,3,54.5675547970752
B,AUP1,550,4160,3,56.9352967032438
B,SLC25A37,51312,1815,3,24.8407604606701
B,SPG20,23111,3376,3,46.2051830937863
B,OCRL,4952,2066,3,28.2760391800244
B,EXOC5,10640,5863,3,80.2431837911342
B,NSMCE1,197370,3400,3,46.5336559593819
B,ME3,10873,1858,3,25.4292743448622
B,XPO1,7514,4363,3,59.7136296914069
B,LYPD6,130574,3514,3,48.0939020709612
B,MYO5A,4644,3233,3,44.2480322696123
B,BAZ1A,11177,2082,3,28.4950210904215
B,SNED1,25992,2634,3,36.0498969991212
B,SSR3,6747,2374,3,32.4914409551684
B,SMOC1,64093,994,3,13.6042511834193
B,CHRNB4,1143,2935,3,40.1694941884665
B,HTR1B,3351,2067,3,28.2897255494242
B,KCNJ10,3766,6377,3,87.2779776626407
B,HOXA7,3204,3992,3,54.6359866440743
B,HBG1,3047,3549,3,48.5729249999548
B,TMEM39B,55116,5730,3,78.4228966609584
B,GGT5,2687,3528,3,48.2855112425587
B,SLC30A6,55676,6432,3,88.0307279796307
B,COL16A1,1307,2630,3,35.9951515215219
B,TRMT112,51504,3917,3,53.6095089390879
B,LRRK2,120892,1646,3,22.5277640321008
B,PSMC3,5702,2206,3,30.192130895999
B,KRTCAP2,200185,1402,3,19.1882898985451
B,BAIAP2L2,80115,4245,3,58.0986381022283
B,SIN3A,25942,4233,3,57.9344016694305
B,NKIRAS2,28511,2669,3,36.5289199281148
B,JUP,3728,4216,3,57.7017333896336
B,MAGI2,9863,4595,3,62.8888673921647
B,TNFRSF14,8764,3944,3,53.979040912883
B,RIC1,57589,2105,3,28.8098075866173
B,CACNG3,10368,2938,3,40.2105532966659
B,C3orf52,79669,3857,3,52.7883267750989
B,NLRP10,338322,3115,3,42.6330406804337
B,NRSN1,140767,2620,3,35.8582878275237
B,EIF4G2,1982,4453,3,60.9454029373905
B,HBE1,3046,4302,3,58.878761158018
B,UBR3,130507,2517,3,34.4485917793424
B,ALKBH5,54890,3281,3,44.9049780008036
B,ARHGEF39,84904,1332,3,18.2302440405579
B,ADRA1A,148,4109,3,56.2372918638531
B,LNPEP,4012,3796,3,51.9534582417099
B,CEACAM4,1089,4921,3,67.3506238165054
B,MOS,4342,3764,3,51.5154944209158
B,AKTIP,64400,3232,3,44.2343459002125
B,TRIM25,7706,2218,3,30.3563673287968
B,PAGE5,90737,3334,3,45.6303555789939
B,PPP2CA,5515,3456,3,47.3000926457717
B,LCE1A,353131,3168,3,43.3584182586241
B,PAX2,5076,4050,3,55.4297960692638
B,UNC5CL,222643,2936,3,40.1831805578663
B,IRGM,345611,2226,3,30.4658582839953
B,ITGAX,3687,4257,3,58.2628745350261
B,HK3,3101,4174,3,57.1269058748412
B,ATXN7L3B,552889,3492,3,47.7928019441652
B,ARL17A,51326,3272,3,44.7818006762052
B,ZNF620,253639,4494,3,61.5065440827831
B,OR6F1,343169,3305,3,45.2334508663992
B,KRT1,3848,4388,3,60.0557889264023
B,MTSS1,9788,2675,3,36.6110381445137
B,MUC15,143662,5093,3,69.7046793532742
B,TUBA8,51807,6504,3,89.0161465764176
B,SLC16A5,9121,1263,3,17.2858845519704
B,SEPT9,10801,3375,3,46.1914967243865
B,A2ML1,144568,4795,3,65.6261412721283
B,NALCN,259232,3848,3,52.6651494505005
B,B4GALNT1,2583,2162,3,29.589930642407
B,SH3PXD2B,285590,2719,3,37.2132383981057
B,PITX2,5308,3197,3,43.7553229712188
B,PIK3C2A,5286,5338,3,73.0578398562296
B,SRR,63826,2200,3,30.1100126796001
B,POTEI,653269,5667,3,77.5606553887698
B,ZFYVE1,53349,3996,3,54.6907321216736
B,PBDC1,51260,3702,3,50.666939518127
B,PNLDC1,154197,5113,3,69.9784067412705
B,KDELC2,143888,2483,3,33.9832552197486
B,PTPN23,25930,3891,3,53.2536633346927
B,PLSCR2,57047,4058,3,55.5392870244623
B,GDF10,2662,2782,3,38.0754796702943
B,TRPA1,8989,4485,3,61.3833667581847
B,BCAN,63827,4302,3,58.878761158018
B,SERPINE1,5054,3920,3,53.6505680472874
B,PKP1,5317,3065,3,41.9487222104428
B,OPTC,26254,3747,3,51.2828261411188
B,OR14I1,401994,5277,3,72.2229713228407
B,CLPS,1208,4436,3,60.7127346575936
B,FBXW7,55294,5061,3,69.26671553248
B,RHOBTB3,22836,3337,3,45.6714146871934
B,PRKCH,5583,1149,3,15.7256384403911
B,GAS1,2619,1544,3,21.1317543533193
B,CDK1,983,1406,3,19.2430353761444
B,ARHGAP36,158763,3107,3,42.5235497252352
B,CCK,885,3298,3,45.1376462806005
B,ZFP36L2,678,1084,3,14.8360244294029
B,FEM1C,56929,2090,3,28.6045120456201
B,GPR6,2830,3013,3,41.2370310016523
B,TRAPPC10,7109,2740,3,37.5006521555019
B,TRIM4,89122,2502,3,34.2432962383452
B,PPP2R2B,5521,2635,3,36.063583368521
B,FN3K,64122,1856,3,25.4019016060626
B,CTSL,1514,2479,3,33.9285097421493
B,DECR2,26063,2096,3,28.686630262019
B,SCHIP1,29970,2286,3,31.2870404479844
B,TSPAN4,7106,3563,3,48.7645341715523
B,BNIP3,664,1503,3,20.5706132079268
B,DNAJB14,79982,4523,3,61.9034487953778
B,RTL8B,441518,1693,3,23.1710233938922
B,FNTA,2339,2121,3,29.0287894970144
B,HDAC11,79885,2768,3,37.8838704986968
B,ALG14,199857,2793,3,38.2260297336923
B,GIT2,9815,1869,3,25.5798244082602
B,MARCH11,441061,2969,3,40.6348307480603
B,SLC22A31,146429,5127,3,70.170015912868
B,ZFP3,124961,2726,3,37.3090429839045
B,SIT1,27240,4288,3,58.6871519864205
B,UAP1,6675,3316,3,45.3840009297972
B,TTC7A,57217,3448,3,47.1906016905732
B,C14orf159,80017,2872,3,39.3072529162779
B,CCT6A,908,2518,3,34.4622781487423
B,DNA2,1763,3481,3,47.6422518807672
B,SNRNP35,11066,3001,3,41.0727945688545
B,FUOM,282969,3019,3,41.3191492180512
B,PRICKLE2,166336,2941,3,40.2516124048654
B,DGKG,1608,4662,3,63.8058541419525
B,POLD4,57804,5099,3,69.7867975696731
B,AMIGO2,347902,5583,3,76.4110003591851
B,RPRM,56475,2918,3,39.9368259086696
B,DYNC1LI2,1783,3934,3,53.8421772188849
B,ODC1,4953,4164,3,56.990042180843
B,GPR17,2840,4781,3,65.4345321005309
B,EPM2A,7957,5494,3,75.1929134826013
B,ZNF280B,140883,933,3,12.7693826500304
B,MOSPD3,64598,4401,3,60.2337117286
B,KCTD2,23510,5112,3,69.9647203718707
B,ERBB4,2066,4404,3,60.2747708367994
B,IDH2,3418,6033,3,82.5698665891033
B,NPM1,4869,4624,3,63.2857721047594
B,PTPN7,5778,5327,3,72.9072897928316
B,SH3GL1,6455,3946,3,54.0064136516827
B,CRCP,27297,4415,3,60.4253209001974
B,RP2,6102,1819,3,24.8955059382693
B,KRTAP9-1,728318,3174,3,43.440536475023
B,HIST1H3H,8357,5417,3,74.1390630388153
B,ANKEF1,63926,3512,3,48.0665293321616
B,SPRY4,81848,3370,3,46.1230648773874
B,CLDND1,56650,4228,3,57.8659698224314
B,MARCH8,220972,3579,3,48.9835160819494
B,TMEM211,255349,4053,3,55.4708551774632
B,RTEL1,51750,5427,3,74.2759267328135
B,SORBS2,8470,3215,3,44.0016776204156
B,PRX,57716,4819,3,65.954614137724
B,HHLA3,11147,1269,3,17.3680027683693
B,EFNB2,1948,6223,3,85.1702767750687
B,AZGP1,563,3484,3,47.6833109889667
B,GPR68,8111,3577,3,48.9561433431498
B,ZNF282,8427,3638,3,49.7910118765387
B,FAM149A,25854,1382,3,18.9145625105488
B,SMG9,56006,3382,3,46.2873013101852
B,PCP4L1,654790,3130,3,42.838336221431
B,COQ3,51805,3793,3,51.9123991335105
B,SURF1,6834,2875,3,39.3483120244774
B,ATP1B2,482,3026,3,41.4149538038499
B,SH3BP1,23616,4990,3,68.2949833050929
B,FHL1,2273,5177,3,70.8543343828589
B,CMTM5,116173,2725,3,37.2953566145046
B,STK11IP,114790,3572,3,48.8877114961507
B,CT83,203413,5221,3,71.4565346364509
B,CCL15,6359,2800,3,38.321834319491
B,GDAP2,54834,3865,3,52.8978177302974
B,KRTAP9-9,81870,4603,3,62.9983583473632
B,VPS72,6944,5670,3,77.6017144969693
B,JMJD6,23210,7887,3,107.944395456366
B,CTDSPL2,51496,6892,3,94.3264579035471
B,CHRNB2,1141,1604,3,21.9529365173084
B,HNRNPCL3,649330,4143,3,56.7026284234469
B,DRP2,1821,3126,3,42.7835907438317
B,KHK,3795,2336,3,31.9713589179754
B,GLRX3,10539,4633,3,63.4089494293578
B,INPP5B,3633,3568,3,48.8329660185514
B,SMIM25,100506115,3113,3,42.6056679416341
B,CHST9,83539,2789,3,38.171284256093
B,HSBP1L1,440498,2101,3,28.7550621090181
B,RD3,343035,3031,3,41.483385650849
B,FOLR1,2348,6308,3,86.3336181740533
B,ZSWIM1,90204,6309,3,86.3473045434531
B,MAGEB18,286514,3190,3,43.6595183854201
B,C15orf57,90416,6167,3,84.4038400886789
B,SH2D6,284948,5437,3,74.4127904268116
B,ACPP,55,2650,3,36.2688789095183
B,PCDHGA3,56112,3254,3,44.5354460270085
B,RSRC1,51319,2773,3,37.9523023456959
B,FPR2,2358,4045,3,55.3613642222647
B,GNRHR,2798,3650,3,49.9552483093365
B,ENPP6,133121,5274,3,72.1819122146412
B,C12orf40,283461,4759,3,65.1334319737349
B,FUT9,10690,5958,3,81.5433888841169
B,MON2,23041,2831,3,38.7461117708854
B,FOXN2,3344,3456,3,47.3000926457717
B,ST6GALNAC4,27090,3614,3,49.462539010943
B,C12orf80,283403,3704,3,50.6943122569267
B,CMC1,152100,1620,3,22.1719184277055
B,SVOP,55530,966,3,13.2210328402244
B,EGR1,1958,1630,3,22.3087821217037
B,GUCD1,83606,2124,3,29.0698486052139
B,TAF1L,138474,3886,3,53.1852314876936
B,PCDHB14,56122,3241,3,44.3575232248108
B,FTO,79068,1339,3,18.3260486263566
B,GFPT1,2673,4050,3,55.4297960692638
B,PGA5,5222,3489,3,47.7517428359657
B,COMMD8,54951,2196,3,30.0552672020008
B,MSH4,4438,2800,3,38.321834319491
B,PNRC2,55629,5640,3,77.1911234149747
B,ZYG11B,79699,5759,3,78.8198013735531
B,SPATA17,128153,3037,3,41.5655038672479
B,TIMM17A,10440,1860,3,25.4566470836619
B,SMG8,55181,4386,3,60.0284161876027
B,CEP112,201134,5246,3,71.7986938714463
B,ARHGEF9,23229,3653,3,49.9963074175359
B,MPEG1,219972,5632,3,77.0816324597762
B,MMRN2,79812,2761,3,37.7880659128981
B,STK36,27148,1797,3,24.5944058114733
B,RSL24D1,51187,5145,3,70.4163705620647
B,ZNF420,147923,6935,3,94.9149717877393
B,PYY,5697,5781,3,79.1209015003491
B,ZNF781,163115,4043,3,55.333991483465
B,FRRS1,391059,4334,3,59.3167249788121
B,MTMR10,54893,1548,3,21.1864998309186
B,GALC,2581,2726,3,37.3090429839045
B,ICOS,29851,5281,3,72.27771680044
B,TRIM49,57093,1723,3,23.5816144758868
B,PMP22,5376,2681,3,36.6931563609126
B,ARHGAP31,57514,2436,3,33.3399958579572
B,C12orf54,121273,4784,3,65.4755912087303
B,CMA1,1215,3336,3,45.6577283177936
B,OTOA,146183,2665,3,36.4741744505155
B,PLCD4,84812,4240,3,58.0302062552292
B,C7orf31,136895,2434,3,33.3126231191575
B,TAF1,6872,2866,3,39.225134699879
B,ITGB8,3696,1924,3,26.3325747252502
B,BTC,685,5302,3,72.5651305578362
B,MYH11,4629,6082,3,83.2404986896944
B,FBXL13,222235,2980,3,40.7853808114583
B,TFCP2,7024,4309,3,58.9745657438167
B,PBLD,64081,5134,3,70.2658204986667
B,ZNF394,84124,5923,3,81.0643659551233
B,ASB9,140462,4026,3,55.1013232036681
B,TAAR1,134864,2572,3,35.2013420963324
B,DEFB108B,245911,4917,3,67.2958783389062
B,DOK2,9046,3535,3,48.3813158283574
B,PHACTR1,221692,6127,3,83.8563853126862
B,XKRY,9082,3454,3,47.2727199069721
B,GNG8,94235,6788,3,92.903075485966
B,SDR42E1,93517,4580,3,62.6835718511674
B,DCTN6,10671,4475,3,61.2465030641865
B,GYPA,2993,5222,3,71.4702210058507
B,ATP6V1E1,529,4567,3,62.5056490489698
B,IP6K2,51447,3051,3,41.7571130388454
B,TMEM88,92162,3019,3,41.3191492180512
B,CAPS2,84698,5253,3,71.8944984572451
B,FAM129C,199786,3177,3,43.4815955832225
B,RPS3A,6189,2797,3,38.2807752112915
B,STX11,8676,2330,3,31.8892407015764
B,CDH12,1010,5883,3,80.5169111791306
B,ZNF780B,163131,4390,3,60.083161665202
B,NETO1,81832,2666,3,36.4878608199154
B,CLCC1,23155,3047,3,41.7023675612461
B,ALPK3,57538,5655,3,77.396418955972
B,HIPK3,10114,5987,3,81.9402935967116
B,ZNF780A,284323,5914,3,80.9411886305249
B,SPDYE3,441272,3242,3,44.3712095942106
B,CORT,1325,4798,3,65.6672003803278
B,PRR13,54458,2931,3,40.1147487108672
B,SYMPK,8189,3751,3,51.3375716187181
B,VSIG10L,147645,4831,3,66.1188505705218
B,SPTLC2,9517,2461,3,33.6821550929526
B,TCAF1,9747,4167,3,57.0311012890425
B,ZP1,22917,2582,3,35.3382057903306
B,ARHGEF5,7984,1895,3,25.9356700126555
B,SLC16A14,151473,3299,3,45.1513326500003
B,BARD1,580,1590,3,21.761327345711
B,C6orf118,168090,3836,3,52.5009130177027
B,ARHGEF16,27237,2304,3,31.5333950971812
B,THAP11,57215,5086,3,69.6088747674754
B,MC3R,4159,3563,3,48.7645341715523
B,FER1L5,90342,6158,3,84.2806627640806
B,TMSB4X,7114,3260,3,44.6175642434074
B,LRRC36,55282,4970,3,68.0212559170965
B,SSPO,23145,1860,3,25.4566470836619
B,CUL2,8453,3746,3,51.269139771719
B,ST6GALNAC1,55808,3485,3,47.6969973583665
B,SLC25A27,9481,8177,3,111.913442582314
B,CLECL1,160365,2709,3,37.0763747041075
B,UFM1,51569,3767,3,51.5565535291152
B,PKD1L3,342372,3545,3,48.5181795223556
B,CKMT2,1160,3602,3,49.2983025781452
B,CA2,760,3807,3,52.1040083051079
B,DNASE2,1777,4523,3,61.9034487953778
B,ACSM2B,348158,4391,3,60.0968480346018
B,RFTN2,130132,3768,3,51.570239898515
B,SPINK14,408187,4457,3,61.0001484149898
B,CEACAM5,1048,2047,3,28.0159981614279
B,SNAPIN,23557,3013,3,41.2370310016523
B,ACAP1,9744,2161,3,29.5762442730072
B,ZNF778,197320,2723,3,37.267983875705
B,CCL3,6348,3556,3,48.6687295857536
B,POFUT2,23275,3556,3,48.6687295857536
B,TAX1BP3,30851,3472,3,47.5190745561688
B,KRTAP11-1,337880,4135,3,56.5931374682483
B,PTPRZ1,5803,2933,3,40.1421214496668
B,SCRT2,85508,3759,3,51.4470625739167
B,IFNA1,3439,3729,3,51.0364714919221
B,PRSS54,221191,3019,3,41.3191492180512
B,AMOTL1,154810,7055,3,96.5573361157175
B,B3GNTL1,146712,2545,3,34.8318101225374
B,C1orf168,199920,4719,3,64.5859771977422
B,WASHC1,100287171,3652,3,49.9826210481361
B,C1orf50,79078,1417,3,19.3935854395424
B,SPAG16,79582,4913,3,67.2411328613069
B,MTERF2,80298,3559,3,48.709788693953
B,TMEM255A,55026,2934,3,40.1558078190666
B,WASHC5,9897,3727,3,51.0090987531225
B,GRN,2896,2379,3,32.5598728021675
B,TPM2,7169,2296,3,31.4239041419826
B,MANSC1,54682,1924,3,26.3325747252502
B,C5orf24,134553,4078,3,55.8130144124587
B,BBS7,55212,4863,3,66.556814391316
B,PNKP,11284,2936,3,40.1831805578663
B,FEM1B,10116,1613,3,22.0761138419068
B,TMEM74B,55321,1694,3,23.1847097632921
B,SMOC2,64094,2636,3,36.0772697379208
B,CLCA2,9635,5761,3,78.8471741123527
B,ANGEL1,23357,2908,3,39.7999622146714
B,OR10Q1,219960,6991,3,95.6814084741291
B,HEXIM1,10614,4587,3,62.7793764369661
B,LIMCH1,22998,2819,3,38.5818753380875
B,CHMP4A,29082,5609,3,76.7668459635804
B,FRMD4B,23150,3050,3,41.7434266694456
B,UBQLN3,50613,2773,3,37.9523023456959
B,USP9X,8239,1731,3,23.6911054310853
B,COLEC12,81035,3043,3,41.6476220836468
B,FGF20,26281,4062,3,55.5940325020616
B,RALA,5898,4785,3,65.4892775781302
B,GOLGA1,2800,2562,3,35.0644784023343
B,OR52N5,390075,5644,3,77.245868892574
B,H2AFY2,55506,1686,3,23.0752188080935
B,KPRP,448834,4784,3,65.4755912087303
B,LAD1,3898,2568,3,35.1465966187332
B,TRPM2,7226,6084,3,83.267871428494
B,TCP10,6953,5922,3,81.0506795857235
B,TBR1,10716,5231,3,71.5933983304491
B,SLN,6588,4751,3,65.0239410185363
B,RSPH6A,81492,2956,3,40.4569079458626
B,MTUS2,23281,5421,3,74.1938085164145
B,G0S2,50486,2664,3,36.4604880811157
B,TXNL1,9352,5817,3,79.6136107987426
B,ZNF257,113835,5479,3,74.987617941604
B,PAPOLA,10914,5751,3,78.7103104183546
B,CYP2C8,1558,4201,3,57.4964378486363
B,AMBRA1,55626,5973,3,81.7486844251142
B,IMP4,92856,3034,3,41.5244447590485
B,DNAJB11,51726,1650,3,22.5825095097001
B,KCNJ6,3763,2988,3,40.8948717666568
B,PTP4A3,11156,2795,3,38.2534024724919
B,LTA,4049,3878,3,53.075740532495
B,ADAMTS13,11093,2767,3,37.870184129297
B,ADSS,159,4001,3,54.7591639686727
B,OPRD1,4985,1746,3,23.8964009720826
B,TIGD1,200765,3667,3,50.1879165891334
B,STT3B,201595,2766,3,37.8564977598972
B,C2CD4A,145741,3368,3,46.0956921385878
B,CCSER1,401145,2706,3,37.0353155959081
B,IZUMO3,100129669,5265,3,72.0587348900429
B,RBM14,10432,4738,3,64.8460182163387
B,PEG3,5178,4547,3,62.2319216609734
B,SLC35A4,113829,5528,3,75.6582500421951
B,KRT6A,3853,4920,3,67.3369374471056
B,C1orf141,400757,6147,3,84.1301127006826
B,IL20RA,53832,5164,3,70.6764115806613
B,RPL36A-HNRNPH2,100529097,4805,3,65.7630049661265
B,SYN1,6853,3558,3,48.6961023245532
B,CLDN25,644672,4802,3,65.7219458579271
B,TBKBP1,9755,5199,3,71.1554345096549
B,IFFO1,25900,3929,3,53.7737453718858
B,MRPL18,29074,4188,3,57.3185150464387
B,OSR1,130497,2446,3,33.4768595519553
B,AQP7,364,4207,3,57.5785560650352
B,MT1B,4490,4865,3,66.5841871301156
B,TNFSF15,9966,4649,3,63.6279313397549
B,RAP1A,5906,2547,3,34.859182861337
B,P2RX1,5023,5188,3,71.0048844462569
B,STK16,8576,4742,3,64.900763693938
B,TRIM31,11074,7047,3,96.4478451605189
B,FECH,2235,2865,3,39.2114483304792
B,CTDSP2,10106,2959,3,40.4979670540621
B,FAM83H,286077,2154,3,29.4804396872084
B,HECTD1,25831,3136,3,42.9204544378299
B,RETREG1,54463,1544,3,21.1317543533193
B,CDK13,8621,3118,3,42.6740997886332
B,TGM3,7053,4798,3,65.6672003803278
B,L1TD1,54596,3133,3,42.8793953296305
B,KCNK5,8645,4542,3,62.1634898139743
B,COL13A1,1305,4467,3,61.137012108988
B,DYNC1I1,1780,2557,3,34.9960465553352
B,CEND1,51286,4577,3,62.642512742968
B,ZBTB18,10472,3345,3,45.7809056423919
B,MACF1,23499,3072,3,42.0445267962416
B,CARD8,22900,5819,3,79.6409835375422
B,SOD2,6648,5774,3,79.0250969145504
B,PLXDC1,57125,2002,3,27.4001115384361
B,CNIH4,29097,4848,3,66.3515188503187
B,TOR1B,27348,3457,3,47.3137790151716
B,COL9A3,1299,3539,3,48.4360613059567
B,SNRPN,6638,4170,3,57.072160397242
B,AGO3,192669,3719,3,50.8996077979239
B,ELL,8178,5895,3,80.6811476119284
B,PIGR,5284,3085,3,42.2224495984392
B,GPR61,83873,3037,3,41.5655038672479
B,BHMT2,23743,4426,3,60.5758709635954
B,ZNF287,57336,3489,3,47.7517428359657
B,NEUROD4,58158,6850,3,93.7516303887548
B,PLAUR,5329,3108,3,42.537236094635
B,SPOCK3,50859,3519,3,48.1623339179603
B,LRP6,4040,2748,3,37.6101431107005
B,RUFY2,55680,5338,3,73.0578398562296
B,COL23A1,91522,4096,3,56.0593690616554
B,CD19,930,5159,3,70.6079797336622
B,SERTAD2,9792,5202,3,71.1964936178543
B,HLA-DPA1,3113,4062,3,55.5940325020616
B,MRC2,9902,4346,3,59.48096141161
B,COPS2,9318,4517,3,61.8213305789789
B,PAPOLB,56903,3483,3,47.6696246195668
B,ADAMTS5,11096,5927,3,81.1191114327225
B,IFT122,55764,4649,3,63.6279313397549
B,GPR137C,283554,2254,3,30.8490766271903
B,CLU,1191,4379,3,59.932611601804
B,NCAM2,4685,3710,3,50.7764304733256
B,STX3,6809,4736,3,64.8186454775391
B,APEX1,328,5062,3,69.2804019018798
B,NEK7,140609,7255,3,99.2946099956811
B,AUNIP,79000,2271,3,31.0817449069872
B,DACH1,1602,5665,3,77.5332826499702
B,TBC1D12,23232,2569,3,35.160282988133
B,FRMD5,84978,4504,3,61.6434077767812
B,PPP1R18,170954,6157,3,84.2669763946807
B,S100A16,140576,3260,3,44.6175642434074
B,DPH3P1,100132911,5725,3,78.3544648139593
B,TRPC3,7222,2703,3,36.9942564877086
B,PRDM4,11108,2139,3,29.2751441462112
B,CALM2,805,4840,3,66.2420278951202
B,PRDM14,63978,1820,3,24.9091923076692
B,CNGA3,1261,4122,3,56.4152146660507
B,SLC37A4,2542,3508,3,48.0117838545623
B,RHBDF1,64285,3287,3,44.9870962172025
B,EYS,346007,4044,3,55.3476778528649
B,ATP11C,286410,4033,3,55.1971277894669
B,CYP26C1,340665,5604,3,76.6984141165813
B,AXIN2,8313,4253,3,58.2081290574269
B,A3GALT2,127550,4198,3,57.4553787404369
B,CCL17,6361,4509,3,61.7118396237803
B,HTR3C,170572,4363,3,59.7136296914069
B,KCNQ1,3784,1615,3,22.1034865807064
B,DSC2,1824,2730,3,37.3637884615037
B,OR5B21,219968,3698,3,50.6121940405278
B,TMEM205,374882,3733,3,51.0912169695214
B,COL24A1,255631,1838,3,25.1555469568659
B,PTRH2,51651,5938,3,81.2696614961206
B,TRIM24,8805,8165,3,111.749206149516
B,CAST,831,3590,3,49.1340661453474
B,QSOX1,5768,3554,3,48.6413568469539
B,OR2A1,346528,5004,3,68.4865924766903
B,BTBD7,55727,5533,3,75.7266818891942
B,OR4X1,390113,6871,3,94.0390441461509
B,HYAL1,3373,6506,3,89.0435193152173
B,ITGB1BP2,26548,5812,3,79.5451789517435
B,TMEM140,55281,4015,3,54.9507731402701
B,CC2D2A,57545,3538,3,48.4223749365568
B,CCNE2,9134,3823,3,52.322990215505
B,RHBDL2,54933,2606,3,35.6666786559263
B,GJA9,81025,4953,3,67.7885876372996
B,PAICS,10606,2803,3,38.3628934276904
B,DOLPP1,57171,3966,3,54.280141039679
B,TOX,9760,4492,3,61.4791713439834
B,C6orf10,10665,3792,3,51.8987127641107
B,IGFBP3,3486,5068,3,69.3625201182787
B,OR1F1,4992,3607,3,49.3667344251443
B,NIP7,51388,2506,3,34.2980417159444
B,TAS2R31,259290,1906,2,26.0862200760535
B,VEGFC,7424,2179,3,29.8225989222039
B,ALDH3B2,222,5622,3,76.944768765778
B,EIF2S1,1965,2660,3,36.4057426035165
B,SSMEM1,136263,3047,3,41.7023675612461
B,EIF2S3,1968,5615,3,76.8489641799793
B,SCEL,8796,4077,3,55.7993280430589
B,C10orf53,282966,2478,3,33.9148233727495
B,ATP6V0E2,155066,3360,3,45.9862011833892
B,SCNN1B,6338,3659,3,50.0784256339349
B,SLC27A1,376497,2448,3,33.504232290755
B,MPHOSPH8,54737,5860,3,80.2021246829347
B,MSH3,4437,2596,3,35.5298149619281
B,RBM8A,9939,5213,3,71.3470436812523
B,VILL,50853,5428,3,74.2896131022133
B,DAPL1,92196,2560,3,35.0371056635346
B,NEURL1,9148,3895,3,53.3084088122919
B,KCNE3,10008,4183,3,57.2500831994396
B,OVGP1,5016,4223,3,57.7975379754323
B,CAMK1G,57172,4843,3,66.2830870033196
B,LOC728485,728485,2992,3,40.9496172442561
B,ELMSAN1,91748,1671,3,22.8699232670962
B,RNASE10,338879,4546,3,62.2182352915736
B,CYP4F11,57834,4928,3,67.4464284023042
B,SYS1,90196,4534,3,62.0539988587758
B,SNUPN,10073,3048,3,41.7160539306459
B,RP1,6101,2791,3,38.1986569948926
B,LAMB4,22798,5888,3,80.5853430261296
B,ECH1,1891,4840,3,66.2420278951202
B,PGLYRP1,8993,2074,3,28.385530135223
B,MOB2,81532,3690,3,50.5027030853292
B,UBE4A,9354,7605,3,104.084839285618
B,ATP1B4,23439,4120,3,56.387841927251
B,SMCO1,255798,3818,3,52.2545583685059
B,HELT,391723,2241,3,30.6711538249926
B,MTMR14,64419,2640,3,36.1320152155201
B,ECHDC2,55268,6298,3,86.1967544800551
B,MIF,4282,2504,3,34.2706689771448
B,MYBPC3,4607,4537,3,62.0950579669752
B,NRL,4901,4354,3,59.5904523668085
B,PLSCR3,57048,2806,3,38.4039525358899
B,NBPF9,400818,6051,3,82.8162212383
B,NBPF7,343505,5534,3,75.740368258594
B,NEU3,10825,2623,3,35.8993469357232
B,OOEP,441161,1710,3,23.4036916736891
B,KATNAL2,83473,2584,3,35.3655785291303
B,CD82,3732,3512,3,48.0665293321616
B,LVRN,206338,5058,3,69.2256564242805
B,NPAP1,23742,4378,3,59.9189252324041
B,MAPRE2,10982,3159,3,43.2352409340257
B,KAT7,11143,2613,3,35.762483241725
B,POP5,51367,5421,3,74.1938085164145
B,REG1B,5968,5439,3,74.4401631656113
B,ITGB7,3695,3840,3,52.5556584953019
B,PTN,5764,3932,3,53.8148044800852
B,PPP1R1B,84152,6467,3,88.5097509086244
B,DPYS,1807,1310,3,17.9291439137619
B,DNAJC13,23317,6244,3,85.4576905324649
B,C1orf53,388722,4459,3,61.0275211537894
B,TRIM47,91107,3538,3,48.4223749365568
B,FAM19A1,407738,4992,3,68.3223560438925
B,GYG2,8908,2795,3,38.2534024724919
B,C3orf20,84077,3467,3,47.4506427091697
B,DENND6B,414918,3637,3,49.7773255071388
B,PTPN9,5780,3008,3,41.1685991546532
B,ACAT2,39,3304,3,45.2197644969994
B,GPLD1,2822,3374,3,46.1778103549867
B,MYEF2,50804,3272,3,44.7818006762052
B,EIF3B,8662,3699,3,50.6258804099276
B,TM9SF1,10548,4010,3,54.882341293271
B,YIF1A,10897,2926,3,40.0463168638681
B,SPATA19,219938,5503,3,75.3160908071996
B,SPEF1,25876,3553,3,48.6276704775541
B,ZC3H7A,29066,4344,3,59.4535886728103
B,CDH8,1006,8216,3,112.447210988906
B,TDRD12,91646,4489,3,61.438112235784
B,TRPT1,83707,1490,3,20.3926904057291
B,IL1RL2,8808,2742,3,37.5280248943015
B,TM7SF2,7108,1539,3,21.0633225063202
B,FGFBP1,9982,4124,3,56.4425874048503
B,ORM2,5005,3586,3,49.0793206677481
B,C2orf81,388963,2865,3,39.2114483304792
B,CIITA,4261,5534,3,75.740368258594
B,RIOK2,55781,4643,3,63.545813123356
B,DDR2,4921,4863,3,66.556814391316
B,TMEM17,200728,3672,3,50.2563484361325
B,NRN1,51299,3290,3,45.0281553254019
B,MEOX1,4222,2612,3,35.7487968723252
B,GAL3ST4,79690,6106,3,83.56897155529
B,PSMC4,5704,4107,3,56.2099191250534
B,FUT1,2523,3101,3,42.4414315088363
B,IGFL3,388555,5953,3,81.4749570371178
B,TNP2,7142,2775,3,37.9796750844955
B,TTLL10,254173,5538,3,75.7951137361933
B,SALL1,6299,2928,3,40.0736896026677
B,JUNB,3726,1965,3,26.8937158706428
B,MTMR2,8898,2824,3,38.6503071850866
B,BTNL3,10917,4064,3,55.6214052408612
B,RRAGC,64121,3682,3,50.3932121301307
B,SPINK4,27290,3195,3,43.7279502324192
B,GFRA4,64096,2282,3,31.2322949703852
B,FGF23,8074,2330,3,31.8892407015764
B,TTLL8,164714,3680,3,50.365839391331
B,IL17RE,132014,3038,3,41.5791902366477
B,ZCCHC14,23174,4831,3,66.1188505705218
B,CROT,54677,2555,3,34.9686738165355
B,TNNI2,7136,4693,3,64.2301315933469
B,GALNT3,2591,5325,3,72.879917054032
B,MAP4K1,11184,1858,3,25.4292743448622
B,RAB39B,116442,2283,3,31.245981339785
B,KIR3DL2,3812,3095,2,42.3593132924374
B,LRP1,4035,2625,3,35.9267196745228
B,CEP250,11190,1785,3,24.4301693786755
B,OR10AD1,121275,2864,3,39.1977619610794
B,CALHM3,119395,2446,3,33.4768595519553
B,RBCK1,10616,4253,3,58.2081290574269
B,FAM71E2,284418,5224,3,71.4975937446504
B,HPS6,79803,2028,3,27.7559571428313
B,EEF1A1,1915,2528,3,34.5991418427404
B,C10orf35,219738,3921,3,53.6642544166872
B,FTMT,94033,2617,3,35.8172287193243
B,WDR66,144406,2393,3,32.751481973765
B,RBMS2,5939,6709,3,91.8218523033804
B,C6orf106,64771,3281,3,44.9049780008036
B,FSCN3,29999,3940,3,53.9242954352838
B,PLD4,122618,3715,3,50.8448623203247
B,CAMTA2,23125,3799,3,51.9945173499094
B,UBE2NL,389898,2450,3,33.5316050295546
B,SKOR1,390598,3161,3,43.2626136728254
B,FFAR1,2864,3234,3,44.2617186390121
B,TSPY3,728137,3819,3,52.2682447379058
B,FANCI,55215,4529,3,61.9855670117767
B,ZNF571,51276,2801,3,38.3355206888908
B,ARRDC4,91947,1389,3,19.0103670963475
B,ALKBH1,8846,7327,3,100.280028592468
B,BRWD1,54014,2354,3,32.2177135671721
B,ASF1B,55723,974,3,13.3305237954229
B,PIKFYVE,200576,1758,3,24.0606374048804
B,TNS2,23371,2957,3,40.4705943152625
B,ATP13A1,57130,1680,3,22.9931005916946
B,BBS2,583,2755,3,37.7059476964992
B,SPECC1L,23384,3023,3,41.3738946956505
B,ETV4,2118,3079,3,42.1403313820403
B,ELANE,1991,3625,3,49.613089074341
B,C16orf89,146556,872,3,11.9345141166415
B,TLCD1,116238,2165,3,29.6309897506064
B,GTPBP2,54676,4731,3,64.75021363054
B,SPG21,51324,2612,3,35.7487968723252
B,EML4,27436,4646,3,63.5868722315554
B,MDFI,4188,2328,3,31.8618679627768
B,SUCLA2,8803,1787,3,24.4575421174751
B,PHF7,51533,3751,3,51.3375716187181
B,LCE2C,353140,6864,3,93.9432395603522
B,TENM2,57451,5949,3,81.4202115595186
B,TOM1L2,146691,3383,3,46.300987679585
B,RPL18A,6142,2710,3,37.0900610735074
B,SHISA5,51246,4633,3,63.4089494293578
B,RHO,6010,3032,3,41.4970720202488
B,SPI1,6688,4836,3,66.1872824175209
B,AMIGO1,57463,1474,3,20.173708495332
B,SNRPE,6635,4599,3,62.943612869764
B,LOR,4014,5371,3,73.5094900464236
B,ELK1,2002,5108,3,69.9099748942714
B,CCNDBP1,23582,2249,3,30.7806447801912
B,ACCS,84680,6086,3,83.2952441672936
B,WBP11,51729,4021,3,55.032891356669
B,C10orf142,100130539,2314,3,31.6702587911793
B,SAMD12,401474,4144,3,56.7163147928467
B,TIMM8B,26521,4018,3,54.9918322484696
B,DDX1,1653,4225,3,57.824910714232
B,STAR,6770,4689,3,64.1753861157476
B,SEL1L,6400,7311,3,100.061046682071
B,FAM46C,54855,5996,3,82.06347092131
B,HMOX2,3163,1512,3,20.6937905325251
B,TUBA1B,10376,6830,3,93.4779030007584
B,PSEN2,5664,2436,3,33.3399958579572
B,SLC7A14,57709,4339,3,59.3851568258112
B,TTC32,130502,7703,3,105.4261034868
B,DDX41,51428,1603,3,21.9392501479086
B,SCYL2,55681,1676,3,22.9383551140953
B,KRT6C,286887,4661,3,63.7921677725527
B,VAV1,7409,4703,3,64.3669952873451
B,UNC119,9094,2652,3,36.2962516483179
B,DNAJC16,23341,3031,3,41.483385650849
B,UBASH3A,53347,4015,3,54.9507731402701
B,CNTN1,1272,3270,3,44.7544279374056
B,ACTC1,70,3359,3,45.9725148139894
B,LRRN1,57633,1665,3,22.7878050506973
B,RHBDL3,162494,2637,3,36.0909561073206
B,RNASEH2B,79621,5863,3,80.2431837911342
B,MEGF8,1954,2475,3,33.8737642645501
B,ZNF577,84765,4148,3,56.7710602704459
B,MTRNR2L8,100463486,5936,3,81.2422887573209
B,NCOA4,8031,3343,3,45.7535329035923
B,SOCS4,122809,3749,3,51.3101988799185
B,B3GNT8,374907,5085,3,69.5951883980756
B,HMG20A,10363,6425,3,87.934923393832
B,LIPT2,387787,2823,3,38.6366208156868
B,ARMS2,387715,4677,3,64.0111496829498
B,EDN1,1906,3568,3,48.8329660185514
B,SLC2A8,29988,2783,3,38.0891660396941
B,ARFGEF3,57221,2312,3,31.6428860523797
B,GGT7,2686,2595,3,35.5161285925283
B,FNIP1,96459,3354,3,45.9040829669903
B,DUSP23,54935,5206,3,71.2512390954536
B,AGAP3,116988,6529,3,89.3583058114131
B,HSD17B12,51144,3332,3,45.6029828401943
B,OIP5,11339,3426,3,46.8895015637772
B,AAGAB,79719,3915,3,53.5821362002883
B,DCDC1,341019,3915,3,53.5821362002883
B,PDIK1L,149420,4266,3,58.3860518596245
B,LMCD1,29995,3298,3,45.1376462806005
B,CHST10,9486,4354,3,59.5904523668085
B,FRAT1,10023,4714,3,64.5175453507431
B,SECTM1,6398,3969,3,54.3212001478785
B,ZNF26,7574,4126,3,56.4699601436499
B,TM2D3,80213,3059,3,41.8666039940439
B,RPL10A,4736,2879,3,39.4030575020766
B,DCAF12L1,139170,5853,3,80.106320097136
B,MPND,84954,2140,3,29.288830515611
B,NAE1,8883,2370,3,32.4366954775692
B,S100A11,6282,6770,3,92.6567208367693
B,KPNA1,3836,2055,3,28.1254891166264
B,GALNT9,50614,2096,3,28.686630262019
B,CHAF1A,10036,3649,3,49.9415619399367
B,KCNS3,3790,1106,3,15.1371245561989
B,SLC36A4,120103,2864,3,39.1977619610794
B,SAXO2,283726,4005,3,54.8139094462719
B,ARL4D,379,2688,3,36.7889609467114
B,FADS1,3992,3738,3,51.1596488165205
B,HIST1H4E,8367,4754,3,65.0650001267358
B,AKAP12,9590,3233,3,44.2480322696123
B,PTGS2,5743,6244,3,85.4576905324649
B,MINDY2,54629,5795,3,79.3125106719466
B,ELF5,2001,4582,3,62.7109445899671
B,HIST1H2AD,3013,4836,3,66.1872824175209
B,SLC25A28,81894,3879,3,53.0894269018948
B,CCDC150,284992,5239,3,71.7028892856476
B,MPDU1,9526,4224,3,57.8112243448321
B,THSD1,55901,8043,3,110.079469082738
B,ZNF143,7702,5479,3,74.987617941604
B,RCBTB2,1102,4280,3,58.577661031222
B,HSPBAP1,79663,3022,3,41.3602083262506
B,GATAD1,57798,4343,3,59.4399023034105
B,TMPRSS2,7113,6289,3,86.0735771554568
B,CDKN3,1033,4143,3,56.7026284234469
B,NFATC4,4776,7404,3,101.333879036254
B,CENPI,2491,4251,3,58.1807563186272
B,EIF4G3,8672,1250,3,17.1079617497728
B,MOB3A,126308,3962,3,54.2253955620798
B,VEGFB,7423,2673,3,36.5836654057141
B,SLC16A3,9123,3729,3,51.0364714919221
B,DCHS1,8642,2247,3,30.7532720413915
B,PHF2,5253,2507,3,34.3117280853443
B,DNAJB5,25822,3933,3,53.828490849485
B,NUBP2,10101,3897,3,53.3357815510916
B,ABTB2,25841,1863,3,25.4977061918613
B,DCUN1D3,123879,4943,3,67.6517239433014
B,SRRD,402055,3001,3,41.0727945688545
B,TFE3,7030,4164,3,56.990042180843
B,FAM118A,55007,2982,3,40.8127535502579
B,WASF1,8936,2157,3,29.5214987954079
B,TNFAIP1,7126,5403,3,73.9474538672178
B,MAGEB4,4115,3612,3,49.4351662721434
B,MOGS,7841,3166,3,43.3310455198245
B,MYRIP,25924,2957,3,40.4705943152625
B,SH3GLB2,56904,1660,3,22.7193732036982
B,ZNF511,118472,3614,3,49.462539010943
B,ATCAY,85300,3517,3,48.1349611791607
B,CDX2,1045,3782,3,51.7618490701125
B,EHD1,10938,4799,3,65.6808867497276
B,LACC1,144811,7952,3,108.834009467354
B,RSG1,79363,3144,3,43.0299453930285
B,PEX1,5189,4862,3,66.5431280219162
B,C18orf54,162681,3009,3,41.182285524053
B,KCNK6,9424,3827,3,52.3777356931043
B,SWSAP1,126074,2900,3,39.6904712594728
B,FRA10AC1,118924,4391,3,60.0968480346018
B,PIM3,415116,2298,3,31.4512768807823
B,CD300LB,124599,4376,3,59.8915524936045
B,EPS8,2059,2303,3,31.5197087277813
B,FBXO30,84085,4509,3,61.7118396237803
B,MEGF10,84466,6647,3,90.9732974005917
B,SOGA3,387104,3342,3,45.7398465341925
B,CCDC179,100500938,3489,3,47.7517428359657
B,SEMA7A,8482,2812,3,38.4860707522888
B,TDGF1,6997,3398,3,46.5062832205823
B,MCM10,55388,4051,3,55.4434824386636
B,ZNF703,80139,4132,3,56.5520783600489
B,KLHDC3,116138,2688,3,36.7889609467114
B,GRM1,2911,4370,3,59.8094342772056
B,CNTROB,116840,4579,3,62.6698854817676
B,KLHL22,84861,2301,3,31.4923359889817
B,NODAL,4838,6029,3,82.515121111504
B,DNAJC19,131118,3983,3,54.5128093194759
B,TRAPPC6A,79090,7060,3,96.6257679627166
B,SMC1B,27127,5312,3,72.7019942518343
B,CACNG1,786,3819,3,52.2682447379058
B,RTKN,6242,7019,3,96.064626817324
B,GEMIN5,25929,4494,3,61.5065440827831
B,ITSN2,50618,4011,3,54.8960276626709
B,SLC35A5,55032,7669,3,104.960766927206
B,MGAT4B,11282,6452,3,88.3044553676271
B,WDR77,79084,2483,3,33.9832552197486
B,SERTAD3,29946,3412,3,46.6978923921797
B,CD300LF,146722,4880,3,66.7894826711129
B,ATG101,60673,2784,3,38.1028524090939
B,CLEC2L,154790,3123,3,42.7425316356323
B,CDC14B,8555,1527,3,20.8990860735224
B,DCUN1D4,23142,5090,3,69.6636202450747
B,NCDN,23154,3274,3,44.8091734150048
B,MICALCL,84953,5458,3,74.7002041842078
B,CTNND1,1500,6372,3,87.2095458156417
B,ZNF540,163255,6400,3,87.5927641588366
B,STK17A,9263,1676,3,22.9383551140953
B,AGO1,26523,2890,3,39.5536075654746
B,TMEM222,84065,4060,3,55.566659763262
B,GAS6,2621,2128,3,29.1245940828132
B,ELL3,80237,3948,3,54.0337863904823
B,GNA13,10672,3804,3,52.0629491969085
B,DBP,1628,5695,3,77.9438737319647
B,TP73,7161,2192,3,30.0005217244015
B,SDC3,9672,1605,3,21.9666228867082
B,TIMM22,29928,2735,3,37.4322203085028
B,MPV17,4358,6702,3,91.7260477175817
B,ZNF189,7743,5008,3,68.5413379542896
B,LNX2,222484,3054,3,41.7981721470448
B,ADAMTS15,170689,2541,3,34.7770646449381
B,KLK14,43847,3454,3,47.2727199069721
B,SLC22A18AS,5003,6182,3,84.6091356296762
B,SPINT3,10816,4335,3,59.330411348212
B,CYP27A1,1593,6528,3,89.3446194420133
B,SHH,6469,2653,3,36.3099380177177
B,ADAMTS14,140766,5065,3,69.3214610100793
B,MAPK1IP1L,93487,4384,3,60.0010434488031
B,FAM222A,84915,1549,3,21.2001862003184
B,FBXW2,26190,4263,3,58.344992751425
B,ARTN,9048,6573,3,89.9605060650051
B,ZNF669,79862,4046,3,55.3750505916645
B,VIPAS39,63894,3950,3,54.0611591292819
B,TPSAB1,7177,8276,3,113.268393152896
B,PYROXD2,84795,2605,3,35.6529922865264
B,UTP11,51118,4914,3,67.2548192307067
B,ETHE1,23474,4048,3,55.4024233304641
B,ARHGAP17,55114,2088,3,28.5771393068204
B,ZDHHC9,51114,3735,3,51.118589708321
B,NKG7,4818,4809,3,65.8177504437258
B,C1orf194,127003,6449,3,88.2633962594277
B,FOLR2,2350,3038,3,41.5791902366477
B,MED30,90390,2411,3,32.9978366229617
B,ARHGAP18,93663,3460,3,47.354838123371
B,CCDC174,51244,5448,3,74.5633404902096
B,HCK,3055,8101,3,110.873278507927
B,SERPINF1,5176,5599,3,76.6299822695822
B,BOLL,66037,5026,3,68.7876926034863
B,SMIM22,440335,8222,3,112.529329205305
B,LIG4,3981,4995,3,68.363415152092
B,ABCG1,9619,4946,3,67.6927830515009
B,FBXL12,54850,6827,3,93.4368438925589
B,PTCD3,55037,4203,3,57.523810587436
B,TACO1,51204,5779,3,79.0935287615495
B,MMP12,4321,4068,3,55.6761507184605
B,YTHDC1,91746,8994,3,123.095206381965
B,POLD2,5425,5581,3,76.3836276203854
B,SAR1B,51128,3371,3,46.1367512467872
B,TMEM51,55092,6167,3,84.4038400886789
B,VPS26A,9559,10460,3,143.159423922099
B,OR51F2,119694,5655,3,77.396418955972
B,VTCN1,79679,4364,3,59.7273160608067
B,IL18BP,10068,4698,3,64.298563440346
B,TRIM51,84767,5987,3,81.9402935967116
B,PCDH20,64881,4345,3,59.4672750422101
B,TRIM45,80263,2779,3,38.0344205620948
B,CFC1,55997,5007,3,68.5276515848898
B,TBC1D2,55357,3977,3,54.430691103077
B,INSL6,11172,6987,3,95.6266629965299
B,ZC3HC1,51530,5544,3,75.8772319525922
B,RAB37,326624,5339,3,73.0715262256294
B,FCGR3B,2215,4278,3,58.5502882924223
B,S1PR3,1903,6269,3,85.7998497674604
B,C9orf47,286223,5645,3,77.2595552619738
B,UNC45A,55898,3978,3,54.4443774724769
B,MPPE1,65258,4503,3,61.6297214073814
B,CASKIN2,57513,5916,3,80.9685613693246
B,TOMM20,9804,1896,3,25.9493563820553
B,C20orf27,54976,4475,3,61.2465030641865
B,AGRP,181,3381,3,46.2736149407854
B,LUZP6,767558,6446,3,88.2223371512282
B,TSPY2,64591,5217,2,71.4017891588516
B,ZNF90,7643,5025,3,68.7740062340865
B,LAT,27040,6516,3,89.1803830092155
B,TAOK2,9344,5244,3,71.7713211326467
B,ZHX1-C8orf76,100533106,5438,3,74.4264767962114
B,DPY19L4,286148,3174,3,43.440536475023
B,PRR20A,122183,4798,3,65.6672003803278
B,CUL3,8452,5803,3,79.4220016271451
B,WAC,51322,3109,3,42.5509224640348
B,GATD1,347862,1569,3,21.4739135883148
B,ANOS1,3730,3757,3,51.419689835117
B,PM20D2,135293,6243,3,85.4440041630651
B,CD274,29126,6946,3,95.0655218511373
B,PGAP2,27315,5094,3,69.718365722674
B,SERPINA3,12,7935,3,108.601341187558
B,ETS2,2114,3191,3,43.6732047548199
B,XG,7499,7250,3,99.226178148682
B,GRTP1,79774,5506,3,75.3571499153991
B,ZNF785,146540,7005,3,95.8730176457266
B,UNC13D,201294,6191,3,84.7323129542746
B,ZMYM3,9203,5658,3,77.4374780641715
B,TMOD4,29765,5300,3,72.5377578190365
B,FRYL,285527,3605,3,49.3393616863447
B,BUB1B,701,7310,3,100.047360312671
B,CCKAR,886,5196,3,71.1143754014554
B,MTHFD1,4522,2349,3,32.149281720173
B,MMACHC,25974,3852,3,52.7198949280998
B,USP37,57695,3958,3,54.1706500844805
B,CCDC17,149483,5930,3,81.160170540922
B,SP110,3431,2626,3,35.9404060439226
B,MIPEP,4285,6931,3,94.86022631014
B,NCCRP1,342897,3921,3,53.6642544166872
B,DDX19B,11269,6337,3,86.730522886648
B,ECI2,10455,6400,3,87.5927641588366
B,GLA,2717,4045,3,55.3613642222647
B,IFT80,57560,5406,3,73.9885129754173
B,LUC7L3,51747,2910,3,39.827334953471
B,SYCP1,6847,5655,3,77.396418955972
B,SLPI,6590,6792,3,92.9578209635653
B,ARSD,414,2629,3,35.9814651521221
B,C10orf105,414152,3512,3,48.0665293321616
B,FAM186B,84070,5292,3,72.428266863838
B,ZNF23,7571,3662,3,50.1194847421343
B,CDC20,991,4249,3,58.1533835798276
B,KIAA2026,158358,950,3,13.0020509298273
B,MISP3,113230,2741,3,37.5143385249017
B,SDR39U1,56948,7084,3,96.9542408283122
B,DDOST,1650,5829,3,79.7778472315404
B,MAIP1,79568,4974,3,68.0760013946958
B,HHAT,55733,4575,3,62.6151400041683
B,NDN,4692,3457,3,47.3137790151716
B,EMX1,2016,5558,3,76.0688411241896
B,KRT31,3881,7697,3,105.343985270401
B,OR2C3,81472,6098,3,83.4594806000915
B,ELOVL1,64834,3977,3,54.430691103077
B,LRRC30,339291,4190,3,57.3458877852383
B,SYCN,342898,5890,3,80.6127157649293
B,CTNNAL1,8727,2925,3,40.0326304944683
B,ALG2,85365,5982,3,81.8718617497125
B,GNLY,10578,2846,3,38.9514073118826
B,NHLH1,4807,5547,3,75.9182910607916
B,FAM83C,128876,2135,3,29.2203986686119
B,GSE1,23199,4614,3,63.1489084107612
B,SP5,389058,3586,3,49.0793206677481
B,GOLGA5,9950,2398,3,32.8199138207641
B,BCKDK,10295,2550,3,34.9002419695364
B,ZNF260,339324,3489,3,47.7517428359657
B,SLC29A2,3177,3324,3,45.4934918849957
B,GSC2,2928,2365,3,32.3682636305701
B,RPL21,6144,4420,3,60.4937527471965
B,ATIC,471,5661,3,77.4785371723709
B,C6orf223,221416,5135,3,70.2795068680665
B,CTAG2,30848,1802,3,24.6628376584724
B,OMP,4975,5438,3,74.4264767962114
B,HOXD10,3236,2434,3,33.3126231191575
B,PRRG4,79056,3226,3,44.1522276838136
B,MAGEA8,4107,4164,3,56.990042180843
B,FAAH,2166,2657,3,36.364683495317
B,SHOC2,8036,5580,3,76.3699412509856
B,RIMKLA,284716,3663,3,50.1331711115341
B,NUDT8,254552,2526,3,34.5717691039408
B,PIWIL1,9271,6241,3,85.4166314242655
B,C2orf40,84417,3527,3,48.2718248731588
B,COQ4,51117,3075,3,42.085585904441
B,SALL3,27164,3511,3,48.0528429627618
B,C1orf159,54991,5929,3,81.1464841715222
B,TVP23C,201158,4944,3,67.6654103127012
B,TBC1D5,9779,3814,3,52.1998128909067
B,DLC1,10395,4701,3,64.3396225485454
B,TMEM240,339453,4768,3,65.2566092983332
B,ASB1,51665,3221,3,44.0837958368145
B,GPR182,11318,5794,3,79.2988243025467
B,ZFR2,23217,3561,3,48.7371614327527
B,ARAF,369,2013,3,27.5506616018341
B,OSTC,58505,2905,3,39.7589031064719
B,CASP8AP2,9994,4314,3,59.0429975908158
B,ABLIM3,22885,4914,3,67.2548192307067
B,VPS13A,23230,4372,3,59.8368070160052
B,INPP4A,3631,4125,3,56.4562737742501
B,RCAN2,10231,6160,3,84.3080355028802
B,DCAF16,54876,5150,3,70.4848024090638
B,SMDT1,91689,5926,3,81.1054250633227
B,GGT6,124975,6477,3,88.6466146026226
B,TMEM87B,84910,3029,3,41.4560129120494
B,CDNF,441549,3636,3,49.763639137739
B,C4BPB,725,5104,3,69.8552294166722
B,GLE1,2733,5627,3,77.0132006127771
B,ARR3,407,6209,3,84.9786676034713
B,OS9,10956,5174,3,70.8132752746594
B,NFAT5,10725,6104,3,83.5415988164904
B,PRICKLE4,29964,3791,3,51.8850263947109
B,CDKL5,6792,5318,3,72.7841124682333
B,SF1,7536,3696,3,50.5848213017281
B,ODF4,146852,6824,3,93.3957847843595
B,MOB4,25843,5366,3,73.4410581994245
B,SLC6A13,6540,6881,3,94.1759078401491
B,EVC,2121,3595,3,49.2024979923465
B,OAZ1,4946,4565,3,62.4782763101701
B,ATP6V1G2,534,5672,3,77.6290872357689
B,ATP1A4,480,4218,3,57.7291061284332
B,SIRT7,51547,3539,3,48.4360613059567
B,RGS7,6000,4091,3,55.9909372146563
B,L2HGDH,79944,6119,3,83.7468943574876
B,ITGA10,8515,6293,3,86.128322633056
B,DPH2,1802,5945,3,81.3654660819193
B,PSMB10,5699,6727,3,92.0682069525771
B,PRDM13,59336,2619,3,35.8446014581239
B,SGK494,124923,3984,3,54.5264956888758
B,ERICH2,285141,5775,3,79.0387832839502
B,MLLT10,8028,6102,3,83.5142260776907
B,TRAPPC3,27095,5066,3,69.3351473794791
B,LST1,7940,3691,3,50.516389454729
B,MST1L,11223,5736,3,78.5050148773573
B,HCFC1R1,54985,1314,3,17.9838893913611
B,NARR,100861437,4991,3,68.3086696744927
B,KDSR,2531,2545,3,34.8318101225374
B,AP3D1,8943,3556,3,48.6687295857536
B,MDK,4192,5786,3,79.1893333473482
B,UBE2R2,54926,5852,3,80.0926337277362
B,KMT2D,8085,4963,3,67.9254513312978
B,SNX21,90203,1010,3,13.8232330938164
B,EPN1,29924,3967,3,54.2938274090789
B,ZNF740,283337,3190,3,43.6595183854201
B,ATP13A2,23400,6277,3,85.9093407226589
B,SUCO,51430,2860,3,39.1430164834801
B,SORCS2,57537,2812,3,38.4860707522888
B,HSPB3,8988,5782,3,79.1345878697489
B,STAT1,6772,3848,3,52.6651494505005
B,CEACAM8,1088,3493,3,47.806488313565
B,TMED4,222068,5729,3,78.4092102915585
B,ATL2,64225,4537,3,62.0950579669752
B,TRAK2,66008,2572,3,35.2013420963324
B,PPP3R1,5534,3197,3,43.7553229712188
B,GMEB1,10691,3393,3,46.4378513735832
B,POU5F2,134187,4524,3,61.9171351647776
B,KLLN,100144748,4713,3,64.5038589813433
B,FAM81B,153643,3758,3,51.4333762045169
B,LOC730183,730183,1276,3,17.463807354168
B,PHLDB3,653583,6720,3,91.9724023667784
B,OTUD7A,161725,3363,3,46.0272602915887
B,INPPL1,3636,2129,3,29.138280452213
B,NPTN,27020,4758,3,65.1197456043351
B,BTBD9,114781,3261,3,44.6312506128072
B,NLRX1,79671,7117,3,97.4058910185062
B,ELAVL2,1993,4474,3,61.2328166947867
B,SFR1,119392,4504,3,61.6434077767812
B,RNF114,55905,4269,3,58.427110967824
B,TNR,7143,4733,3,64.7775863693396
B,MRPL10,124995,4257,3,58.2628745350261
B,NSA2,10412,5263,3,72.0313621512433
B,EHBP1,23301,4872,3,66.6799917159143
B,SWI5,375757,5375,3,73.5642355240229
B,QPRT,23475,4513,3,61.7665851013796
B,SEMA4A,64218,4528,3,61.9718806423769
B,DIO3,1735,3395,3,46.4652241123828
B,TONSL,4796,2628,3,35.9677787827223
B,FAIM2,23017,2893,3,39.5946666736741
B,HCST,10870,6413,3,87.7706869610342
B,DDIT4L,115265,3144,3,43.0299453930285
B,CPS1,1373,4183,3,57.2500831994396
B,ZBTB4,57659,1963,3,26.8663431318432
B,POLR2E,5434,4020,3,55.0192049872692
B,SCYL3,57147,5244,3,71.7713211326467
B,UTP23,84294,3650,3,49.9552483093365
B,LAS1L,81887,6145,3,84.1027399618829
B,B2M,567,5406,3,73.9885129754173
B,GPR139,124274,3923,3,53.6916271554869
B,SH3TC2,79628,4465,3,61.1096393701883
B,SYT6,148281,4095,3,56.0456826922556
B,MAPK15,225689,4422,3,60.5211254859961
B,UGT3A2,167127,4582,3,62.7109445899671
B,FAM214A,56204,8430,3,115.376094040468
B,COX5A,9377,3425,3,46.8758151943774
B,IL36G,56300,5755,3,78.7650558959538
B,PPP1R13L,10848,3117,3,42.6604134192334
B,ZNF385A,25946,3777,3,51.6934172231134
B,CNGB1,1258,6692,3,91.5891840235835
B,TMCC3,57458,4157,3,56.8942375950443
B,CCDC30,728621,3350,3,45.849337489391
B,EPB42,2038,2934,3,40.1558078190666
B,COMMD1,150684,2353,3,32.2040271977723
B,TREM2,54209,3733,3,51.0912169695214
B,MDP1,145553,3661,3,50.1057983727345
B,TAF9,6880,3092,3,42.3182541842379
B,C16orf86,388284,4495,3,61.5202304521829
B,UCP1,7350,6544,3,89.5636013524104
B,LRIF1,55791,2313,3,31.6565724217795
B,NOC3L,64318,4003,3,54.7865367074723
B,TRAF1,7185,6240,3,85.4029450548656
B,PLA2G4F,255189,3490,3,47.7654292053656
B,XIRP1,165904,4664,3,63.8332268807521
B,BBX,56987,2614,3,35.7761696111248
B,PRNP,5621,3654,3,50.0099937869357
B,TMPRSS11B,132724,6629,3,90.7269427513949
B,LINC00452,643365,6384,3,87.3737822484395
B,STK19,8859,3123,3,42.7425316356323
B,ENY2,56943,3287,3,44.9870962172025
B,MEX3C,51320,4946,3,67.6927830515009
B,MOV10,4343,5409,3,74.0295720836167
B,FPR1,2357,5353,3,73.2631353972269
B,DLGAP1,9229,4202,3,57.5101242180361
B,NUCB2,4925,2791,3,38.1986569948926
B,CELA2B,51032,4087,3,55.936191737057
B,RAB2B,84932,5335,3,73.0167807480302
B,MYH1,4619,7091,3,97.050045414111
B,ZNF654,55279,4531,3,62.0129397505763
B,DENND2C,163259,6554,3,89.7004650464086
B,R3HCC1L,27291,6177,3,84.5407037826771
B,OR10H4,126541,6077,3,83.1720668426953
B,DDX24,57062,3172,3,43.4131637362234
B,GUCY1B3,2983,3864,3,52.8841313608976
B,HPS4,89781,4581,3,62.6972582205672
B,PGPEP1L,145814,5369,3,73.482117307624
B,NRROS,375387,2401,3,32.8609729289635
B,CABLES1,91768,4118,3,56.3604691884514
B,CES4A,283848,3538,3,48.4223749365568
B,PXT1,222659,2533,3,34.6675736897395
B,STPG1,90529,4016,3,54.96445950967
B,PYDC1,260434,4294,3,58.7692702028194
B,GCAT,23464,5201,3,71.1828072484545
B,TMEM72,643236,6986,3,95.61297662713
B,FIGNL1,63979,4874,3,66.707364454714
B,NDST1,3340,4804,3,65.7493185967267
B,RANBP3,8498,6978,3,95.5034856719315
B,DOCK3,1795,3390,3,46.3967922653837
B,ACAA1,30,3705,3,50.7079986263265
B,ADPRM,56985,2240,3,30.6574674555928
B,WDR53,348793,6646,3,90.9596110311919
B,COQ8B,79934,4975,3,68.0896877640956
B,RAG2,5897,9111,3,124.696511601744
B,IL1A,3552,4766,3,65.2292365595336
B,FLOT1,10211,3414,3,46.7252651309794
B,PRR25,388199,3337,3,45.6714146871934
B,CDCA2,157313,2679,3,36.665783622113
B,AGAP4,119016,5236,3,71.6618301774482
B,HP,3240,6683,3,91.4660066989851
B,RPL8,6132,3635,3,49.7499527683392
B,TTC39A,22996,3553,3,48.6276704775541
B,KRT83,3889,5493,3,75.1792271132014
B,FLII,2314,3678,3,50.3384666525314
B,CYTH4,27128,3816,3,52.2271856297063
B,PROSER1,80209,4722,3,64.6270363059416
B,SLC8A2,6543,2146,3,29.3709487320099
B,CYR61,3491,3176,3,43.4679092138226
B,TMEM184C,55751,5197,3,71.1280617708553
B,FZD6,8323,2611,3,35.7351105029254
B,PROCR,10544,3572,3,48.8877114961507
B,PPM1J,333926,3704,3,50.6943122569267
B,OSGEP,55644,3159,3,43.2352409340257
B,ZC3H8,84524,3887,3,53.1989178570934
B,SCML1,6322,3168,3,43.3584182586241
B,AHCYL2,23382,1921,3,26.2915156170508
B,AKR1A1,10327,6437,3,88.0991598266298
B,COPS7A,50813,4451,3,60.9180301985909
B,DRD1,1812,4461,3,61.0548938925891
B,OBP2A,29991,2440,3,33.3947413355564
B,HSPA5,3309,3454,3,47.2727199069721
B,FAM86B1,85002,3176,3,43.4679092138226
B,NIPAL2,79815,2796,3,38.2670888418917
B,KCNV1,27012,4935,3,67.5422329881029
B,SBK2,646643,7279,3,99.6230828612768
B,DRC1,92749,8148,3,111.516537869719
B,ZNF713,349075,3113,3,42.6056679416341
B,TRUB1,142940,5298,3,72.5103850802369
B,DUS2,54920,4423,3,60.534811855396
B,NDUFB8,4714,7401,3,101.292819928055
B,IL10,3586,6385,3,87.3874686178393
B,RMND5B,64777,3771,3,51.6112990067145
B,MFN2,9927,3698,3,50.6121940405278
B,FANCD2OS,115795,3965,3,54.2664546702792
B,NCAPH,23397,4716,3,64.5449180895427
B,ZNF555,148254,3210,3,43.9332457734165
B,VPS37C,55048,3788,3,51.8439672865114
B,DOLK,22845,4928,3,67.4464284023042
B,IGSF9,57549,5447,3,74.5496541208098
B,CHST12,55501,6506,3,89.0435193152173
B,PLA2G6,8398,2114,3,28.9329849112157
B,THRAP3,9967,4203,3,57.523810587436
B,MANBAL,63905,6080,3,83.2131259508947
B,CYB5RL,606495,8509,3,116.457317223053
B,TEX11,56159,8466,3,115.868803338861
B,LLPH,84298,4268,3,58.4134245984241
B,EIF2A,83939,2445,3,33.4631731825555
B,MOGAT3,346606,3812,3,52.172440152107
B,TRMT1,55621,2728,3,37.3364157227041
B,IRS4,8471,4430,3,60.6306164411947
B,RNF113B,140432,4893,3,66.9674054733105
B,CXCR2,3579,5556,3,76.04146838539
B,ACCSL,390110,5971,3,81.7213116863146
B,POR,5447,3125,3,42.7699043744319
B,HDAC2,3066,4330,3,59.2619795012129
B,MDGA2,161357,4319,3,59.1114294378149
B,BPIFB4,149954,3570,3,48.860338757351
B,XPO7,23039,3446,3,47.1632289517736
B,CYSTM1,84418,4467,3,61.137012108988
B,SLC27A4,10999,5703,3,78.0533646871633
B,TRAPPC2L,51693,3530,3,48.3128839813583
B,METTL5,29081,4567,3,62.5056490489698
B,TAAR5,9038,2515,3,34.4212190405428
B,PHOSPHO2-KLHL23,100526832,4498,3,61.5612895603823
B,UBQLN4,56893,5777,3,79.0661560227498
B,FBXO5,26271,2928,3,40.0736896026677
B,UCHL5,51377,5653,3,77.3690462171724
B,EAF2,55840,5696,3,77.9575601013645
B,FYTTD1,84248,3128,3,42.8109634826314
B,IPCEF1,26034,6489,3,88.8108510354204
B,WARS,7453,3549,3,48.5729249999548
B,CCM2L,140706,1967,3,26.9210886094424
B,PARVA,55742,2163,3,29.6036170118068
B,TPST2,8459,3866,3,52.9115040996972
B,PIGP,51227,4544,3,62.190862552774
B,ZDHHC21,340481,5813,3,79.5588653211433
B,WBP1L,54838,3628,3,49.6541481825405
B,AHCYL1,10768,5134,3,70.2658204986667
B,PTAR1,375743,5107,3,69.8962885248716
B,MRPS17,51373,6834,3,93.5326484783577
B,CCL2,6347,5236,3,71.6618301774482
B,CATIP,375307,4712,3,64.4901726119434
B,TMEM31,203562,5709,3,78.1354829035622
B,FSCN1,6624,5203,3,71.2101799872542
B,NNAT,4826,4328,3,59.2346067624132
B,NDUFB1,4707,3953,3,54.1022182374814
B,POLR1D,51082,5218,3,71.4154755282514
B,H2AFZ,3015,2546,3,34.8454964919372
B,GNAT1,2779,4298,3,58.8240156804187
B,API5,8539,6309,3,86.3473045434531
B,MIS18A,54069,5512,3,75.439268131798
B,TTF2,8458,2676,3,36.6247245139135
B,TPD52L3,89882,4921,3,67.3506238165054
B,SLC25A41,284427,5402,3,73.933767497818
B,AQP11,282679,3251,3,44.494386918809
B,IQCC,55721,6034,3,82.5835529585031
B,C17orf64,124773,4104,3,56.1688600168539
B,CYP11B2,1585,2577,3,35.2697739433315
B,TMEM254,80195,3675,3,50.2974075443319
B,TBCK,93627,2976,3,40.730635333859
B,C1orf167,284498,6371,3,87.1958594462418
B,ADAMTS3,9508,5859,3,80.1884383135349
B,WFIKKN2,124857,2853,3,39.0472118976814
B,ZNF442,79973,4387,3,60.0421025570025
B,FAM122B,159090,2615,3,35.7898559805246
B,COLGALT2,23127,4795,3,65.6261412721283
B,SMIM20,389203,2374,3,32.4914409551684
B,MBIP,51562,4311,3,59.0019384826163
B,PIH1D3,139212,4109,3,56.2372918638531
B,PPIP5K1,9677,4450,3,60.9043438291911
B,FBXO6,26270,963,3,13.1799737320249
B,NYAP1,222950,1881,3,25.7440608410581
B,MAGEA10,4109,3445,3,47.1495425823737
B,MEOX2,4223,3678,3,50.3384666525314
B,UNC45B,146862,4751,3,65.0239410185363
B,CLDN24,100132463,5330,3,72.9483489010311
B,LDHD,197257,5024,3,68.7603198646867
B,CRIP3,401262,3777,3,51.6934172231134
B,CLEC19A,728276,4052,3,55.4571688080634
B,ATAT1,79969,4959,3,67.8707058536985
B,CD320,51293,2559,3,35.0234192941348
B,KIF18B,146909,3603,3,49.311988947545
B,ZNF628,89887,2825,3,38.6639935544865
B,LOC149373,149373,6165,3,84.3764673498793
B,HDAC4,9759,4093,3,56.018309953456
B,MED20,9477,4849,3,66.3652052197185
B,PHF6,84295,2500,3,34.2159234995455
B,GTF2E1,2960,5097,3,69.7594248308734
B,OR2T5,401993,4068,3,55.6761507184605
B,TIMD4,91937,4438,3,60.7401073963932
B,HAX1,10456,5101,3,69.8141703084727
B,NKIRAS1,28512,2445,3,33.4631731825555
B,DCN,1634,6989,3,95.6540357353295
B,AMTN,401138,5134,3,70.2658204986667
B,RBM26,64062,5179,3,70.8817071216585
B,PGRMC1,10857,4583,3,62.7246309593669
B,VN1R1,57191,3846,3,52.6377767117009
B,WDR27,253769,5900,3,80.7495794589275
B,CYCS,54205,4518,3,61.8350169483787
B,FBXW10,10517,5908,3,80.859070414126
B,SSX5,6758,4536,3,62.0813715975754
B,CTSS,1520,5491,3,75.1518543744018
B,MAMSTR,284358,5142,3,70.3753114538653
B,OR4A16,81327,7217,3,98.774527958488
B,GSDMC,56169,5587,3,76.4657458367844
B,NME9,347736,5859,3,80.1884383135349
B,ROM1,6094,4786,3,65.50296394753
B,SERPINA5,5104,5459,3,74.7138905536076
B,SDF2,6388,6752,3,92.4103661875726
B,SLC22A18,5002,2744,3,37.5553976331012
B,NXPE1,120400,4771,3,65.2976684065327
B,MRPL51,51258,5025,3,68.7740062340865
B,KERA,11081,5010,3,68.5687106930893
B,PNISR,25957,3248,3,44.4533278106096
B,KRTAP5-11,440051,4986,3,68.2402378274936
B,SIGLEC12,89858,6901,3,94.4496352281455
B,PPM1H,57460,1972,3,26.9895204564415
B,ATF1,466,4942,3,67.6380375739016
B,ATP8B2,57198,3015,3,41.2644037404519
B,PSENEN,55851,3608,3,49.3804207945441
B,APBB3,10307,5103,3,69.8415430472723
B,BGN,633,1902,3,26.0314745984542
B,TRIM43,129868,4484,3,61.3696803887849
B,C3orf79,152118,6415,3,87.7980596998338
B,AVP,551,4976,3,68.1033741334954
B,RTN4,57142,3893,3,53.2810360734923
B,OR51I2,390064,6632,3,90.7680018595944
B,RDH5,5959,6173,3,84.4859583050778
B,CD69,969,4295,3,58.7829565722192
B,AASDH,132949,3190,3,43.6595183854201
B,SLC7A13,157724,4309,3,58.9745657438167
B,CPLX4,339302,5712,3,78.1765420117616
B,SERPINA1,5265,4778,3,65.3934729923314
B,ZKSCAN3,80317,3732,3,51.0775306001216
B,MAG,4099,5080,3,69.5267565510765
B,DHPS,1725,3122,3,42.7288452662325
B,CMTM6,54918,4695,3,64.2575043321465
B,NCOR1,9611,3752,3,51.3512579881179
B,TMEFF2,23671,5414,3,74.0980039306158
B,TJP3,27134,5801,3,79.3946288883455
B,KLHDC7A,127707,3237,3,44.3027777472116
B,LYNX1,66004,1449,3,19.8315492603366
B,KRTAP19-1,337882,5268,3,72.0997939982424
B,OR5AK2,390181,5179,3,70.8817071216585
B,HCCS,3052,4059,3,55.5529733938621
B,DRGX,644168,5718,3,78.2586602281605
B,MAST1,22983,2245,3,30.7258993025919
B,CD1E,913,4880,3,66.7894826711129
B,SERPINB10,5273,3565,3,48.7919069103519
B,BCL2L11,10018,4127,3,56.4836465130498
B,CROCC,9696,4787,3,65.5166503169298
B,SRI,6717,5303,3,72.578816927236
B,MSTO1,55154,5047,3,69.0751063608825
B,ZMAT3,64393,2162,3,29.589930642407
B,LHFPL1,340596,6721,3,91.9860887361782
B,SLC35G4,646000,6331,3,86.6484046702491
B,PGBD3,267004,3878,3,53.075740532495
B,ZNF407,55628,4851,3,66.3925779585182
B,SIGLEC7,27036,4518,3,61.8350169483787
B,DCT,1638,6583,3,90.0973697590033
B,GPX5,2880,5013,3,68.6097698012887
B,IZUMO1R,390243,4259,3,58.2902472738258
B,SLC17A8,246213,3036,3,41.5518174978481
B,GBP7,388646,4301,3,58.8650747886181
B,PDE6A,5145,2628,3,35.9677787827223
B,FAM177A1,283635,3449,3,47.204288059973
B,INHBE,83729,4643,3,63.545813123356
B,LENG9,94059,2328,3,31.8618679627768
B,SYTL4,94121,4070,3,55.7035234572601
B,CYP11A1,1583,4998,3,68.4044742602914
B,F8A2,474383,1626,3,22.2540366441044
B,LAMA4,3910,2230,3,30.5206037615946
B,RGS7BP,401190,4461,3,61.0548938925891
B,SETDB2,83852,4031,3,55.1697550506672
B,STK17B,9262,3183,3,43.5637137996214
B,OR8H1,219469,5864,3,80.256870160534
B,CAPN1,823,4517,3,61.8213305789789
B,THNSL2,55258,2706,3,37.0353155959081
B,NIPAL3,57185,5191,3,71.0459435544563
B,COLCA1,399948,3667,3,50.1879165891334
B,FAM110C,642273,2915,3,39.8957668004701
B,SLC52A2,79581,2617,3,35.8172287193243
B,DUSP11,8446,3878,3,53.075740532495
B,SPC25,57405,5500,3,75.2750316990002
B,SNF8,11267,2985,3,40.8538126584574
B,SFRP4,6424,3991,3,54.6223002746745
B,SH2B3,10019,1426,3,19.5167627641408
B,ATP5L,10632,5767,3,78.9292923287516
B,GBP4,115361,3895,3,53.3084088122919
B,OR2T33,391195,971,1,13.2894646872235
B,SERPINA12,145264,4640,3,63.5047540151565
B,GCNT7,140687,5847,3,80.0242018807371
B,OR2T12,127064,3816,3,52.2271856297063
B,CT45A10,102723631,4444,3,60.8222256127921
B,ZNF705G,100131980,2340,2,32.0261043955746
B,PAK2,5062,5734,3,78.4776421385576
B,C1QTNF5,114902,5143,3,70.3889978232651
B,SEPT1,1731,3785,3,51.8029081783119
B,METTL21C,196541,1818,3,24.8818195688695
B,GTF2H3,2967,3158,3,43.2215545646259
B,ARID5B,84159,5885,3,80.5442839179302
B,IGF2R,3482,1388,3,18.9966807269477
B,VASH1,22846,3665,3,50.1605438503338
B,VPS35,55737,4136,3,56.6068238376481
B,FILIP1L,11259,3014,3,41.2507173710521
B,C17orf97,400566,3455,3,47.2864062763719
B,ASF1A,25842,3629,3,49.6678345519403
B,ZDBF2,57683,3584,3,49.0519479289485
B,EFCAB11,90141,4126,3,56.4699601436499
B,TKFC,26007,3436,3,47.0263652577754
B,ROCK1,6093,3046,3,41.6886811918463
B,DCTPP1,79077,4503,3,61.6297214073814
B,FAM168A,23201,4448,3,60.8769710903914
B,NCBP2,22916,2489,3,34.0653734361475
B,CLGN,1047,5743,3,78.600819463156
B,DBH,1621,3215,3,44.0016776204156
B,FAH,2184,3217,3,44.0290503592152
B,RERG,85004,3183,3,43.5637137996214
B,ZBTB45,84878,3139,3,42.9615135460294
B,SDK2,54549,3390,3,46.3967922653837
B,EPB41L1,2036,2902,3,39.7178439982725
B,VAMP1,6843,3110,3,42.5646088334346
B,CXADR,1525,2732,3,37.3911612003034
B,ZNF662,389114,3379,3,46.2462422019857
B,WDR34,89891,4203,3,57.523810587436
B,WDYHV1,55093,3928,3,53.7600590024859
B,ZNF784,147808,1724,3,23.5953008452866
B,POLR2F,5435,2571,3,35.1876557269326
B,VAV2,7410,4224,3,57.8112243448321
B,TMED3,23423,3449,3,47.204288059973
B,DLX5,1749,2424,3,33.1757594251594
B,SCNM1,79005,3826,3,52.3640493237045
B,MMS19,64210,3111,3,42.5782952028345
B,CPEB1,64506,4741,3,64.8870773245382
B,ODF2,4957,6753,3,92.4240525569724
B,NDUFA5,4698,7256,3,99.308296365081
B,EVI2B,2124,5884,3,80.5305975485304
B,NEURL3,93082,3825,3,52.3503629543047
B,FKTN,2218,4456,3,60.98646204559
B,DHX37,57647,4786,3,65.50296394753
B,NIPSNAP3A,25934,1276,3,17.463807354168
B,EMB,133418,4430,3,60.6306164411947
B,PGS1,9489,3571,3,48.8740251267508
B,RPE65,6121,4691,3,64.2027588545472
B,SQOR,58472,4324,3,59.179861284814
B,ZSWIM8,23053,4042,3,55.3203051140652
B,MTFP1,51537,3294,3,45.0829008030012
B,HNRNPK,3190,2707,3,37.0490019653079
B,PSMD11,5717,4280,3,58.577661031222
B,SETD5,55209,4031,3,55.1697550506672
B,SPRR1A,6698,3658,3,50.064739264535
B,VPS33B,26276,4505,3,61.657094146181
B,CLEC6A,93978,4307,3,58.9471930050171
B,METTL23,124512,4203,3,57.523810587436
B,LOC285556,285556,4419,3,60.4800663777967
B,SMAD9,4093,2967,3,40.6074580092606
B,IL9R,3581,6036,3,82.6109256973027
B,UTP3,57050,2530,3,34.6265145815401
B,TAS2R39,259285,5814,3,79.5725516905431
B,MXD4,10608,1840,3,25.1829196956655
B,PHF19,26147,3134,3,42.8930816990303
B,WNT1,7471,3402,3,46.5610286981816
B,SPDYE1,285955,4259,3,58.2902472738258
B,OARD1,221443,5320,3,72.8114852070329
B,PAX9,5083,2691,3,36.8300200549108
B,INTS9,55756,4031,3,55.1697550506672
B,EXOC2,55770,2404,3,32.902032037163
B,TLR7,51284,3820,3,52.2819311073056
B,RPEL1,729020,4717,3,64.5586044589425
B,TNFAIP8L2-SCNM1,100534012,3000,2,41.0591081994546
B,SAMD3,154075,5995,3,82.0497845519102
B,AKAP3,10566,5126,3,70.1563295434682
B,CHSY3,337876,4439,3,60.753793765793
B,CPT1B,1375,3343,3,45.7535329035923
B,CCER1,196477,4842,3,66.2694006339198
B,TM9SF4,9777,6294,3,86.1420090024558
B,TAS2R40,259286,7913,3,108.300241060762
B,OR4C46,119749,5825,3,79.7231017539411
B,CHPF,79586,5257,3,71.9492439348444
B,OR6C76,390326,3856,3,52.774640405699
B,TEN1,100134934,3788,3,51.8439672865114
B,SLC51B,123264,5773,3,79.0114105451506
B,SCRN3,79634,7225,3,98.8840189136866
B,OR5A1,219982,6829,3,93.4642166313586
B,CLEC11A,6320,4576,3,62.6288263735681
B,SPACA5B,729201,6401,3,87.6064505282364
B,SLC19A2,10560,3443,3,47.1221698435741
B,UBAC1,10422,3250,3,44.4807005494092
B,ZNF765,91661,2391,3,32.7241092349654
B,OR4E2,26686,5902,3,80.7769521977271
B,CENPN,55839,3149,3,43.0983772400276
B,SELP,6403,7133,3,97.6248729289033
B,KLHL30,377007,6128,3,83.870071682086
B,PPP1R10,5514,4768,3,65.2566092983332
B,MPO,4353,3803,3,52.0492628275087
B,PTGER3,5733,2650,3,36.2688789095183
B,ZSCAN4,201516,4300,3,58.8513884192183
B,KRT80,144501,5996,3,82.06347092131
B,MAP6D1,79929,2540,3,34.7633782755383
B,MIER2,54531,3400,3,46.5336559593819
B,OR2J2,26707,6518,3,89.2077557480151
B,LIPH,200879,5388,3,73.7421583262205
B,DMD,1756,3845,3,52.624090342301
B,NCR3,259197,6924,3,94.7644217243413
B,CAPRIN1,4076,4373,3,59.850493385405
B,SRF,6722,2790,3,38.1849706254928
B,RTP1,132112,7851,3,107.451686157973
B,FAM46D,169966,5311,3,72.6883078824345
B,NSRP1,84081,7850,3,107.437999788573
B,EXOSC8,11340,6586,3,90.1384288672027
B,P2RY12,64805,4296,3,58.796642941619
B,MORF4L2,9643,4195,3,57.4143196322374
B,TXNDC8,255220,3299,3,45.1513326500003
B,PTPRA,5786,5771,3,78.9840378063509
B,IL2,3558,4005,3,54.8139094462719
B,C10orf55,414236,4118,3,56.3604691884514
B,SLC17A6,57084,3843,3,52.5967176035014
B,SLC6A7,6534,4932,3,67.5011738799034
B,UTRN,7402,3337,3,45.6714146871934
B,LSM12,124801,2620,3,35.8582878275237
B,AGK,55750,4294,3,58.7692702028194
B,GABRB2,2561,6400,3,87.5927641588366
B,OR2Z1,284383,4474,3,61.2328166947867
B,CARD18,59082,5879,3,80.4621657015313
B,ANKRD61,100310846,4223,3,57.7975379754323
B,CLDN9,9080,2152,3,29.4530669484088
B,TBC1D9,23158,3820,3,52.2819311073056
B,RFC5,5985,6724,3,92.0271478443776
B,CCDC15,80071,2809,3,38.4450116440894
B,BTBD3,22903,3329,3,45.5619237319948
B,SEC23IP,11196,4199,3,57.4690651098367
B,ACKR2,1238,4838,3,66.2146551563205
B,JADE1,79960,2667,3,36.5015471893152
B,FBXO33,254170,2823,3,38.6366208156868
B,ZNF649,65251,4551,3,62.2866671385727
B,SDHD,6392,3217,3,44.0290503592152
B,BMPR2,659,2299,3,31.4649632501821
B,SMAD6,4091,1883,3,25.7714335798577
B,LHX9,56956,5814,3,79.5725516905431
B,PTGS1,5742,3921,3,53.6642544166872
B,SLC35D2,11046,2977,3,40.7443217032588
B,MKX,283078,4556,3,62.3550989855718
B,RABL2A,11159,3661,3,50.1057983727345
B,PCDHA13,56136,4504,3,61.6434077767812
B,LITAF,9516,2973,3,40.6895762256595
B,COIL,8161,1853,3,25.3608424978632
B,IL1RAPL2,26280,3952,3,54.0885318680816
B,UBE3B,89910,4554,3,62.3277262467721
B,ETFRF1,144363,3872,3,52.9936223160961
B,KRTAP8-1,337879,3817,3,52.2408719991061
B,SAP18,10284,5472,3,74.8918133558053
B,NR6A1,2649,2575,3,35.2424012045319
B,REM2,161253,7402,3,101.306506297454
B,CBLB,868,2963,3,40.5527125316614
B,ARHGAP6,395,4440,3,60.7674801351929
B,P2RY8,286530,3768,3,51.570239898515
B,NKTR,4820,3026,3,41.4149538038499
B,SEC61A1,29927,4260,3,58.3039336432256
B,C5orf51,285636,4461,3,61.0548938925891
B,PRDX5,25824,4670,3,63.9153450971511
B,LAPTM5,7805,6377,3,87.2779776626407
B,SAP30,8819,4216,3,57.7017333896336
B,CST9,128822,5233,3,71.6207710692487
B,SPATA45,149643,3821,3,52.2956174767054
B,KRT36,8689,5551,3,75.9730365383909
B,FAM222B,55731,5511,3,75.4255817623982
B,C19orf84,147646,5267,3,72.0861076288425
B,PPP3CA,5530,3957,3,54.1569637150807
B,ELL2,22936,3399,3,46.5199695899821
B,BTBD10,84280,2958,3,40.4842806846623
B,CTNNBL1,56259,6513,3,89.139323901016
B,C3orf14,57415,4779,3,65.4071593617313
B,CH17-360D5.1,100996758,5853,3,80.106320097136
B,SV2C,22987,2641,3,36.1457015849199
B,EPB41,2035,2555,3,34.9686738165355
B,PKLR,5313,3757,3,51.419689835117
B,STAT4,6775,6142,3,84.0616808536835
B,NARS,4677,5387,3,73.7284719568207
B,COQ6,51004,3440,3,47.0811107353747
B,STMN2,11075,4212,3,57.6469879120343
B,OTUD7B,56957,4399,3,60.2063389898003
B,C11orf58,10944,3216,3,44.0153639898154
B,B4GALT5,9334,4672,3,63.9427178359507
B,SLC22A16,85413,4180,3,57.2090240912401
B,ACOT12,134526,4248,3,58.1396972104278
B,DNTTIP1,116092,3041,3,41.6202493448472
B,ZC3H12D,340152,4273,3,58.4818564454232
B,GLRB,2743,5506,3,75.3571499153991
B,PDSS2,57107,3209,3,43.9195594040166
B,CTDNEP1,23399,3584,3,49.0519479289485
B,CRH,1392,5123,3,70.1152704352687
B,AP1S1,1174,9035,3,123.656347527358
B,PPP3R2,5535,5433,3,74.3580449492124
B,PTCRA,171558,5713,3,78.1902283811615
B,PRM2,5620,5457,3,74.686517814808
B,GPR35,2859,5638,3,77.1637506761751
B,UCMA,221044,3883,3,53.1441723794941
B,GBE1,2632,3641,3,49.8320709847381
B,FAM192A,80011,5184,3,70.9501389686576
B,KLHL23,151230,7202,3,98.5692324174908
B,KATNB1,10300,5526,3,75.6308773033954
B,GNPDA1,10007,5980,3,81.8444890109129
B,SLC26A9,115019,5309,3,72.6609351436349
B,CXCL6,6372,3174,3,43.440536475023
B,LIN7A,8825,5863,3,80.2431837911342
B,ARRDC3,57561,3667,3,50.1879165891334
B,CXXC1,30827,4980,3,68.1581196110947
B,KIR2DL4,3805,7125,3,97.5153819737048
B,GPHA2,170589,3728,3,51.0227851225223
B,FBXO34,55030,3625,3,49.613089074341
B,LOC100287036,100287036,4414,3,60.4116345307976
B,OPALIN,93377,2465,3,33.7369005705519
B,C1orf127,148345,3451,3,47.2316607987727
B,MAGEB1,4112,2638,3,36.1046424767204
B,DDI1,414301,3146,3,43.0573181318281
B,MLKL,197259,4076,3,55.785641673659
B,PCDHGA5,56110,4679,3,64.0385224217494
B,CEP95,90799,3782,3,51.7618490701125
B,ZBTB8OS,339487,3662,3,50.1194847421343
B,CYP2F1,1572,2109,3,28.8645530642166
B,MUC7,4589,4496,3,61.5339168215827
B,ZNF34,80778,3135,3,42.9067680684301
B,MYBPH,4608,4999,3,68.4181606296913
B,GOLGA6L2,283685,3837,3,52.5145993871025
B,ZNF80,7634,5962,3,81.5981343617162
B,PCDHB5,26167,7064,3,96.6805134403159
B,LOC403312,403312,5092,3,69.6909929838743
B,LUZP4,51213,4178,3,57.1816513524405
B,CST11,140880,1443,3,19.7494310439377
B,PATE3,100169851,3657,3,50.0510528951352
B,TBP,6908,3767,3,51.5565535291152
B,ECE2,9718,4033,3,55.1971277894669
B,RRP36,88745,4949,3,67.7338421597003
B,EIF3I,8668,5283,3,72.3050895392396
B,ANKHD1,54882,5270,3,72.127166737042
B,VARS2,57176,5059,3,69.2393427936803
B,TIMM23,100287932,3530,3,48.3128839813583
B,SRPX2,27286,3443,3,47.1221698435741
B,BTLA,151888,3725,3,50.9817260143228
B,ZAN,7455,4836,3,66.1872824175209
B,C5orf34,375444,2758,3,37.7470068046986
B,SLC16A13,201232,4402,3,60.2473980979998
B,LELP1,149018,3789,3,51.8576536559112
B,GGN,199720,2721,3,37.2406111369054
B,PDGFD,80310,5288,3,72.3735213862387
B,ADORA1,134,2347,3,32.1219089813734
B,PIGF,5281,2039,3,27.9065072062293
B,LHFPL3,375612,5444,3,74.5085950126104
B,NQO1,1728,2462,3,33.6958414623524
B,ECHDC3,79746,1684,3,23.0478460692939
B,RPL7A,6130,5369,3,73.482117307624
B,SHQ1,55164,7756,3,106.15148106499
B,HNRNPA1,3178,6560,3,89.7825832628075
B,ADD2,119,4356,3,59.6178251056081
B,SMC2,10592,5666,3,77.54696901937
B,PRR14,78994,3846,3,52.6377767117009
B,FAM46A,55603,3646,3,49.9005028317372
B,FLRT2,23768,6797,3,93.0262528105644
B,TAS1R2,80834,3802,3,52.0355764581089
B,TCEANC,170082,5079,3,69.5130701816767
B,UGT1A7,54577,5190,3,71.0322571850565
B,PRSS58,136541,5727,3,78.3818375527589
B,PHC1,1911,4611,3,63.1078493025618
B,WFDC13,164237,9157,3,125.326084594135
B,CENPF,1063,4142,3,56.6889420540471
B,MYH2,4620,5237,3,71.675516546848
B,CXorf23,256643,2394,3,32.7651683431648
B,VCAN,1462,2986,3,40.8674990278572
B,GDI2,2665,4071,3,55.7172098266599
B,MNDA,4332,4278,3,58.5502882924223
B,B4GAT1,11041,3139,3,42.9615135460294
B,SMR3A,26952,3214,3,43.9879912510157
B,ESF1,51575,6276,3,85.8956543532591
B,MCM9,254394,3631,3,49.6952072907399
B,ARL13A,392509,5065,3,69.3214610100793
B,LCE3D,84648,7355,3,100.663246935663
B,GIMD1,100507096,8486,3,116.142530726857
B,LRIG3,121227,4799,3,65.6808867497276
B,ZNF581,51545,3711,3,50.7901168427254
B,CLUAP1,23059,5157,3,70.5806069948625
B,NTF3,4908,2414,3,33.0388957311612
B,RCOR1,23186,2315,3,31.6839451605792
B,MOB1B,92597,7490,3,102.510906804638
B,ENPP4,22875,6087,3,83.3089305366935
B,RHBDF2,79651,3518,3,48.1486475485605
B,HLA-DQB1,3119,3605,3,49.3393616863447
B,CBY3,646019,5822,3,79.6820426457416
B,GPR119,139760,4897,3,67.0221509509098
B,CD1C,911,6816,3,93.2862938291609
B,ACOT1,641371,4592,3,62.8478082839652
B,EFCC1,79825,4003,3,54.7865367074723
B,TRAPPC4,51399,5325,3,72.879917054032
B,IL3,3562,7078,3,96.8721226119133
B,GIPR,2696,3808,3,52.1176946745078
B,PMAIP1,5366,4939,3,67.5969784657022
B,CNEP1R1,255919,4853,3,66.4199506973178
B,PRMT8,56341,3313,3,45.3429418215977
B,SYT2,127833,6060,3,82.9393985628984
B,TDRD9,122402,4470,3,61.1780712171874
B,MS4A8,83661,6282,3,85.977772569658
B,VAMP4,8674,4754,3,65.0650001267358
B,KRTAP9-7,100505724,2944,2,40.2926715130648
B,CFAP70,118491,4975,3,68.0896877640956
B,USP8,9101,4849,3,66.3652052197185
B,PAGE3,139793,6234,3,85.3208268384667
B,TAS2R4,50832,4438,3,60.7401073963932
B,WDR70,55100,4495,3,61.5202304521829
B,ACMSD,130013,6345,3,86.8400138418466
B,CARD16,114769,4068,3,55.6761507184605
B,SLC34A3,142680,4886,3,66.8716008875118
B,ZNF536,9745,4865,3,66.5841871301156
B,CHST7,56548,3486,3,47.7106837277663
B,IVNS1ABP,10625,6132,3,83.9248171596853
B,MSMP,692094,3198,3,43.7690093406186
B,LOC283710,283710,5868,3,80.3116156381333
B,TNFRSF10C,8794,5049,3,69.1024790996822
B,AIMP1,9255,4726,3,64.6817817835409
B,ABI3,51225,4111,3,56.2646646026527
B,CHM,1121,5368,3,73.4684309382242
B,NGDN,25983,4693,3,64.2301315933469
B,EDARADD,128178,4407,3,60.3158299449989
B,IL17RC,84818,5279,3,72.2503440616403
B,ERI1,90459,4049,3,55.4161096998639
B,COPS5,10987,6588,3,90.1658016060024
B,PCDHA5,56143,1640,3,22.4456458157019
B,PLIN1,5346,5780,3,79.1072151309493
B,VNN3,55350,4943,3,67.6517239433014
B,ADAM21,8747,4046,3,55.3750505916645
B,UGT2B11,10720,3541,3,48.4634340447563
B,UGT2B10,7365,5078,3,69.4993838122769
B,C7orf66,154907,4059,3,55.5529733938621
B,IMPG1,3617,4877,3,66.7484235629134
B,RSPH3,83861,3656,3,50.0373665257354
B,DBF4B,80174,3654,3,50.0099937869357
B,ACTN3,89,4955,3,67.8159603760992
B,MCF2L,23263,3214,3,43.9879912510157
B,DTL,51514,6362,3,87.0726821216435
B,ANKRD66,100287718,3249,3,44.4670141800094
B,BRCA1,672,5954,3,81.4886434065176
B,GIMAP2,26157,3739,3,51.1733351859203
B,MARCH4,57574,2235,3,30.5890356085937
B,SYNGAP1,8831,6659,3,91.1375338333895
B,ZNF705A,440077,6116,3,83.7058352492882
B,SCGB1D1,10648,6609,3,90.4532153633986
B,NOP10,55505,3278,3,44.8639188926041
B,FAM204A,63877,5273,3,72.1682258452414
B,PLAC8L1,153770,4264,3,58.3586791208249
B,HOXC13,3229,2744,3,37.5553976331012
B,SAYSD1,55776,3424,3,46.8621288249776
B,OR5H6,79295,3436,3,47.0263652577754
B,C14orf177,283598,4367,3,59.7683751690061
B,TNNI3K,51086,1805,3,24.7038967666719
B,RTL9,57529,6333,3,86.6757774090487
B,LDLRAD4,753,7407,3,101.374938144453
B,C1GALT1,56913,4280,3,58.577661031222
B,TRIM2,23321,3520,3,48.1760202873601
B,HIST1H4I,8294,6138,3,84.0069353760842
B,SLITRK1,114798,3889,3,53.226290595893
B,CBLN1,869,4188,3,57.3185150464387
B,CHRNA9,55584,3839,3,52.5419721259021
B,RHOH,399,4499,3,61.5749759297821
B,DEFB133,403339,4764,3,65.201863820734
B,HSD17B3,3293,4485,3,61.3833667581847
B,MGAM2,93432,4256,3,58.2491881656263
B,SEPT14,346288,6570,3,89.9194469568056
B,IL1RAPL1,11141,4676,3,63.99746331355
B,FLG,2312,4312,3,59.0156248520161
B,CLRN3,119467,5570,3,76.2330775569874
B,MON1B,22879,3640,3,49.8183846153383
B,HTR4,3360,1970,3,26.9621477176419
B,PTBP2,58155,2767,3,37.870184129297
B,SEC22B,9554,3984,3,54.5264956888758
B,TSPAN31,6302,3951,3,54.0748454986818
B,TSGA10IP,254187,5281,3,72.27771680044
B,FKBP6,8468,4431,3,60.6443028105945
B,BTBD18,643376,6187,3,84.6775674766753
B,TMEM133,83935,2913,3,39.8683940616705
B,ANAPC11,51529,3977,3,54.430691103077
B,TNFSF9,8744,3396,3,46.4789104817827
B,ARMC4,55130,1896,3,25.9493563820553
B,PER2,8864,3600,3,49.2709298393456
B,TCEAL8,90843,3433,3,46.9853061495759
B,ARHGEF33,100271715,1999,3,27.3590524302366
B,PCDHGA11,56105,4186,3,57.2911423076391
B,PAPPA2,60676,5354,3,73.2768217666267
B,JUN,3725,4604,3,63.0120447167631
B,TPSB2,64499,4266,3,58.3860518596245
B,LIPJ,142910,4069,3,55.6898370878603
B,A1CF,29974,4405,3,60.2884572061992
B,GFRA2,2675,4347,3,59.4946477810098
B,DHX40,79665,3121,3,42.7151588968326
B,PXN,5829,4456,3,60.98646204559
B,NPFF,8620,4933,3,67.5148602493032
B,NCR1,9437,2560,3,35.0371056635346
B,PTPRQ,374462,6070,3,83.0762622568966
B,IFNA13,3447,7252,3,99.2535508874817
B,CTC1,80169,6884,3,94.2169669483486
B,CALR,811,6289,3,86.0735771554568
B,ZNF576,79177,3999,3,54.731791229873
B,SLFNL1,200172,2451,3,33.5452913989544
B,ZSWIM2,151112,3380,3,46.2599285713856
B,FGF5,2250,4434,3,60.685361918794
B,NXT2,55916,7302,3,99.9378693574726
B,PCSK6,5046,2257,3,30.8901357353897
B,TMEM116,89894,6564,3,89.8373287404067
B,NKAPL,222698,4580,3,62.6835718511674
B,BARHL2,343472,4808,3,65.804064074326
B,ZNF646,9726,4798,3,65.6672003803278
B,KRTAP13-2,337959,6058,3,82.9120258240987
B,FMR1NB,158521,3717,3,50.8722350591243
B,UBE2L6,9246,4702,3,64.3533089179452
B,OR4C13,283092,7167,3,98.0902094884971
B,AEBP1,165,2130,3,29.1519668216128
B,KCTD15,79047,3013,3,41.2370310016523
B,PNPLA5,150379,3244,3,44.3985823330103
B,ARL11,115761,3604,3,49.3256753169448
B,DCP1A,55802,4199,3,57.4690651098367
B,C16orf47,388289,5627,3,77.0132006127771
B,LOC730098,730098,3123,3,42.7425316356323
B,COLEC10,10584,3823,3,52.322990215505
B,RGS18,64407,3157,3,43.2078681952261
B,KRTAP10-7,386675,5881,3,80.4895384403309
B,PFAS,5198,6286,3,86.0325180472573
B,DNAJB7,150353,7848,3,107.410627049773
B,SDSL,113675,6682,3,91.4523203295853
B,MRGPRD,116512,5083,3,69.567815659276
B,CCNK,8812,3034,3,41.5244447590485
B,SPHAR,10638,7506,3,102.729888715036
B,PRAMEF11,440560,5619,3,76.9037096575785
B,NIT1,4817,3151,3,43.1257499788272
B,HORMAD1,84072,4791,3,65.5713957945291
B,GALNT5,11227,7727,3,105.754576352395
B,TAGLN3,29114,2775,3,37.9796750844955
B,EYA1,2138,4940,3,67.610664835102
B,OPN1SW,611,5013,3,68.6097698012887
B,DEFB4A,1673,4677,3,64.0111496829498
B,SPIC,121599,4526,3,61.9445079035772
B,IFNA16,3449,4783,3,65.4619048393305
B,LOC284898,284898,6262,3,85.7040451816616
B,RAB39A,54734,2356,3,32.2450863059717
B,SLC11A2,4891,3463,3,47.3958972315705
B,UTS2,10911,3261,3,44.6312506128072
B,OR52E4,390081,4853,3,66.4199506973178
B,WEE2,494551,6129,3,83.8837580514858
B,TLK2,11011,5030,3,68.8424380810856
B,UCN3,114131,2683,3,36.7205290997123
B,PRSS37,136242,5662,3,77.4922235417707
B,MMP1,4312,7683,3,105.152376098803
B,FAM193B,54540,5333,3,72.9894080092305
B,TP63,8626,5752,3,78.7239967877544
B,MTIF3,219402,4794,3,65.6124549027285
B,IL5RA,3568,4588,3,62.793062806366
B,HIST1H1C,3006,3179,3,43.5089683220221
B,MARF1,9665,6207,3,84.9512948646716
B,PRL,5617,4035,3,55.2245005282665
B,OPRPN,58503,4136,3,56.6068238376481
B,SAGE1,55511,5362,3,73.3863127218253
B,GUCA1A,2978,6548,3,89.6183468300097
B,INS,3630,4538,3,62.108744336375
B,MRPL55,128308,4216,3,57.7017333896336
B,MVD,4597,5408,3,74.0158857142169
B,OR4C11,219429,4669,3,63.9016587277512
B,ANP32A,8125,4832,3,66.1325369399216
B,CRYGS,1427,4699,3,64.3122498097458
B,DUSP10,11221,4660,3,63.7784814031529
B,SHOX2,6474,7298,3,99.8831238798733
B,TAS2R1,50834,5118,3,70.0468385882696
B,RPS27A,6233,3015,3,41.2644037404519
B,NPIPB8,728734,4305,3,58.9198202662174
B,SZT2,23334,5599,3,76.6299822695822
B,OR1N2,138882,5078,3,69.4993838122769
B,SCGB3A2,117156,5564,3,76.1509593405885
B,GLO1,2739,6969,3,95.3803083473331
B,OR51A4,401666,3411,3,46.6842060227799
B,RNASE12,493901,4119,3,56.3741555578512
B,POU5F1B,5462,3988,3,54.581241166475
B,PRR33,102724536,3717,3,50.8722350591243
B,TRPV1,7442,4560,3,62.4098444631711
B,ZSWIM4,65249,2914,3,39.8820804310703
B,HSBP1,3281,4314,3,59.0429975908158
B,GRINA,2907,1103,3,15.0960654479995
B,VPS18,57617,5091,3,69.6773066144745
B,PSMD8,5714,2985,3,40.8538126584574
B,RPL3,6122,5009,3,68.5550243236894
B,ZNF277,11179,4597,3,62.9162401309643
B,CD177,57126,5837,3,79.8873381867389
B,KLF7,8609,2656,3,36.3509971259172
B,GBP1,2633,3527,3,48.2718248731588
B,DAND5,199699,2033,3,27.8243889898304
B,KCNMB3,27094,3344,3,45.7672192729921
B,IL3RA,3563,5467,3,74.8233815088062
B,PRAMEF2,65122,5524,3,75.6035045645958
B,POLR3K,51728,5430,3,74.3169858410129
B,CXorf21,80231,3288,3,45.0007825866023
B,ANK2,287,4119,3,56.3741555578512
B,RGS14,10636,1791,3,24.5122875950744
B,STAT2,6773,3183,3,43.5637137996214
B,DHDDS,79947,1575,3,21.5560318047137
B,TREML1,340205,5849,3,80.0515746195367
B,LRRC39,127495,4928,3,67.4464284023042
B,OR4K15,81127,5442,3,74.4812222738107
B,PMCH,5367,5496,3,75.2202862214009
B,TFDP2,7029,6111,3,83.6374034022891
B,ADAM7,8756,5177,3,70.8543343828589
B,F13B,2165,5360,3,73.3589399830256
B,TEX13C,100129520,3831,3,52.4324811707036
B,CORIN,10699,3723,3,50.9543532755232
B,CEMP1,752014,3323,3,45.4798055155959
B,CEP128,145508,7560,3,103.468952662626
B,ACOT11,26027,7539,3,103.18153890523
B,CSTB,1476,3273,3,44.795487045605
B,NELFCD,51497,4097,3,56.0730554310552
B,CER1,9350,4638,3,63.4773812763569
B,PCDHA7,56141,4292,3,58.7418974640198
B,HYI,81888,2561,3,35.0507920329344
B,KLK7,5650,6178,3,84.5543901520769
B,TINAG,27283,4195,3,57.4143196322374
B,ANKRD36,375248,4271,3,58.4544837066236
B,ANKRD36B,57730,4063,3,55.6077188714614
B,SLC12A8,84561,6584,3,90.1110561284031
B,TMEM5,10329,3629,3,49.6678345519403
B,ZIK1,284307,3596,3,49.2161843617463
B,CFAP57,149465,2600,3,35.5845604395274
B,GPR37L1,9283,4481,3,61.3286212805854
B,ACP6,51205,3483,3,47.6696246195668
B,FGF21,26291,4458,3,61.0138347843896
B,TRMT5,57570,3726,3,50.9954123837227
B,VAT1,10493,2564,3,35.0918511411339
B,CACNA1G,8913,6551,3,89.6594059382091
B,USP35,57558,2866,3,39.225134699879
B,C1QA,712,5006,3,68.51396521549
B,NUSAP1,51203,3763,3,51.5018080515159
B,AKR1C2,1646,4630,3,63.3678903211583
B,RPL31,6160,5812,3,79.5451789517435
B,RPS6KA1,6195,4816,3,65.9135550295245
B,OR5H14,403273,2122,1,29.0424758664143
B,PRAMEF25,441873,4656,3,63.7237359255536
B,PRAMEF5,343068,4097,3,56.0730554310552
B,MAGEA11,4110,3928,3,53.7600590024859
B,CADM1,23705,2713,3,37.1311201817068
B,IGK,50802,5286,3,72.3461486474391
B,IGLL5,100423062,5890,3,80.6127157649293
B,CLDN23,137075,3996,3,54.6907321216736
B,GPR148,344561,7241,3,99.1030008240837
B,MAP3K13,9175,3127,3,42.7972771132316
B,SCLY,51540,4783,3,65.4619048393305
B,RRP1B,23076,2396,3,32.7925410819644
B,NCOA7,135112,3868,3,52.9388768384969
B,KIF16B,55614,5015,3,68.6371425400883
B,NGF,4803,3378,3,46.2325558325859
B,MUC8,100129528,5691,3,77.8891282543655
B,FLOT2,2319,3136,3,42.9204544378299
B,PGPEP1,54858,3236,3,44.2890913778117
B,IFT52,51098,2362,3,32.3272045223706
B,LOC100505549,100505549,3187,3,43.6184592772206
B,B3GALT5,10317,2016,3,27.5917207100335
B,RFFL,117584,3538,3,48.4223749365568
B,HSPA12B,116835,2680,3,36.6794699915128
B,TMEM39A,55254,5240,3,71.7165756550474
B,PRF1,5551,4566,3,62.49196267957
B,BIRC7,79444,2131,3,29.1656531910126
B,ENTPD8,377841,3402,3,46.5610286981816
B,SLC19A3,80704,3937,3,53.8832363270843
B,TESK2,10420,2297,3,31.4375905113824
B,CHIT1,1118,3634,3,49.7362663989394
B,PLEKHB1,58473,2497,3,34.1748643913461
B,SRSF9,8683,2738,3,37.4732794167023
B,TBCB,1155,4174,3,57.1269058748412
B,ARPIN,348110,2030,3,27.783329881631
B,ATP8A2,51761,2154,3,29.4804396872084
B,WDR75,84128,3065,3,41.9487222104428
B,HIST2H2BF,440689,3307,3,45.2608236051988
B,ANXA3,306,4501,3,61.6023486685818
B,BNIP1,662,5473,3,74.9054997252051
B,ARL15,54622,3474,3,47.5464472949685
B,LPAR1,1902,2445,3,33.4631731825555
B,RPS7,6201,1367,3,18.7092669695515
B,DKKL1,27120,3167,3,43.3447318892243
B,ADH5,128,5874,3,80.3937338545322
B,EXOSC5,56915,2991,3,40.9359308748563
B,IGH,3492,1898,3,25.976729120855
B,CHCHD2,51142,2365,3,32.3682636305701
B,SEBOX,645832,2331,3,31.9029270709763
B,KRTAP19-7,337974,5585,3,76.4383730979847
B,NTF4,4909,3862,3,52.8567586220979
B,GPR150,285601,3318,3,45.4113736685968
B,LRRC74B,400891,5154,3,70.5395478866631
B,IGFBP4,3487,1639,3,22.431959446302
B,CFAP58,159686,6398,3,87.5653914200369
B,CISD3,284106,4216,3,57.7017333896336
B,SLC7A4,6545,2710,3,37.0900610735074
B,ANG,283,3543,3,48.4908067835559
B,VMP1,81671,2652,3,36.2962516483179
B,TSSK1B,83942,6208,3,84.9649812340715
B,RPL26,6154,4784,3,65.4755912087303
B,HNRNPLL,92906,4668,3,63.8879723583514
B,HLA-DOA,3111,5875,3,80.407420223932
B,HNRNPC,3183,2910,3,39.827334953471
B,SARS,6301,4444,3,60.8222256127921
B,RAX2,84839,3214,3,43.9879912510157
B,ARRDC5,645432,5821,3,79.6683562763418
B,HIST1H2BK,85236,3529,3,48.2991976119585
B,ZNF691,51058,3076,3,42.0992722738408
B,TMBIM4,51643,3729,3,51.0364714919221
B,KCNS1,3787,2422,3,33.1483866863597
B,EVA1C,59271,4478,3,61.287562172386
B,PCGF1,84759,5347,3,73.181017180828
B,ALKBH2,121642,2857,3,39.1019573752806
B,CAP1,10487,4145,3,56.7300011622465
B,PRKAB2,5565,6167,3,84.4038400886789
B,GTF3C2,2976,3942,3,53.9516681740834
B,GALNT11,63917,3536,3,48.3950021977572
B,ADORA2B,136,3830,3,52.4187948013038
B,DROSHA,29102,4235,3,57.9617744082301
B,CEP97,79598,5065,3,69.3214610100793
B,VCY,9084,3333,3,45.6166692095941
B,OVOL2,58495,4548,3,62.2456080303732
B,ELOVL5,60481,5680,3,77.7385781909675
B,TBC1D9B,23061,812,3,11.1133319526524
B,PSD2,84249,2222,3,30.4111128063961
B,ASB3,51130,1638,3,22.4182730769022
B,GLB1L2,89944,3582,3,49.0245751901488
B,LGALS4,3960,2473,3,33.8463915257504
B,DGUOK,1716,3697,3,50.5985076711279
B,FAM229B,619208,2576,3,35.2560875739317
B,OVCH1,341350,3386,3,46.3420467877845
B,RFC3,5983,4600,3,62.9572992391638
B,DAB2IP,153090,2154,3,29.4804396872084
B,TP53RK,112858,2785,3,38.1165387784937
B,LIMD1,8994,1881,3,25.7440608410581
B,C1orf229,388759,4356,3,59.6178251056081
B,SPCS2,9789,3629,3,49.6678345519403
B,RAC1,5879,2577,3,35.2697739433315
B,TMEM143,55260,5431,3,74.3306722104127
B,BABAM2,9577,2598,3,35.5571877007277
B,PIP4K2B,8396,2652,3,36.2962516483179
B,TOR1AIP2,163590,3339,3,45.698787425993
B,WDR73,84942,3030,3,41.4696992814492
B,SSBP1,6742,1946,3,26.6336748520462
B,PBX3,5090,1046,3,14.3159423922098
B,DPPA2,151871,3164,3,43.3036727810248
B,MED18,54797,2943,3,40.278985143665
B,THG1L,54974,3390,3,46.3967922653837
B,USP26,83844,7942,3,108.697145773356
B,MRGPRX3,117195,5617,3,76.8763369187789
B,HSD17B11,51170,4263,3,58.344992751425
B,RHOJ,57381,3529,3,48.2991976119585
B,GKN2,200504,4988,3,68.2676105662933
B,LOC388282,388282,5551,3,75.9730365383909
B,PTTG2,10744,5741,3,78.5734467243564
B,MPHOSPH6,10200,4517,3,61.8213305789789
B,CD3D,915,6390,3,87.4559004648384
B,ZBTB20,26137,4869,3,66.6389326077149
B,MUC16,94025,7397,3,101.238074450455
B,OR4C3,256144,5795,3,79.3125106719466
B,SLC17A4,10050,2947,3,40.3337306212643
B,TNFRSF9,3604,4137,3,56.6205102070479
B,OR1E2,8388,6653,3,91.0554156169906
B,HKDC1,80201,2042,3,27.9475663144288
B,PF4,5196,5166,3,70.7037843194609
B,NPIPB4,440345,1413,2,19.3388399619431
B,BTN2A1,11120,2433,3,33.2989367497577
B,C9orf139,401563,5843,3,79.9694564031378
B,TTC8,123016,5199,3,71.1554345096549
B,LRRC49,54839,4391,3,60.0968480346018
B,PARP11,57097,2750,3,37.6375158495001
B,TGS1,96764,3863,3,52.8704449914978
B,CLDN6,9074,5064,3,69.3077746406794
B,PACSIN1,29993,2951,3,40.3884760988636
B,CBFA2T2,9139,2845,3,38.9377209424828
B,CYB5A,1528,4588,3,62.793062806366
B,RAB6C,84084,3561,3,48.7371614327527
B,CXCL13,10563,5176,3,70.8406480134591
B,ATP6V0D2,245972,4245,3,58.0986381022283
B,SF3B4,10262,4436,3,60.7127346575936
B,SMIM9,100132963,5293,3,72.4419532332378
B,OR2A25,392138,5067,3,69.3488337488789
B,LILRA5,353514,4373,3,59.850493385405
B,ASIC1,41,1875,3,25.6619426246592
B,MTAP,4507,3395,3,46.4652241123828
B,AURKB,9212,4346,3,59.48096141161
B,LEF1,51176,5757,3,78.7924286347535
B,GTSF1L,149699,6356,3,86.9905639052446
B,CDK10,8558,2861,3,39.1567028528799
B,TAB2,23118,1516,3,20.7485360101244
B,C8orf59,401466,5421,3,74.1938085164145
B,KLK12,43849,4406,3,60.302143575599
B,ATAD3C,219293,2794,3,38.2397161030921
B,ZNF239,8187,4120,3,56.387841927251
B,P4HA2,8974,2354,3,32.2177135671721
B,ACSM4,341392,3029,3,41.4560129120494
B,LCE3C,353144,4936,3,67.5559193575027
B,OR4K2,390431,6862,3,93.9158668215526
B,IGSF5,150084,4680,3,64.0522087911493
B,EFCAB7,84455,3974,3,54.3896319948776
B,C19orf18,147685,5084,3,69.5815020286758
B,ZNF623,9831,3658,3,50.064739264535
B,KRTAP25-1,100131902,5990,3,81.9813527049111
B,FGD2,221472,5744,3,78.6145058325558
B,RXFP1,59350,6045,3,82.7341030219011
B,WDR64,128025,4992,3,68.3223560438925
B,IBSP,3381,6107,3,83.5826579246898
B,RAD54L2,23132,7168,3,98.1038958578969
B,PLCZ1,89869,3449,3,47.204288059973
B,DDX21,9188,4786,3,65.50296394753
B,SIRPB1,10326,4443,3,60.8085392433923
B,EN1,2019,5329,3,72.9346625316313
B,XYLT2,64132,3536,3,48.3950021977572
B,GNB5,10681,1911,3,26.1546519230526
B,PRPF39,55015,5009,3,68.5550243236894
B,MYL6,4637,5001,3,68.4455333684909
B,GLOD5,392465,4666,3,63.8605996195518
B,GPS1,2873,4520,3,61.8623896871783
B,SOX6,55553,6380,3,87.3190367708402
B,COL6A6,131873,6458,3,88.386573584026
B,CGB1,114335,4075,3,55.7719553042592
B,GYPE,2996,2335,2,31.9576725485755
B,ASIC5,51802,4877,3,66.7484235629134
B,ZKSCAN8,7745,5139,3,70.3342523456658
B,ZNRF3,84133,2589,3,35.4340103761294
B,TM4SF1,4071,6618,3,90.5763926879969
B,IL7R,3575,3836,3,52.5009130177027
B,MSL3,10943,2303,3,31.5197087277813
B,PGLYRP3,114771,4024,3,55.0739504648685
B,FCRL5,83416,3944,3,53.979040912883
B,SNX24,28966,4327,3,59.2209203930134
B,KLB,152831,4605,3,63.0257310861629
B,SLC34A1,6569,4969,3,68.0075695476967
B,CLCN5,1184,4565,3,62.4782763101701
B,NME8,51314,5536,3,75.7677409973936
B,CCDC142,84865,2680,3,36.6794699915128
B,TRIM49D1,399939,6425,3,87.934923393832
B,OXER1,165140,7689,3,105.234494315202
B,SULF1,23213,3179,3,43.5089683220221
B,OR6K6,128371,7181,3,98.2818186600946
B,GIMAP8,155038,5506,3,75.3571499153991
B,LILRA2,11027,4412,3,60.384261791998
B,IL17F,112744,6189,3,84.7049402154749
B,RORB,6096,6678,3,91.397574851986
B,LGALS16,148003,2787,3,38.1439115172934
B,IFI44L,10964,3465,3,47.4232699703701
B,EPN2,22905,5286,3,72.3461486474391
B,SUMO2,6613,3915,3,53.5821362002883
B,PLBD1,79887,1558,3,21.3233635249168
B,MPHOSPH9,10198,4208,3,57.592242434435
B,LOC157860,157860,4893,3,66.9674054733105
B,LAP3,51056,4989,3,68.2812969356931
B,WDR78,79819,3302,3,45.1923917581997
B,TNP1,7141,5108,3,69.9099748942714
B,APH1B,83464,3054,3,41.7981721470448
B,CCR8,1237,3666,3,50.1742302197336
B,ABHD2,11057,5846,3,80.0105155113373
B,SLC39A12,221074,6576,3,90.0015651732046
B,INTS1,26173,3609,3,49.3941071639439
B,ZNF710,374655,4044,3,55.3476778528649
B,OR10J5,127385,4581,3,62.6972582205672
B,TMEM126B,55863,3624,3,49.5994027049412
B,PSORS1C2,170680,4433,3,60.6716755493941
B,SRL,6345,4386,3,60.0284161876027
B,SPATA9,83890,2748,3,37.6101431107005
B,CPA4,51200,3753,3,51.3649443575178
B,TATDN1,83940,4678,3,64.0248360523496
B,APELA,100506013,3161,3,43.2626136728254
B,WAS,7454,3948,3,54.0337863904823
B,RGPD3,653489,4891,3,66.9400327345109
B,CERS3,204219,5514,3,75.4666408705976
B,CLNK,116449,4689,3,64.1753861157476
B,INHBA,3624,5505,3,75.3434635459993
B,OR51D1,390038,6017,3,82.3508846787062
B,NEBL,10529,2514,3,34.407532671143
B,LEAP2,116842,5137,3,70.3068796068662
B,CLEC4A,50856,5098,3,69.7731112002733
B,CD200R1L,344807,3606,3,49.3530480557445
B,AFMID,125061,3439,3,47.0674243659748
B,FABP9,646480,7675,3,105.042885143605
B,IFNE,338376,7636,3,104.509116737012
B,DPPA4,55211,4249,3,58.1533835798276
B,LMNTD1,160492,7085,3,96.967927197712
B,SVOPL,136306,5989,3,81.9676663355113
B,EMC9,51016,2256,3,30.8764493659899
B,ZNF775,285971,4958,3,67.8570194842987
B,BORCS8-MEF2B,4207,3636,3,49.763639137739
B,RPL37A,6168,6161,3,84.32172187228
B,PALM2,114299,2040,3,27.9201935756292
B,CALR3,125972,4549,3,62.2592943997731
B,ZNF705E,100131539,5270,3,72.127166737042
B,FAM186A,121006,4989,3,68.2812969356931
B,ACSBG1,23205,6700,3,91.698674978782
B,RD3L,647286,8085,3,110.65429659753
B,CADPS,8618,4300,3,58.8513884192183
B,SLC26A4,5172,1247,3,17.0669026415733
B,OR51S1,119692,2009,3,27.4959161242348
B,CRMP1,1400,1276,3,17.463807354168
B,HEG1,57493,1160,3,15.8761885037891
B,KAT2B,8850,677,3,9.26567208367693
B,VWA2,340706,2145,3,29.3572623626101
B,MRS2,57380,2409,3,32.9704638841621
B,LMAN1L,79748,5027,3,68.8013789728861
B,TCTEX1D2,255758,2084,3,28.5223938292212
B,GGT1,2678,3490,3,47.7654292053656
B,HEPHL1,341208,5187,3,70.9911980768571
B,MYBPC2,4606,2178,3,29.8089125528041
B,TIMM21,29090,3602,3,49.2983025781452
B,LARP4B,23185,6203,3,84.8965493870724
B,PHB,5245,5570,3,76.2330775569874
B,CTPS1,1503,3497,3,47.8612337911643
B,GPR137B,7107,4616,3,63.1762811495609
B,GPR75,10936,655,3,8.96457195688093
B,C18orf8,29919,1612,3,22.062427472507
B,HLF,3131,1837,3,25.1418605874661
B,SIX2,10736,4665,3,63.846913250152
B,RNF126,55658,4595,3,62.8888673921647
B,SLC25A36,55186,2559,3,35.0234192941348
B,SHISA7,729956,5247,3,71.8123802408462
B,LCA5,167691,3970,3,54.3348865172783
B,ZNF490,57474,2423,3,33.1620730557595
B,SFSWAP,6433,5609,3,76.7668459635804
B,SUSD4,55061,4340,3,59.3988431952111
B,NECAP2,55707,4370,3,59.8094342772056
B,KATNAL1,84056,5265,3,72.0587348900429
B,ISLR2,57611,3612,3,49.4351662721434
B,XKR3,150165,3560,3,48.7234750633528
B,SERPINB11,89778,5174,3,70.8132752746594
B,LRRC34,151827,5419,3,74.1664357776149
B,SERPINA6,866,3859,3,52.8156995138985
B,TYRO3,7301,3272,3,44.7818006762052
B,SOX3,6658,3534,3,48.3676294589576
B,TNIP3,79931,3607,3,49.3667344251443
B,C16orf87,388272,2587,3,35.4066376373297
B,DEFB125,245938,6655,3,91.0827883557902
B,MRPL4,51073,2015,3,27.5780343406337
B,GATB,5188,5160,3,70.621666103062
B,NEU1,4758,3478,3,47.6011927725677
B,TNN,63923,3272,3,44.7818006762052
B,ALDH8A1,64577,4404,3,60.2747708367994
B,BFSP2,8419,4806,3,65.7766913355263
B,CST9L,128821,3034,3,41.5244447590485
B,TAS2R42,353164,5893,3,80.6537748731287
B,ZNF586,54807,3139,3,42.9615135460294
B,FGA,2243,2927,3,40.0600032332679
B,ZNF860,344787,3178,3,43.4952819526223
B,MUCL1,118430,4862,3,66.5431280219162
B,STK32A,202374,1800,3,24.6354649196728
B,SLAMF6,114836,5107,3,69.8962885248716
B,CEP57,9702,3179,3,43.5089683220221
B,OR7A17,26333,3562,3,48.7508478021525
B,CCDC182,101927581,6856,3,93.8337486051537
B,IL20RB,53833,3793,3,51.9123991335105
B,OR7G1,125962,6709,3,91.8218523033804
B,LYPD3,27076,6341,3,86.7852683642473
B,ANKRD11,29123,4191,3,57.3595741546381
B,DNAJC17,55192,5685,3,77.8070100379665
B,KLHL38,340359,2002,3,27.4001115384361
B,TMOD1,7111,6367,3,87.1411139686426
B,MYOZ2,51778,4822,3,65.9956732459234
B,SPAG7,9552,3551,3,48.6002977387545
B,KCNA10,3744,4031,3,55.1697550506672
B,STK4,6789,4729,3,64.7228408917403
B,FBXO22,26263,4367,3,59.7683751690061
B,ESYT1,23344,3113,3,42.6056679416341
B,ENPP1,5167,2308,3,31.5881405747804
B,HERC4,26091,3428,3,46.9168743025768
B,TGFB1I1,7041,3893,3,53.2810360734923
B,SLC35F2,54733,1834,3,25.1008014792666
B,DLEU7,220107,2560,3,35.0371056635346
B,BOC,91653,4049,3,55.4161096998639
B,ATG4A,115201,8193,3,112.132424492711
B,SLC30A9,10463,6109,3,83.6100306634895
B,PAOX,196743,4330,3,59.2619795012129
B,C19orf33,64073,2718,3,37.1995520287059
B,GABRR2,2570,2997,3,41.0180490912552
B,SLC22A10,387775,6284,3,86.0051453084577
B,RNF43,54894,5235,3,71.6481438080484
B,NTNG2,84628,5369,3,73.482117307624
B,DEFB116,245930,6614,3,90.5216472103977
B,AIMP2,7965,2245,3,30.7258993025919
B,ARSH,347527,5902,3,80.7769521977271
B,PAM16,51025,3955,3,54.129590976281
B,DCP1B,196513,4177,3,57.1679649830407
B,SLC35A2,7355,2572,3,35.2013420963324
B,SULT2B1,6820,6078,3,83.1857532120951
B,MIGA2,84895,2856,3,39.0882710058808
B,C8orf48,157773,4239,3,58.0165198858294
B,TEDDM1,127670,3413,3,46.7115787615796
B,C3orf22,152065,6025,3,82.4603756339047
B,ELMO3,79767,5648,3,77.3006143701733
B,PSME1,5720,4365,3,59.7410024302065
B,PCYT2,5833,2342,3,32.0534771343743
B,MGRN1,23295,3083,3,42.1950768596396
B,TCL1A,8115,2955,3,40.4432215764628
B,ZCCHC8,55596,5465,3,74.7960087700065
B,TSC22D2,9819,3231,3,44.2206595308126
B,INTS3,65123,3608,3,49.3804207945441
B,ALMS1,7840,4037,3,55.2518732670661
B,ABHD15,116236,3229,3,44.193286792013
B,ZNF33A,7581,5015,3,68.6371425400883
B,CYBA,1535,4443,3,60.8085392433923
B,CCT3,7203,5802,3,79.4083152577453
B,CHCHD6,84303,4913,3,67.2411328613069
B,FAM19A5,25817,3992,3,54.6359866440743
B,PABPN1,8106,4717,3,64.5586044589425
B,TNFRSF11A,8792,2587,3,35.4066376373297
B,SYNRG,11276,3597,3,49.2298707311461
B,IAH1,285148,3542,3,48.4771204141561
B,USP18,11274,4518,3,61.8350169483787
B,PPP1R8,5511,5785,3,79.1756469779484
B,MCPH1,79648,3449,3,47.204288059973
B,LRCH2,57631,8508,3,116.443630853653
B,PRMT5,10419,5407,3,74.0021993448171
B,MORC3,23515,3430,3,46.9442470413765
B,SLC25A26,115286,2527,3,34.5854554733406
B,ARFGEF2,10564,2315,3,31.6839451605792
B,MARVELD1,83742,3722,3,50.9406669061234
B,COLGALT1,79709,1119,3,15.3150473583966
B,CAMK2B,816,3345,3,45.7809056423919
B,FTHL17,53940,4765,3,65.2155501901338
B,SARM1,23098,3281,3,44.9049780008036
B,RNASEK,440400,4789,3,65.5440230557294
B,ZMAT2,153527,3516,3,48.1212748097608
B,ZP2,7783,6750,3,92.3829934487729
B,SLC25A43,203427,4934,3,67.5285466187031
B,TNFSF10,8743,5801,3,79.3946288883455
B,CTAG1A,246100,3030,3,41.4696992814492
B,PLXND1,23129,2456,3,33.6137232459535
B,XPC,7508,2364,3,32.3545772611703
B,EIF2D,1939,3505,3,47.9707247463628
B,RSPH10B2,728194,3062,3,41.9076631022434
B,RARRES3,5920,5313,3,72.7156806212342
B,FERD3L,222894,4834,3,66.1599096787212
B,CEACAM19,56971,6952,3,95.1476400675362
B,ADAM20,8748,5872,3,80.3663611157326
B,SLC16A4,9122,8837,3,120.946446386194
B,CASP10,843,5409,3,74.0295720836167
B,CLEC10A,10462,4000,3,54.7454775992729
B,MROH8,140699,4399,3,60.2063389898003
B,BSPH1,100131137,4770,3,65.2839820371329
B,ZNF317,57693,6411,3,87.7433142222346
B,PRRG3,79057,3481,3,47.6422518807672
B,TMEM8A,58986,2868,3,39.2525074386786
B,PRDM12,59335,4215,3,57.6880470202338
B,CHRNA1,1134,6698,3,91.6713022399824
B,GDF7,151449,4150,3,56.7984330092456
B,CCL7,6354,4075,3,55.7719553042592
B,STRAP,11171,5305,3,72.6061896660356
B,GMIP,51291,5069,3,69.3762064876785
B,NLGN2,57555,4882,3,66.8168554099125
B,TMEM243,79161,4355,3,59.6041387362083
B,OSGIN1,29948,2907,3,39.7862758452716
B,BLNK,29760,6445,3,88.2086507818284
B,MS4A13,503497,3565,3,48.7919069103519
B,OGT,8473,3873,3,53.0073086854959
B,IL22RA1,58985,4010,3,54.882341293271
B,AADAC,13,2812,3,38.4860707522888
B,RPL4,6124,4499,3,61.5749759297821
B,GMFB,2764,2840,3,38.8692890954837
B,KRTAP10-5,386680,4055,3,55.4982279162629
B,SEC14L3,266629,5351,3,73.2357626584273
B,ZNF142,7701,4109,3,56.2372918638531
B,ZNF337,26152,3710,3,50.7764304733256
B,UBALD1,124402,5298,3,72.5103850802369
B,BICD2,23299,5658,3,77.4374780641715
B,KRTAP12-3,386683,5695,3,77.9438737319647
B,CRYAB,1410,9172,3,125.531380135133
B,SLC3A2,6520,7403,3,101.320192666854
B,LFNG,3955,2791,3,38.1986569948926
B,CPB1,1360,5072,3,69.417265595878
B,KRTAP9-8,83901,10216,3,139.819949788543
B,MAGEE2,139599,4428,3,60.6032437023951
B,NYX,60506,4789,3,65.5440230557294
B,MTRNR2L2,100462981,6428,3,87.9759825020315
B,TMEM100,55273,4445,3,60.835911982192
B,CNOT4,4850,5020,3,68.7055743870874
B,PLGLB2,5342,2163,2,29.6036170118068
B,MAST4,375449,4026,3,55.1013232036681
B,RDH13,112724,4526,3,61.9445079035772
B,FCRL2,79368,6856,3,93.8337486051537
B,CCM2,83605,3431,3,46.9579334107763
B,PLCXD1,55344,6395,3,87.5243323118375
B,PATE2,399967,6532,3,89.3993649196126
B,SKA2,348235,7940,3,108.669773034557
B,ALKBH6,84964,6252,3,85.5671814876635
B,ZBED3,84327,4659,3,63.7647950337531
B,CEP41,95681,2273,3,31.1091176457868
B,FUS,2521,2986,3,40.8674990278572
B,RSPH14,27156,3316,3,45.3840009297972
B,AAK1,22848,3547,3,48.5455522611552
B,IKZF3,22806,4765,3,65.2155501901338
B,FOXE3,2301,4608,3,63.0667901943623
B,P4HB,5034,4092,3,56.0046235840561
B,BAG4,9530,3410,3,46.6705196533801
B,KSR2,283455,2293,3,31.3828450337832
B,OR8J3,81168,4104,3,56.1688600168539
B,CHRNA6,8973,4368,3,59.782061538406
B,HIST1H2AC,8334,5806,3,79.4630607353446
B,HIST1H4J,8363,4880,2,66.7894826711129
B,FNDC7,163479,4651,3,63.6553040785545
B,OR52B2,255725,4371,3,59.8231206466054
B,CDRT15L2,256223,6537,3,89.4677967666116
B,ATG4C,84938,4216,3,57.7017333896336
B,REG3A,5068,6508,3,89.070892054017
B,CPNE9,151835,1846,3,25.2650379120644
B,KIF18A,81930,5643,3,77.2321825231742
B,TEAD3,7005,5607,3,76.7394732247807
B,SEC11A,23478,4342,3,59.4262159340107
B,DHFR,1719,5519,3,75.5350727175967
B,WDCP,80304,4347,3,59.4946477810098
B,TRIM73,375593,6488,3,88.7971646660206
B,KRTAP19-2,337969,8765,3,119.961027789407
B,SDF2L1,23753,3334,3,45.6303555789939
B,TMEM95,339168,6761,3,92.5335435121709
B,OR51A7,119687,4726,3,64.6817817835409
B,PCDHGA9,56107,5402,3,73.933767497818
B,OR4A15,81328,5237,3,71.675516546848
B,C2orf48,348738,7295,3,99.8420647716739
B,ABCA12,26154,6100,3,83.4868533388911
B,KIR2DL2,3803,6692,3,91.5891840235835
B,RGS8,85397,4052,3,55.4571688080634
B,WDR41,55255,2004,3,27.4274842772357
B,SEMG1,6406,6263,3,85.7177315510615
B,OR2H2,7932,5890,3,80.6127157649293
B,SCML4,256380,6625,3,90.6721972737956
B,ANKRD36C,400986,6846,3,93.6968849111555
B,SPINT4,391253,6106,3,83.56897155529
B,BMP5,653,5881,3,80.4895384403309
B,CDC25A,993,6958,3,95.2297582839351
B,ZNHIT6,54680,5191,3,71.0459435544563
B,PSMC2,5701,1691,3,23.1436506550926
B,TDRD15,100129278,5272,3,72.1545394758416
B,NDUFB9,4715,3605,3,49.3393616863447
B,BAAT,570,5343,3,73.1262717032287
B,SLC14A2,8170,7633,3,104.468057628812
B,TBCCD1,55171,3489,3,47.7517428359657
B,NUMA1,4926,3655,3,50.0236801563356
B,IGFL2,147920,4856,3,66.4610098055172
B,C8orf46,254778,4626,3,63.3131448435591
B,CXorf51A,100129239,5294,3,72.4556396026376
B,UGCG,7357,4246,3,58.1123244716281
B,C16orf97,388276,5688,3,77.848069146166
B,C4BPA,722,5974,3,81.762370794514
B,HOXC12,3228,3395,3,46.4652241123828
B,CARF,79800,7249,3,99.2124917792822
B,PPP1R27,116729,4648,3,63.6142449703551
B,C9orf57,138240,3499,3,47.8886065299639
B,METTL11B,149281,5121,3,70.0878976964691
B,MPP4,58538,3967,3,54.2938274090789
B,SLC26A3,1811,4589,3,62.8067491757658
B,MAN1C1,57134,4899,3,67.0495236897094
B,OMD,4958,4144,3,56.7163147928467
B,CINP,51550,8863,3,121.302291990589
B,CRYBA2,1412,4484,3,61.3696803887849
B,BHLHE22,27319,2244,3,30.7122129331921
B,LGSN,51557,6989,3,95.6540357353295
B,MANEA,79694,5717,3,78.2449738587607
B,FOLR3,2352,5158,3,70.5942933642623
B,SF3A3,10946,4294,3,58.7692702028194
B,SHKBP1,92799,5511,3,75.4255817623982
B,NTPCR,84284,4271,3,58.4544837066236
B,PRAMEF12,390999,4860,3,66.5157552831165
B,LRRC66,339977,4527,3,61.9581942729771
B,SH3GLB1,51100,4904,3,67.1179555367085
B,C20orf203,284805,6996,3,95.7498403211282
B,ACSM6,142827,5035,3,68.9108699280847
B,IQCA1L,392843,6482,3,88.7150464496217
B,WNT8B,7479,7043,3,96.3930996829197
B,NUTM2F,54754,8141,3,111.42073328392
B,FAM122A,116224,10304,3,141.024350295727
B,ODF3L2,284451,4111,3,56.2646646026527
B,KCNH7,90134,6422,3,87.8938642856326
B,OCLM,10896,5851,3,80.0789473583364
B,NLRP7,199713,7046,3,96.4341587911191
B,MRPL20,55052,5536,3,75.7677409973936
B,EIF2B2,8892,3660,3,50.0921120033347
B,ACACA,31,7594,3,103.93428922222
B,CACNA2D4,93589,5547,3,75.9182910607916
B,RCAN1,1827,4021,3,55.032891356669
B,POU3F4,5456,6905,3,94.5043807057448
B,ATP11AUN,400165,4545,3,62.2045489221738
B,PRR15,222171,3351,3,45.8630238587908
B,ZNF410,57862,2518,3,34.4622781487423
B,DDX3Y,8653,4846,3,66.3241461115191
B,PCDHB6,56130,2364,3,32.3545772611703
B,PAPD4,167153,4566,3,62.49196267957
B,BTN3A2,11118,4700,3,64.3259361791456
B,TCAP,8557,7636,3,104.509116737012
B,ADCYAP1,116,4734,3,64.7912727387394
B,TRIM48,79097,5722,3,78.3134057057598
B,RAB23,51715,1949,3,26.6747339602457
B,AP4M1,9179,7852,3,107.465372527373
B,NAPEPLD,222236,6197,3,84.8144311706735
B,SLIRP,81892,3762,3,51.4881216821161
B,C7orf76,401388,5291,3,72.4145804944382
B,OR8G5,219865,5392,3,73.7969038038198
B,HMGN5,79366,6712,3,91.8629114115799
B,YAF2,10138,5118,3,70.0468385882696
B,RFPL4AL1,729974,7923,3,108.43710475476
B,RBM18,92400,3618,3,49.5172844885423
B,MROH2B,133558,6515,3,89.1666966398157
B,SLCO1B7,338821,6181,3,84.5954492602764
B,DHRS1,115817,5419,3,74.1664357776149
B,NLRP12,91662,5166,3,70.7037843194609
B,NAT1,9,6562,3,89.8099560016071
B,CLCF1,23529,6371,3,87.1958594462418
B,MAPKBP1,23005,2784,3,38.1028524090939
B,IRX1,79192,6442,3,88.1675916736289
B,NFKBID,84807,2703,3,36.9942564877086
B,SYCP2L,221711,2415,3,33.052582100561
B,LY6D,8581,3830,3,52.4187948013038
B,PCDH17,27253,5170,3,70.7585297970602
B,SETD4,54093,6456,3,88.3592008452264
B,MSANTD3-TMEFF1,100526694,5233,3,71.6207710692487
B,KLRF1,51348,5116,3,70.01946584947
B,DSCR3,10311,5618,3,76.8900232881787
B,SLC4A1AP,22950,3711,3,50.7901168427254
B,SEMA6C,10500,5627,3,77.0132006127771
B,TAF4B,6875,3648,3,49.9278755705369
B,GHRL,51738,4951,3,67.7612148985
B,SGSM3,27352,5301,3,72.5514441884364
B,KRT73,319101,6888,3,94.2717124259478
B,ZNF175,7728,6939,3,94.9697172653386
B,MTRNR2L3,100462983,5103,3,69.8415430472723
B,SALL2,6297,6663,3,91.1922793109887
B,EIF2B3,8891,6561,3,89.7962696322073
B,PRKCSH,5589,5937,3,81.2559751267207
B,RPL34,6164,4211,3,57.6333015426345
B,SLC9A3R1,9368,2697,3,36.9121382713097
B,CTNNA3,29119,4359,3,59.6588842138076
B,RAB11B,9230,4177,3,57.1679649830407
B,OR2T29,343563,7512,3,102.812006931434
B,SLC35G6,643664,8176,3,111.899756212914
B,SETD1B,23067,8570,3,117.292185756442
B,RXRB,6257,5446,3,74.53596775141
B,ZC4H2,55906,7670,3,104.974453296606
B,GIMAP4,55303,4968,3,67.9938831782969
B,C22orf31,25770,4458,3,61.0138347843896
B,GRM4,2914,7636,3,104.509116737012
B,DMBT1,1755,6230,3,85.2660813608675
B,KLKB1,3818,3380,3,46.2599285713856
B,SPDYE2,441273,5544,3,75.8772319525922
B,ADPRHL1,113622,7408,3,101.388624513853
B,RBM41,55285,4939,3,67.5969784657022
B,CPA3,1359,4952,3,67.7749012678998
B,TAS2R38,5726,5101,3,69.8141703084727
B,SCN7A,6332,4442,3,60.7948528739925
B,CCDC102B,79839,5450,3,74.5907132290093
B,CLEC9A,283420,6054,3,82.8572803464995
B,IFNL1,282618,7678,3,105.083944251804
B,PRAMEF18,391003,6185,3,84.6501947378756
B,MFSD11,79157,5067,3,69.3488337488789
B,SLCO1A2,6579,4279,3,58.5639746618221
B,RTP4,64108,4123,3,56.4289010354505
B,POLR3GL,84265,5638,3,77.1637506761751
B,OSGEPL1,64172,5021,3,68.7192607564873
B,PHLDA2,7262,4843,3,66.2830870033196
B,EDDM3B,64184,5533,3,75.7266818891942
B,EDDM3A,10876,4479,3,61.3012485417858
B,MT1X,4501,6162,3,84.3354082416798
B,NR1H4,9971,5586,3,76.4520594673845
B,TRIM49D2,729384,4325,3,59.1935476542138
B,RPS26,6231,4369,3,59.7957479078058
B,TRAIP,10293,5711,3,78.1628556423618
B,PNPLA7,375775,5710,3,78.149169272962
B,RGSL1,353299,5242,3,71.7439483938471
B,TTLL6,284076,6012,3,82.2824528317071
B,CLN6,54982,4127,3,56.4836465130498
B,MED31,51003,7532,3,103.085734319431
B,NFIB,4781,5036,3,68.9245562974845
B,MMRN1,22915,4696,3,64.2711907015463
B,MTRNR2L1,100462977,5910,3,80.8864431529256
B,SLC22A7,10864,4318,3,59.0977430684151
B,CYP4F8,11283,2903,3,39.7315303676723
B,GPATCH2L,55668,3521,3,48.1897066567599
B,ZNF699,374879,6436,3,88.08547345723
B,ACOT6,641372,3468,3,47.4643290785696
B,SLC25A45,283130,4817,3,65.9272413989243
B,GLIPR1L2,144321,4028,3,55.1286959424678
B,AP3B1,8546,4666,3,63.8605996195518
B,MAGEB17,645864,5156,3,70.5669206254627
B,MC2R,4158,3697,3,50.5985076711279
B,FGD3,89846,6647,3,90.9732974005917
B,PRRT2,112476,2628,3,35.9677787827223
B,SEMG2,6407,3173,3,43.4268501056232
B,ANTXR1,84168,1495,3,20.4611222527282
B,HPCAL1,3241,5136,3,70.2931932374663
B,LOC100129940,100129940,5709,3,78.1354829035622
B,LTK,4058,5246,3,71.7986938714463
B,SNX17,9784,6491,3,88.83822377422
B,MTCP1,4515,3241,3,44.3575232248108
B,MLH1,4292,4953,3,67.7885876372996
B,TMPRSS12,283471,4105,3,56.1825463862538
B,HLA-DQA2,3118,6532,3,89.3993649196126
B,HLA-DMA,3108,6339,3,86.7578956254477
B,ATP5J2,9551,3270,3,44.7544279374056
B,UNC5C,8633,3706,3,50.7216849957263
B,HLA-DMB,3109,4776,3,65.3661002535318
B,HS3ST5,222537,2766,3,37.8564977598972
B,CD1B,910,6903,3,94.4770079669451
B,UBOX5,22888,3006,3,41.1412264158535
B,LOC100506127,100506127,4736,3,64.8186454775391
B,WWOX,51741,2159,3,29.5488715342075
B,KCNJ3,3760,3180,3,43.5226546914219
B,FLI1,2313,5976,3,81.7897435333136
B,FKBP9,11328,3959,3,54.1843364538803
B,SMARCA5,8467,4121,3,56.4015282966509
B,OR4C15,81309,4920,3,67.3369374471056
B,MORN2,729967,3966,3,54.280141039679
B,USP46,64854,3826,3,52.3640493237045
B,HIST1H3A,8350,5185,3,70.9638253380574
B,ADAM12,8038,3067,3,41.9760949492425
B,KCNG1,3755,3728,3,51.0227851225223
B,AKAP14,158798,4305,3,58.9198202662174
B,ENPP2,5168,7037,3,96.3109814665208
B,PNN,5411,5684,3,77.7933236685667
B,LY9,4063,4631,3,63.3815766905581
B,HDAC5,10014,3747,3,51.2828261411188
B,BCHE,590,4987,3,68.2539241968934
B,LOC441155,441155,5135,3,70.2795068680665
B,CBLN3,643866,4904,3,67.1179555367085
B,ZNF730,100129543,5409,3,74.0295720836167
B,MX2,4600,4908,3,67.1727010143078
B,C14orf105,55195,4460,3,61.0412075231892
B,SFTPA2,729238,7124,3,97.5016956043049
B,NTS,4922,5179,3,70.8817071216585
B,SEC62,7095,3363,3,46.0272602915887
B,APIP,51074,3329,3,45.5619237319948
B,ZSWIM6,57688,1565,3,21.4191681107155
B,FGFBP3,143282,5082,3,69.5541292898762
B,IL1RAP,3556,3885,3,53.1715451182938
B,QPCTL,54814,3167,3,43.3447318892243
B,RASSF5,83593,4396,3,60.1652798816009
B,TTC12,54970,1666,3,22.8014914200971
B,MLLT11,10962,2384,3,32.6283046491666
B,LSM5,23658,4414,3,60.4116345307976
B,COL6A3,1293,5694,3,77.9301873625649
B,NUBP1,4682,2705,3,37.0216292265083
B,TEX44,165100,3874,3,53.0209950548958
B,XKRX,402415,4887,3,66.8852872569116
B,PNLIPRP3,119548,3600,3,49.2709298393456
B,WHRN,25861,1788,3,24.471228486875
B,GLDC,2731,4001,3,54.7591639686727
B,MRFAP1L1,114932,3694,3,50.5574485629285
B,RFK,55312,6111,3,83.6374034022891
B,TSTD2,158427,5421,3,74.1938085164145
B,RPS6KB2,6199,4112,3,56.2783509720525
B,KLK5,25818,5911,3,80.9001295223255
B,CHML,1122,4791,3,65.5713957945291
B,EBLN1,340900,5872,3,80.3663611157326
B,PPP2R3C,55012,2890,3,39.5536075654746
B,CNPY4,245812,2841,3,38.8829754648835
B,VWA5B1,127731,4720,3,64.599663567142
B,KDM4C,23081,6227,3,85.225022252668
B,NR1D2,9975,3129,3,42.8246498520312
B,PSD3,23362,3529,3,48.2991976119585
B,CHAT,1103,5566,3,76.1783320793882
B,PRC1,9055,7924,3,108.45079112416
B,LPAR6,10161,6168,3,84.4175264580787
B,AFG1L,246269,7174,3,98.1860140742959
B,FUT11,170384,3219,3,44.0564230980148
B,SRP14,6727,3884,3,53.1578587488939
B,GGT2,728441,6260,3,85.676672442862
B,FCHO1,23149,3839,3,52.5419721259021
B,THOC3,84321,4114,3,56.3057237108521
B,AKAP5,9495,3866,3,52.9115040996972
B,C7orf65,401335,4702,3,64.3533089179452
B,SUCNR1,56670,5672,3,77.6290872357689
B,SFT2D1,113402,4176,3,57.1542786136409
B,ITIH6,347365,6405,3,87.6611960058357
B,TTF1,7270,3167,3,43.3447318892243
B,OR4M2,390538,5783,3,79.1482742391487
B,LRRC31,79782,7772,3,106.370462975387
B,WBSCR28,135886,4598,3,62.9299265003641
B,CRYBB3,1417,6180,3,84.5817628908766
B,MGAT4C,25834,6497,3,88.9203419906189
B,FOXD4L6,653404,5683,3,77.7796372991669
B,C11orf42,160298,6796,3,93.0125664411646
B,SS18,6760,4741,3,64.8870773245382
B,RASA4,10156,4780,3,65.4208457311311
B,ALS2CL,259173,3760,3,51.4607489433165
B,TPBGL,100507050,4642,3,63.5321267539561
B,MXD1,4084,4850,3,66.3788915891183
B,DENND2D,79961,3535,3,48.3813158283574
B,TPMT,7172,5111,3,69.9510340024709
B,CD4,920,6984,3,95.5856038883304
B,TMEM97,27346,2721,3,37.2406111369054
B,S100G,795,3577,3,48.9561433431498
B,MTFR2,113115,6383,3,87.3600958790397
B,DIXDC1,85458,4880,3,66.7894826711129
B,SETD3,84193,928,3,12.7009508030313
B,KCNS2,3788,2142,3,29.3162032544106
B,SMCR8,140775,4081,3,55.8540735206581
B,SEC61G,23480,3011,3,41.2096582628526
B,TMEM138,51524,7447,3,101.922392920446
B,COX14,84987,4113,3,56.2920373414523
B,OSBPL2,9885,3467,3,47.4506427091697
B,SPSB2,84727,2687,3,36.7752745773115
B,UFL1,23376,5225,3,71.5112801140502
B,CETN2,1069,5451,3,74.6043995984091
B,TMEM91,641649,4510,3,61.7255259931801
B,POMT1,10585,3285,3,44.9597234784028
B,ALDH1L1,10840,3725,3,50.9817260143228
B,BOD1L2,284257,1652,3,22.6098822484997
B,BRD9,65980,2084,3,28.5223938292212
B,GDF15,9518,4733,3,64.7775863693396
B,CHIA,27159,3340,3,45.7124737953928
B,PSME4,23198,2335,3,31.9576725485755
B,TTC29,83894,4512,3,61.7528987319798
B,TPM3,7170,4656,3,63.7237359255536
B,KNOP1,400506,3318,3,45.4113736685968
B,REEP1,65055,2057,3,28.1528618554261
B,MLC1,23209,3915,3,53.5821362002883
B,USP13,8975,2142,3,29.3162032544106
B,TEKT4,150483,4456,3,60.98646204559
B,DUSP18,150290,4921,3,67.3506238165054
B,INPP5D,3635,3639,3,49.8046982459385
B,ENPP3,5169,5053,3,69.1572245772814
B,SHROOM4,57477,5951,3,81.4475842983182
B,SIRT3,23410,3071,3,42.0308404268417
B,ARSJ,79642,2476,3,33.8874506339499
B,CDCA7L,55536,2823,3,38.6366208156868
B,VAC14,55697,4903,3,67.1042691673087
B,RYK,6259,2616,3,35.8035423499244
B,GHR,2690,5709,3,78.1354829035622
B,PTEN,5728,5550,3,75.9593501689911
B,GYPB,2994,1485,1,20.32425855873
B,DAO,1610,4873,3,66.6936780853142
B,CPSF1,29894,2868,3,39.2525074386786
B,CEP78,84131,4150,3,56.7984330092456
B,SATL1,340562,5071,3,69.4035792264782
B,SLC25A16,8034,2941,3,40.2516124048654
B,LBX1,10660,5445,3,74.5222813820102
B,TAS1R3,83756,3849,3,52.6788358199003
B,SLC26A6,65010,4715,3,64.5312317201429
B,HOMEZ,57594,2164,3,29.6173033812066
B,HOXA10,3206,4148,3,56.7710602704459
B,LUC7L2,51631,3798,3,51.9808309805096
B,ANKMY1,51281,2870,3,39.2798801774783
B,POU2F3,25833,3115,3,42.6330406804337
B,SSC4D,136853,4993,3,68.3360424132923
B,PRKACG,5568,4503,3,61.6297214073814
B,SEMA3E,9723,7588,3,103.852171005821
B,MAGEB6,158809,5493,3,75.1792271132014
B,ADAMDEC1,27299,6497,3,88.9203419906189
B,SLC26A1,10861,7985,3,109.285659657548
B,PDE12,201626,2057,3,28.1528618554261
B,C15orf59,388135,4633,3,63.4089494293578
B,DNM2,1785,3305,3,45.2334508663992
B,SNRPG,6637,2704,3,37.0079428571085
B,MAOA,4128,3337,3,45.6714146871934
B,VRK2,7444,4542,3,62.1634898139743
B,ANXA13,312,5262,3,72.0176757818434
B,PINLYP,390940,5139,3,70.3342523456658
B,EMILIN2,84034,4871,3,66.6663053465145
B,DUPD1,338599,3677,3,50.3247802831316
B,ZNF285,26974,2395,3,32.7788547125646
B,DAD1,1603,3214,3,43.9879912510157
B,ZBTB43,23099,6642,3,90.9048655535926
B,CRTAM,56253,5576,3,76.3151957733864
B,MMP13,4322,5169,3,70.7448434276603
B,GIPC2,54810,5325,3,72.879917054032
B,POLDIP3,84271,5135,3,70.2795068680665
B,ALG1,56052,2787,3,38.1439115172934
B,SPG11,80208,3856,3,52.774640405699
B,COMMD9,29099,6195,3,84.7870584318738
B,GMNC,647309,5145,3,70.4163705620647
B,PRY,9081,5737,3,78.5187012467571
B,CXorf66,347487,5813,3,79.5588653211433
B,SFTPD,6441,5078,3,69.4993838122769
B,RHBDD2,57414,2326,3,31.8344952239772
B,MSS51,118490,6290,3,86.0872635248566
B,SAMD5,389432,3790,3,51.871340025311
B,PLA2G4C,8605,4688,3,64.1616997463478
B,LAMA2,3908,3270,3,44.7544279374056
B,NOXO1,124056,2691,3,36.8300200549108
B,GGTLC2,91227,3334,3,45.6303555789939
B,SFRP2,6423,2573,3,35.2150284657323
B,COL4A4,1286,1156,3,15.8214430261899
B,SOS2,6655,3987,3,54.5675547970752
B,DDX4,54514,4341,3,59.4125295646109
B,PRKAB1,5564,2863,3,39.1840755916795
B,GRM7,2917,2382,3,32.600931910367
B,MINDY3,80013,3399,3,46.5199695899821
B,ZFP14,57677,4193,3,57.3869468934378
B,MMP15,4324,2222,3,30.4111128063961
B,PCSK5,5125,1550,3,21.2138725697182
B,POLR1A,25885,3173,3,43.4268501056232
B,BTG3,10950,2026,3,27.7285844040317
B,KIAA1522,57648,3382,3,46.2873013101852
B,TMEM14A,28978,2025,3,27.7148980346319
B,IMMT,10989,1815,3,24.8407604606701
B,FTL,2512,3338,3,45.6851010565932
B,CNOT1,23019,2543,3,34.8044373837377
B,DDX49,54555,3056,3,41.8255448858445
B,CAB39,51719,2078,3,28.4402756128223
B,S100A5,6276,5158,3,70.5942933642623
B,SPHK1,8877,2795,3,38.2534024724919
B,DSC1,1823,3982,3,54.4991229500761
B,GSTO1,9446,5572,3,76.2604502957871
B,DCBLD1,285761,3373,3,46.1641239855868
B,TRIM42,287015,5561,3,76.1099002323891
B,PPP1R14A,94274,5362,3,73.3863127218253
B,MASP1,5648,4229,3,57.8796561918312
B,CRKL,1399,3102,3,42.4551178782361
B,OLFM4,10562,7829,3,107.150586031177
B,PRB2,653247,4480,3,61.3149349111856
B,EEF1D,1936,6776,3,92.7388390531682
B,CSTL1,128817,6077,3,83.1720668426953
B,DEFB134,613211,8827,3,120.809582692195
B,TNS1,7145,5664,3,77.5195962805704
B,CCL22,6367,4279,3,58.5639746618221
B,SLC51A,200931,7922,3,108.42341838536
B,IL1B,3553,5086,3,69.6088747674754
B,PDCD6,10016,2932,3,40.128435080267
B,S1PR5,53637,4227,3,57.8522834530316
B,SERPINA10,51156,4174,3,57.1269058748412
B,FANCA,2175,3284,3,44.946037109003
B,MYADML2,255275,4405,3,60.2884572061992
B,AKR1B1,231,3393,3,46.4378513735832
B,COL27A1,85301,3918,3,53.6231953084878
B,APOA1,335,1947,3,26.6473612214461
B,F2,2147,4425,3,60.5621845941956
B,TNNC1,7134,3657,3,50.0510528951352
B,ASB16,92591,5788,3,79.2167060861478
B,GRK1,6011,3508,3,48.0117838545623
B,PCSK4,54760,4730,3,64.7365272611402
B,EZR,7430,2097,3,28.7003166314188
B,TMEM210,100505993,5502,3,75.3024044377998
B,CCDC66,285331,5105,3,69.868915786072
B,DHX57,90957,5597,3,76.6026095307825
B,RENBP,5973,2505,3,34.2843553465446
B,CACNA1F,778,4973,3,68.062315025296
B,SPATC1,375686,2651,3,36.2825652789181
B,AADACL4,343066,4716,3,64.5449180895427
B,OR6B2,389090,3026,3,41.4149538038499
B,WDSUB1,151525,2047,3,28.0159981614279
B,PTK2B,2185,4117,3,56.3467828190516
B,RBP7,116362,4336,3,59.3440977176118
B,SMR3B,10879,4868,3,66.6252462383151
B,ADHFE1,137872,5271,3,72.1408531064418
B,NDUFS8,4728,3418,3,46.7800106085787
B,MED27,9442,4717,3,64.5586044589425
B,NOX3,50508,5845,3,79.9968291419375
B,OR51B5,282763,3935,3,53.8558635882847
B,PPM1N,147699,6018,3,82.364571048106
B,NIPAL4,348938,2097,3,28.7003166314188
B,ABAT,18,1530,3,20.9401451817219
B,ATRIP,84126,3716,3,50.8585486897245
B,IFRD2,7866,4145,3,56.7300011622465
B,PPP1R15A,23645,3551,3,48.6002977387545
B,C3orf58,205428,7350,3,100.594815088664
B,OGFOD2,79676,2526,3,34.5717691039408
B,RBBP5,5929,4154,3,56.8531784868449
B,NME5,8382,3587,3,49.0930070371479
B,LTF,4057,2720,3,37.2269247675055
B,MXRA8,54587,4599,3,62.943612869764
B,TNFRSF17,608,6175,3,84.5133310438775
B,CLDN14,23562,6228,3,85.2387086220678
B,ERAP2,64167,5834,3,79.8462790785395
B,PAQR9,344838,2036,3,27.8654480980299
B,LOC643936,643936,3918,3,53.6231953084878
B,GRXCR2,643226,3974,3,54.3896319948776
B,UQCRC1,7384,3307,3,45.2608236051988
B,TULP4,56995,3432,3,46.9716197801761
B,LIPK,643414,3355,3,45.9177693363901
B,PSPC1,55269,3268,3,44.7270551986059
B,IRF2BPL,64207,5463,3,74.7686360312069
B,CSTA,1475,6716,3,91.9176568891791
B,SORBS3,10174,2812,3,38.4860707522888
B,LOC101929726,101929726,6769,3,92.6430344673695
B,C7orf33,202865,5867,3,80.2979292687335
B,TRIM55,84675,5300,3,72.5377578190365
B,ZNF354C,30832,4105,3,56.1825463862538
B,CST7,8530,5904,3,80.8043249365267
B,HAVCR1,26762,5801,3,79.3946288883455
B,ZIC5,85416,4556,3,62.3550989855718
B,SLC46A3,283537,2495,3,34.1474916525464
B,MAPK1,5594,2592,3,35.4750694843288
B,AGXT2,64902,6280,3,85.9503998308584
B,ZNF616,90317,5527,3,75.6445636727953
B,ANGPTL1,9068,3154,3,43.1668090870266
B,CNOT6,57472,4186,3,57.2911423076391
B,HMGCL,3155,3976,3,54.4170047336772
B,MZF1,7593,7234,3,99.007196238285
B,FGL1,2267,5352,3,73.2494490278271
B,CCDC120,90060,3120,3,42.7014725274328
B,MAGEF1,64110,3061,3,41.8939767328436
B,ATXN7L2,127002,3740,3,51.1870215553201
B,ZBED1,9189,3368,3,46.0956921385878
B,APH1A,51107,4649,3,63.6279313397549
B,CFHR3,10878,1804,2,24.6902103972721
B,USP17L1,401447,6377,3,87.2779776626407
B,PRAMEF9,343070,6524,3,89.289873964414
B,AGTR2,186,5943,3,81.3380933431196
B,ZNF215,7762,2474,3,33.8600778951503
B,TPTE2,93492,6590,3,90.193174344802
B,ZPLD1,131368,5010,3,68.5687106930893
B,CASC1,55259,5615,3,76.8489641799793
B,HCRTR2,3062,6395,3,87.5243323118375
B,ZNF214,7761,7601,3,104.030093808018
B,ISG20L2,81875,5483,3,75.0423634192033
B,AXDND1,126859,3377,3,46.2188694631861
B,PLAA,9373,2427,3,33.2168185333588
B,RASGEF1B,153020,3992,3,54.6359866440743
B,C10orf12,26148,6153,3,84.2122309170815
B,GMPPB,29925,3919,3,53.6368816778876
B,LILRB1,10859,4554,3,62.3277262467721
B,MEIG1,644890,4727,3,64.6954681529407
B,LRRN4,164312,3931,3,53.8011181106854
B,BRF2,55290,4210,3,57.6196151732347
B,NOX4,50507,5795,3,79.3125106719466
B,PFKFB2,5208,3053,3,41.784485777645
B,GPAT2,150763,2898,3,39.6630985206732
B,RXRA,6256,2470,3,33.805332417551
B,WFDC11,259239,5704,3,78.0670510565631
B,NXF5,55998,3981,3,54.4854365806763
B,KCNE2,9992,6854,3,93.806375866354
B,OLIG3,167826,3398,3,46.5062832205823
B,GAST,2520,5241,3,71.7302620244472
B,PTDSS2,81490,1841,3,25.1966060650653
B,SOX13,9580,5499,3,75.2613453296004
B,UGT1A9,54600,4525,3,61.9308215341774
B,S100A4,6275,6063,3,82.9804576710978
B,COL20A1,57642,5154,3,70.5395478866631
B,THRA,7067,2737,3,37.4595930473024
B,PSG6,5675,6236,3,85.3481995772664
B,VMAC,400673,3735,3,51.118589708321
B,ZNF195,7748,3401,3,46.5473423287818
B,WDR18,57418,5051,3,69.1298518384818
B,FAM25C,644054,4965,3,67.9528240700974
B,GALM,130589,4572,3,62.5740808959689
B,CHCHD3,54927,3433,3,46.9853061495759
B,PADI4,23569,4554,3,62.3277262467721
B,ARHGAP12,94134,1660,3,22.7193732036982
B,KBTBD12,166348,2455,3,33.6000368765537
B,BMP3,651,4275,3,58.5092291842229
B,RXFP4,339403,5235,3,71.6481438080484
B,CD248,57124,4201,3,57.4964378486363
B,TPPP2,122664,3589,3,49.1203797759476
B,EIF1AD,84285,6086,3,83.2952441672936
B,THEMIS,387357,5393,3,73.8105901732196
B,SLC7A6,9057,3546,3,48.5318658917554
B,POTEE,445582,8006,3,109.573073414945
B,TCL1B,9623,4563,3,62.4509035713705
B,ABHD4,63874,6583,3,90.0973697590033
B,PAEP,5047,5796,3,79.3261970413464
B,HYDIN,54768,5569,3,76.2193911875876
B,TRIM16,10626,4502,3,61.6160350379816
B,SIGLECL1,284369,3561,3,48.7371614327527
B,EXOC4,60412,6571,3,89.9331333262055
B,PPARGC1A,10891,5174,3,70.8132752746594
B,C20orf85,128602,4072,3,55.7308961960598
B,ASMT,438,5133,3,70.2521341292669
B,LIPE,3991,6924,3,94.7644217243413
B,APOL2,23780,4570,3,62.5467081571692
B,OR2V1,26693,4298,3,58.8240156804187
B,ZNF208,7757,5568,3,76.2057048181878
B,ENTPD1,953,5961,3,81.5844479923164
B,KCNAB2,8514,2497,3,34.1748643913461
B,AQP12B,653437,3651,3,49.9689346787363
B,MYLK3,91807,4729,3,64.7228408917403
B,HDHD5,27440,6648,3,90.9869837699915
B,AIRE,326,2954,3,40.429535207063
B,TMEM117,84216,805,3,11.0175273668537
B,ZNF774,342132,3951,3,54.0748454986818
B,HOXA3,3200,4292,3,58.7418974640198
B,DPCR1,135656,5963,3,81.611820731116
B,PHKA2,5256,4482,3,61.3423076499852
B,ATP5G1,516,3252,3,44.5080732882088
B,USB1,79650,4443,3,60.8085392433923
B,IL36RN,26525,3235,3,44.2754050084119
B,AQP12A,375318,2966,3,40.5937716398608
B,CITED2,10370,3513,3,48.0802157015614
B,UBE3C,9690,1619,3,22.1582320583057
B,SPAG11B,10407,4595,3,62.8888673921647
B,CSHL1,1444,3135,3,42.9067680684301
B,LGALS3BP,3959,4231,3,57.9070289306309
B,LOC283713,283713,3623,3,49.5857163355414
B,DENND1C,79958,2178,3,29.8089125528041
B,ARMCX1,51309,3808,3,52.1176946745078
B,BRD4,23476,3644,3,49.8731300929376
B,CCDC51,79714,2315,3,31.6839451605792
B,RHCE,6006,2088,3,28.5771393068204
B,C1QTNF9B,387911,4795,3,65.6261412721283
B,CHRM1,1128,2342,3,32.0534771343743
B,VCAM1,7412,2921,3,39.977885016869
B,KRTAP5-4,387267,6528,3,89.3446194420133
B,ZMAT1,84460,1966,3,26.9074022400426
B,FAM155A,728215,2684,3,36.7342154691121
B,HDAC7,51564,4824,3,66.0230459847231
B,YPEL2,388403,4367,3,59.7683751690061
B,CDH10,1008,4276,3,58.5229155536227
B,CD207,50489,3262,3,44.644936982207
B,CABS1,85438,3820,3,52.2819311073056
B,OTUB2,78990,4623,3,63.2720857353596
B,MTUS1,57509,6162,3,84.3354082416798
B,KRTAP10-8,386681,3999,3,54.731791229873
B,LOC285423,285423,5854,3,80.1200064665358
B,MOSPD2,158747,4222,3,57.7838516060325
B,TIMP2,7077,3697,3,50.5985076711279
B,FOXP3,50943,5588,3,76.4794322061842
B,DTD2,112487,2822,3,38.622934446287
B,SLC13A4,26266,5988,3,81.9539799661115
B,PCBP4,57060,3642,3,49.8457573541379
B,RTL3,203430,6048,3,82.7751621301005
B,BBS12,166379,3699,3,50.6258804099276
B,WDFY2,115825,4395,3,60.1515935122011
B,FAXDC2,10826,3774,3,51.6523581149139
B,CTRB1,1504,2253,3,30.8353902577904
B,SLITRK3,22865,3524,3,48.2307657649594
B,CTSW,1521,4978,3,68.1307468722951
B,UBB,7314,4919,3,67.3232510777058
B,RAP2C,57826,5206,3,71.2512390954536
B,OR5H2,79310,7051,3,96.5025906381182
B,PFDN1,5201,5007,3,68.5276515848898
B,PPIE,10450,7991,3,109.367777873947
B,SLC12A1,6557,5104,3,69.8552294166722
B,CAV2,858,2475,3,33.8737642645501
B,LCN2,3934,6319,3,86.4841682374513
B,QRSL1,55278,5159,3,70.6079797336622
B,SF3B3,23450,5281,3,72.27771680044
B,SPIB,6689,4477,3,61.2738758029861
B,GNG12,55970,3671,3,50.2426620667327
B,ALDH6A1,4329,3792,3,51.8987127641107
B,HSPA1A,3303,3588,3,49.1066934065477
B,RIMBP3,85376,5640,3,77.1911234149747
B,STAG2,10735,5365,3,73.4273718300247
B,DNAJC15,29103,3929,3,53.7737453718858
B,TGM5,9333,4930,3,67.4738011411038
B,RHOXF2,84528,3368,3,46.0956921385878
B,TAF7,6879,4570,3,62.5467081571692
B,AP5Z1,9907,5316,3,72.7567397294336
B,NXNL2,158046,3691,3,50.516389454729
B,QPCT,25797,3311,3,45.3155690827981
B,TDRD5,163589,3299,3,45.1513326500003
B,GON4L,54856,4322,3,59.1524885460143
B,SRRM4,84530,4282,3,58.6050337700216
B,RASA1,5921,2447,3,33.4905459213552
B,TMEM189-UBE2V1,387522,4179,3,57.1953377218403
B,NEIL3,55247,1274,3,17.4364346153684
B,TRMT12,55039,2933,3,40.1421214496668
B,ZNF334,55713,1100,3,15.0550063398
B,FAM78A,286336,2542,3,34.7907510143379
B,STPG4,285051,4672,3,63.9427178359507
B,IFNA2,3440,2783,3,38.0891660396941
B,FAHD2B,151313,4157,3,56.8942375950443
B,TIGD2,166815,5513,3,75.4529545011978
B,HSD17B13,345275,5511,3,75.4255817623982
B,PGC,5225,3201,3,43.8100684488181
B,OR52I1,390037,4102,3,56.1414872780543
B,SAT1,6303,4268,3,58.4134245984241
B,CACFD1,11094,5823,3,79.6957290151415
B,NKX2-5,1482,3083,3,42.1950768596396
B,ZFYVE21,79038,2262,3,30.9585675823888
B,NINJ1,4814,4743,3,64.9144500633378
B,SPACA3,124912,3034,3,41.5244447590485
B,RAB11FIP1,80223,3285,3,44.9597234784028
B,OR5P3,120066,5418,3,74.1527494082151
B,JAK2,3717,2481,3,33.955882480949
B,HPD,3242,5603,3,76.6847277471814
B,SNAPC3,6619,4502,3,61.6160350379816
B,JPH2,57158,4329,3,59.248293131813
B,CREBL2,1389,4231,3,57.9070289306309
B,CIDEB,27141,2436,3,33.3399958579572
B,ITGBL1,9358,3992,3,54.6359866440743
B,TMX1,81542,6906,3,94.5180670751446
B,KCNK7,10089,3423,3,46.8484424555777
B,ANXA8L1,728113,3234,3,44.2617186390121
B,ERG,2078,5353,3,73.2631353972269
B,CLIC1,1192,3855,3,52.7609540362992
B,PET100,100131801,5571,3,76.2467639263873
B,ADCY2,108,2017,3,27.6054070794333
B,NTHL1,4913,3869,3,52.9525632078967
B,CCSAP,126731,2416,3,33.0662684699608
B,BRICD5,283870,2639,3,36.1183288461203
B,POLR2H,5437,4385,3,60.0147298182029
B,CRACR2B,283229,3110,3,42.5646088334346
B,ZZZ3,26009,2689,3,36.8026473161112
B,NUTF2,10204,4381,3,59.9599843406036
B,ARPC4,10093,3166,3,43.3310455198245
B,LAPTM4A,9741,4056,3,55.5119142856627
B,ABHD1,84696,3821,3,52.2956174767054
B,RADIL,55698,1657,3,22.6783140954988
B,DIP2A,23181,2590,3,35.4476967455292
B,TGFBR2,7048,2148,3,29.3983214708095
B,VWA5B2,90113,1802,3,24.6628376584724
B,HSPB9,94086,3180,3,43.5226546914219
B,ANO1,55107,2941,3,40.2516124048654
B,ZXDB,158586,3403,3,46.5747150675814
B,CCDC107,203260,2156,3,29.5078124260081
B,NSF,4905,5246,3,71.7986938714463
B,TGM2,7052,2852,3,39.0335255282815
B,C5orf63,401207,3807,3,52.1040083051079
B,TINF2,26277,2509,3,34.3391008241439
B,ZFP2,80108,6070,3,83.0762622568966
B,TMEM86A,144110,2320,3,31.7523770075783
B,NKX2-8,26257,3872,3,52.9936223160961
B,CCDC92,80212,2524,3,34.5443963651412
B,EIF4H,7458,5126,3,70.1563295434682
B,CD180,4064,6498,3,88.9340283600187
B,SLC6A18,348932,6256,3,85.6219269652627
B,RWDD2A,112611,3828,3,52.3914220625041
B,KDM7A,80853,604,3,8.2665671174902
B,SCN1B,6324,2254,3,30.8490766271903
B,TMEM44,93109,914,3,12.5093416314338
B,SPAST,6683,6129,3,83.8837580514858
B,RBM45,129831,4431,3,60.6443028105945
B,NEK11,79858,2748,3,37.6101431107005
B,EFCAB5,374786,4448,3,60.8769710903914
B,ENO1,2023,3582,3,49.0245751901488
B,FAM83E,54854,5640,3,77.1911234149747
B,NPHP1,4867,4022,3,55.0465777260689
B,ASXL3,80816,1028,3,14.0695877430131
B,TRPV3,162514,5948,3,81.4065251901187
B,KCNH5,27133,1865,3,25.525078930661
B,COPS8,10920,4623,3,63.2720857353596
B,TOPAZ1,375337,3591,3,49.1477525147472
B,LSM14B,149986,1656,3,22.664627726099
B,ABHD17A,81926,3546,3,48.5318658917554
B,CBX3,11335,2736,3,37.4459066779026
B,SFT2D3,84826,2540,3,34.7633782755383
B,DMRTA2,63950,1755,3,24.019578296681
B,ZNF771,51333,3298,3,45.1376462806005
B,POU3F1,5453,1907,3,26.0999064454533
B,TSPAN9,10867,2907,3,39.7862758452716
B,CTNNBIP1,56998,462,3,6.32310266271601
B,ZNF570,148268,3407,3,46.6294605451807
B,SSX2IP,117178,2066,3,28.2760391800244
B,SETX,23064,3748,3,51.2965125105187
B,SENP3,26168,3438,3,47.053737996575
B,RBAK,57786,3320,3,45.4387464073965
B,DALRD3,55152,889,3,12.1671823964384
B,ATOX1,475,4301,3,58.8650747886181
B,FAAH2,158584,5316,3,72.7567397294336
B,C16orf59,80178,2144,3,29.3435759932103
B,ASPHD2,57168,1954,3,26.7431658072448
B,RAB11FIP2,22841,879,3,12.0303187024402
B,NXT1,29107,2267,3,31.0269994293879
B,TMOD2,29767,4428,3,60.6032437023951
B,MKI67,4288,2617,3,35.8172287193243
B,KIF3A,11127,1432,3,19.5988809805397
B,CCDC112,153733,4895,3,66.9947782121102
B,LRRC25,126364,2933,3,40.1421214496668
B,PRR12,57479,6214,3,85.0470994504704
B,SMCHD1,23347,2531,3,34.6402009509399
B,KLF5,688,1997,3,27.331679691437
B,DHX15,1665,4186,3,57.2911423076391
B,NFU1,27247,3488,3,47.7380564665659
B,GZMM,3004,4301,3,58.8650747886181
B,MTRNR2L7,100288485,5665,3,77.5332826499702
B,SLC22A13,9390,3741,3,51.2007079247199
B,MDC1,9656,4385,3,60.0147298182029
B,ZRANB3,84083,4712,3,64.4901726119434
B,KRT75,9119,4608,3,63.0667901943623
B,GSDMD,79792,3354,3,45.9040829669903
B,METTL3,56339,5126,3,70.1563295434682
B,ARL4A,10124,4775,3,65.352413884132
B,FAM117B,150864,4166,3,57.0174149196427
B,IL19,29949,1963,3,26.8663431318432
B,RNF146,81847,3020,3,41.332835587451
B,PFN3,345456,2982,3,40.8127535502579
B,GLT8D2,83468,3145,3,43.0436317624283
B,RFWD3,55159,4108,3,56.2236054944532
B,TMEM125,128218,5064,3,69.3077746406794
B,UBE2W,55284,6544,3,89.5636013524104
B,C2orf54,79919,2762,3,37.8017522822979
B,CCDC181,57821,3174,3,43.440536475023
B,NPIPB5,100132247,4396,3,60.1652798816009
B,KHDRBS2,202559,6045,3,82.7341030219011
B,TMEM192,201931,4668,3,63.8879723583514
B,LYZL6,57151,6619,3,90.5900790573967
B,EXD3,54932,2988,3,40.8948717666568
B,NLRP2,55655,4768,3,65.2566092983332
B,TAS2R14,50840,3776,3,51.6797308537136
B,PTK6,5753,2696,3,36.8984519019099
B,SEPT12,124404,4186,3,57.2911423076391
B,SH3TC1,54436,2504,3,34.2706689771448
B,ANO5,203859,2811,3,38.472384382889
B,ALG1L2,644974,5524,3,75.6035045645958
B,SNRNP48,154007,4019,3,55.0055186178694
B,LRP1B,53353,5101,3,69.8141703084727
B,THAP3,90326,1581,3,21.6381500211126
B,NOX5,79400,4110,3,56.2509782332529
B,ZNF700,90592,2805,3,38.3902661664901
B,DFFA,1676,2475,3,33.8737642645501
B,ZNF14,7561,2876,3,39.3619983938772
B,CITED4,163732,3101,3,42.4414315088363
B,BANF2,140836,4926,3,67.4190556635045
B,IL1R2,7850,5267,3,72.0861076288425
B,DUOX2,50506,4798,3,65.6672003803278
B,ZNF112,7771,3681,3,50.3795257607308
B,SEMA4G,57715,2264,3,30.9859403211884
B,ZNF439,90594,2383,3,32.6146182797668
B,ZSWIM5,57643,3038,3,41.5791902366477
B,GINM1,116254,5821,3,79.6683562763418
B,ELP6,54859,4298,3,58.8240156804187
B,LUZP2,338645,3901,3,53.3905270286909
B,FIBP,9158,4712,3,64.4901726119434
B,ATP6V0C,527,3185,3,43.591086538421
B,LRBA,987,2183,3,29.8773443998032
B,SMAD7,4092,4336,3,59.3440977176118
B,IL10RB,3588,2635,3,36.063583368521
B,RBM4B,83759,2848,3,38.9787800506823
B,C8orf44,56260,4529,3,61.9855670117767
B,MGST3,4259,2371,3,32.450381846969
B,EPRS,2058,5109,3,69.9236612636713
B,FBP1,2203,2851,3,39.0198391588817
B,ARHGEF40,55701,1385,3,18.9556216187482
B,RUNDC3B,154661,6761,3,92.5335435121709
B,PMP2,5375,6702,3,91.7260477175817
B,GPR3,2827,1819,3,24.8955059382693
B,CD109,135228,3349,3,45.8356511199912
B,NEUROD1,4760,1134,3,15.5203428993939
B,ICE2,79664,2822,3,38.622934446287
B,EDC3,80153,5017,3,68.664515278888
B,DTX2,113878,2079,3,28.4539619822221
B,MIR1-1HG,128826,5067,3,69.3488337488789
B,TUBB2A,7280,3958,3,54.1706500844805
B,CHP2,63928,1461,3,19.9957856931344
B,GNB4,59345,2118,3,28.987730388815
B,CENPO,79172,4768,3,65.2566092983332
B,PNMA8B,57469,3782,3,51.7618490701125
B,GJB1,2705,4458,3,61.0138347843896
B,F13A1,2162,3222,3,44.0974822062143
B,TRABD,80305,447,3,6.11780712171874
B,FLNA,2316,2367,3,32.3956363693697
B,PPP1R11,6992,3407,3,46.6294605451807
B,XPNPEP3,63929,3164,3,43.3036727810248
B,GJA3,2700,4859,3,66.5020689137167
B,FRMD3,257019,1611,3,22.0487411031071
B,MAPK10,5602,2508,3,34.3254144547441
B,ZNF343,79175,2777,3,38.0070478232952
B,B9D2,80776,2843,3,38.9103482036832
B,DCANP1,140947,5775,3,79.0387832839502
B,CES1,1066,5050,3,69.116165469082
B,FADS6,283985,4108,3,56.2236054944532
B,FGFR1OP,11116,3973,3,54.3759456254778
B,TTC38,55020,3353,3,45.8903965975905
B,MCCC1,56922,5519,3,75.5350727175967
B,ISG15,9636,7009,3,95.9277631233259
B,CALU,813,4944,3,67.6654103127012
B,MYL5,4636,1932,3,26.4420656804488
B,VPS37A,137492,3544,3,48.5044931529558
B,REXO2,25996,2567,3,35.1329102493334
B,ATP5A1,498,4261,3,58.3176200126254
B,GREM1,26585,2918,3,39.9368259086696
B,THOP1,7064,2658,3,36.3783698647168
B,SESN2,83667,2760,3,37.7743795434983
B,NDUFB6,4712,1378,3,18.8598170329495
B,SLC45A3,85414,2523,3,34.5307099957414
B,GFI1,2672,3251,3,44.494386918809
B,COX18,285521,1861,3,25.4703334530617
B,TFEC,22797,4827,3,66.0641050929225
B,AURKC,6795,4623,3,63.2720857353596
B,TMEM87A,25963,3331,3,45.5892964707945
B,ATG9B,285973,4106,3,56.1962327556536
B,FBRS,64319,2124,3,29.0698486052139
B,WNT7A,7476,3708,3,50.7490577345259
B,CLDN20,49861,4778,3,65.3934729923314
B,PRSS57,400668,4836,3,66.1872824175209
B,TPM4,7171,2127,3,29.1109077134133
B,PQLC3,130814,1399,3,19.1472307903457
B,SLIT3,6586,2869,3,39.2661938080785
B,H2AFV,94239,1780,3,24.3617375316764
B,RPL24,6152,3836,3,52.5009130177027
B,RNF31,55072,3384,3,46.3146740489848
B,HMGXB3,22993,3085,3,42.2224495984392
B,RELB,5971,4949,3,67.7338421597003
B,HDAC3,8841,2310,3,31.6155133135801
B,TAF1D,79101,7707,3,105.480848964399
B,CECR2,27443,4358,3,59.6451978444078
B,CHRND,1144,1861,3,25.4703334530617
B,MALL,7851,2994,3,40.9769899830557
B,TRIM35,23087,3188,3,43.6321456466205
B,CD200R1,131450,2920,3,39.9641986474692
B,LSS,4047,2007,3,27.4685433854352
B,MRPL3,11222,2839,3,38.8556027260839
B,WDR46,9277,2144,3,29.3435759932103
B,TFB2M,64216,4222,3,57.7838516060325
B,HMBS,3145,1841,3,25.1966060650653
B,HBB,3043,4328,3,59.2346067624132
B,HBD,3045,5281,3,72.27771680044
B,ZNF836,162962,6200,3,84.8554902788729
B,BCAP31,10134,5313,3,72.7156806212342
B,KCNG2,26251,3802,3,52.0355764581089
B,ING1,3621,3357,3,45.9451420751897
B,N4BP2L2,10443,3302,3,45.1923917581997
B,ZSWIM7,125150,4040,3,55.2929323752656
B,ZNF497,162968,3356,3,45.9314557057899
B,LPIN3,64900,4350,3,59.5357068892092
B,ST6GAL1,6480,3861,3,52.8430722526981
B,CCNB1IP1,57820,4248,3,58.1396972104278
B,PRAM1,84106,3579,3,48.9835160819494
B,NSG1,27065,2393,3,32.751481973765
B,RAI14,26064,824,3,11.2775683854502
B,PXYLP1,92370,3607,3,49.3667344251443
B,MLPH,79083,3874,3,53.0209950548958
B,ACSL1,2180,1435,3,19.6399400887391
B,RAB1B,81876,7097,3,97.1321636305099
B,KCTD6,200845,799,3,10.9354091504548
B,ARL5C,390790,4329,3,59.248293131813
B,PARD6B,84612,4762,3,65.1744910819343
B,ANKRD62,342850,3556,3,48.6687295857536
B,FIBIN,387758,4394,3,60.1379071428012
B,KYNU,8942,4561,3,62.4235308325709
B,GJA10,84694,3065,3,41.9487222104428
B,F3,2152,4936,3,67.5559193575027
B,SLC25A20,788,5077,3,69.4856974428771
B,RFLNB,359845,5185,3,70.9638253380574
B,CENPE,1062,2661,3,36.4194289729163
B,CELF4,56853,4268,3,58.4134245984241
B,SLC25A6,293,5723,3,78.3270920751596
B,TAC1,6863,2312,3,31.6428860523797
B,CYP27B1,1594,5357,3,73.3178808748262
B,CCDC22,28952,3550,3,48.5866113693547
B,AQR,9716,5533,3,75.7266818891942
B,PIGN,23556,2832,3,38.7597981402852
B,ZNF441,126068,3060,3,41.8802903634437
B,CA5A,763,4283,3,58.6187201394214
B,FAM126A,84668,6698,3,91.6713022399824
B,DCAF10,79269,3751,3,51.3375716187181
B,EIF3M,10480,6160,3,84.3080355028802
B,C2CD4D,100191040,5532,3,75.7129955197944
B,ARFGAP1,55738,2897,3,39.6494121512734
B,CNFN,84518,4469,3,61.1643848477876
B,EPHX4,253152,2198,3,30.0826399408004
B,NFS1,9054,2165,3,29.6309897506064
B,SHISA6,388336,3240,3,44.343836855411
B,ABCD3,5825,1128,3,15.4382246829949
B,LGALS9C,654346,5779,3,79.0935287615495
B,DRICH1,51233,3187,3,43.6184592772206
B,SLC7A6OS,84138,2945,3,40.3063578824646
B,LRRC8C,84230,2711,3,37.1037474429072
B,ATP6AP2,10159,2083,3,28.5087074598213
B,PAQR4,124222,1786,3,24.4438557480753
B,DCUN1D5,84259,1253,3,17.1490208579722
B,SSUH2,51066,3827,3,52.3777356931043
B,DLG1,1739,1945,3,26.6199884826464
B,RBPJL,11317,2082,3,28.4950210904215
B,GFRA1,2674,3650,3,49.9552483093365
B,OR6K3,391114,3020,3,41.332835587451
B,PTPN5,84867,3650,3,49.9552483093365
B,RTF1,23168,2483,3,33.9832552197486
B,LONP1,9361,2735,3,37.4322203085028
B,TOPORS,10210,3546,3,48.5318658917554
B,ROPN1,54763,4129,3,56.5110192518494
B,ZNF599,148103,2507,3,34.3117280853443
B,REG1A,5967,4294,3,58.7692702028194
B,ID3,3399,5721,3,78.29971933636
B,MOCS1,4337,2358,3,32.2724590447714
B,CYP4F3,4051,4331,3,59.2756658706127
B,COMMD2,51122,5787,3,79.203019716748
B,MUC6,4588,4120,3,56.387841927251
B,BICDL2,146439,6452,3,88.3044553676271
B,DNAJC12,56521,4603,3,62.9983583473632
B,RFPL1,5988,5589,3,76.493118575584
B,PLA2R1,22925,5672,3,77.6290872357689
B,EXO1,9156,2249,3,30.7806447801912
B,ZBP1,81030,3608,3,49.3804207945441
B,WDR11,55717,4356,3,59.6178251056081
B,C1orf186,440712,5179,3,70.8817071216585
B,OR2T11,127077,3896,3,53.3220951816918
B,GPNMB,10457,5378,3,73.6052946322223
B,DCX,1641,4893,3,66.9674054733105
B,GRIK5,2901,2411,3,32.9978366229617
B,CRYZ,1429,4483,3,61.3559940193851
B,ZNF329,79673,3057,3,41.8392312552443
B,PRPS1L1,221823,4074,3,55.7582689348594
B,RFC1,5981,4760,3,65.1471183431347
B,GBP6,163351,2568,3,35.1465966187332
B,BCL11A,53335,4538,3,62.108744336375
B,NEIL1,79661,6017,3,82.3508846787062
B,SOHLH1,402381,1686,3,23.0752188080935
B,SPNS1,83985,3633,3,49.7225800295396
B,NOL9,79707,2039,3,27.9065072062293
B,ZNF226,7769,5790,3,79.2440788249475
B,CCT2,10576,1944,3,26.6063021132466
B,PRRC2C,23215,4300,3,58.8513884192183
B,HIST1H2AM,8336,4533,3,62.040312489376
B,HPGD,3248,2458,3,33.6410959847532
B,LCN10,414332,4188,3,57.3185150464387
B,FGF2,2247,3944,3,53.979040912883
B,CCDC178,374864,4928,3,67.4464284023042
B,DYNC1H1,1778,3073,3,42.0582131656414
B,OR6C1,390321,6111,3,83.6374034022891
B,RABAC1,10567,3278,3,44.8639188926041
B,MARCH6,10299,6415,3,87.7980596998338
B,IL18RAP,8807,3964,3,54.2527683008794
B,HUNK,30811,2670,3,36.5426062975146
B,CAT,847,3137,3,42.9341408072297
B,PIK3IP1,113791,5234,3,71.6344574386485
B,C5AR1,728,5137,3,70.3068796068662
B,STH,246744,4189,3,57.3322014158385
B,RBM5,10181,2414,3,33.0388957311612
B,BPIFB1,92747,4321,3,59.1388021766145
B,IMP3,55272,4607,3,63.0531038249625
B,GABBR2,9568,1850,3,25.3197833896637
B,ZNF550,162972,6098,3,83.4594806000915
B,FAM162A,26355,3743,3,51.2280806635196
B,WRAP53,55135,4899,3,67.0495236897094
B,SNAP91,9892,4529,3,61.9855670117767
B,ASB15,142685,4552,3,62.3003535079725
B,DMXL1,1657,3661,3,50.1057983727345
B,FANCM,57697,4162,3,56.9626694420434
B,LYRM1,57149,2074,3,28.385530135223
B,KRT19,3880,2981,3,40.7990671808581
B,CTSD,1509,3180,3,43.5226546914219
B,ITPRIP,85450,3173,3,43.4268501056232
B,FAM71B,153745,5325,3,72.879917054032
B,GNB1L,54584,3198,3,43.7690093406186
B,KRTAP1-5,83895,3586,3,49.0793206677481
B,GPD2,2820,7625,3,104.358566673614
B,PRB4,5545,4331,3,59.2756658706127
B,PRB3,5544,4030,3,55.1560686812674
B,CAMKV,79012,2789,3,38.171284256093
B,TAS2R41,259287,5303,3,72.578816927236
B,TLR8,51311,4807,3,65.7903777049262
B,GTSCR1,220158,4564,3,62.4645899407703
B,GIPC1,10755,3820,3,52.2819311073056
B,WBP4,11193,5583,3,76.4110003591851
B,LOC100130442,100130442,5149,2,70.471116039664
B,MLANA,2315,6220,3,85.1292176668693
B,FAM161B,145483,4034,3,55.2108141588667
B,TUFT1,7286,3894,3,53.2947224428921
B,LOC101929926,101929926,5372,3,73.5231764158234
B,ZKSCAN4,387032,5480,3,75.0013043110038
B,USH2A,7399,4432,3,60.6579891799943
B,DDX31,64794,5291,3,72.4145804944382
B,IRF7,3665,1280,3,17.5185528317673
B,ETV6,2120,2554,3,34.9549874471357
B,IBTK,25998,3083,3,42.1950768596396
B,CNRIP1,25927,4727,3,64.6954681529407
B,HIC1,3090,3262,3,44.644936982207
B,AAAS,8086,4266,3,58.3860518596245
B,PCBP1,5093,1076,3,14.7265334742044
B,PDCD6IP,10015,2550,3,34.9002419695364
B,NBPF4,148545,1430,3,19.57150824174
B,RBBP7,5931,2720,3,37.2269247675055
B,ZNF829,374899,3077,3,42.1129586432406
B,LACRT,90070,3177,3,43.4815955832225
B,BEST1,7439,2741,3,37.5143385249017
B,DNAH5,1767,2267,3,31.0269994293879
B,RFTN1,23180,4380,3,59.9462979712038
B,COL11A2,1302,2884,3,39.4714893490757
B,SCCPDH,51097,3795,3,51.9397718723101
B,PAG1,55824,2962,3,40.5390261622615
B,STARD9,57519,4129,3,56.5110192518494
B,COL1A1,1277,1030,3,14.0969604818128
B,GPBAR1,151306,2120,3,29.0151031276146
B,CCDC38,120935,2782,3,38.0754796702943
B,TP53TG5,27296,2997,3,41.0180490912552
B,VAX2,25806,2014,3,27.5643479712339
B,ATP6V0A2,23545,2388,3,32.6830501267659
B,HIST3H3,8290,2890,3,39.5536075654746
B,ALKBH3,221120,5077,3,69.4856974428771
B,USP6,9098,5156,3,70.5669206254627
B,RABL2B,11158,2330,3,31.8892407015764
B,MISP,126353,3082,3,42.1813904902397
B,TNS4,84951,4035,3,55.2245005282665
B,OR6K2,81448,3267,3,44.7133688292061
B,SYVN1,84447,2745,3,37.569084002501
B,IYD,389434,5795,3,79.3125106719466
B,TMEM265,100862671,3879,3,53.0894269018948
B,ACOX3,8310,2330,3,31.8892407015764
B,CALD1,800,2478,3,33.9148233727495
B,PAX3,5077,3829,3,52.4051084319039
B,FLNC,2318,1733,3,23.718478169885
B,ZNF8,7554,5245,3,71.7850075020465
B,OR1D2,4991,5019,3,68.6918880176876
B,TAF2,6873,3654,3,50.0099937869357
B,CLC,1178,5596,3,76.5889231613827
B,HOXA6,3203,5170,3,70.7585297970602
B,RIPOR3,140876,2002,3,27.4001115384361
B,PNPLA6,10908,3906,3,53.4589588756899
B,SPINK9,643394,6141,3,84.0479944842836
B,NOXRED1,122945,5751,3,78.7103104183546
B,PPA1,5464,3071,3,42.0308404268417
B,B4GALNT3,283358,2729,3,37.3501020921039
B,SNRNP25,79622,2712,3,37.117433812307
B,NEK8,284086,2864,3,39.1977619610794
B,TUBB6,84617,2840,3,38.8692890954837
B,GHSR,2693,3415,3,46.7389515003792
B,LCTL,197021,3082,3,42.1813904902397
B,SEMA3F,6405,2243,3,30.6985265637923
B,C10orf128,170371,2089,3,28.5908256762203
B,C1orf146,388649,4619,3,63.2173402577603
B,C19orf57,79173,3831,3,52.4324811707036
B,MYO1B,4430,3470,3,47.4917018173692
B,CACNG8,59283,3850,3,52.6925221893001
B,CAVIN3,112464,7127,3,97.5427547125044
B,RAPGEF5,9771,4206,3,57.5648696956354
B,FAM72D,728833,1011,1,13.8369194632162
B,AGTR1,185,3311,3,45.3155690827981
B,ZNF714,148206,5812,3,79.5451789517435
B,BTBD16,118663,4149,3,56.7847466398458
B,OR2A2,442361,6250,3,85.5398087488638
B,OR2A14,135941,4365,3,59.7410024302065
B,ATP5H,10476,3958,3,54.1706500844805
B,ZNF433,163059,3447,3,47.1769153211734
B,MATN2,4147,3287,3,44.9870962172025
B,SLC4A5,57835,6060,3,82.9393985628984
B,MBLAC2,153364,3340,3,45.7124737953928
B,DPEP3,64180,4946,3,67.6927830515009
B,KRBOX1,100506243,2779,3,38.0344205620948
B,TMEM235,283999,1702,3,23.2942007184906
B,FARP1,10160,1500,3,20.5295540997273
B,SIAH3,283514,4627,3,63.3268312129589
B,CASP4,837,4847,3,66.3378324809189
B,EREG,2069,3577,3,48.9561433431498
B,CASQ1,844,5575,3,76.3015094039865
B,PIAS3,10401,7410,3,101.415997252653
B,SEMA3G,56920,2875,3,39.3483120244774
B,ACTN4,81,2264,3,30.9859403211884
B,MRPS28,28957,4724,3,64.6544090447412
B,C21orf62,56245,5375,3,73.5642355240229
B,CTSA,5476,5457,3,74.686517814808
B,MRFAP1,93621,3938,3,53.8969226964841
B,PPID,5481,4701,3,64.3396225485454
B,CLEC4D,338339,3885,3,53.1715451182938
B,GCKR,2646,5286,3,72.3461486474391
B,B3GAT1,27087,2838,3,38.8419163566841
B,FOXC1,2296,3366,3,46.0683193997881
B,PKD1L2,114780,3874,3,53.0209950548958
B,FSTL3,10272,2682,3,36.7068427303125
B,SPDYE5,442590,3720,3,50.9132941673238
B,LPCAT4,254531,6208,3,84.9649812340715
B,SRFBP1,153443,7392,3,101.169642603456
B,ETFDH,2110,2491,3,34.0927461749472
B,FZD2,2535,5093,3,69.7046793532742
B,POLD3,10714,3159,3,43.2352409340257
B,LACTB2,51110,2512,3,34.3801599323434
B,ADGRF4,221393,5065,3,69.3214610100793
B,THAP4,51078,1199,3,16.409956910382
B,SPRR2E,6704,6042,3,82.6930439137017
B,ZFP36,7538,3641,3,49.8320709847381
B,NDUFB7,4713,4697,3,64.2848770709461
B,SPRR2B,6701,5162,3,70.6490388418616
B,WFDC10A,140832,3389,3,46.3831058959839
B,TMEM2,23670,5793,3,79.2851379331469
B,SOHLH2,54937,3767,3,51.5565535291152
B,KRT2,3849,8615,3,117.908072379434
B,PRAMEF7,441871,1695,1,23.1983961326919
B,TMIGD2,126259,4787,3,65.5166503169298
B,C2orf66,401027,5114,3,69.9920931106703
B,KIF12,113220,4847,3,66.3378324809189
B,RPS24,6229,4832,3,66.1325369399216
B,HSFX1,100506164,966,1,13.2210328402244
B,A2M,2,6239,3,85.3892586854658
B,BRF1,2972,4480,3,61.3149349111856
B,SLC25A21,89874,3190,3,43.6595183854201
B,OR8D4,338662,4540,3,62.1361170751747
B,SERP2,387923,4054,3,55.484541546863
B,ACOD1,730249,2866,3,39.225134699879
B,ZNF224,7767,2984,3,40.8401262890575
B,RNF10,9921,2876,3,39.3619983938772
B,AOC3,8639,4187,3,57.3048286770389
B,EFCAB2,84288,4364,3,59.7273160608067
B,TRIM71,131405,4340,3,59.3988431952111
B,HACL1,26061,3520,3,48.1760202873601
B,PSMD12,5718,2831,3,38.7461117708854
B,NOX1,27035,5820,3,79.654669906942
B,TAAR6,319100,2588,3,35.4203240067295
B,PTCH2,8643,2835,3,38.8008572484846
B,LRTM2,654429,5380,3,73.632667371022
B,WRB,7485,4581,3,62.6972582205672
B,CLPB,81570,3880,3,53.1031132712947
B,GOPC,57120,5354,3,73.2768217666267
B,LRRC8D,55144,3577,3,48.9561433431498
B,TMEM198,130612,1454,3,19.8999811073357
B,GSTM2,2946,3711,3,50.7901168427254
B,SLAIN1,122060,1993,3,27.2769342138377
B,NUDT19,390916,3639,3,49.8046982459385
B,RTP5,285093,4839,3,66.2283415257203
B,ISM2,145501,2763,3,37.8154386516977
B,MGAT3,4248,1479,3,20.2421403423311
B,ABCB6,10058,3845,3,52.624090342301
B,UBTD1,80019,2384,3,32.6283046491666
B,ZDHHC17,23390,5710,3,78.149169272962
B,CRYGN,155051,4924,3,67.3916829247049
B,IFNL3,282617,2003,3,27.4137979078359
B,HIST1H4F,8361,3606,3,49.3530480557445
B,OTUB1,55611,4970,3,68.0212559170965
B,PRSS48,345062,6244,3,85.4576905324649
B,TSR1,55720,2062,3,28.2212937024252
B,MIOX,55586,3780,3,51.7344763313129
B,JPH3,57338,982,3,13.4400147506215
B,UGT1A8,54576,3632,3,49.7088936601397
B,MGEA5,10724,6301,3,86.2378135882546
B,SCFD1,23256,2859,3,39.1293301140803
B,SCT,6343,4448,3,60.8769710903914
B,CRYBG2,55057,4650,3,63.6416177091547
B,GLB1L,79411,4783,3,65.4619048393305
B,THEM6,51337,2098,3,28.7140030008186
B,CARD14,79092,2960,3,40.5116534234619
B,DRD4,1815,3540,3,48.4497476753565
B,LMTK2,22853,783,3,10.7164272400577
B,ELOB,6923,2105,3,28.8098075866173
B,GPS2,2874,1015,3,13.8916649408155
B,DSE,29940,4046,3,55.3750505916645
B,NOTCH1,4851,1839,3,25.1692333262657
B,HNRNPA2B1,3181,882,3,12.0713778106397
B,NSMCE4A,54780,4922,3,67.3643101859052
B,CD300A,11314,3336,3,45.6577283177936
B,CGB7,94027,4807,3,65.7903777049262
B,LXN,56925,5206,3,71.2512390954536
B,KLHL14,57565,3892,3,53.2673497040925
B,AGXT,189,5223,3,71.4839073752505
B,SIGLEC11,114132,3197,3,43.7553229712188
B,OR4K14,122740,5548,3,75.9319774301915
B,IFIH1,64135,2062,3,28.2212937024252
B,BTNL2,56244,5616,3,76.8626505493791
B,CDKN1C,1028,3498,3,47.8749201605641
B,MAOB,4129,1459,3,19.9684129543348
B,PRKDC,5591,3730,3,51.0501578613219
B,IZUMO4,113177,2245,3,30.7258993025919
B,ANKRD39,51239,2728,3,37.3364157227041
B,PIGG,54872,3707,3,50.7353713651261
B,SLC32A1,140679,2427,3,33.2168185333588
B,PCID2,55795,4798,3,65.6672003803278
B,SFTPB,6439,4329,3,59.248293131813
B,ERC1,23085,2859,3,39.1293301140803
B,HSPA6,3310,5316,3,72.7567397294336
B,SPATA6,54558,2321,3,31.7660633769781
B,ZNF180,7733,2340,3,32.0261043955746
B,TBC1D32,221322,4037,3,55.2518732670661
B,OR2W1,26692,2008,3,27.482229754835
B,RAD9A,5883,3343,3,45.7535329035923
B,DCSTAMP,81501,4648,3,63.6142449703551
B,FAM24B,196792,4250,3,58.1670699492274
B,WDR55,54853,4110,3,56.2509782332529
B,C2orf72,257407,3935,3,53.8558635882847
B,NAGK,55577,3757,3,51.419689835117
B,ABRA,137735,1936,3,26.4968111580481
B,FOXL1,2300,4571,3,62.5603945265691
B,TSPAN2,10100,2971,3,40.6622034868599
B,RLN3,117579,4349,3,59.5220205198094
B,ZNF850,342892,5060,3,69.2530291630802
B,C19orf48,84798,5446,3,74.53596775141
B,DLG5,9231,1119,3,15.3150473583966
B,ZNF697,90874,4168,3,57.0447876584423
B,RMND1,55005,5802,3,79.4083152577453
B,C1orf174,339448,3165,3,43.3173591504246
B,RAP1GAP2,23108,4019,3,55.0055186178694
B,ALDH3A2,224,5951,3,81.4475842983182
B,CEL,1056,7246,3,99.1714326710828
B,HDHD2,84064,1885,3,25.7988063186573
B,TMEM141,85014,2591,3,35.461383114929
B,SLC13A2,9058,4776,3,65.3661002535318
B,CALCA,796,5016,3,68.6508289094882
B,MRPL39,54148,2600,3,35.5845604395274
B,KCNA4,3739,6246,3,85.4850632712646
B,KCTD11,147040,3183,3,43.5637137996214
B,TNFSF4,7292,4586,3,62.7656900675663
B,SLC38A5,92745,7584,3,103.797425528221
B,MICU1,10367,6108,3,83.5963442940896
B,DHX34,9704,4514,3,61.7802714707794
B,DNAJC30,84277,3157,3,43.2078681952261
B,HGS,9146,3679,3,50.3521530219312
B,SPPL2C,162540,3029,3,41.4560129120494
B,ZBTB48,3104,4358,3,59.6451978444078
B,ZNF25,219749,5226,3,71.52496648345
B,CKS2,1164,5760,3,78.8334877429529
B,UGT1A3,54659,4572,3,62.5740808959689
B,FSD1,79187,1619,3,22.1582320583057
B,SPATA6L,55064,2757,3,37.7333204352988
B,ANKRD27,84079,1283,3,17.5596119399668
B,RAB3A,5864,4503,3,61.6297214073814
B,UNC5B,219699,1550,3,21.2138725697182
B,KCNJ8,3764,4085,3,55.9088189982574
B,MFSD6L,162387,1861,3,25.4703334530617
B,MECR,51102,2702,3,36.9805701183088
B,UBA2,10054,2559,3,35.0234192941348
B,RAB40B,10966,1764,3,24.1427556212793
B,SLCO3A1,28232,1338,3,18.3123622569568
B,UBE2D4,51619,885,3,12.1124369188391
B,NKRF,55922,1561,3,21.3644226331162
B,ZNF454,285676,2226,3,30.4658582839953
B,RASGEF1C,255426,2706,3,37.0353155959081
B,HPS1,3257,2037,3,27.8791344674297
B,TMEM68,137695,1568,3,21.460227218915
B,EFR3B,22979,3133,3,42.8793953296305
B,PLXNA4,91584,861,3,11.7839640532435
B,LLGL2,3993,1498,3,20.5021813609277
B,SLC35G3,146861,2551,3,34.9139283389363
B,GRK7,131890,2960,3,40.5116534234619
B,GABRP,2568,4234,3,57.9480880388303
B,C11orf86,254439,1822,3,24.9365650464688
B,SMG6,23293,5441,3,74.4675359044109
B,PPIC,5480,2018,3,27.6190934488332
B,APPL2,55198,2327,3,31.848181593377
B,HDDC2,51020,2369,3,32.4230091081693
B,GOT2,2806,3036,3,41.5518174978481
B,MYCL,4610,1544,3,21.1317543533193
B,SH3RF1,57630,2737,3,37.4595930473024
B,NOL4,8715,1894,3,25.9219836432557
B,FXYD6,53826,4027,3,55.115009573068
B,MRO,83876,2499,3,34.2022371301457
B,SEPT11,55752,2273,3,31.1091176457868
B,SOBP,55084,1144,3,15.657206593392
B,NAMPT,10135,4017,3,54.9781458790698
B,MFSD10,10227,1002,3,13.7137421386178
B,CELF5,60680,1475,3,20.1873948647319
B,B3GLCT,145173,2445,3,33.4631731825555
B,RABL6,55684,2248,3,30.7669584107913
B,PPARGC1B,133522,3446,3,47.1632289517736
B,DUSP15,128853,2166,3,29.6446761200063
B,NBEAL2,23218,2708,3,37.0626883347077
B,UCK2,7371,1464,3,20.0368448013339
B,AFF2,2334,977,3,13.3715829036224
B,SYT9,143425,3703,3,50.6806258875268
B,ANKRD34C,390616,2073,3,28.3718437658232
B,PIGK,10026,1407,3,19.2567217455442
B,HPCA,3208,3664,3,50.1468574809339
B,BRMS1,25855,2848,3,38.9787800506823
B,ZNF101,94039,4028,3,55.1286959424678
B,TBC1D23,55773,873,3,11.9482004860413
B,LRRC73,221424,1876,3,25.675628994059
B,COMMD5,28991,3879,3,53.0894269018948
B,PPP1CB,5500,1441,3,19.722058305138
B,SCGB1D4,404552,4874,3,66.707364454714
B,GLB1,2720,3978,3,54.4443774724769
B,PSAPL1,768239,2795,3,38.2534024724919
B,ONECUT3,390874,2515,3,34.4212190405428
B,SLC22A2,6582,3167,3,43.3447318892243
B,CSNK2A1,1457,4626,3,63.3131448435591
B,MGARP,84709,2907,3,39.7862758452716
B,SH2D3A,10045,4208,3,57.592242434435
B,ARF1,375,3453,3,47.2590335375723
B,DPPA3,359787,2701,3,36.966883748909
B,HSPA1B,3304,3709,3,50.7627441039258
B,PLCXD3,345557,2355,3,32.2313999365719
B,DACT3,147906,3038,3,41.5791902366477
B,ARSG,22901,1515,3,20.7348496407246
B,C11orf95,65998,438,3,5.99462979712038
B,IL17REL,400935,2914,3,39.8820804310703
B,SLCO6A1,133482,1576,3,21.5697181741135
B,CCDC27,148870,5276,3,72.2092849534409
B,GREM2,64388,2733,3,37.4048475697032
B,SLC2A11,66035,1970,3,26.9621477176419
B,XYLB,9942,3646,3,49.9005028317372
B,SELENOH,280636,4887,3,66.8852872569116
B,NNT,23530,2392,3,32.7377956043652
B,LIN9,286826,1849,3,25.3060970202639
B,ECHS1,1892,1823,3,24.9502514158686
B,CNOT7,29883,1263,3,17.2858845519704
B,DMKN,93099,6195,3,84.7870584318738
B,PPP1R3C,5507,5363,3,73.3999990912251
B,DMRT1,1761,2152,3,29.4530669484088
B,IGFBP7,3490,1841,3,25.1966060650653
B,AP1M1,8907,2707,3,37.0490019653079
B,FBXO4,26272,2687,3,36.7752745773115
B,WTAP,9589,4524,3,61.9171351647776
B,SLC33A1,9197,2010,3,27.5096024936346
B,YWHAH,7533,2748,3,37.6101431107005
B,GHRHR,2692,2505,3,34.2843553465446
B,FZD1,8321,2308,3,31.5881405747804
B,TMEM43,79188,2911,3,39.8410213228708
B,RRBP1,6238,2897,3,39.6494121512734
B,PACS1,55690,1774,3,24.2796193152775
B,FSTL1,11167,3791,3,51.8850263947109
B,RHOB,388,2155,3,29.4941260566082
B,OGDHL,55753,2483,3,33.9832552197486
B,SCIN,85477,1699,3,23.2531416102911
B,DMRT2,10655,2262,3,30.9585675823888
B,ITIH3,3699,4554,3,62.3277262467721
B,LYPLAL1,127018,1720,3,23.5405553676873
B,RAB36,9609,2934,3,40.1558078190666
B,SLC5A6,8884,3751,3,51.3375716187181
B,DUOXA2,405753,4086,3,55.9225053676572
B,ADAM15,8751,3965,3,54.2664546702792
B,CD99,4267,1388,3,18.9966807269477
B,UST,10090,2494,3,34.1338052831466
B,MX1,4599,1193,3,16.3278386939831
B,C5orf49,134121,2579,3,35.2971466821312
B,SLC13A5,284111,3965,3,54.2664546702792
B,CHST6,4166,1708,3,23.3763189348895
B,ATP2A2,488,4101,3,56.1278009086545
B,HIST1H1E,3008,1913,3,26.1820246618522
B,AK4,205,2662,3,36.4331153423161
B,ZXDC,79364,1393,3,19.0651125739468
B,ARMC10,83787,3031,3,41.483385650849
B,STARD5,80765,2070,3,28.3307846576237
B,NAA38,84316,3614,3,49.462539010943
B,SLC22A15,55356,2906,3,39.7725894758717
B,SLC44A2,57153,1796,3,24.5807194420735
B,NR2F6,2063,1713,3,23.4447507818886
B,USP47,55031,2592,3,35.4750694843288
B,LEXM,163747,2066,3,28.2760391800244
B,ZNF564,163050,2146,3,29.3709487320099
B,PDXP,57026,1121,3,15.3424200971962
B,COL6A1,1291,2570,3,35.1739693575328
B,MADD,8567,3149,3,43.0983772400276
B,SFXN1,94081,3026,3,41.4149538038499
B,RHPN2,85415,2099,3,28.7276893702184
B,SOS1,6654,1410,3,19.2977808537437
B,DRAM2,128338,6215,3,85.0607858198702
B,TBX1,6899,2264,3,30.9859403211884
B,PHYKPL,85007,1114,3,15.2466155113975
B,SLC5A5,6528,4615,3,63.1625947801611
B,TPH2,121278,5074,3,69.4446383346776
B,HOOK3,84376,3011,3,41.2096582628526
B,ARID2,196528,3452,3,47.2453471681725
B,STOX2,56977,2735,3,37.4322203085028
B,FBXO16,157574,4215,3,57.6880470202338
B,ATP12A,479,1019,3,13.9464104184148
B,TMED8,283578,850,3,11.6334139898455
B,GNG11,2791,2116,3,28.9603576500153
B,CNNM4,26504,1461,3,19.9957856931344
B,GPKOW,27238,3565,3,48.7919069103519
B,MARK2,2011,2241,3,30.6711538249926
B,TRIM67,440730,5643,3,77.2321825231742
B,CPZ,8532,4240,3,58.0302062552292
B,CHERP,10523,3923,3,53.6916271554869
B,NGB,58157,1036,3,14.1790786982117
B,LDLRAD3,143458,3349,3,45.8356511199912
B,EIF5,1983,2692,3,36.8437064243106
B,ENTHD1,150350,6909,3,94.559126183344
B,ZNF470,388566,6345,3,86.8400138418466
B,KLF11,8462,2457,3,33.6274096153534
B,PTF1A,256297,1586,3,21.7065818681117
B,MPRIP,23164,1571,3,21.5012863271144
B,SOWAHC,65124,2578,3,35.2834603127314
B,HEY1,23462,3883,3,53.1441723794941
B,COBL,23242,2008,3,27.482229754835
B,RAB7A,7879,3865,3,52.8978177302974
B,TTLL11,158135,1696,3,23.2120825020917
B,SEMA4D,10507,2118,3,28.987730388815
B,ARL5A,26225,2051,3,28.0707436390272
B,PDE1B,5153,2190,3,29.9731489856019
B,KIAA1549,57670,3497,3,47.8612337911643
B,MAP4K5,11183,2380,3,32.5735591715674
B,MCHR1,2847,1715,3,23.4721235206882
B,NUP62CL,54830,3697,3,50.5985076711279
B,ST8SIA3,51046,4271,3,58.4544837066236
B,ZNF438,220929,2713,3,37.1311201817068
B,WNT4,54361,980,3,13.4126420118219
B,SMIM1,388588,4699,3,64.3122498097458
B,NARFL,64428,1440,3,19.7083719357382
B,SMARCA2,6595,3747,3,51.2828261411188
B,RAVER1,125950,3308,3,45.2745099745987
B,GZF1,64412,2046,3,28.0023117920281
B,MYLIP,29116,6586,3,90.1384288672027
B,TRA2A,29896,5856,3,80.1473792053355
B,PC,5091,6236,3,85.3481995772664
B,SIN3B,23309,2878,3,39.3893711326768
B,MZT1,440145,4254,3,58.2218154268267
B,CNNM1,26507,2092,3,28.6318847844197
B,ZNF79,7633,2429,3,33.2441912721584
B,DNAAF3,352909,2110,3,28.8782394336164
B,SYNJ1,8867,1234,3,16.8889798393757
B,FAM96A,84191,3013,3,41.2370310016523
B,MEIKIN,728637,3566,3,48.8055932797518
B,PRKD3,23683,1813,3,24.8133877218704
B,ZNF557,79230,3388,3,46.3694195265841
B,SLC8A3,6547,1960,3,26.8252840236437
B,TEX10,54881,3308,3,45.2745099745987
B,RGMB,285704,3205,3,43.8648139264174
B,ALDH1B1,219,847,3,11.592354881646
B,MRPS10,55173,4251,3,58.1807563186272
B,TRIM21,6737,3669,3,50.215289327933
B,TOPBP1,11073,3015,3,41.2644037404519
B,HSFX2,100130086,2775,3,37.9796750844955
B,RPGR,6103,1570,3,21.4875999577146
B,DRC7,84229,2796,3,38.2670888418917
B,DNAJB13,374407,3965,3,54.2664546702792
B,LPCAT1,79888,2205,3,30.1784445265992
B,SPIN4,139886,3861,3,52.8430722526981
B,TMEM176B,28959,1605,3,21.9666228867082
B,MTRNR2L5,100463289,4678,3,64.0248360523496
B,S100A9,6280,6354,3,86.9631911664449
B,ABCC12,94160,4240,3,58.0302062552292
B,WISP1,8840,1677,3,22.9520414834951
B,UBR7,55148,4076,3,55.785641673659
B,MCOLN3,55283,447,3,6.11780712171874
B,PGM2L1,283209,1867,3,25.5524516694606
B,F5,2153,2477,3,33.9011370033497
B,SEZ6L,23544,1490,3,20.3926904057291
B,CAMK1,8536,4067,3,55.6624643490607
B,SENP2,59343,2936,3,40.1831805578663
B,HEXIM2,124790,1989,3,27.2221887362384
B,MICAL2,9645,1901,3,26.0177882290544
B,JAK3,3718,1350,3,18.4765986897546
B,ZDHHC11B,653082,3417,3,46.7663242391788
B,RNF212B,100507650,4425,3,60.5621845941956
B,DMC1,11144,3724,3,50.968039644923
B,CCR5,1234,4036,3,55.2381868976663
B,CAMSAP2,23271,1131,3,15.4792837911944
B,WSB2,55884,2721,3,37.2406111369054
B,ZFP69,339559,1997,3,27.331679691437
B,ISG20,3669,3694,3,50.5574485629285
B,STEAP1B,256227,3405,3,46.602087806381
B,LRRC57,255252,2266,3,31.0133130599881
B,PLEC,5339,4155,3,56.8668648562447
B,CXorf67,340602,3879,3,53.0894269018948
B,NACC2,138151,2327,3,31.848181593377
B,CALY,50632,2498,3,34.1885507607459
B,ACY3,91703,723,3,9.89524507606857
B,MOSPD1,56180,2915,3,39.8957668004701
B,KRTAP9-2,83899,2698,3,36.9258246407095
B,NCLN,56926,5167,3,70.7174706888607
B,STAP2,55620,3435,3,47.0126788883756
B,PARL,55486,4254,3,58.2218154268267
B,EVI5,7813,5216,3,71.3881027894518
B,SPANXN1,494118,3989,3,54.5949275358749
B,ZNF157,7712,5695,3,77.9438737319647
B,S100A8,6279,4614,3,63.1489084107612
B,GPR31,2853,2343,3,32.0671635037741
B,UBE2G2,7327,4565,3,62.4782763101701
B,CLIC3,9022,3395,3,46.4652241123828
B,DUSP27,92235,2854,3,39.0608982670812
B,C1QB,713,3264,3,44.6723097210066
B,THEG5,100507527,4228,3,57.8659698224314
B,GTF2H2,2966,3171,3,43.3994773668235
B,HIST1H3C,8352,3179,3,43.5089683220221
B,SNRNP200,23020,2349,3,32.149281720173
B,VDR,7421,687,3,9.40253577767511
B,NLGN1,22871,2336,3,31.9713589179754
B,OR5M11,219487,4230,3,57.893342561231
B,PLAC8,51316,5063,3,69.2940882712796
B,IER2,9592,5279,3,72.2503440616403
B,USP17L13,100287238,2260,2,30.9311948435892
B,RNPC3,55599,4132,3,56.5520783600489
B,SMC1A,8243,1921,3,26.2915156170508
B,RDH12,145226,4717,3,64.5586044589425
B,TMBIM1,64114,1886,3,25.8124926880572
B,OR1B1,347169,5747,3,78.6555649407553
B,OR10Z1,128368,2847,3,38.9650936812825
B,ADAMTS12,81792,5387,3,73.7284719568207
B,FERMT3,83706,3396,3,46.4789104817827
B,FBXL17,64839,1766,3,24.170128360079
B,PDGFRA,5156,1239,3,16.9574116863748
B,ESD,2098,2984,3,40.8401262890575
B,KRT86,3892,3060,3,41.8802903634437
B,RAB40AL,282808,2519,3,34.4759645181421
B,PLEKHA3,65977,2563,3,35.0781647717341
B,PKP3,11187,2527,3,34.5854554733406
B,GON7,84520,3525,3,48.2444521343592
B,STAB1,23166,3352,3,45.8767102281907
B,GPR142,350383,3970,3,54.3348865172783
B,POTEA,340441,2349,3,32.149281720173
B,FAM47B,170062,2882,3,39.4441166102761
B,SLC22A25,387601,2941,3,40.2516124048654
B,GP9,2815,3460,3,47.354838123371
B,SYPL1,6856,6412,3,87.7570005916344
B,DAP3,7818,2159,3,29.5488715342075
B,GAN,8139,2493,3,34.1201189137468
B,DKK1,22943,3845,3,52.624090342301
B,RSC1A1,6248,2173,3,29.740480705805
B,FAM47A,158724,4626,3,63.3131448435591
B,CETP,1071,4646,3,63.5868722315554
B,CACNA1S,779,5365,3,73.4273718300247
B,TAS1R1,80835,2308,3,31.5881405747804
B,NPM3,10360,1313,3,17.9702030219613
B,TUT1,64852,5028,3,68.815065342286
B,HIST1H1A,3024,2150,3,29.4256942096092
B,TBC1D21,161514,4077,3,55.7993280430589
B,MIER3,166968,4615,3,63.1625947801611
B,SP6,80320,4283,3,58.6187201394214
B,RGS19,10287,3191,3,43.6732047548199
B,DDN,23109,3732,3,51.0775306001216
B,PARP14,54625,2943,3,40.278985143665
B,FAM159A,348378,2164,3,29.6173033812066
B,SLC35C1,55343,2816,3,38.5408162298881
B,ALOXE3,59344,3319,3,45.4250600379967
B,FAM213B,127281,6450,3,88.2770826288275
B,NCR3LG1,374383,4336,3,59.3440977176118
B,TUBGCP5,114791,2503,3,34.256982607745
B,B4GALNT4,338707,1704,3,23.3215734572902
B,PRIMA1,145270,2547,3,34.859182861337
B,LIMK2,3985,4145,3,56.7300011622465
B,ETS1,2113,1997,3,27.331679691437
B,C10orf95,79946,6884,3,94.2169669483486
B,FLT3LG,2323,4393,3,60.1242207734014
B,PIGZ,80235,1737,3,23.7732236474842
B,RGS16,6004,3820,3,52.2819311073056
B,CAND2,23066,3828,3,52.3914220625041
B,ASPRV1,151516,1960,3,26.8252840236437
B,DRD2,1813,5860,3,80.2021246829347
B,ETNPPL,64850,5026,3,68.7876926034863
B,SRD5A1,6715,3677,3,50.3247802831316
B,CNGA1,1259,2998,3,41.031735460655
B,MIS18BP1,55320,2607,3,35.6803650253261
B,OR7D4,125958,7254,3,99.2809236262813
B,NAA35,60560,3320,3,45.4387464073965
B,CCL19,6363,4984,3,68.212865088694
B,RAB38,23682,3176,3,43.4679092138226
B,NUDT12,83594,3601,3,49.2846162087454
B,FFAR2,2867,3556,3,48.6687295857536
B,NXNL1,115861,2664,3,36.4604880811157
B,NLE1,54475,3568,3,48.8329660185514
B,CHD3,1107,3624,3,49.5994027049412
B,TRH,7200,2711,3,37.1037474429072
B,PIAS2,9063,2571,3,35.1876557269326
B,C11orf1,64776,6196,3,84.8007448012737
B,ZNF518A,9849,2586,3,35.3929512679299
B,IZUMO2,126123,2486,3,34.0243143279481
B,BAHD1,22893,4925,3,67.4053692941047
B,C4orf32,132720,3105,3,42.4961769864356
B,FMNL2,114793,2662,3,36.4331153423161
B,RTP2,344892,5094,3,69.718365722674
B,HNF1A,6927,1308,3,17.9017711749622
B,PPFIBP1,8496,5102,3,69.8278566778725
B,OR2M7,391196,5598,3,76.6162959001824
B,SLC45A1,50651,2439,3,33.3810549661566
B,PTGES2,80142,5040,3,68.9793017750838
B,WDR5B,54554,3490,3,47.7654292053656
B,TIE1,7075,4858,3,66.4883825443169
B,HGFAC,3083,1896,3,25.9493563820553
B,PALD1,27143,1872,3,25.6208835164597
B,NUP133,55746,3555,3,48.6550432163537
B,WFDC6,140870,4364,3,59.7273160608067
B,NEFH,4744,2639,3,36.1183288461203
B,MRPL58,3396,2606,3,35.6666786559263
B,RPUSD1,113000,2301,3,31.4923359889817
B,SLC38A8,146167,3307,3,45.2608236051988
B,KIF27,55582,2532,3,34.6538873203397
B,TEX261,113419,1494,3,20.4474358833284
B,VWA5A,4013,2321,3,31.7660633769781
B,CLOCK,9575,1057,3,14.4664924556079
B,LHFPL5,222662,1398,3,19.1335444209459
B,CRLF1,9244,2232,3,30.5479765003943
B,EVA1B,55194,2157,3,29.5214987954079
B,ATP8B3,148229,2064,3,28.2486664412248
B,SENP5,205564,2152,3,29.4530669484088
B,ABHD8,79575,2789,3,38.171284256093
B,LPXN,9404,2264,3,30.9859403211884
B,SPEG,10290,3706,3,50.7216849957263
B,TUBG2,27175,1132,3,15.4929701605942
B,ZNF132,7691,3563,3,48.7645341715523
B,LOC101928841,101928841,3867,3,52.925190469097
B,C18orf63,644041,3961,3,54.2117091926799
B,DDHD2,23259,2376,3,32.5188136939681
B,RNASEH2A,10535,6265,3,85.7451042898611
B,PIEZO1,9780,882,3,12.0713778106397
B,ABCA3,21,1658,3,22.6920004648986
B,SGCA,6442,3163,3,43.289986411625
B,SF3B2,10992,3908,3,53.4863316144896
B,MAP3K2,10746,1097,3,15.0139472316006
B,OLFM2,93145,537,3,7.34958036770238
B,PNMA2,10687,3808,3,52.1176946745078
B,TCF7,6932,1313,3,17.9702030219613
B,PGAM1,5223,2373,3,32.4777545857686
B,CFD,1675,4022,3,55.0465777260689
B,FOXA1,3169,2882,3,39.4441166102761
B,STON2,85439,2651,3,36.2825652789181
B,TAS2R60,338398,4541,3,62.1498034445745
B,RBMY1J,378951,2621,2,35.8719741969235
B,KIAA0368,23392,2652,3,36.2962516483179
B,ATP11B,23200,1773,3,24.2659329458777
B,DNMT3L,29947,4110,3,56.2509782332529
B,MUS81,80198,2247,3,30.7532720413915
B,RPL11,6135,2836,3,38.8145436178845
B,EXD1,161829,3808,3,52.1176946745078
B,IL25,64806,3131,3,42.8520225908308
B,BEND7,222389,2178,3,29.8089125528041
B,HMGCR,3156,2474,3,33.8600778951503
B,HTRA2,27429,4826,3,66.0504187235227
B,ACVR1,90,1496,3,20.474808622128
B,NPBWR2,2832,4033,3,55.1971277894669
B,CHMP5,51510,3229,3,44.193286792013
B,CTSB,1508,863,3,11.8113367920431
B,APOC2,344,2146,3,29.3709487320099
B,AIF1L,83543,1362,3,18.6408351225524
B,MB21D2,151963,2595,3,35.5161285925283
B,COL15A1,1306,3146,3,43.0573181318281
B,LALBA,3906,5643,3,77.2321825231742
B,NACA2,342538,2057,3,28.1528618554261
B,ADGRG6,57211,3164,3,43.3036727810248
B,POTEF,728378,5389,3,73.7558446956204
B,FAM46B,115572,3454,3,47.2727199069721
B,FCRL6,343413,5568,3,76.2057048181878
B,SLC7A7,9056,3258,3,44.5901915046077
B,GPR158,57512,4525,3,61.9308215341774
B,GLRA1,2741,3712,3,50.8038032121252
B,MYO1A,4640,5764,3,78.8882332205522
B,HOMER3,9454,3469,3,47.4780154479694
B,OCLN,100506658,4174,3,57.1269058748412
B,ASCC2,84164,2377,3,32.5325000633679
B,HNRNPUL2,221092,1936,3,26.4968111580481
B,PCSK7,9159,4424,3,60.5484982247958
B,ZNF235,9310,4386,3,60.0284161876027
B,ITPR2,3709,4262,3,58.3313063820252
B,CFAP126,257177,2905,3,39.7589031064719
B,GPX3,2878,2086,3,28.5497665680208
B,AMY2B,280,3219,3,44.0564230980148
B,NCKAP5L,57701,2374,3,32.4914409551684
B,CYSRT1,375791,3974,3,54.3896319948776
B,CYP2E1,1571,5293,3,72.4419532332378
B,CPNE6,9362,2509,3,34.3391008241439
B,DNAH7,56171,1264,3,17.2995709213702
B,GOLGA8B,440270,4456,3,60.98646204559
B,CIRBP,1153,4142,3,56.6889420540471
B,TMEM106B,54664,4785,3,65.4892775781302
B,MINPP1,9562,2604,3,35.6393059171266
B,BTBD11,121551,2658,3,36.3783698647168
B,TARSL2,123283,1713,3,23.4447507818886
B,AKNA,80709,4102,3,56.1414872780543
B,ARL2BP,23568,1528,3,20.9127724429222
B,TNFRSF19,55504,2250,3,30.794331149591
B,PIANP,196500,3006,3,41.1412264158535
B,FAM111A,63901,2003,3,27.4137979078359
B,SRMS,6725,2062,3,28.2212937024252
B,ARL6IP4,51329,620,3,8.48554902788729
B,SIAH2,6478,1630,3,22.3087821217037
B,CALB1,793,2170,3,29.6994215976055
B,PROB1,389333,1798,3,24.6080921808731
B,FGGY,55277,3321,3,45.4524327767963
B,AGFG2,3268,3286,3,44.9734098478027
B,KRCC1,51315,2125,3,29.0835349746137
B,GAL,51083,1987,3,27.1948159974388
B,CTF1,1489,3132,3,42.8657089602306
B,MPZ,4359,3454,3,47.2727199069721
B,SLC9A3R2,9351,3308,3,45.2745099745987
B,RRAS2,22800,2223,3,30.4247991757959
B,POU4F3,5459,2416,3,33.0662684699608
B,DDX25,29118,3799,3,51.9945173499094
B,HMBOX1,79618,5186,3,70.9775117074572
B,CLDN19,149461,6046,3,82.7477893913009
B,LTB,4050,4834,3,66.1599096787212
B,IKBKB,3551,1632,3,22.3361548605033
B,TLDC1,57707,4233,3,57.9344016694305
B,B3GNT9,84752,3165,3,43.3173591504246
B,FRZB,2487,3598,3,49.2435571005459
B,MPC1L,347411,2241,3,30.6711538249926
B,BIK,638,3252,3,44.5080732882088
B,CEBPA,1050,1784,3,24.4164830092757
B,YIPF5,81555,4260,3,58.3039336432256
B,C1QTNF12,388581,2766,3,37.8564977598972
B,SCD5,79966,3475,3,47.5601336643683
B,COMP,1311,5265,3,72.0587348900429
B,PIGO,84720,3564,3,48.7782205409521
B,SEMA3B,7869,3267,3,44.7133688292061
B,XPNPEP2,7512,3088,3,42.2635087066386
B,TMEM203,94107,2344,3,32.0808498731739
B,DQX1,165545,5285,3,72.3324622780392
B,IRF9,10379,3292,3,45.0555280642016
B,CAP2,10486,2400,3,32.8472865595637
B,TYMP,1890,5991,3,81.9950390743109
B,ACBD7,414149,2300,3,31.4786496195819
B,MORC1,27136,3275,3,44.8228597844046
B,NUDT1,4521,3408,3,46.6431469145805
B,NKD2,85409,2284,3,31.2596677091848
B,ANKRD7,56311,4580,3,62.6835718511674
B,IDI1,3422,7833,3,107.205331508776
B,ZNF562,54811,3192,3,43.6868911242197
B,MYH7,4625,4119,3,56.3741555578512
B,TRIM32,22954,3756,3,51.4060034657172
B,POMK,84197,2610,3,35.7214241335255
B,RLBP1,6017,4264,3,58.3586791208249
B,CYP4B1,1580,5404,3,73.9611402366176
B,KRTAP1-3,81850,4881,3,66.8031690405127
B,GPR4,2828,2497,3,34.1748643913461
B,C9orf172,389813,2157,3,29.5214987954079
B,NRG2,9542,2222,3,30.4111128063961
B,OR1L1,26737,5272,3,72.1545394758416
B,FAM229A,100128071,3205,3,43.8648139264174
B,HBM,3042,1358,3,18.5860896449531
B,S100A7A,338324,4413,3,60.3979481613978
B,TMEM25,84866,2772,3,37.9386159762961
B,RAD51C,5889,2621,3,35.8719741969235
B,MORN3,283385,1412,3,19.3251535925433
B,EPS8L2,64787,3833,3,52.4598539095032
B,STPG2,285555,3941,3,53.9379818046836
B,LEUTX,342900,3316,3,45.3840009297972
B,PTPRH,5794,4067,3,55.6624643490607
B,THY1,7070,2620,3,35.8582878275237
B,MESDC2,23184,3453,3,47.2590335375723
B,C2orf76,130355,5244,3,71.7713211326467
B,AREG,374,2017,3,27.6054070794333
B,SLC5A7,60482,3468,3,47.4643290785696
B,MT2A,4502,2489,3,34.0653734361475
B,EPOR,2057,3224,3,44.1248549450139
B,PRM1,5619,3667,3,50.1879165891334
B,WNT5A,7474,3847,3,52.6514630811007
B,ARL13B,200894,4081,3,55.8540735206581
B,C1orf228,339541,2744,3,37.5553976331012
B,ABCF1,23,2389,3,32.6967364961657
B,SLC29A3,55315,1133,3,15.506656529994
B,TYW1B,441250,3257,3,44.5765051352079
B,APOBEC3H,164668,3543,3,48.4908067835559
B,HIST1H4G,8369,1902,3,26.0314745984542
B,MGST1,4257,2676,3,36.6247245139135
B,GNRH1,2796,2199,3,30.0963263102003
B,DSG1,1828,4355,3,59.6041387362083
B,ESRP1,54845,4927,3,67.4327420329043
B,PLOD1,5351,5091,3,69.6773066144745
B,TREH,11181,4302,3,58.878761158018
B,ANKRD34A,284615,3919,3,53.6368816778876
B,BICDL1,92558,4224,3,57.8112243448321
B,ARHGEF38,54848,4610,3,63.094162933162
B,AMOTL2,51421,3770,3,51.5976126373147
B,PGGT1B,5229,3966,3,54.280141039679
B,PPAN,56342,4476,3,61.2601894335863
B,SMCP,4184,4666,3,63.8605996195518
B,EPO,2056,2391,3,32.7241092349654
B,RUFY4,285180,2294,3,31.396531403183
B,POU3F3,5455,3591,3,49.1477525147472
B,MYH14,79784,1610,3,22.0350547337073
B,PCSK1N,27344,2018,3,27.6190934488332
B,DBT,1629,3034,3,41.5244447590485
B,DOCK4,9732,1987,3,27.1948159974388
B,TNNI1,7135,2675,3,36.6110381445137
B,MAGEB2,4113,3804,3,52.0629491969085
B,BRIP1,83990,5959,3,81.5570752535167
B,CTH,1491,3986,3,54.5538684276754
B,NR5A1,2516,1928,3,26.3873202028495
B,MYADM,91663,5443,3,74.4949086432105
B,TMEM120A,83862,2408,3,32.9567775147623
B,TUBA1A,7846,3004,3,41.1138536770539
B,MFAP1,4236,2791,3,38.1986569948926
B,TSGA10,80705,3071,3,42.0308404268417
B,CEP76,79959,1948,3,26.6610475908459
B,PSMA6,5687,2687,3,36.7752745773115
B,STEAP2,261729,1264,3,17.2995709213702
B,YEATS4,8089,2664,3,36.4604880811157
B,LRRC3B,116135,1426,3,19.5167627641408
B,SIX6,4990,3027,3,41.4286401732497
B,ZNF534,147658,3601,3,49.2846162087454
B,ADAD2,161931,2871,3,39.2935665468781
B,MAPRE3,22924,3128,3,42.8109634826314
B,CACHD1,57685,5515,3,75.4803272399975
B,MYT1L,23040,4194,3,57.4006332628376
B,RBPMS2,348093,3613,3,49.4488526415432
B,GPATCH1,55094,3516,3,48.1212748097608
B,ATPIF1,93974,2960,3,40.5116534234619
B,NTSR2,23620,4022,3,55.0465777260689
B,BCL10,8915,3234,3,44.2617186390121
B,SLC9C1,285335,6849,3,93.7379440193549
B,PKD1L1,168507,3652,3,49.9826210481361
B,ZNF594,84622,2606,3,35.6666786559263
B,STK32B,55351,1427,3,19.5304491335406
B,GSN,2934,3281,3,44.9049780008036
B,PFN2,5217,3148,3,43.0846908706277
B,SUFU,51684,1601,3,21.911877409109
B,ACOX2,8309,2972,3,40.6758898562597
B,PEX11B,8799,2832,3,38.7597981402852
B,ADAM22,53616,3058,3,41.8529176246441
B,FGL2,10875,4280,3,58.577661031222
B,HIST1H1T,3010,2151,3,29.439380579009
B,GEMIN2,8487,3192,3,43.6868911242197
B,CDKN2AIPNL,91368,3073,3,42.0582131656414
B,RPGRIP1L,23322,3802,3,52.0355764581089
B,MCF2,4168,3010,3,41.1959718934528
B,SYBU,55638,3266,3,44.6996824598063
B,ECT2L,345930,5310,3,72.6746215130347
B,CUL7,9820,4617,3,63.1899675189607
B,FRMD7,90167,3118,3,42.6740997886332
B,TEX33,339669,5682,3,77.7659509297671
B,ERCC5,2073,4143,3,56.7026284234469
B,ZNF205,7755,5029,3,68.8287517116858
B,RCC1,1104,4903,3,67.1042691673087
B,WDR61,80349,5179,3,70.8817071216585
B,C16orf96,342346,4157,3,56.8942375950443
B,UBE2T,29089,7109,3,97.2964000633077
B,LRCOL1,100507055,4878,3,66.7621099323132
B,USP33,23032,2049,3,28.0433709002275
B,CYB561A3,220002,3352,3,45.8767102281907
B,APMAP,57136,1806,3,24.7175831360717
B,C9orf62,157927,4133,3,56.5657647294487
B,AKR1C1,1645,5572,3,76.2604502957871
B,OR13C4,138804,5726,3,78.3681511833591
B,SPHK2,56848,8125,3,111.201751373523
B,CTXN2,399697,5430,3,74.3169858410129
B,TEX9,374618,3460,3,47.354838123371
B,SLC43A1,8501,3709,3,50.7627441039258
B,MSRB2,22921,3931,3,53.8011181106854
B,KEL,3792,3905,3,53.4452725062901
B,VIP,7432,3890,3,53.2399769652929
B,GTPBP10,85865,4137,3,56.6205102070479
B,NR1I3,9970,1561,3,21.3644226331162
B,SIRT1,23411,3922,3,53.677940786087
B,TMEM225,338661,3503,3,47.9433520075632
B,GALNT12,79695,4148,3,56.7710602704459
B,CASP1,834,5248,3,71.826066610246
B,RPL7L1,285855,5723,3,78.3270920751596
B,NDC80,10403,4636,3,63.4500085375572
B,RAE1,8480,3858,3,52.8020131444987
B,POLR3B,55703,4559,3,62.3961580937712
B,NXPE4,54827,4237,3,57.9891471470298
B,ISX,91464,4700,3,64.3259361791456
B,OR4C16,219428,4390,3,60.083161665202
B,NDUFAF5,79133,2985,3,40.8538126584574
B,ACTR8,93973,4101,3,56.1278009086545
B,BTN1A1,696,5504,3,75.3297771765994
B,NPAS1,4861,1091,3,14.9318290152017
B,OR8B4,283162,4063,3,55.6077188714614
B,IQCF1,132141,4675,3,63.9837769441501
B,IFI6,2537,3641,3,49.8320709847381
B,KRT79,338785,5360,3,73.3589399830256
B,CLEC3A,10143,2919,3,39.9505122780694
B,SAP30BP,29115,3166,3,43.3310455198245
B,VPS52,6293,1946,2,26.6336748520462
B,PXMP4,11264,1656,3,22.664627726099
B,MEP1B,4225,4462,3,61.0685802619889
B,SCG2,7857,6567,3,89.8783878486062
B,BTK,695,3922,3,53.677940786087
B,WFDC5,149708,2559,3,35.0234192941348
B,CATSPERD,257062,4947,3,67.7064694209007
B,CUBN,8029,3352,3,45.8767102281907
B,NUP210L,91181,4072,3,55.7308961960598
B,TMEM134,80194,4355,3,59.6041387362083
B,DHRS2,10202,4870,3,66.6526189771147
B,DHX36,170506,3562,3,48.7508478021525
B,DYRK4,8798,2053,3,28.0981163778268
B,SERINC3,10955,3634,3,49.7362663989394
B,SRGAP3,9901,3642,3,49.8457573541379
B,TFAP2D,83741,4249,3,58.1533835798276
B,SLC25A51,92014,2216,3,30.3289945899972
B,OR10A2,341276,5566,3,76.1783320793882
B,IPO11,51194,2716,3,37.1721792899063
B,SLC22A24,283238,4623,3,63.2720857353596
B,ABHD13,84945,4694,3,64.2438179627467
B,OR10X1,128367,7971,3,109.094050485951
B,UGT2B28,54490,5097,3,69.7594248308734
B,MARCH1,55016,4271,3,58.4544837066236
B,CCZ1B,221960,7060,3,96.6257679627166
B,ACVR1C,130399,975,3,13.3442101648228
B,PET117,100303755,1548,3,21.1864998309186
B,TCERG1L,256536,976,3,13.3578965342226
B,PAXBP1,94104,2038,3,27.8928208368295
B,HPS3,84343,1997,3,27.331679691437
B,PELI3,246330,1122,3,15.356106466596
B,ASNSD1,54529,776,3,10.6206226542589
B,HTR1A,3350,5305,3,72.6061896660356
B,WNT6,7475,4537,3,62.0950579669752
B,ISLR,3671,6798,3,93.0399391799642
B,ADORA3,140,6184,3,84.6365083684758
B,ALPK2,115701,6379,3,87.3053504014404
B,MZT2A,653784,2220,3,30.3837400675964
B,RAB27B,5874,5866,3,80.2842428993336
B,SV2B,9899,2142,3,29.3162032544106
B,CRYGC,1420,8196,3,112.17348360091
B,CD3E,916,7209,3,98.6650370032895
B,LGALS1,3956,3951,3,54.0748454986818
B,C5orf15,56951,1853,3,25.3608424978632
B,KLHL20,27252,6098,3,83.4594806000915
B,CHIC1,53344,2082,3,28.4950210904215
B,AQP2,359,2400,3,32.8472865595637
B,RPL17,6139,3544,3,48.5044931529558
B,OR4N5,390437,6955,3,95.1886991757357
B,CD3EAP,10849,6000,3,82.1182163989093
B,SHMT2,6472,4417,3,60.4526936389971
B,LAMTOR4,389541,3969,3,54.3212001478785
B,MVB12B,89853,2756,3,37.719634065899
B,NMT2,9397,2125,3,29.0835349746137
B,LOC100289561,100289561,4124,3,56.4425874048503
B,MNT,4335,4653,3,63.6826768173542
B,C2orf50,130813,6049,3,82.7888484995004
B,ADGB,79747,2809,3,38.4450116440894
B,ALOX5AP,241,3949,3,54.0474727598821
B,C15orf48,84419,5437,3,74.4127904268116
B,FAM8A1,51439,2480,3,33.9421961115492
B,FCHO2,115548,2002,3,27.4001115384361
B,RPL5,6125,1535,3,21.008577028721
B,FOXR2,139628,4868,3,66.6252462383151
B,SLC10A6,345274,7095,3,97.1047908917102
B,FEV,54738,4840,3,66.2420278951202
B,WNT16,51384,4936,3,67.5559193575027
B,GCC2,9648,2315,3,31.6839451605792
B,FLT4,2324,1308,3,17.9017711749622
B,TRPC1,7220,1112,3,15.2192427725979
B,FLRT1,23769,5781,3,79.1209015003491
B,RPA4,29935,4072,3,55.7308961960598
B,BRINP2,57795,5014,3,68.6234561706885
B,ZNF300,91975,1703,3,23.3078870878904
B,PTGER4,5734,4342,3,59.4262159340107
B,C9orf163,158055,1693,3,23.1710233938922
B,OR10K2,391107,4930,3,67.4738011411038
B,FGF12,2257,3851,3,52.7062085586999
B,S1PR4,8698,2988,3,40.8948717666568
B,ACVR2B,93,3827,3,52.3777356931043
B,APCS,325,6234,3,85.3208268384667
B,TRIM49B,283116,4981,3,68.1718059804945
B,PSMD13,5719,5967,3,81.6665662087153
B,SERPINE3,647174,6534,3,89.4267376584122
B,EBI3,10148,3002,3,41.0864809382543
B,SEC24B,10427,1547,3,21.1728134615188
B,TMEM37,140738,2109,3,28.8645530642166
B,USP28,57646,899,3,12.3040460904366
B,PBX4,80714,3713,3,50.817489581525
B,SETSIP,646817,4545,3,62.2045489221738
B,FGD4,121512,3543,3,48.4908067835559
B,ANKRD1,27063,6164,3,84.3627809804795
B,CLEC2A,387836,4493,3,61.4928577133832
B,PLXNA1,5361,3984,3,54.5264956888758
B,MUC12,10071,2830,3,38.7324254014855
B,UPK1A,11045,9084,3,124.326979627949
B,ALX3,257,4095,3,56.0456826922556
B,IGDCC3,9543,2119,3,29.0014167582148
B,PTRHD1,391356,5312,3,72.7019942518343
B,IER5L,389792,2695,3,36.8847655325101
B,UPF3A,65110,3237,3,44.3027777472116
B,TECTA,7007,4146,3,56.7436875316463
B,MTRNR2L9,100463487,3537,3,48.408688567157
B,IL4,3565,5780,3,79.1072151309493
B,TEX14,56155,4746,3,64.9555091715373
B,KIR3DL3,115653,2089,2,28.5908256762203
B,SKA3,221150,3039,3,41.5928766060476
B,U2AF2,11338,4719,3,64.5859771977422
B,AHCY,191,4242,3,58.0575789940289
B,OSM,5008,3969,3,54.3212001478785
B,SLC25A12,8604,2932,3,40.128435080267
B,CRYBB2,1415,3996,3,54.6907321216736
B,GPM6A,2823,7514,3,102.839379670234
B,DPT,1805,5177,3,70.8543343828589
B,PFKP,5214,3158,3,43.2215545646259
B,ZC3H7B,23264,4953,3,67.7885876372996
B,B3GALT4,8705,2956,3,40.4569079458626
B,RUVBL2,10856,6517,3,89.1940693786153
B,LSMEM2,132228,4517,3,61.8213305789789
B,DMXL2,23312,4440,3,60.7674801351929
B,CREB3L4,148327,6620,3,90.6037654267966
B,GLUD1,2746,3676,3,50.3110939137318
B,DEPDC7,91614,6251,3,85.5534951182637
B,FRY,10129,2632,3,36.0225242603215
B,ARHGEF19,128272,3719,3,50.8996077979239
B,MGAT4D,152586,1491,3,20.406376775129
B,PRSS55,203074,5120,3,70.0742113270692
B,KPNA3,3839,5570,3,76.2330775569874
B,EHMT1,79813,2334,3,31.9439861791757
B,TERF2,7014,2474,3,33.8600778951503
B,NUDT16,131870,1738,3,23.7869100168841
B,LEMD2,221496,3763,3,51.5018080515159
B,TMEM59L,25789,2354,3,32.2177135671721
B,HTRA1,5654,4750,3,65.0102546491365
B,RSAD1,55316,2396,3,32.7925410819644
B,AIG1,51390,4660,3,63.7784814031529
B,LSM3,27258,4429,3,60.6169300717949
B,STRN,6801,2432,3,33.2852503803579
B,ENDOD1,23052,1569,3,21.4739135883148
B,PPP1R7,5510,2040,3,27.9201935756292
B,UBAP1,51271,2433,3,33.2989367497577
B,ACAA2,10449,3638,3,49.7910118765387
B,VANGL2,57216,6113,3,83.6647761410887
B,GLP1R,2740,2587,3,35.4066376373297
B,DHX8,1659,4986,3,68.2402378274936
B,ONECUT1,3175,3766,3,51.5428671597154
B,NCAPG,64151,1651,3,22.5961958790999
B,HIST1H2BE,8344,5659,3,77.4511644335713
B,ZNF451,26036,4531,3,62.0129397505763
B,TMEM160,54958,5478,3,74.9739315722042
B,MRPS25,64432,3200,3,43.7963820794183
B,TMUB2,79089,5682,3,77.7659509297671
B,CYP26A1,1592,4850,3,66.3788915891183
B,MND1,84057,3672,3,50.2563484361325
B,ARRB1,408,3336,3,45.6577283177936
B,KLK1,3816,3193,3,43.7005774936196
B,FIBCD1,84929,4281,3,58.5913474006218
B,CXorf38,159013,4900,3,67.0632100591092
B,HDGFL1,154150,3760,3,51.4607489433165
B,FAM218A,152756,6625,3,90.6721972737956
B,ING5,84289,4030,3,55.1560686812674
B,MLEC,9761,3332,3,45.6029828401943
B,IDH3B,3420,3543,3,48.4908067835559
B,HIGD2A,192286,3272,3,44.7818006762052
B,MTSS1L,92154,3991,3,54.6223002746745
B,CPPED1,55313,2495,3,34.1474916525464
B,KRT78,196374,2604,3,35.6393059171266
B,WDR4,10785,4301,3,58.8650747886181
B,CRYAA,1409,6450,3,88.2770826288275
B,LRRC37A3,374819,2797,3,38.2807752112915
B,EHHADH,1962,3350,3,45.849337489391
B,ZNF689,115509,4233,3,57.9344016694305
B,SP2,6668,7574,3,103.660561834223
B,CBR4,84869,1645,3,22.514077662701
B,TMED1,11018,4003,3,54.7865367074723
B,KIAA1671,85379,6191,3,84.7323129542746
B,LIF,3976,6123,3,83.8016398350869
B,FAM71F1,84691,5289,3,72.3872077556385
B,ADAM2,2515,4081,3,55.8540735206581
B,THSD7B,80731,5444,3,74.5085950126104
B,C3orf35,339883,3177,3,43.4815955832225
B,C15orf38-AP3S2,100526783,2803,3,38.3628934276904
B,DCAF4L1,285429,4867,3,66.6115598689152
B,GPRASP1,9737,5789,3,79.2303924555476
B,NAP1L3,4675,3935,3,53.8558635882847
B,TMEM99,147184,3614,3,49.462539010943
B,GRPR,2925,10688,3,146.279916145257
B,GPALPP1,55425,5875,3,80.407420223932
B,KLHL15,80311,5161,3,70.6353524724618
B,ATXN7,6314,5404,3,73.9611402366176
B,HELLS,3070,5672,3,77.6290872357689
B,RNF144A,9781,2414,3,33.0388957311612
B,KCTD8,386617,3262,3,44.644936982207
B,LYZL2,119180,3676,3,50.3110939137318
B,UBAP2,55833,2102,3,28.7687484784179
B,RAET1G,353091,5312,3,72.7019942518343
B,FAM71F2,346653,5677,3,77.697519082768
B,RALBP1,10928,3235,3,44.2754050084119
B,ULBP3,79465,2553,3,34.9413010777359
B,CUZD1,50624,5501,3,75.2887180684
B,DLEC1,9940,2857,3,39.1019573752806
B,ZNF606,80095,3952,3,54.0885318680816
B,PZP,5858,4831,3,66.1188505705218
B,CLEC1A,51267,4887,3,66.8852872569116
B,CT45A3,441519,5537,3,75.7814273667934
B,P3H3,10536,4371,3,59.8231206466054
B,TIAM1,7074,6350,3,86.9084456888457
B,DIRAS3,9077,4102,3,56.1414872780543
B,SKIV2L2,23517,2235,3,30.5890356085937
B,ZNF548,147694,4314,3,59.0429975908158
B,ZNF256,10172,4219,3,57.742792497833
B,ZNF532,55205,4799,3,65.6808867497276
B,MTMR6,9107,3349,3,45.8356511199912
B,SERPING1,710,5357,3,73.3178808748262
B,PDP1,54704,3485,3,47.6969973583665
B,CLDN22,53842,4455,3,60.9727756761901
B,ADH4,127,3721,3,50.9269805367236
B,ZNF182,7569,3688,3,50.4753303465296
B,GAD2,2572,3296,3,45.1102735418008
B,CEP290,80184,4235,3,57.9617744082301
B,C1orf109,54955,3446,3,47.1632289517736
B,FAM98B,283742,3714,3,50.8311759509248
B,RAB41,347517,2099,3,28.7276893702184
B,MRPL52,122704,4932,3,67.5011738799034
B,TNFRSF10D,8793,2727,3,37.3227293533043
B,PIAS4,51588,4173,3,57.1132195054414
B,PNLIPRP2,5408,6354,3,86.9631911664449
B,SLC52A1,55065,4750,3,65.0102546491365
B,RASEF,158158,2860,3,39.1430164834801
B,CYP20A1,57404,3017,3,41.2917764792515
B,CCS,9973,3591,3,49.1477525147472
B,C18orf32,497661,3783,3,51.7755354395123
B,NSUN5,55695,6275,3,85.8819679838593
B,SNX5,27131,4223,3,57.7975379754323
B,IFT88,8100,2982,3,40.8127535502579
B,LRRC3C,100505591,3154,3,43.1668090870266
B,CCDC90B,60492,6167,3,84.4038400886789
B,MSC,9242,1824,3,24.9639377852684
B,AADAT,51166,1676,3,22.9383551140953
B,P2RY4,5030,5272,3,72.1545394758416
B,PPIL1,51645,4618,3,63.2036538883605
B,CCDC172,374355,4785,3,65.4892775781302
B,SLC35F5,80255,5618,3,76.8900232881787
B,PRAMEF33,645382,1138,1,15.5750883769931
B,NDRG2,57447,2003,3,27.4137979078359
B,FMN1,342184,3236,3,44.2890913778117
B,COX17,10063,3965,3,54.2664546702792
B,KNG1,3827,4548,3,62.2456080303732
B,NAA25,80018,4164,3,56.990042180843
B,APOD,347,2563,3,35.0781647717341
B,TMEM214,54867,4315,3,59.0566839602156
B,ELSPBP1,64100,5671,3,77.6154008663691
B,LRFN2,57497,3780,3,51.7344763313129
B,EXOSC2,23404,3121,3,42.7151588968326
B,HIC2,23119,2278,3,31.1775494927859
B,SARDH,1757,2516,3,34.4349054099426
B,AMPD3,272,3030,3,41.4696992814492
B,KIF2B,84643,3275,3,44.8228597844046
B,REC8,9985,3074,3,42.0718995350412
B,LINC01750,643355,2249,3,30.7806447801912
B,C11orf80,79703,2726,3,37.3090429839045
B,KLHDC4,54758,3277,3,44.8502325232043
B,EFCAB6,64800,1525,3,20.8717133347228
B,NAB1,4664,1954,3,26.7431658072448
B,TNFAIP3,7128,3186,3,43.6047729078208
B,RBM10,8241,4637,3,63.4636949069571
B,SERPINE2,5270,2626,3,35.9404060439226
B,MED15,51586,2828,3,38.7050526626859
B,ZNF302,55900,5669,3,77.5880281275695
B,MED16,10025,1794,3,24.5533467032739
B,CENPV,201161,2555,3,34.9686738165355
B,LRRIQ1,84125,6033,3,82.5698665891033
B,MRPS18B,28973,3032,3,41.4970720202488
B,SLC2A4,6517,6870,3,94.0253577767511
B,SLC9C2,284525,4976,3,68.1033741334954
B,PSCA,8000,3651,3,49.9689346787363
B,GUCA2A,2980,4609,3,63.0804765637621
B,DDT,1652,1873,3,25.6345698858595
B,SPEF2,79925,4915,3,67.2685056001065
B,DHFR2,200895,4609,3,63.0804765637621
B,NUDT7,283927,2734,3,37.418533939103
B,CDR1,1038,4429,3,60.6169300717949
B,SNTN,132203,6248,3,85.5124360100642
B,ACVR2A,92,3123,3,42.7425316356323
B,ZNF92,168374,5050,3,69.116165469082
B,C15orf40,123207,5672,3,77.6290872357689
B,DLD,1738,5505,3,75.3434635459993
B,BGLAP,632,3038,3,41.5791902366477
B,ELAVL4,1996,3803,3,52.0492628275087
B,FBXO24,26261,4789,3,65.5440230557294
B,GRHL3,57822,3350,3,45.849337489391
B,CGB2,114336,3563,3,48.7645341715523
B,HEPH,9843,1631,3,22.3224684911035
B,OR5H1,26341,2997,3,41.0180490912552
B,GPRC6A,222545,2829,3,38.7187390320857
B,MTMR3,8897,3081,3,42.1677041208399
B,TEX35,84066,6284,3,86.0051453084577
B,KRTAP22-2,100288287,4759,3,65.1334319737349
B,GADD45G,10912,3025,3,41.4012674344501
B,SLC28A2,9153,4768,3,65.2566092983332
B,SUPV3L1,6832,3820,3,52.2819311073056
B,CAVIN4,347273,4431,3,60.6443028105945
B,NSUN4,387338,5550,3,75.9593501689911
B,SLC26A8,116369,2295,3,31.4102177725828
B,UIMC1,51720,2837,3,38.8282299872843
B,LGALS9,3965,4227,3,57.8522834530316
B,IL16,3603,3015,3,41.2644037404519
B,TOMM34,10953,3862,3,52.8567586220979
B,ANKLE2,23141,3128,3,42.8109634826314
B,FBXO27,126433,3420,3,46.8073833473783
B,NXF1,10482,2974,3,40.7032625950594
B,CCDC121,79635,6213,3,85.0334130810706
B,PTH2R,5746,3319,3,45.4250600379967
B,SMIM6,100130933,4008,3,54.8549685544714
B,MIA2,4253,3595,3,49.2024979923465
B,ENPP7,339221,1740,3,23.8142827556837
B,OR4K17,390436,3420,3,46.8073833473783
B,CHMP7,91782,3272,3,44.7818006762052
B,PRR16,51334,2186,3,29.9184035080026
B,NPHP4,261734,4635,3,63.4363221681574
B,YPEL4,219539,5351,3,73.2357626584273
B,PLA2G2C,391013,3968,3,54.3075137784787
B,ESM1,11082,4459,3,61.0275211537894
B,PON2,5445,1966,3,26.9074022400426
B,TNFRSF10A,8797,5429,3,74.3032994716131
B,CSN2,1447,4041,3,55.3066187446654
B,PLXNB3,5365,3899,3,53.3631542898912
B,ACP2,53,6070,3,83.0762622568966
B,CYP2D6,1565,5207,3,71.2649254648534
B,NCAPD3,23310,5711,3,78.1628556423618
B,RAPGEF3,10411,2745,3,37.569084002501
B,SERPINA4,5267,3609,3,49.3941071639439
B,PRR4,11272,4551,3,62.2866671385727
B,PRTN3,5657,4661,3,63.7921677725527
B,GNMT,27232,2527,3,34.5854554733406
B,TTI2,80185,2339,3,32.0124180261748
B,RPS13,6207,5302,3,72.5651305578362
B,PTCHD1,139411,2745,3,37.569084002501
B,BICC1,80114,1389,3,19.0103670963475
B,PRSS12,8492,707,3,9.67626316567148
B,B3GALNT2,148789,3177,3,43.4815955832225
B,ARHGAP28,79822,1436,3,19.653626458139
B,CYB5D2,124936,2307,3,31.5744542053806
B,TICAM2,353376,1445,3,19.7768037827373
B,POLL,27343,3599,3,49.2572434699458
B,CD2BP2,10421,5013,3,68.6097698012887
B,CPA5,93979,5926,3,81.1054250633227
B,TRIM61,391712,5663,3,77.5059099111705
B,PICK1,9463,2016,3,27.5917207100335
B,ARID1A,8289,3918,3,53.6231953084878
B,POLR3C,10623,982,3,13.4400147506215
B,SORCS1,114815,1832,3,25.073428740467
B,CLTA,1211,2396,3,32.7925410819644
B,FAM199X,139231,2699,3,36.9395110101094
B,RGS20,8601,651,3,8.90982647928166
B,SPECC1,92521,1422,3,19.4620172865415
B,LYZL4,131375,4043,3,55.333991483465
B,TM2D2,83877,5368,3,73.4684309382242
B,PROX2,283571,2841,3,38.8829754648835
B,RAD51AP1,10635,5877,3,80.4347929627316
B,GJA4,2701,3019,3,41.3191492180512
B,SLC3A1,6519,3032,3,41.4970720202488
B,UBTD2,92181,2091,3,28.6181984150199
B,SET,6418,2939,3,40.2242396660657
B,FAM71E1,112703,3341,3,45.7261601647927
B,GBX1,2636,1093,3,14.9592017540013
B,SAA2,6289,4716,3,64.5449180895427
B,HIGD1B,51751,7121,3,97.4606364961055
B,NPPB,4879,3774,3,51.6523581149139
B,SLC4A1,6521,5795,3,79.3125106719466
B,C10orf82,143379,2168,3,29.6720488588059
B,EN2,2020,3898,3,53.3494679204914
B,IRAK1BP1,134728,1988,3,27.2085023668386
B,GXYLT2,727936,3350,3,45.849337489391
B,SIGIRR,59307,1452,3,19.872608368536
B,DYRK3,8444,3196,3,43.741636601819
B,PGGHG,80162,2312,3,31.6428860523797
B,RBP4,5950,3647,3,49.914189201137
B,POFUT1,23509,820,3,11.2228229078509
B,TTLL4,9654,3832,3,52.4461675401034
B,CAVIN1,284119,2326,3,31.8344952239772
B,WWP2,11060,3629,3,49.6678345519403
B,GALR3,8484,6008,3,82.2277073541078
B,KLHDC7B,113730,2066,3,28.2760391800244
B,ZNF423,23090,3969,3,54.3212001478785
B,KCNJ9,3765,2843,3,38.9103482036832
B,BYSL,705,2623,3,35.8993469357232
B,PROCA1,147011,1978,3,27.0716386728404
B,SNRPA1,6627,4330,3,59.2619795012129
B,CLCNKA,1187,2055,3,28.1254891166264
B,RTL1,388015,4602,3,62.9846719779634
B,LONRF1,91694,2176,3,29.7815398140044
B,RRP8,23378,3940,3,53.9242954352838
B,ZNF146,7705,2652,3,36.2962516483179
B,PES1,23481,2634,3,36.0498969991212
B,NAA15,80155,1612,3,22.062427472507
B,ZNF641,121274,3186,3,43.6047729078208
B,ZNF527,84503,1605,3,21.9666228867082
B,GLTPD2,388323,5493,3,75.1792271132014
B,RAB15,376267,3276,3,44.8365461538045
B,C9orf50,375759,1329,3,18.1891849323584
B,PRSS38,339501,5929,3,81.1464841715222
B,SEMA4F,10505,1865,3,25.525078930661
B,BFAR,51283,4122,3,56.4152146660507
B,KRTAP27-1,643812,6659,3,91.1375338333895
B,RPGRIP1,57096,5213,3,71.3470436812523
B,PRCD,768206,4736,3,64.8186454775391
B,RAPGEFL1,51195,1163,3,15.9172476119886
B,TRIM38,10475,5239,3,71.7028892856476
B,HS3ST1,9957,4796,3,65.6398276415282
B,ACTL8,81569,3589,3,49.1203797759476
B,PNMA1,9240,3100,3,42.4277451394365
B,LOC100130597,100130597,2673,3,36.5836654057141
B,NAP1L4,4676,4297,3,58.8103293110189
B,OTULIN,90268,2559,3,35.0234192941348
B,FUT3,2525,5275,3,72.1955985840411
B,TCP1,6950,3155,3,43.1804954564265
B,TRIM7,81786,3873,3,53.0073086854959
B,AATK,9625,4137,3,56.6205102070479
B,RALYL,138046,3846,3,52.6377767117009
B,HDAC8,55869,3896,3,53.3220951816918
B,KIF3B,9371,3534,3,48.3676294589576
B,PAFAH1B3,5050,1321,3,18.0796939771599
B,ATP5G3,518,3481,3,47.6422518807672
B,C6orf201,404220,5980,3,81.8444890109129
B,KIN,22944,4539,3,62.1224307057749
B,OR10P1,121130,4093,3,56.018309953456
B,ABCA9,10350,5102,3,69.8278566778725
B,DHX35,60625,3537,3,48.408688567157
B,DPCD,25911,3879,3,53.0894269018948
B,HHIPL1,84439,1826,3,24.9913105240681
B,ZNF565,147929,4419,3,60.4800663777967
B,ZDHHC3,51304,1302,3,17.8196529585633
B,ABCB4,5244,3270,3,44.7544279374056
B,KLHL4,56062,4791,3,65.5713957945291
B,GPA33,10223,3810,3,52.1450674133074
B,FAF1,11124,4603,3,62.9983583473632
B,LAMA1,284217,2575,3,35.2424012045319
B,FOXM1,2305,2420,3,33.1210139475601
B,KCNG4,93107,5192,3,71.0596299238562
B,BFSP1,631,4548,3,62.2456080303732
B,HPDL,84842,3183,3,43.5637137996214
B,GLOD4,51031,1590,3,21.761327345711
B,IVL,3713,1994,3,27.2906205832375
B,LY6G6C,80740,5049,3,69.1024790996822
B,GPC2,221914,2236,3,30.6027219779935
B,SYAP1,94056,2809,3,38.4450116440894
B,CHI3L2,1117,4027,3,55.115009573068
B,CST5,1473,6347,3,86.8673865806462
B,VPS8,23355,4167,3,57.0311012890425
B,CCR7,1236,3555,3,48.6550432163537
B,CXCR3,2833,6276,3,85.8956543532591
B,PYGB,5834,2153,3,29.4667533178086
B,TC2N,123036,3832,3,52.4461675401034
B,ADAM8,101,2918,3,39.9368259086696
B,JOSD2,126119,2510,3,34.3527871935437
B,PMPCB,9512,2965,3,40.580085270461
B,KLK11,11012,4026,3,55.1013232036681
B,PIN4,5303,3599,3,49.2572434699458
B,TFF3,7033,2717,3,37.1858656593061
B,FAM96B,51647,1746,3,23.8964009720826
B,KIAA1143,57456,4734,3,64.7912727387394
B,CTR9,9646,2526,3,34.5717691039408
B,RNF223,401934,1193,3,16.3278386939831
B,CDC34,997,2670,3,36.5426062975146
B,CALML3,810,3687,3,50.4616439771298
B,LCA5L,150082,4727,3,64.6954681529407
B,PPAN-P2RY11,692312,4025,3,55.0876368342683
B,OR2T6,254879,3971,3,54.3485728866781
B,MEX3D,399664,2021,3,27.6601525570326
B,CDK5RAP2,55755,6512,3,89.1256375316162
B,BRINP1,1620,4049,3,55.4161096998639
B,TCEAL5,340543,3479,3,47.6148791419676
B,ZNF530,348327,3391,3,46.4104786347836
B,ATG5,9474,2642,3,36.1593879543197
B,CXCL9,4283,3442,3,47.1084834741743
B,SMG7,9887,1644,3,22.5003912933011
B,DCXR,51181,3270,3,44.7544279374056
B,C12orf66,144577,3665,3,50.1605438503338
B,MARS,4141,2546,3,34.8454964919372
B,NUDT10,170685,4475,3,61.2465030641865
B,NUDT11,55190,2510,3,34.3527871935437
B,CA4,762,3288,3,45.0007825866023
B,LGI2,55203,1637,3,22.4045867075024
B,GRIA2,2891,8998,3,123.149951859564
B,PF4V1,5197,3290,3,45.0281553254019
B,BTNL10,100129094,5242,3,71.7439483938471
B,TMEM108,66000,3428,3,46.9168743025768
B,USP9Y,8287,5030,3,68.8424380810856
B,CXorf49,100130361,2148,3,29.3983214708095
B,SMC6,79677,3125,3,42.7699043744319
B,ZNF750,79755,4895,3,66.9947782121102
B,CLEC4F,165530,2887,3,39.5125484572752
B,LHPP,64077,3261,3,44.6312506128072
B,MEX3B,84206,2235,3,30.5890356085937
B,LRP10,26020,1577,3,21.5834045435133
B,NOD2,64127,2113,3,28.9192985418159
B,TEAD2,8463,3150,3,43.1120636094274
B,STON1,11037,2561,3,35.0507920329344
B,S100P,6286,3968,3,54.3075137784787
B,ARMCX6,54470,4144,3,56.7163147928467
B,PHYHIPL,84457,2776,3,37.9933614538954
B,KCNJ2,3759,1720,3,23.5405553676873
B,DOK6,220164,2548,3,34.8728692307368
B,RAET1L,154064,6391,3,87.4695868342382
B,IL21R,50615,4959,3,67.8707058536985
B,SOCS3,9021,4204,3,57.5374969568358
B,ASIC2,40,2115,3,28.9466712806155
B,PRKN,5071,2943,3,40.278985143665
B,RBP1,5947,4358,3,59.6451978444078
B,TTN,7273,1643,3,22.4867049239013
B,CYP4F12,66002,3082,3,42.1813904902397
B,CES2,8824,4456,3,60.98646204559
B,YEATS2,55689,4014,3,54.9370867708703
B,SLC5A10,125206,6986,3,95.61297662713
B,SEC14L6,730005,4269,3,58.427110967824
B,FOSL2,2355,1953,3,26.729479437845
B,KLF15,28999,2066,3,28.2760391800244
B,PRKCQ,5588,2509,3,34.3391008241439
B,NGFR,4804,877,3,12.0029459636406
B,PRR23A,729627,1603,3,21.9392501479086
B,RBM46,166863,2340,3,32.0261043955746
B,PHLDA3,23612,4437,3,60.7264210269934
B,TP53I11,9537,3112,3,42.5919815722343
B,ABCC1,4363,1994,3,27.2906205832375
B,TEX45,374877,4593,3,62.861494653365
B,PDCD5,9141,3424,3,46.8621288249776
B,KRTAP10-11,386678,3899,3,53.3631542898912
B,LHFP,10186,3394,3,46.451537742983
B,ESCO1,114799,4046,3,55.3750505916645
B,HDLBP,3069,2326,3,31.8344952239772
B,RBM17,84991,2167,3,29.6583624894061
B,PARP12,64761,1208,3,16.5331342349804
B,FUT4,2526,2518,3,34.4622781487423
B,DPP9,91039,1582,3,21.6518363905124
B,CHRNA3,1136,1732,3,23.7047918004851
B,MGAT5B,146664,2069,3,28.3170982882239
B,HIST2H4A,8370,5183,3,70.9364525992578
B,HNRNPH3,3189,1508,3,20.6390450549259
B,TMEM238,388564,1351,3,18.4902850591544
B,GPN2,54707,2721,3,37.2406111369054
B,PQBP1,10084,1803,3,24.6765240278722
B,SPR,6697,5209,3,71.2922982036531
B,CTBS,1486,1740,3,23.8142827556837
B,PTPRK,5796,2304,3,31.5333950971812
B,YRDC,79693,5178,3,70.8680207522587
B,LRRC3,81543,3207,3,43.892186665217
B,PDZD3,79849,7170,3,98.1312685966966
B,TMC8,147138,4918,3,67.309564708306
B,P2RX7,5027,5138,3,70.320565976266
B,ZNF773,374928,2516,3,34.4349054099426
B,SLC6A15,55117,3944,3,53.979040912883
B,HM13,81502,2016,3,27.5917207100335
B,BCL2L2,599,4204,3,57.5374969568358
B,SAMD15,161394,5882,3,80.5032248097307
B,EMC3,55831,4467,3,61.137012108988
B,FUBP1,8880,4139,3,56.6478829458476
B,XPO4,64328,5950,3,81.4338979289184
B,MAPK8IP3,23162,2890,3,39.5536075654746
B,ZNF99,7652,3275,3,44.8228597844046
B,ALAS2,212,2276,3,31.1501767539863
B,HOXC8,3224,2198,3,30.0826399408004
B,CCDC28B,79140,4553,3,62.3140398773723
B,OR52N4,390072,4817,3,65.9272413989243
B,KANK3,256949,4415,3,60.4253209001974
B,GPBP1L1,60313,2220,3,30.3837400675964
B,MYO7B,4648,5957,3,81.5297025147171
B,PCK2,5106,3978,3,54.4443774724769
B,OR10G8,219869,3175,3,43.4542228444228
B,ASIC3,9311,1339,3,18.3260486263566
B,MYO6,4646,1581,3,21.6381500211126
B,THPO,7066,3410,3,46.6705196533801
B,FRMPD3,84443,4731,3,64.75021363054
B,SLC26A10,65012,2987,3,40.881185397257
B,TFF2,7032,4373,3,59.850493385405
B,DNER,92737,4342,3,59.4262159340107
B,PPP2R1B,5519,3904,3,53.4315861368903
B,AKT3,10000,4072,3,55.7308961960598
B,CD52,1043,6873,3,94.0664168849506
B,KRTAP10-1,386677,3451,3,47.2316607987727
B,FCF1,51077,2855,3,39.074584636481
B,RFPL2,10739,2626,3,35.9404060439226
B,OR9A4,130075,7047,3,96.4478451605189
B,TERB2,145645,4399,3,60.2063389898003
B,GBF1,8729,2902,3,39.7178439982725
B,MORN4,118812,5546,3,75.9046046913918
B,VSTM1,284415,5014,3,68.6234561706885
B,CHD9,80205,4253,3,58.2081290574269
B,MUC2,4583,3097,3,42.386686031237
B,DRAM1,55332,1847,3,25.2787242814642
B,ZNF70,7621,2790,3,38.1849706254928
B,ABCB10,23456,3984,3,54.5264956888758
B,NEU2,4759,7400,3,101.279133558655
B,KIF1BP,26128,3967,3,54.2938274090789
B,MIGA1,374986,4596,3,62.9025537615645
B,CST6,1474,3076,3,42.0992722738408
B,ZNF148,7707,4228,3,57.8659698224314
B,TBC1D22B,55633,3366,3,46.0683193997881
B,DNAJC14,85406,1346,3,18.4218532121553
B,MMD,23531,2716,3,37.1721792899063
B,GSAP,54103,2863,3,39.1840755916795
B,WNT11,7481,3229,3,44.193286792013
B,SLC13A3,64849,3966,3,54.280141039679
B,KLHL3,26249,2315,3,31.6839451605792
B,ATP7B,540,3026,3,41.4149538038499
B,GUCY1A3,2982,1895,3,25.9356700126555
B,MTPN,136319,2921,3,39.977885016869
B,FAM20C,56975,1395,3,19.0924853127464
B,TCF24,100129654,1905,3,26.0725337066537
B,TTC19,54902,3957,3,54.1569637150807
B,ARHGEF11,9826,3469,3,47.4780154479694
B,MAGEA3,4102,2398,3,32.8199138207641
B,BCL2L14,79370,4130,3,56.5247056212492
B,TREM1,54210,4839,3,66.2283415257203
B,ABCA6,23460,4251,3,58.1807563186272
B,CHAF1B,8208,2600,3,35.5845604395274
B,LOC100130705,100130705,5628,3,77.0268869821769
B,CALCOCO2,10241,6244,3,85.4576905324649
B,LRIT1,26103,3290,3,45.0281553254019
B,TMEM169,92691,1771,3,24.2385602070781
B,ZNF501,115560,4353,3,59.5767659974087
B,VPS13B,157680,3761,3,51.4744353127163
B,DCTN4,51164,3237,3,44.3027777472116
B,GNAO1,2775,2664,3,36.4604880811157
B,SLC47A2,146802,3433,3,46.9853061495759
B,ALPI,248,3803,3,52.0492628275087
B,CC2D1B,200014,1752,3,23.9785191884815
B,SLC15A1,6564,1587,3,21.7202682375115
B,VWA1,64856,1907,3,26.0999064454533
B,P2RX6,9127,3247,3,44.4396414412097
B,DLG4,1742,4051,3,55.4434824386636
B,CARD11,84433,3473,3,47.5327609255687
B,NUDT22,84304,1315,3,17.997575760761
B,CASC10,399726,4838,3,66.2146551563205
B,VPS36,51028,3469,3,47.4780154479694
B,RPS11,6205,3445,3,47.1495425823737
B,KIAA1024,23251,1256,3,17.1900799661717
B,PPIAL4D,645142,7127,3,97.5427547125044
B,APOC3,345,2037,3,27.8791344674297
B,OR1M1,125963,5168,3,70.7311570582605
B,PRR23D1,100131608,5787,3,79.203019716748
B,VPS51,738,2087,3,28.5634529374206
B,CCDC115,84317,3872,3,52.9936223160961
B,TGM7,116179,2833,3,38.773484509685
B,PASK,23178,3050,3,41.7434266694456
B,FBXL3,26224,3678,3,50.3384666525314
B,TNFSF13B,10673,3209,3,43.9195594040166
B,C2orf78,388960,3261,3,44.6312506128072
B,HTR1D,3352,7144,3,97.7754229923013
B,TAS2R19,259294,3583,3,49.0382615595487
B,SLC6A2,6530,6637,3,90.8364337065935
B,PIK3R3,8503,3371,3,46.1367512467872
B,CECR6,27439,3551,3,48.6002977387545
B,ANKRD33,341405,2215,3,30.3153082205973
B,GORASP1,64689,3634,3,49.7362663989394
B,MAP2K5,5607,2655,3,36.3373107565174
B,ZNF491,126069,4890,3,66.9263463651111
B,CCDC134,79879,2720,3,37.2269247675055
B,NKX2-3,159296,3153,3,43.1531227176268
B,PODN,127435,5682,3,77.7659509297671
B,GPSM3,63940,3955,3,54.129590976281
B,TMIGD3,57413,5095,3,69.7320520920738
B,TNFRSF21,27242,5258,3,71.9629303042442
B,CDR2,1039,2765,3,37.8428113904974
B,FRG2,448831,3031,2,41.483385650849
B,TNFRSF1A,7132,5701,3,78.0259919483636
B,ALDH9A1,223,5943,3,81.3380933431196
B,UTP15,84135,2648,3,36.2415061707186
B,CYB5R1,51706,4532,3,62.0266261199761
B,SPTBN1,6711,3123,3,42.7425316356323
B,EID2,163126,4030,3,55.1560686812674
B,C10orf67,256815,2593,3,35.4887558537286
B,HMGCS1,3157,3037,3,41.5655038672479
B,FSTL5,56884,2997,3,41.0180490912552
B,CDK4,1019,2318,3,31.7250042687786
B,TCOF1,6949,1910,3,26.1409655536528
B,OR10H1,26539,6250,3,85.5398087488638
B,LMO7DN,729420,6962,3,95.2845037615344
B,FBXL5,26234,2630,3,35.9951515215219
B,PLIN4,729359,5083,3,69.567815659276
B,MYL10,93408,3940,3,53.9242954352838
B,TEX29,121793,4513,3,61.7665851013796
B,RTN2,6253,3654,3,50.0099937869357
B,RDX,5962,4283,3,58.6187201394214
B,ZC2HC1C,79696,4882,3,66.8168554099125
B,CSF3,1440,4397,3,60.1789662510007
B,CCL26,10344,6563,3,89.8236423710069
B,DHODH,1723,6363,3,87.0863684910433
B,TPCN2,219931,3851,3,52.7062085586999
B,BLOC1S2,282991,2977,3,40.7443217032588
B,TEX43,389320,4286,3,58.6597792476209
B,NDRG1,10397,1044,3,14.2885696534102
B,GFOD2,81577,2485,3,34.0106279585483
B,RAD51AP2,729475,1725,3,23.6089872146864
B,UMOD,7369,2347,3,32.1219089813734
B,MS4A15,219995,2227,3,30.4795446533952
B,OR2L2,26246,5323,3,72.8525443152324
B,TM4SF20,79853,4797,3,65.653514010928
B,SPINT1,6692,2738,3,37.4732794167023
B,ARFGAP3,26286,4836,3,66.1872824175209
B,M1AP,130951,5689,3,77.8617555155658
B,KIAA1324,57535,5745,3,78.6281922019556
B,EIF3D,8664,3759,3,51.4470625739167
B,SLC9A8,23315,4867,3,66.6115598689152
B,NXPE2,120406,4655,3,63.7100495561538
B,MTO1,25821,3982,3,54.4991229500761
B,TEX46,729059,5209,3,71.2922982036531
B,AK9,221264,3747,3,51.2828261411188
B,PFDN4,5203,3058,3,41.8529176246441
B,ZSCAN21,7589,4165,3,57.0037285502429
B,HEXA,3073,2801,3,38.3355206888908
B,SHC2,25759,2422,3,33.1483866863597
B,MAL,4118,2087,3,28.5634529374206
B,MCAT,27349,3769,3,51.5839262679149
B,LOC100287290,100287290,934,1,12.7830690194302
B,NFIX,4784,2649,3,36.2551925401184
B,ASPG,374569,3876,3,53.0483677936954
B,SACS,26278,752,3,10.2921497886633
B,SLC7A5,8140,1896,3,25.9493563820553
B,KRTAP10-6,386674,5135,3,70.2795068680665
B,RALGDS,5900,3972,3,54.3622592560779
B,OGFOD3,79701,4204,3,57.5374969568358
B,LMX1B,4010,3065,3,41.9487222104428
B,MRPL53,116540,3037,3,41.5655038672479
B,NDC1,55706,2308,3,31.5881405747804
B,ACER2,340485,3450,3,47.2179744293728
B,NASP,4678,4250,3,58.1670699492274
B,GPR25,2848,2855,3,39.074584636481
B,LPAR2,9170,1397,3,19.119858051546
B,DNAJC27,51277,3004,3,41.1138536770539
B,CREG1,8804,2752,3,37.6648885882997
B,SH2D1A,4068,2926,3,40.0463168638681
B,ENSA,2029,2839,3,38.8556027260839
B,NLRP5,126206,2578,3,35.2834603127314
B,DEPDC1B,55789,3368,3,46.0956921385878
B,PEX6,5190,1232,3,16.861607100576
B,GNAI3,2773,2862,3,39.1703892222797
B,AHSA2,130872,746,3,10.2100315722644
B,GCFC2,6936,3335,3,45.6440419483938
B,SEPT4,5414,1987,3,27.1948159974388
B,NMB,4828,1973,3,27.0032068258413
B,TSSK6,83983,2504,3,34.2706689771448
B,CHN2,1124,3299,3,45.1513326500003
B,CHUK,1147,2474,3,33.8600778951503
B,SLC39A9,55334,5573,3,76.2741366651869
B,APOPT1,84334,3588,3,49.1066934065477
B,RPS19BP1,91582,3662,3,50.1194847421343
B,OR6P1,128366,5475,3,74.9328724640047
B,POLE,5426,2164,3,29.6173033812066
B,USP41,373856,5126,3,70.1563295434682
B,LILRB2,10288,2855,3,39.074584636481
B,STRC,161497,4053,3,55.4708551774632
B,TMEM170A,124491,4943,3,67.6517239433014
B,SLC16A7,9194,1638,3,22.4182730769022
B,PTGDS,5730,5436,3,74.3991040574118
B,COMT,1312,4920,3,67.3369374471056
B,ATP5C1,509,3006,3,41.1412264158535
B,LOC286254,286254,2426,3,33.203132163959
B,EBLN2,55096,4263,3,58.344992751425
B,OR52N1,79473,5246,3,71.7986938714463
B,WIPF2,147179,1495,3,20.4611222527282
B,PKD2L1,9033,4977,3,68.1170605028953
B,DGKI,9162,2419,3,33.1073275781603
B,ENAM,10117,4243,3,58.0712653634287
B,FIZ1,84922,4162,3,56.9626694420434
B,KXD1,79036,1473,3,20.1600221259322
B,GRIN2B,2904,2360,3,32.299831783571
B,OVCH2,341277,3860,3,52.8293858832983
B,CLEC7A,64581,3048,3,41.7160539306459
B,ANKRD20A1,84210,3391,3,46.4104786347836
B,HARBI1,283254,1900,3,26.0041018596546
B,POP4,10775,2705,3,37.0216292265083
B,FER1L6,654463,2351,3,32.1766544589726
B,WFDC3,140686,3783,3,51.7755354395123
B,TCEB3C,162699,2966,3,40.5937716398608
B,EEF1AKMT2,399818,5080,3,69.5267565510765
B,FAM78B,149297,3147,3,43.0710045012279
B,SLC35D1,23169,2904,3,39.7452167370721
B,TMEM260,54916,3210,3,43.9332457734165
B,PIK3R6,146850,4601,3,62.9709856085636
B,PARD3B,117583,2619,3,35.8446014581239
B,SH2D4B,387694,3501,3,47.9159792687636
B,SLC26A11,284129,3984,3,54.5264956888758
B,POC1B,282809,3266,3,44.6996824598063
B,CEP55,55165,3322,3,45.4661191461961
B,PPT2,9374,6020,3,82.3919437869056
B,PRAMEF15,653619,1260,1,17.244825443771
B,ZNF22,7570,3234,3,44.2617186390121
B,FOXC2,2303,1550,3,21.2138725697182
B,C6orf52,347744,3873,3,53.0073086854959
B,ZNF883,169834,2265,3,30.9996266905883
B,USP20,10868,4315,3,59.0566839602156
B,PPP1R16B,26051,1443,3,19.7494310439377
B,SAP130,79595,1718,3,23.5131826288877
B,SLC25A17,10478,4656,3,63.7237359255536
B,CDH5,1003,3083,3,42.1950768596396
B,DBX1,120237,5149,3,70.471116039664
B,ZMPSTE24,10269,3195,3,43.7279502324192
B,TEX19,400629,6236,3,85.3481995772664
B,HGF,3082,7312,3,100.074733051471
B,CCDC127,133957,4843,3,66.2830870033196
B,ABHD16B,140701,5383,3,73.6737264792215
B,MYL1,4632,1431,3,19.5851946111399
B,OR51I1,390063,4416,3,60.4390072695972
B,PRAP1,118471,5651,3,77.3416734783727
B,CTRC,11330,3380,3,46.2599285713856
B,GTF2IRD1,9569,1292,3,17.6827892645651
B,PDZD7,79955,1499,3,20.5158677303275
B,GPRIN2,9721,2154,3,29.4804396872084
B,FBLIM1,54751,1032,3,14.1243332206124
B,PRR18,285800,3193,3,43.7005774936196
B,SCARF1,8578,7049,3,96.4752178993186
B,TTLL7,79739,2739,3,37.4869657861021
B,MRPL15,29088,6567,3,89.8783878486062
B,ZNF12,7559,2700,3,36.9531973795092
B,CFAP61,26074,4041,3,55.3066187446654
B,ARPC1B,10095,1157,3,15.8351293955897
B,SLC30A10,55532,1645,3,22.514077662701
B,RPL17-C18orf32,100526842,972,3,13.3031510566233
B,PYCR3,65263,1716,3,23.4858098900881
B,CASQ2,845,4609,3,63.0804765637621
B,NOTCH4,4855,5014,3,68.6234561706885
B,ADGRG1,9289,3888,3,53.2126042264932
B,MIF4GD,57409,2432,3,33.2852503803579
B,GMNN,51053,4454,3,60.9590893067903
B,UBXN8,7993,2483,3,33.9832552197486
B,NOL3,8996,3476,3,47.5738200337681
B,CTCFL,140690,1270,3,17.3816891377691
B,KANK2,25959,3854,3,52.7472676668994
B,ERVV-2,100271846,4331,3,59.2756658706127
B,TMEM119,338773,3990,3,54.6086139052747
B,ACSM5,54988,5582,3,76.3973139897853
B,ADAMTS10,81794,2807,3,38.4176389052897
B,TGM6,343641,4003,3,54.7865367074723
B,ASB10,136371,3307,3,45.2608236051988
B,LGALSL,29094,3970,3,54.3348865172783
B,EFHC2,80258,1724,3,23.5953008452866
B,R3HDML,140902,3608,3,49.3804207945441
B,EFCAB3,146779,4969,3,68.0075695476967
B,SLK,9748,2423,3,33.1620730557595
B,KLHL12,59349,3331,3,45.5892964707945
B,NOTUM,147111,1945,3,26.6199884826464
B,DDX60,55601,3975,3,54.4033183642774
B,TCF7L2,6934,5388,3,73.7421583262205
B,XRCC2,7516,4392,3,60.1105344040016
B,HID1,283987,4116,3,56.3330964496518
B,SLAMF8,56833,5414,3,74.0980039306158
B,IL12RB2,3595,2034,3,27.8380753592302
B,FNDC9,408263,5311,3,72.6883078824345
B,CDK3,1018,3338,3,45.6851010565932
B,ANGPTL6,83854,2577,3,35.2697739433315
B,CCDC69,26112,2405,3,32.9157184065628
B,ADAP1,11033,2718,3,37.1995520287059
B,RHD,6007,1990,3,27.2358751056382
B,PIGV,55650,2925,3,40.0326304944683
B,BATF,10538,3369,3,46.1093785079876
B,BBS10,79738,4131,3,56.538391990649
B,ZNF610,162963,4290,3,58.7145247252201
B,SMIM23,644994,4474,3,61.2328166947867
B,ALPPL2,251,4348,3,59.5083341504096
B,STK24,8428,2303,3,31.5197087277813
B,OPN1LW,5956,2871,3,39.2935665468781
B,YIPF2,78992,2814,3,38.5134434910884
B,SOD3,6649,5502,3,75.3024044377998
B,P2RX2,22953,3938,3,53.8969226964841
B,OXSR1,9943,5249,3,71.8397529796458
B,IFI27L2,83982,4315,3,59.0566839602156
B,ESYT2,57488,2232,3,30.5479765003943
B,PARP1,142,2883,3,39.4578029796759
B,PELP1,27043,3602,3,49.2983025781452
B,FAM163A,148753,1422,3,19.4620172865415
B,SEPHS1,22929,700,3,9.58045857987275
B,MYRF,745,1393,3,19.0651125739468
B,FNIP2,57600,991,3,13.5631920752199
B,TRAM1,23471,1228,3,16.8068616229768
B,ADAMTS9,56999,2841,3,38.8829754648835
B,NME2,4831,2531,3,34.6402009509399
B,VANGL1,81839,1140,3,15.6024611157928
B,GTF2F1,2962,4173,3,57.1132195054414
B,SMKR1,100287482,1515,3,20.7348496407246
B,FAM105A,54491,1540,3,21.07700887572
B,ADGRA3,166647,1909,3,26.127279184253
B,STXBP1,6812,1662,3,22.7467459424979
B,NMI,9111,4932,3,67.5011738799034
B,TXNL4A,10907,1587,3,21.7202682375115
B,SNX4,8723,2313,3,31.6565724217795
B,PKNOX1,5316,3078,3,42.1266450126405
B,CSPG4,1464,3625,3,49.613089074341
B,LOC100996693,100996693,3284,3,44.946037109003
B,OR52M1,119772,4004,3,54.8002230768721
B,SLC2A9,56606,3859,3,52.8156995138985
B,POLB,5423,4119,3,56.3741555578512
B,FUNDC2,65991,968,3,13.248405579024
B,CCDC137,339230,4282,3,58.6050337700216
B,ACTRT3,84517,1633,3,22.3498412299031
B,SAMD14,201191,1619,3,22.1582320583057
B,FES,2242,1973,3,27.0032068258413
B,NMRK1,54981,2993,3,40.9633036136559
B,METTL22,79091,2555,3,34.9686738165355
B,NTAN1,123803,2054,3,28.1118027472266
B,CYP4F2,8529,4226,3,57.8385970836318
B,BAD,572,846,3,11.5786685122462
B,UBE2Q2,92912,792,3,10.839604564656
B,HERPUD2,64224,2296,3,31.4239041419826
B,FN1,2335,5047,3,69.0751063608825
B,ERN2,10595,3274,3,44.8091734150048
B,C4orf47,441054,1686,3,23.0752188080935
B,SLC35A3,23443,1768,3,24.1975010988786
B,SYT17,51760,3042,3,41.633935714247
B,EGLN1,54583,1311,3,17.9428302831617
B,CGN,57530,1938,3,26.5241838968477
B,PEX11A,8800,1779,3,24.3480511622766
B,POLR2G,5436,3791,3,51.8850263947109
B,NCOR2,9612,2378,3,32.5461864327677
B,NHP2,55651,4617,3,63.1899675189607
B,SDHAF3,57001,3184,3,43.5774001690212
B,SNTA1,6640,2208,3,30.2195036347986
B,FAM120A,23196,2054,3,28.1118027472266
B,HTRA3,94031,4176,3,57.1542786136409
B,ZDHHC12,84885,2373,3,32.4777545857686
B,RAB44,401258,2869,3,39.2661938080785
B,OGFR,11054,7886,3,107.930709086966
B,PYHIN1,149628,3802,3,52.0355764581089
B,NOS2,4843,2535,3,34.6949464285392
B,NPRL2,10641,4083,3,55.8814462594578
B,AKAIN1,642597,2943,3,40.278985143665
B,DUSP28,285193,1302,3,17.8196529585633
B,CHPF2,54480,4312,3,59.0156248520161
B,CTPS2,56474,4261,3,58.3176200126254
B,ZNF81,347344,6152,3,84.1985445476816
B,DNAJC25,548645,3904,3,53.4315861368903
B,HSD17B10,3028,2339,3,32.0124180261748
B,SUPT4H1,6827,2354,3,32.2177135671721
B,BPI,671,5723,3,78.3270920751596
B,MYO15A,51168,2985,3,40.8538126584574
B,KRTAP5-10,387273,6382,3,87.3464095096398
B,HHLA1,10086,2527,3,34.5854554733406
B,CRYGD,1421,1999,3,27.3590524302366
B,PPARD,5467,2148,3,29.3983214708095
B,PDLIM4,8572,1251,3,17.1216481191726
B,ZNF446,55663,2961,3,40.5253397928617
B,DMRTB1,63948,1962,3,26.8526567624433
B,LINC01835,102724279,5164,3,70.6764115806613
B,USP25,29761,5124,3,70.1289568046685
B,GPR87,53836,3186,3,43.6047729078208
B,SLC41A3,54946,3300,3,45.1650190194001
B,CCDC68,80323,3020,3,41.332835587451
B,GCSAML,148823,2415,3,33.052582100561
B,VASN,114990,3398,3,46.5062832205823
B,MMP23B,8510,3235,3,44.2754050084119
B,OSBP2,23762,3842,3,52.5830312341016
B,CHPT1,56994,1838,3,25.1555469568659
B,PTGER1,5731,2384,3,32.6283046491666
B,PLB1,151056,5382,3,73.6600401098216
B,ART1,417,2592,3,35.4750694843288
B,DTNA,1837,3514,3,48.0939020709612
B,IMMP2L,83943,2035,3,27.8517617286301
B,AIFM3,150209,3526,3,48.258138503759
B,SLC19A1,6573,1701,3,23.2805143490908
B,KCNN4,3783,3793,3,51.9123991335105
B,ANKUB1,389161,5683,3,77.7796372991669
B,PSMG3,84262,581,3,7.95178062129438
B,FBXO43,286151,2171,3,29.7131079670053
B,MIER1,57708,2116,3,28.9603576500153
B,ARHGAP29,9411,4464,3,61.0959530007885
B,APOA5,116519,3417,3,46.7663242391788
B,C1QL2,165257,2419,3,33.1073275781603
B,CYYR1,116159,2680,3,36.6794699915128
B,GTF2H5,404672,1380,3,18.8871897717491
B,COL12A1,1303,3045,3,41.6749948224465
B,FAM98C,147965,4394,3,60.1379071428012
B,CD40,958,2703,3,36.9942564877086
B,MRPS24,64951,3892,3,53.2673497040925
B,MTX3,345778,3045,3,41.6749948224465
B,BPIFA3,128861,1990,3,27.2358751056382
B,DNAAF2,55172,1767,3,24.1838147294788
B,MCCC2,64087,3002,3,41.0864809382543
B,CLEC18C,283971,1832,3,25.073428740467
B,DCUN1D1,54165,2025,3,27.7148980346319
B,EEF1AKMT3,25895,3499,3,47.8886065299639
B,POM121,9883,2930,3,40.1010623414674
B,CACNG4,27092,2010,3,27.5096024936346
B,LPCAT2,54947,4124,3,56.4425874048503
B,THEM4,117145,2246,3,30.7395856719917
B,HOOK1,51361,1957,3,26.7842249154442
B,METTL4,64863,3233,3,44.2480322696123
B,IKBKE,9641,2598,3,35.5571877007277
B,NBL1,4681,2181,3,29.8499716610035
B,ZNF396,252884,1818,3,24.8818195688695
B,CREB3L3,84699,2613,3,35.762483241725
B,LRAT,9227,3435,3,47.0126788883756
B,SPATA31A1,647060,3780,3,51.7344763313129
B,CLDN5,7122,3480,3,47.6285655113674
B,C11orf44,283171,3821,3,52.2956174767054
B,ALOX15,246,2346,3,32.1082226119735
B,TEX12,56158,5493,3,75.1792271132014
B,CYBRD1,79901,7087,3,96.9952999365117
B,RBM43,375287,4362,3,59.699943322007
B,SIX5,147912,4051,3,55.4434824386636
B,C12orf71,728858,4309,3,58.9745657438167
B,PYCARD,29108,4895,3,66.9947782121102
B,C12orf76,400073,3116,3,42.6467270498336
B,ALOX12,239,1928,3,26.3873202028495
B,FKBP10,60681,2837,3,38.8282299872843
B,MRPL54,116541,1350,3,18.4765986897546
B,ZNF572,137209,1845,3,25.2513515426646
B,CD9,928,3948,3,54.0337863904823
B,MS4A10,341116,2880,3,39.4167438714765
B,CACNG7,59284,1158,3,15.8488157649895
B,PLEKHF1,79156,3615,3,49.4762253803429
B,MTBP,27085,4667,3,63.8742859889516
B,VOPP1,81552,1149,3,15.7256384403911
B,TRIP12,9320,1168,3,15.9856794589877
B,TNFSF12,8742,1215,3,16.6289388207791
B,DCAF1,9730,3025,3,41.4012674344501
B,DHRS7,51635,2039,3,27.9065072062293
B,C11orf57,55216,1722,3,23.567928106487
B,ZNF704,619279,2828,3,38.7050526626859
B,RASGRP1,10125,1299,3,17.7785938503639
B,C22orf24,25775,2503,3,34.256982607745
B,ZNF747,65988,2672,3,36.5699790363143
B,RPH3AL,9501,3083,3,42.1950768596396
B,KLF12,11278,1181,3,16.1636022611853
B,C8orf82,414919,2205,3,30.1784445265992
B,GAL3ST2,64090,2934,3,40.1558078190666
B,RAB8B,51762,3240,3,44.343836855411
B,SPATA46,284680,3096,3,42.3729996618372
B,FOXL2NB,401089,2341,3,32.0397907649744
B,CHFR,55743,4190,3,57.3458877852383
B,PIP5K1C,23396,2578,3,35.2834603127314
B,GPR107,57720,1820,3,24.9091923076692
B,PDIA4,9601,2353,3,32.2040271977723
B,C1orf94,84970,760,3,10.4016407438618
B,CHRNA10,57053,4946,3,67.6927830515009
B,USH1G,124590,1458,3,19.954726584935
B,ZNF71,58491,2528,3,34.5991418427404
B,LRRC26,389816,3501,3,47.9159792687636
B,PLCL2,23228,1673,3,22.8972960058959
B,H2AFB3,83740,1773,3,24.2659329458777
B,DGKQ,1609,2278,3,31.1775494927859
B,LSM1,27257,1944,3,26.6063021132466
B,CDH24,64403,943,3,12.9062463440286
B,USP31,57478,2988,3,40.8948717666568
B,ZBTB38,253461,2734,3,37.418533939103
B,C1orf43,25912,4001,3,54.7591639686727
B,TRIM16L,147166,4229,3,57.8796561918312
B,RTFDC1,51507,1771,3,24.2385602070781
B,MARS2,92935,2279,3,31.1912358621857
B,CCDC88B,283234,901,3,12.3314188292362
B,GNL1,2794,3481,3,47.6422518807672
B,PDZRN3,23024,2861,3,39.1567028528799
B,CIC,23152,2912,3,39.8547076922706
B,MST1,4485,2581,3,35.3245194209308
B,ZC3HAV1,56829,3901,3,53.3905270286909
B,FXYD7,53822,4882,3,66.8168554099125
B,L3MBTL1,26013,6399,3,87.5790777894367
B,PBXIP1,57326,4745,3,64.9418228021374
B,PODNL1,79883,1924,3,26.3325747252502
B,PFKM,5213,5204,3,71.223866356654
B,ADCYAP1R1,117,1947,3,26.6473612214461
B,RNPS1,10921,3838,3,52.5282857565023
B,RBMS3,27303,6326,3,86.57997282325
B,CBLN4,140689,2460,3,33.6684687235528
B,ADIRF,10974,3688,3,50.4753303465296
B,VSTM2L,128434,744,3,10.1826588334648
B,UBL3,5412,2602,3,35.611933178327
B,FKRP,79147,1646,3,22.5277640321008
B,PHF13,148479,1552,3,21.2412453085179
B,TH,7054,3292,3,45.0555280642016
B,AGO2,27161,1367,3,18.7092669695515
B,ZNF843,283933,735,3,10.0594815088664
B,ACTN2,88,1378,3,18.8598170329495
B,ARHGEF4,50649,2945,3,40.3063578824646
B,TPRN,286262,2512,3,34.3801599323434
B,CLIP1,6249,3556,3,48.6687295857536
B,FAM20A,54757,4130,3,56.5247056212492
B,SPIDR,23514,2861,3,39.1567028528799
B,PNPLA2,57104,2302,3,31.5060223583815
B,SUB1,10923,4652,3,63.6689904479543
B,ADCK1,57143,3954,3,54.1159046068812
B,TMEM219,124446,3263,3,44.6586233516068
B,ITGB4,3691,1845,3,25.2513515426646
B,TTBK1,84630,2019,3,27.632779818233
B,C19orf38,255809,5228,3,71.5523392222496
B,BZW1,9689,3636,3,49.763639137739
B,ADO,84890,1300,3,17.7922802197637
B,AKR1E2,83592,3254,3,44.5354460270085
B,SYNDIG1,79953,2124,3,29.0698486052139
B,CHST8,64377,2292,3,31.3691586643833
B,ANKRD13D,338692,1805,3,24.7038967666719
B,NDST3,9348,4891,3,66.9400327345109
B,DEXI,28955,3241,3,44.3575232248108
B,TUBB2B,347733,4734,3,64.7912727387394
B,ZACN,353174,4126,3,56.4699601436499
B,PTGFR,5737,4559,3,62.3961580937712
B,CDK5R2,8941,592,3,8.10233068469238
B,DCTD,1635,1275,3,17.4501209847682
B,CCDC74B,91409,3387,3,46.3557331571843
B,C6orf99,100130967,3747,3,51.2828261411188
B,NEURL4,84461,2888,3,39.526234826675
B,RNF11,26994,1913,3,26.1820246618522
B,MDM4,4194,815,3,11.1543910608518
B,TMEM158,25907,2579,3,35.2971466821312
B,PURG,29942,1124,3,15.3834792053957
B,NKAIN3,286183,3607,3,49.3667344251443
B,CEP295NL,100653515,2758,3,37.7470068046986
B,TNC,3371,2660,3,36.4057426035165
B,RHOQ,23433,3447,3,47.1769153211734
B,SOAT2,8435,4676,3,63.99746331355
B,ARHGEF10,9639,4134,3,56.5794510988485
B,GBGT1,26301,1636,3,22.3909003381026
B,ZYX,7791,1436,3,19.653626458139
B,SLC9A7,84679,1798,3,24.6080921808731
B,CHKA,1119,5199,3,71.1554345096549
B,TMEM80,283232,1889,3,25.8535517962566
B,COMMD10,51397,2040,3,27.9201935756292
B,WIZ,58525,1241,3,16.9847844251744
B,MFSD12,126321,4535,3,62.0676852281756
B,PTPN11,5781,1338,3,18.3123622569568
B,ALKBH7,84266,3063,3,41.9213494716432
B,FABP7,2173,3030,3,41.4696992814492
B,IL17C,27189,3476,3,47.5738200337681
B,PARVG,64098,3822,3,52.3093038461052
B,FXR2,9513,9666,3,132.292446618643
B,PMVK,10654,2386,3,32.6556773879663
B,WDR38,401551,2119,3,29.0014167582148
B,SEC31B,25956,3954,3,54.1159046068812
B,SAMD8,142891,3359,3,45.9725148139894
B,PNCK,139728,1857,3,25.4155879754624
B,MAP1LC3A,84557,1837,3,25.1418605874661
B,PAK6,56924,844,3,11.5512957734466
B,DFNB59,494513,2713,3,37.1311201817068
B,PLBD2,196463,2573,3,35.2150284657323
B,NAGLU,4669,3340,3,45.7124737953928
B,MXRA5,25878,2567,3,35.1329102493334
B,BIN1,274,1137,3,15.5614020075933
B,ELK3,2004,954,3,13.0567964074266
B,ZNF600,162966,2279,3,31.1912358621857
B,CRK,1398,1905,3,26.0725337066537
B,FAM131B,9715,824,3,11.2775683854502
B,RAP1GDS1,5910,2160,3,29.5625579036073
B,NTRK2,4915,1676,3,22.9383551140953
B,COX20,116228,1045,3,14.30225602281
B,HIPK2,28996,1792,3,24.5259739644742
B,FAM160B2,64760,1934,3,26.4694384192484
B,SMIM3,85027,4276,3,58.5229155536227
B,DYM,54808,1301,3,17.8059665891635
B,GRIK3,2899,2601,3,35.5982468089272
B,MICALL1,85377,1306,3,17.8743984361626
B,PPP1R21,129285,5735,3,78.4913285079574
B,PSKH2,85481,4139,3,56.6478829458476
B,DIAPH2,1730,2883,3,39.4578029796759
B,MRPL9,65005,4378,3,59.9189252324041
B,PDLIM2,64236,3289,3,45.0144689560021
B,SETBP1,26040,324,3,4.4343836855411
B,TSPAN17,26262,1217,3,16.6563115595788
B,FOXA3,3171,593,3,8.1160170540922
B,TSPAN5,10098,2475,3,33.8737642645501
B,SIPA1L1,26037,3499,3,47.8886065299639
B,GLT1D1,144423,2430,3,33.2578776415583
B,SHANK3,85358,1731,3,23.6911054310853
B,ACTG1,71,2757,3,37.7333204352988
B,PLPBP,11212,3610,3,49.4077935333438
B,COX6A2,1339,1968,3,26.9347749788422
B,ZNF320,162967,4045,3,55.3613642222647
B,STRIP2,57464,1761,3,24.1016965130799
B,C7orf43,55262,2878,3,39.3893711326768
B,KNDC1,85442,3670,3,50.2289756973328
B,FBXL16,146330,1692,3,23.1573370244924
B,C14orf2,9556,2869,3,39.2661938080785
B,AK8,158067,2612,3,35.7487968723252
B,MAPK3,5595,2730,3,37.3637884615037
B,SLC17A1,6568,6237,3,85.3618859466662
B,MRPS5,64969,1912,3,26.1683382924524
B,TTC1,7265,3695,3,50.5711349323283
B,SMIM7,79086,3926,3,53.7326862636863
B,KLHDC9,126823,4661,3,63.7921677725527
B,ZNF516,9658,1978,3,27.0716386728404
B,IZUMO1,284359,3018,3,41.3054628486514
B,TWSG1,57045,1728,3,23.6500463228859
B,EXOSC1,51013,2363,3,32.3408908917704
B,RAB33B,83452,2230,3,30.5206037615946
B,FAM49B,51571,4023,3,55.0602640954687
B,S100A12,6283,2479,3,33.9285097421493
B,HAND2,9464,1781,3,24.3754239010762
B,ZAR1L,646799,2287,3,31.3007268173843
B,HIPK4,147746,2364,3,32.3545772611703
B,MYL6B,140465,2254,3,30.8490766271903
B,SERPINF2,5345,5932,3,81.1875432797216
B,DNAH2,146754,2761,3,37.7880659128981
B,HCN2,610,1640,3,22.4456458157019
B,SENP7,57337,2893,3,39.5946666736741
B,LENEP,55891,1926,3,26.3599474640499
B,WDR17,116966,1662,3,22.7467459424979
B,GNAS,2778,1739,3,23.8005963862839
B,LPCAT3,10162,2847,3,38.9650936812825
B,CACNG6,59285,2862,3,39.1703892222797
B,OXR1,55074,1353,3,18.517657797954
B,NRCAM,4897,3973,3,54.3759456254778
B,TMEM26,219623,2476,3,33.8874506339499
B,C17orf75,64149,2516,3,34.4349054099426
B,SULT6B1,391365,4097,3,56.0730554310552
B,ATP6V1G3,127124,4978,3,68.1307468722951
B,NUP35,129401,4096,3,56.0593690616554
B,MVP,9961,3936,3,53.8695499576845
B,IKZF2,22807,4655,3,63.7100495561538
B,ADGRB3,577,2813,3,38.4997571216886
B,ZNF264,9422,2820,3,38.5955617074874
B,CATSPERG,57828,2362,3,32.3272045223706
B,PCBD1,5092,3290,3,45.0281553254019
B,PGD,5226,3558,3,48.6961023245532
B,DOCK2,1794,2756,3,37.719634065899
B,ZNF219,51222,3923,3,53.6916271554869
B,HIRIP3,8479,2602,3,35.611933178327
B,DAB1,1600,3303,3,45.2060781275996
B,WNK2,65268,4007,3,54.8412821850716
B,KCNJ14,3770,2404,3,32.902032037163
B,TMEM102,284114,5861,3,80.2158110523345
B,SF3B5,83443,1705,3,23.3352598266901
B,GLS2,27165,3872,3,52.9936223160961
B,ANXA4,307,3057,3,41.8392312552443
B,FAM91A1,157769,3459,3,47.3411517539712
B,ZNF75A,7627,2482,3,33.9695688503488
B,ACADM,34,5706,3,78.0944237953627
B,INTS10,55174,1494,3,20.4474358833284
B,PIGC,5279,3278,3,44.8639188926041
B,ZCCHC12,170261,3981,3,54.4854365806763
B,ZNF585B,92285,3093,3,42.3319405536377
B,FAM53A,152877,4758,3,65.1197456043351
B,ALKBH4,54784,2421,3,33.1347003169599
B,ZNF711,7552,6280,3,85.9503998308584
B,F11R,50848,4080,3,55.8403871512583
B,SLC17A5,26503,2196,3,30.0552672020008
B,LTBP1,4052,1689,3,23.116277916293
B,ZNF202,7753,1350,3,18.4765986897546
B,MYD88,4615,1005,3,13.7548012468173
B,E2F6,1876,1894,3,25.9219836432557
B,FAM213A,84293,2322,3,31.7797497463779
B,ZSCAN23,222696,6355,3,86.9768775358447
B,YTHDF3,253943,3671,3,50.2426620667327
B,HAPLN3,145864,2211,3,30.2605627429981
B,PPP1R3E,90673,1489,3,20.3790040363293
B,ZNF131,7690,2350,3,32.1629680895728
B,FOCAD,54914,5005,3,68.5002788460902
B,STARD10,10809,2422,3,33.1483866863597
B,RETREG2,79137,2845,3,38.9377209424828
B,SPTB,6710,1060,3,14.5075515638073
B,RND2,8153,2793,3,38.2260297336923
B,ANTXR2,118429,3576,3,48.9424569737499
B,AASDHPPT,60496,2218,3,30.3563673287968
B,TMEM176A,55365,3367,3,46.0820057691879
B,HTR1E,3354,1348,3,18.449225950955
B,SMIM29,221491,2087,3,28.5634529374206
B,HECA,51696,903,3,12.3587915680358
B,TLN1,7094,5399,3,73.8927083896185
B,PKM,5315,1792,3,24.5259739644742
B,MED7,9443,4945,3,67.6790966821011
B,OR4D2,124538,2962,3,40.5390261622615
B,GARNL3,84253,2530,3,34.6265145815401
B,TMEM109,79073,4387,3,60.0421025570025
B,ORC6,23594,4845,3,66.3104597421192
B,CLK2,1196,2214,3,30.3016218511975
B,TYMSOS,494514,3789,3,51.8576536559112
B,CHGA,1113,3440,3,47.0811107353747
B,TRAP1,10131,1959,3,26.8115976542439
B,ZNF680,340252,4104,3,56.1688600168539
B,FAM19A4,151647,1115,3,15.2603018807973
B,RASL10A,10633,1529,3,20.926458812322
B,MAP7D3,79649,2370,3,32.4366954775692
B,CNTRL,11064,2230,3,30.5206037615946
B,MRPS34,65993,914,3,12.5093416314338
B,TSTD1,100131187,3254,3,44.5354460270085
B,SPOP,8405,4280,3,58.577661031222
B,PPP1R35,221908,5016,3,68.6508289094882
B,AKAP8L,26993,2599,3,35.5708740701275
B,RCCD1,91433,3642,3,49.8457573541379
B,PTPRF,5792,3073,3,42.0582131656414
B,KCND2,3751,1936,3,26.4968111580481
B,SUZ12,23512,4132,3,56.5520783600489
B,TCEAL6,158931,1958,3,26.7979112848441
B,IL17D,53342,1229,3,16.8205479923766
B,RRAGD,58528,1165,3,15.9446203507882
B,RNF213,57674,4286,3,58.6597792476209
B,RPP40,10799,5792,3,79.2714515637471
B,CELSR2,1952,2220,3,30.3837400675964
B,LRRC15,131578,1312,3,17.9565166525615
B,LRP3,4037,2053,3,28.0981163778268
B,TCIRG1,10312,1333,3,18.2439304099577
B,TTLL2,83887,1618,3,22.1445456889059
B,AHNAK,79026,3282,3,44.9186643702034
B,SH3BP2,6452,1317,3,18.0249484995606
B,SENP1,29843,2866,3,39.225134699879
B,PPOX,5498,2672,3,36.5699790363143
B,MCU,90550,2194,3,30.0278944632012
B,PARVB,29780,1583,3,21.6655227599122
B,ATP2B3,492,2157,3,29.5214987954079
B,GRB2,2885,2565,3,35.1055375105337
B,FAM167A,83648,3881,3,53.1167996406945
B,FNDC1,84624,2427,3,33.2168185333588
B,SYT10,341359,1354,3,18.5313441673539
B,KRT9,3857,4345,3,59.4672750422101
B,ROPN1B,152015,3947,3,54.0201000210825
B,FBXL14,144699,443,3,6.06306164411947
B,HMGB1,3146,2796,3,38.2670888418917
B,KANSL1,284058,1412,3,19.3251535925433
B,SRCIN1,80725,3144,3,43.0299453930285
B,IGF2BP3,10643,3973,3,54.3759456254778
B,TMEM230,29058,1281,3,17.5322392011671
B,MYO19,80179,2529,3,34.6128282121403
B,PPP2R3A,5523,2832,3,38.7597981402852
B,AP4E1,23431,2952,3,40.4021624682634
B,SLC25A48,153328,2365,3,32.3682636305701
B,ELAC1,55520,1257,3,17.2037663355715
B,PROK2,60675,2031,3,27.7970162510308
B,CBX4,8535,1164,3,15.9309339813884
B,HIP1,3092,3825,3,52.3503629543047
B,TIRAP,114609,3789,3,51.8576536559112
B,CEP170B,283638,1682,3,23.0204733304942
B,SLC6A17,388662,2599,3,35.5708740701275
B,LETM1,3954,3351,3,45.8630238587908
B,MCF2L2,23101,2940,3,40.2379260354655
B,TCF20,6942,2212,3,30.2742491123979
B,TELO2,9894,3232,3,44.2343459002125
B,TADA3,10474,2601,3,35.5982468089272
B,RUNX1,861,2464,3,33.7232142011521
B,TMEM200C,645369,4485,3,61.3833667581847
B,ARL9,132946,1625,3,22.2403502747046
B,C9orf64,84267,3136,3,42.9204544378299
B,ANO8,57719,1978,3,27.0716386728404
B,FAM228A,653140,1562,3,21.378109002516
B,RECK,8434,2250,3,30.794331149591
B,PAQR8,85315,2526,3,34.5717691039408
B,YOD1,55432,3820,3,52.2819311073056
B,NR2C2AP,126382,1503,3,20.5706132079268
B,C19orf25,148223,4824,3,66.0230459847231
B,MASTL,84930,4091,3,55.9909372146563
B,CEP192,55125,2443,3,33.4358004437559
B,CLIP4,79745,2946,3,40.3200442518645
B,STK32C,282974,3419,3,46.7936969779785
B,MRM1,79922,4289,3,58.7008383558203
B,ACOX1,51,3056,3,41.8255448858445
B,NUP188,23511,4408,3,60.3295163143987
B,HYAL2,8692,1923,3,26.3188883558504
B,ZNF718,255403,5281,3,72.27771680044
B,RNF139,11236,5640,3,77.1911234149747
B,NR3C1,2908,2572,3,35.2013420963324
B,CCDC102A,92922,2212,3,30.2742491123979
B,ESRRB,2103,3285,3,44.9597234784028
B,MARK1,4139,2234,3,30.5753492391939
B,ERP29,10961,5047,3,69.0751063608825
B,MAN2A2,4122,1460,3,19.9820993237346
B,FAM219B,57184,1904,3,26.0588473372539
B,VAPA,9218,2873,3,39.3209392856777
B,ATP6V1H,51606,3387,3,46.3557331571843
B,TTC23,64927,4676,3,63.99746331355
B,EFR3A,23167,1321,3,18.0796939771599
B,R3HDM2,22864,3257,3,44.5765051352079
B,FXYD3,5349,5630,3,77.0542597209765
B,KIAA1551,55196,3242,3,44.3712095942106
B,GADD45A,1647,3528,3,48.2855112425587
B,SATB1,6304,2127,3,29.1109077134133
B,NDUFB10,4716,3802,3,52.0355764581089
B,IL4R,3566,3232,3,44.2343459002125
B,SCRT1,83482,1908,3,26.1135928148532
B,LRRD1,401387,3125,3,42.7699043744319
B,CR1,1378,1241,3,16.9847844251744
B,ARL4C,10123,861,3,11.7839640532435
B,SYN3,8224,1916,3,26.2230837700517
B,COL4A2-AS2,100129836,4428,3,60.6032437023951
B,OVOL3,728361,4295,3,58.7829565722192
B,BLVRA,644,3920,3,53.6505680472874
B,SOAT1,6646,4083,3,55.8814462594578
B,SFI1,9814,3554,3,48.6413568469539
B,CADM2,253559,4842,3,66.2694006339198
B,SCRN1,9805,2748,3,37.6101431107005
B,AKT2,208,1514,3,20.7211632713248
B,GRAMD4,23151,1616,3,22.1171729501062
B,BTBD6,90135,2973,3,40.6895762256595
B,FAM210B,116151,3218,3,44.042736728615
B,INSM1,3642,2417,3,33.0799548393606
B,DNM1L,10059,4139,3,56.6478829458476
B,SLC25A40,55972,2532,3,34.6538873203397
B,FAM83F,113828,2481,3,33.955882480949
B,BRPF3,27154,2489,3,34.0653734361475
B,DTX1,1840,3114,3,42.6193543110339
B,H6PD,9563,2679,3,36.665783622113
B,LRRC24,441381,1178,3,16.1225431529859
B,PLEKHH2,130271,3020,3,41.332835587451
B,CXCL16,58191,3633,3,49.7225800295396
B,RPS6KA2,6196,2878,3,39.3893711326768
B,SNX7,51375,2156,3,29.5078124260081
B,LRRC43,254050,2765,3,37.8428113904974
B,LRRC58,116064,1146,3,15.6845793321917
B,MAFG,4097,2152,3,29.4530669484088
B,TIMP3,7078,3717,3,50.8722350591243
B,CCDC71L,168455,4346,3,59.48096141161
B,PRKCD,5580,1791,3,24.5122875950744
B,SNAPC2,6618,1151,3,15.7530111791908
B,TMEM173,340061,4657,3,63.7374222949534
B,FAM212A,389119,1109,3,15.1781836643984
B,ILDR2,387597,850,3,11.6334139898455
B,ARHGEF2,9181,2369,3,32.4230091081693
B,ARHGEF3,50650,2764,3,37.8291250210975
B,BEAN1,146227,2566,3,35.1192238799335
B,DOCK6,57572,3043,3,41.6476220836468
B,FAM129B,64855,2438,3,33.3673685967568
B,ITGA4,3676,1916,3,26.2230837700517
B,MBTD1,54799,2463,3,33.7095278317523
B,PAX5,5079,3126,3,42.7835907438317
B,ZNF667,63934,2821,3,38.6092480768872
B,CNDP2,55748,5872,3,80.3663611157326
B,DIDO1,11083,2948,3,40.3474169906641
B,ALKAL1,389658,3623,3,49.5857163355414
B,KLHDC2,23588,3485,3,47.6969973583665
B,BUD23,114049,4148,3,56.7710602704459
B,UPK1B,7348,5229,3,71.5660255916494
B,RASSF10,644943,2795,3,38.2534024724919
B,SCN3B,55800,5583,3,76.4110003591851
B,SYT13,57586,2164,3,29.6173033812066
B,RPL36,25873,2874,3,39.3346256550776
B,DNASE1L2,1775,4794,3,65.6124549027285
B,ARHGEF37,389337,2723,3,37.267983875705
B,ARID3B,10620,3585,3,49.0656342983483
B,BTBD2,55643,1892,3,25.8946109044561
B,MED29,55588,3275,3,44.8228597844046
B,PRR36,80164,1666,3,22.8014914200971
B,IDS,3423,748,3,10.237404311064
B,EPB41L3,23136,2612,3,35.7487968723252
B,SHF,90525,1915,3,26.2093974006519
B,C11orf84,144097,1637,3,22.4045867075024
B,MAP3K10,4294,1676,3,22.9383551140953
B,SLC24A4,123041,2860,3,39.1430164834801
B,CYB5R4,51167,2901,3,39.7041576288726
B,GTPBP4,23560,3018,3,41.3054628486514
B,WDR37,22884,1740,3,23.8142827556837
B,IPO7,10527,2900,3,39.6904712594728
B,ANXA8,653145,3140,3,42.9751999154292
B,KCNIP2,30819,3850,3,52.6925221893001
B,HHEX,3087,2380,3,32.5735591715674
B,OXCT2,64064,3447,3,47.1769153211734
B,ERICH6,131831,2428,3,33.2305049027586
B,HSD17B8,7923,4454,3,60.9590893067903
B,ANKRD45,339416,3750,3,51.3238852493183
B,NRIP3,56675,2716,3,37.1721792899063
B,TMEM114,283953,1440,3,19.7083719357382
B,LSM4,25804,1434,3,19.6262537193393
B,TPRA1,131601,1481,3,20.2695130811308
B,CEP131,22994,2683,3,36.7205290997123
B,MBD4,8930,4013,3,54.9234004014705
B,ATP9B,374868,1360,3,18.6134623837528
B,CCDC78,124093,3000,3,41.0591081994546
B,MKS1,54903,2285,3,31.2733540785846
B,ALX4,60529,3243,3,44.3848959636105
B,PTCD2,79810,4882,3,66.8168554099125
B,GPR155,151556,3844,3,52.6104039729012
B,EPS15L1,58513,5102,3,69.8278566778725
B,MBD3L5,284428,3346,3,45.7945920117917
B,BACE2,25825,2406,3,32.9294047759626
B,SSBP2,23635,2103,3,28.7824348478177
B,KLHL34,257240,1737,3,23.7732236474842
B,SLC23A2,9962,1304,3,17.8470256973629
B,KLHL25,64410,678,3,9.27935845307675
B,XBP1,7494,2822,3,38.622934446287
B,ZNF556,80032,4214,3,57.674360650834
B,NEURL1B,54492,4527,3,61.9581942729771
B,MFSD7,84179,3877,3,53.0620541630952
B,C16orf45,89927,5391,3,73.78321743442
B,CNTLN,54875,6494,3,88.8792828824195
B,POP7,10248,2085,3,28.536080198621
B,BIRC5,332,5639,3,77.1774370455749
B,MTPAP,55149,4932,3,67.5011738799034
B,DNAI1,27019,5123,3,70.1152704352687
B,IGFLR1,79713,3441,3,47.0947971047745
B,GJD4,219770,2359,3,32.2861454141712
B,DBR1,51163,2670,3,36.5426062975146
B,MRPS9,64965,2149,3,29.4120078402093
B,TEFM,79736,4560,3,62.4098444631711
B,ULK2,9706,3741,3,51.2007079247199
B,PSMC6,5706,3128,3,42.8109634826314
B,SHISA8,440829,1587,3,21.7202682375115
B,ACOT13,55856,3607,3,49.3667344251443
B,RPS5,6193,2063,3,28.234980071825
B,PAN2,9924,2869,3,39.2661938080785
B,TAC3,6866,3234,3,44.2617186390121
B,STX8,9482,4803,3,65.7356322273269
B,PPP1R32,220004,6191,3,84.7323129542746
B,C1QTNF4,114900,4180,3,57.2090240912401
B,SPCS1,28972,5590,3,76.5068049449838
B,MYH6,4624,1277,3,17.4774937235679
B,RNF123,63891,3040,3,41.6065629754474
B,ESRRA,2101,3010,3,41.1959718934528
B,ZNF792,126375,3343,3,45.7535329035923
B,PLAGL2,5326,2109,3,28.8645530642166
B,HEPN1,641654,5520,3,75.5487590869965
B,GRK3,157,5703,3,78.0533646871633
B,MFAP5,8076,3929,3,53.7737453718858
B,ENDOU,8909,3168,3,43.3584182586241
B,ZNF749,388567,4914,3,67.2548192307067
B,MCC,4163,3510,3,48.0391565933619
B,KDELR1,10945,5264,3,72.0450485206431
B,TMEM63B,55362,4290,3,58.7145247252201
B,BAZ2A,11176,3558,3,48.6961023245532
B,ABI2,10152,4560,3,62.4098444631711
B,HES7,84667,4833,3,66.1462233093214
B,PHF20L1,51105,3485,3,47.6969973583665
B,BACH1,571,2229,3,30.5069173921948
B,ZNF140,7699,3106,3,42.5098633558354
B,ARHGEF35,445328,3450,3,47.2179744293728
B,ZNF7,7553,6092,3,83.3773623836926
B,ABCA7,10347,1830,3,25.0460560016673
B,MARK4,57787,1355,3,18.5450305367537
B,CGREF1,10669,2608,3,35.6940513947259
B,ANKDD1A,348094,6179,3,84.5680765214767
B,PPP4R1,9989,2879,3,39.4030575020766
B,NR2C2,7182,1498,3,20.5021813609277
B,CDK8,1024,4148,3,56.7710602704459
B,TSR3,115939,1236,3,16.9163525781753
B,NRP1,8829,3695,3,50.5711349323283
B,C11orf87,399947,3281,3,44.9049780008036
B,HTR7,3363,4074,3,55.7582689348594
B,DTX4,23220,1837,3,25.1418605874661
B,RNPEPL1,57140,1131,3,15.4792837911944
B,FAN1,22909,4041,3,55.3066187446654
B,DHX38,9785,2943,3,40.278985143665
B,ZNF846,162993,2667,3,36.5015471893152
B,NTN3,4917,1609,3,22.0213683643075
B,TNF,7124,2032,3,27.8107026204306
B,GLB1L3,112937,2500,3,34.2159234995455
B,AAED1,195827,1776,3,24.3069920540771
B,PACS2,23241,2413,3,33.0252093617613
B,TRIP10,9322,3213,3,43.9743048816159
B,CEP72,55722,2812,3,38.4860707522888
B,CDC42SE2,56990,2657,3,36.364683495317
B,RHAG,6005,3398,3,46.5062832205823
B,TRPM1,4308,3490,3,47.7654292053656
B,SPOCK2,9806,2839,3,38.8556027260839
B,GALNT4,8693,4106,3,56.1962327556536
B,TSPAN1,10103,3763,3,51.5018080515159
B,TCERG1,10915,3841,3,52.5693448647018
B,DOCK11,139818,4531,3,62.0129397505763
B,FABP1,2168,6634,3,90.795374598394
B,EPB41L2,2037,2902,3,39.7178439982725
B,PILRA,29992,5569,3,76.2193911875876
B,GRAP2,9402,4449,3,60.8906574597912
B,SYTL1,84958,4692,3,64.2164452239471
B,ATXN10,25814,2781,3,38.0617933008945
B,LRRC10,376132,3855,3,52.7609540362992
B,PLK4,10733,2389,3,32.6967364961657
B,CEP295,85459,4295,3,58.7829565722192
B,CCDC175,729665,4796,3,65.6398276415282
B,PI4KA,5297,1771,3,24.2385602070781
B,PANO1,101927423,3162,3,43.2763000422252
B,FAM151A,338094,1887,3,25.826179057457
B,C19orf60,55049,2945,3,40.3063578824646
B,PIK3CD,5293,1613,3,22.0761138419068
B,EI24,9538,1048,3,14.3433151310095
B,INSL3,3640,2047,3,28.0159981614279
B,HEBP1,50865,5336,3,73.03046711743
B,ZNF830,91603,2947,3,40.3337306212643
B,CNTN5,53942,4814,3,65.8861822907249
B,C19orf67,646457,3404,3,46.5884014369812
B,ST8SIA2,8128,2034,3,27.8380753592302
B,FAM81A,145773,2770,3,37.9112432374964
B,C7orf34,135927,5191,3,71.0459435544563
B,CHID1,66005,4713,3,64.5038589813433
B,FOXO3,2309,5824,3,79.7094153845413
B,LRPPRC,10128,4516,3,61.8076442095791
B,ANKRD40,91369,2702,3,36.9805701183088
B,LGALS7,3963,3379,3,46.2462422019857
B,ATF2,1386,5124,3,70.1289568046685
B,LMF2,91289,4075,3,55.7719553042592
B,CDKN2A,1029,3563,3,48.7645341715523
B,PRODH2,58510,5029,3,68.8287517116858
B,FMNL3,91010,1251,3,17.1216481191726
B,PFN4,375189,1877,3,25.6893153634588
B,XPOT,11260,2671,3,36.5562926669144
B,C2orf80,389073,2281,3,31.2186086009853
B,SLC16A12,387700,3248,3,44.4533278106096
B,YTHDF1,54915,1489,3,20.3790040363293
B,ACSS1,84532,3046,3,41.6886811918463
B,CCDC3,83643,2051,3,28.0707436390272
B,MRAP2,112609,2191,3,29.9868353550017
B,SEMA4B,10509,2924,3,40.0189441250685
B,BEND4,389206,1747,3,23.9100873414824
B,ZPR1,8882,2363,3,32.3408908917704
B,MARCKS,4082,3806,3,52.0903219357081
B,ISY1,57461,3049,3,41.7297403000457
B,LCE2A,353139,3921,3,53.6642544166872
B,KCNC2,3747,2056,3,28.1391754860262
B,TRMT44,152992,3870,3,52.9662495772965
B,SIDT2,51092,3067,3,41.9760949492425
B,GRAMD2,196996,1898,3,25.976729120855
B,CYYR1-AS1,100996571,6220,3,85.1292176668693
B,ZBTB11,27107,2587,3,35.4066376373297
B,MACROD1,28992,7870,3,107.711727176569
B,POMT2,29954,2449,3,33.5179186601548
B,SLC6A16,28968,2889,3,39.5399211960748
B,NANOS1,340719,1355,3,18.5450305367537
B,ADGRF1,266977,1998,3,27.3453660608368
B,ANKRD65,441869,3301,3,45.1787053887999
B,MAP3K6,9064,3877,3,53.0620541630952
B,TMEM11,8834,4325,3,59.1935476542138
B,AARS,16,3440,3,47.0811107353747
B,SUGT1,10910,2022,3,27.6738389264324
B,DVL1,1855,1594,3,21.8160728233102
B,TET2,54790,2566,3,35.1192238799335
B,NKX6-3,157848,4071,3,55.7172098266599
B,MPST,4357,7225,3,98.8840189136866
B,GOLPH3,64083,5638,3,77.1637506761751
B,UBE2J2,118424,2810,3,38.4586980134892
B,MB21D1,115004,4029,3,55.1423823118676
B,KCNH6,81033,3979,3,54.4580638418767
B,PIGA,5277,1644,3,22.5003912933011
B,DNAL1,83544,7082,3,96.9268680895126
B,HES3,390992,2994,3,40.9769899830557
B,RPS15A,6210,4424,3,60.5484982247958
B,MAP1S,55201,1702,3,23.2942007184906
B,PCDHGA4,56111,5699,3,77.998619209564
B,INCENP,3619,3191,3,43.6732047548199
B,COL25A1,84570,3018,3,41.3054628486514
B,CBX6,23466,5443,3,74.4949086432105
B,GGNBP2,79893,2206,3,30.192130895999
B,HMGN1,3150,5335,3,73.0167807480302
B,PCDH7,5099,3915,3,53.5821362002883
B,PLA2G7,7941,4252,3,58.194442688027
B,FBXO7,25793,4801,3,65.7082594885272
B,PLEKHA2,59339,3208,3,43.9058730346168
B,STX4,6810,3810,3,52.1450674133074
B,WDFY3,23001,3164,3,43.3036727810248
B,DOCK1,1793,3592,3,49.161438884147
B,ZFY,7544,3052,3,41.7707994082452
B,TCEAL2,140597,1410,3,19.2977808537437
B,INHBB,3625,2826,3,38.6776799238863
B,CRIP2,1397,3559,3,48.709788693953
B,BEST3,144453,3673,3,50.2700348055323
B,AGAP1,116987,3210,3,43.9332457734165
B,RRNAD1,51093,4603,3,62.9983583473632
B,CFLAR,8837,4467,3,61.137012108988
B,DDX60L,91351,2771,3,37.9249296068963
B,IGSF3,3321,2308,3,31.5881405747804
B,GHITM,27069,3392,3,46.4241650041834
B,PI4K2A,55361,3773,3,51.6386717455141
B,C8orf88,100127983,1482,3,20.2831994505306
B,SMIM15,643155,3445,3,47.1495425823737
B,SPATA2,9825,4164,3,56.990042180843
B,AURKA,6790,5206,3,71.2512390954536
B,PIK3R5,23533,2379,3,32.5598728021675
B,DNM3,26052,3598,3,49.2435571005459
B,TMEM258,746,3523,3,48.2170793955596
B,PGK1,5230,1147,3,15.6982657015915
B,LKAAEAR1,198437,2566,3,35.1192238799335
B,NGRN,51335,3290,3,45.0281553254019
B,MUL1,79594,4291,3,58.72821109462
B,TMEM50B,757,2818,3,38.5681889686877
B,IKBKG,8517,3823,3,52.322990215505
B,GEMIN4,50628,937,3,12.8241281276297
B,PTDSS1,9791,3561,3,48.7371614327527
B,MRPS36,92259,5486,3,75.0834225274027
B,SUPT16H,11198,3187,3,43.6184592772206
B,SULT4A1,25830,3105,3,42.4961769864356
B,PTPRN,5798,2542,3,34.7907510143379
B,TRAF3IP2,10758,3884,3,53.1578587488939
B,TLCD2,727910,2214,3,30.3016218511975
B,CCDC60,160777,2828,3,38.7050526626859
B,BRAP,8315,2282,3,31.2322949703852
B,PDLIM5,10611,2184,3,29.891030769203
B,DEDD,9191,3937,3,53.8832363270843
B,TNXB,7148,2883,3,39.4578029796759
B,PANK2,80025,1945,3,26.6199884826464
B,BMP8B,656,2027,3,27.7422707734315
B,GALK1,2584,3294,3,45.0829008030012
B,IGDCC4,57722,1562,3,21.378109002516
B,C11orf96,387763,2480,3,33.9421961115492
B,GSR,2936,1417,3,19.3935854395424
B,FAM171A1,221061,4167,3,57.0311012890425
B,PDPK1,5170,1351,3,18.4902850591544
B,PSD,5662,1580,3,21.6244636517128
B,SMARCD3,6604,3339,3,45.698787425993
B,ST8SIA6,338596,5236,3,71.6618301774482
B,KIAA1429,25962,2634,3,36.0498969991212
B,GAB1,2549,4507,3,61.6844668849807
B,JUND,3727,2761,3,37.7880659128981
B,RHBDL1,9028,1818,3,24.8818195688695
B,KDM5B,10765,1625,3,22.2403502747046
B,GCK,2645,1742,3,23.8416554944833
B,SPRN,503542,2045,3,27.9886254226282
B,FAM83G,644815,2636,3,36.0772697379208
B,CACNB1,782,4747,3,64.9691955409371
B,GSC,145258,4208,3,57.592242434435
B,EPHX2,2053,4629,3,63.3542039517585
B,CDK5R1,8851,3144,3,43.0299453930285
B,GINS2,51659,3154,3,43.1668090870266
B,ACTR3C,653857,3508,3,48.0117838545623
B,PDK3,5165,2824,3,38.6503071850866
B,TMEM55A,55529,2804,3,38.3765797970903
B,SPACA1,81833,1177,3,16.108856783586
B,CLDN11,5010,3415,3,46.7389515003792
B,C6orf89,221477,2756,3,37.719634065899
B,GPR180,160897,840,3,11.4965502958473
B,NPAS2,4862,1501,3,20.5432404691271
B,NT5DC2,64943,597,3,8.17076253169147
B,RASL12,51285,3349,3,45.8356511199912
B,ZNF821,55565,3546,3,48.5318658917554
B,TRAF7,84231,2682,3,36.7068427303125
B,ZCCHC11,23318,3320,3,45.4387464073965
B,ACO2,50,3196,3,43.741636601819
B,YPEL5,51646,2345,3,32.0945362425737
B,IRF4,3662,3904,3,53.4315861368903
B,VPS33A,65082,2252,3,30.8217038883906
B,PPP6R2,9701,1461,3,19.9957856931344
B,SMARCAL1,50485,3241,3,44.3575232248108
B,CFHR1,3078,5434,3,74.3717313186122
B,FOXD4L3,286380,2503,3,34.256982607745
B,PDLIM7,9260,1993,3,27.2769342138377
B,DLST,1743,3016,3,41.2780901098517
B,RPL3L,6123,3666,3,50.1742302197336
B,EPC2,26122,3768,3,51.570239898515
B,ZER1,10444,2744,3,37.5553976331012
B,NAP1L2,4674,2580,3,35.310833051531
B,PNP,4860,1153,3,15.7803839179904
B,TNIK,23043,3998,3,54.7181048604732
B,TMEM135,65084,5465,3,74.7960087700065
B,SLC25A14,9016,2991,3,40.9359308748563
B,USP10,9100,7069,3,96.7489452873149
B,PPP1R3B,79660,3199,3,43.7826957100185
B,ADK,132,7118,3,97.419577387906
B,LTBR,4055,3488,3,47.7380564665659
B,SRPX,8406,2502,3,34.2432962383452
B,SPIN3,169981,2938,3,40.2105532966659
B,WDR83,84292,5691,3,77.8891282543655
B,FAM76A,199870,4769,3,65.2702956677331
B,KAT14,57325,2614,3,35.7761696111248
B,IFITM10,402778,6145,3,84.1027399618829
B,TRPM4,54795,2913,3,39.8683940616705
B,ZNF510,22869,2293,3,31.3828450337832
B,PAK3,5063,1503,3,20.5706132079268
B,NUMBL,9253,2048,3,28.0296845308277
B,IL15,3600,1646,3,22.5277640321008
B,DHRS4,10901,5552,3,75.9867229077907
B,RNF13,11342,2898,3,39.6630985206732
B,TOP3B,8940,2890,3,39.5536075654746
B,AP4S1,11154,4874,3,66.707364454714
B,LY6G5C,80741,4683,3,64.0932678993487
B,ARL10,285598,3448,3,47.1906016905732
B,ZNF425,155054,3672,3,50.2563484361325
B,PABPC5,140886,3731,3,51.0638442307218
B,PLCD1,5333,3348,3,45.8219647505914
B,FRMD8,83786,3044,3,41.6613084530466
B,SGTA,6449,4178,3,57.1816513524405
B,JOSD1,9929,3042,3,41.633935714247
B,MCHR2,84539,2870,3,39.2798801774783
B,SETD9,133383,2111,3,28.8919258030163
B,CAMSAP1,157922,2187,3,29.9320898774024
B,ALDOC,230,2601,3,35.5982468089272
B,ARNTL2,56938,1047,3,14.3296287616097
B,BUB3,9184,3786,3,51.8165945477118
B,APTX,54840,1392,3,19.051426204547
B,SPRY2,10253,3178,3,43.4952819526223
B,BNIP2,663,344,3,4.70811107353747
B,DIS3L,115752,3207,3,43.892186665217
B,KCTD13,253980,3950,3,54.0611591292819
B,PIN1,5300,1002,3,13.7137421386178
B,CTBP2,1488,563,3,7.70542597209765
B,POLQ,10721,2842,3,38.8966618342834
B,SCAF8,22828,4199,3,57.4690651098367
B,RCAN3,11123,1823,3,24.9502514158686
B,BANF1,8815,2021,3,27.6601525570326
B,BDH1,622,5091,3,69.6773066144745
B,CFAP53,220136,2912,3,39.8547076922706
B,SLFN13,146857,6831,3,93.4915893701582
B,MCOLN2,255231,2015,3,27.5780343406337
B,INAFM1,255783,5254,3,71.9081848266449
B,DLGAP2,9228,2365,3,32.3682636305701
B,EPSTI1,94240,1707,3,23.3626325654897
B,C9orf40,55071,4102,3,56.1414872780543
B,CCDC187,399693,3215,3,44.0016776204156
B,ZNF496,84838,864,3,11.8250231614429
B,COX6B2,125965,2481,3,33.955882480949
B,LIX1L,128077,4055,3,55.4982279162629
B,DAG1,1605,2388,3,32.6830501267659
B,TAPT1,202018,2211,3,30.2605627429981
B,DKK3,27122,3826,3,52.3640493237045
B,CDC42EP4,23580,2422,3,33.1483866863597
B,PSMB11,122706,1822,3,24.9365650464688
B,PLEKHF2,79666,2683,3,36.7205290997123
B,UPP2,151531,1437,3,19.6673128275388
B,NDUFA11,126328,2912,3,39.8547076922706
B,PGAM5,192111,2228,3,30.493231022795
B,OVCA2,124641,2287,3,31.3007268173843
B,SLAIN2,57606,4042,3,55.3203051140652
B,REST,5978,1853,3,25.3608424978632
B,TEPP,374739,3314,3,45.3566281909976
B,EHD4,30844,6647,3,90.9732974005917
B,C20orf194,25943,4052,3,55.4571688080634
B,TOMM40,10452,1240,3,16.9710980557746
B,OR2V2,285659,4659,3,63.7647950337531
B,RCOR3,55758,3895,3,53.3084088122919
B,CPSF7,79869,2613,3,35.762483241725
B,EIF3E,3646,4454,3,60.9590893067903
B,REEP5,7905,1555,3,21.2823044167173
B,EDA,1896,2114,3,28.9329849112157
B,ADRA1B,147,1552,3,21.2412453085179
B,AMFR,267,1604,3,21.9529365173084
B,IARS2,55699,3686,3,50.4479576077299
B,HMGCLL1,54511,6265,3,85.7451042898611
B,CEP126,57562,5626,3,76.9995142433773
B,TAF6,6878,3442,3,47.1084834741743
B,EEF1A2,1917,2962,3,40.5390261622615
B,ELP5,23587,3724,3,50.968039644923
B,ADAM11,4185,1508,3,20.6390450549259
B,STK11,6794,3945,3,53.9927272822829
B,RAB28,9364,3774,3,51.6523581149139
B,CDK2AP1,8099,3782,3,51.7618490701125
B,RPS6KA3,6197,2867,3,39.2388210692788
B,ZDHHC16,84287,2275,3,31.1364903845864
B,CYGB,114757,1817,3,24.8681331994697
B,RABGAP1,23637,990,3,13.54950570582
B,TTC3,7267,1159,3,15.8625021343893
B,CLMN,79789,3409,3,46.6568332839803
B,EIF2B1,1967,2069,3,28.3170982882239
B,ICMT,23463,2540,3,34.7633782755383
B,LY6E,4061,2734,3,37.418533939103
B,DGKE,8526,2394,3,32.7651683431648
B,CKB,1152,1141,3,15.6161474851926
B,PLIN5,440503,2458,3,33.6410959847532
B,FBXO2,26232,1984,3,27.1537568892393
B,RABGAP1L,9910,3346,3,45.7945920117917
B,YDJC,150223,2938,3,40.2105532966659
B,PRKD2,25865,4215,3,57.6880470202338
B,CYP7B1,9420,1579,3,21.610777282313
B,ST20-MTHFS,100528021,2446,3,33.4768595519553
B,ANKRD53,79998,2344,3,32.0808498731739
B,BSPRY,54836,1610,3,22.0350547337073
B,DEPTOR,64798,4449,3,60.8906574597912
B,MXRA7,439921,3048,3,41.7160539306459
B,STRBP,55342,1227,3,16.7931752535769
B,HAGH,3029,2324,3,31.8071224851775
B,DMRT3,58524,2115,3,28.9466712806155
B,STAT5A,6776,765,3,10.4700725908609
B,DENND3,22898,2905,3,39.7589031064719
B,GNPTG,84572,1933,3,26.4557520498486
B,ETNK2,55224,1850,3,25.3197833896637
B,ITGA7,3679,1514,3,20.7211632713248
B,MAP1LC3B,81631,1501,3,20.5432404691271
B,KMT2A,4297,1145,3,15.6708929627919
B,PSEN1,5663,1532,3,20.9675179205215
B,FMR1,2332,2196,3,30.0552672020008
B,CMC4,100272147,992,3,13.5768784446197
B,BIRC6,57448,3241,3,44.3575232248108
B,NDFIP1,80762,1561,3,21.3644226331162
B,YWHAB,7529,1888,3,25.8398654268568
B,FLYWCH1,84256,2084,3,28.5223938292212
B,TUBB4B,10383,2018,3,27.6190934488332
B,CHST2,9435,1089,3,14.904456276402
B,KCNMA1,3778,1795,3,24.5670330726737
B,LCORL,254251,2192,3,30.0005217244015
B,MAP2K4,6416,1064,3,14.5622970414066
B,CD47,961,3029,3,41.4560129120494
B,UBN1,29855,3007,3,41.1549127852534
B,CELF1,10658,2684,3,36.7342154691121
B,ZNF341,84905,2958,3,40.4842806846623
B,MAL2,114569,2559,3,35.0234192941348
B,RAB12,201475,3177,3,43.4815955832225
B,ENGASE,64772,1839,3,25.1692333262657
B,TMCC1,23023,2267,3,31.0269994293879
B,GSK3A,2931,3252,3,44.5080732882088
B,CCBE1,147372,2335,3,31.9576725485755
B,SFMBT1,51460,1687,3,23.0889051774933
B,METAP1,23173,4311,3,59.0019384826163
B,POLR3E,55718,3470,3,47.4917018173692
B,WDR5,11091,1990,3,27.2358751056382
B,FOXK2,3607,2273,3,31.1091176457868
B,SYNDIG1L,646658,1559,3,21.3370498943166
B,MFSD2A,84879,3044,3,41.6613084530466
B,NXN,64359,1725,3,23.6089872146864
B,MYO5C,55930,1773,3,24.2659329458777
B,AP2A2,161,1674,3,22.9109823752957
B,SGCB,6443,2500,3,34.2159234995455
B,RNF217,154214,1663,3,22.7604323118977
B,CPLX2,10814,2988,3,40.8948717666568
B,SLC22A5,6584,2162,3,29.589930642407
B,CTXN1,404217,2027,3,27.7422707734315
B,KIAA1191,57179,3964,3,54.2527683008794
B,LRRC4B,94030,1616,3,22.1171729501062
B,TMEM229B,161145,1437,3,19.6673128275388
B,CACNA1D,776,2365,3,32.3682636305701
B,PLEKHG5,57449,1498,3,20.5021813609277
B,FAAP20,199990,3006,3,41.1412264158535
B,HSCB,150274,1883,3,25.7714335798577
B,MCM4,4173,2099,3,28.7276893702184
B,TCTEX1D1,200132,3358,3,45.9588284445896
B,SHD,56961,3168,3,43.3584182586241
B,SURF4,6836,3613,3,49.4488526415432
B,GAB2,9846,1246,3,17.0532162721735
B,PRR5,55615,2003,3,27.4137979078359
B,GLS,2744,2025,3,27.7148980346319
B,PEMT,10400,2197,3,30.0689535714006
B,LPIN1,23175,4200,3,57.4827514792365
B,ZNF805,390980,1050,3,14.3706878698091
B,GRSF1,2926,5170,3,70.7585297970602
B,SMIM17,147670,1875,3,25.6619426246592
B,EOMES,8320,4791,3,65.5713957945291
B,LEPROTL1,23484,2596,3,35.5298149619281
B,TOMM20L,387990,4182,3,57.2363968300398
B,TEPSIN,146705,2513,3,34.3938463017432
B,BMPR1A,657,2588,3,35.4203240067295
B,FAM47E,100129583,2260,3,30.9311948435892
B,ZIC2,7546,3882,3,53.1304860100943
B,PYGO1,26108,2976,3,40.730635333859
B,CCKBR,887,3080,3,42.1540177514401
B,NEPRO,25871,4316,3,59.0703703296154
B,SDE2,163859,3464,3,47.4095836009703
B,DHX58,79132,2571,3,35.1876557269326
B,SCAMP2,10066,3084,3,42.2087632290394
B,CEP68,23177,2752,3,37.6648885882997
B,COX4I1,1327,5172,3,70.7859025358598
B,MAPK8,5599,1336,3,18.2849895181571
B,VPS28,51160,3140,3,42.9751999154292
B,ANKRD13A,88455,1882,3,25.7577472104579
B,CEP152,22995,6069,3,83.0625758874967
B,ID2,3398,4307,3,58.9471930050171
B,CCDC61,729440,6227,3,85.225022252668
B,HR,55806,2480,3,33.9421961115492
B,FXN,2395,3654,3,50.0099937869357
B,HRAS,3265,822,3,11.2501956466506
B,PLXNA2,5362,1307,3,17.8880848055624
B,NT5C,30833,1100,3,15.0550063398
B,ALOX5,240,5919,3,81.009620477524
B,MAFA,389692,1273,3,17.4227482459686
B,HOXC10,3226,1786,3,24.4438557480753
B,TMC7,79905,3107,3,42.5235497252352
B,PRRX2,51450,2655,3,36.3373107565174
B,HDGFRP3,50810,3658,3,50.064739264535
B,BARX1,56033,1576,3,21.5697181741135
B,KLF16,83855,1178,3,16.1225431529859
B,C17orf67,339210,763,3,10.4426998520613
B,LRFN4,78999,3363,3,46.0272602915887
B,ANAPC15,25906,568,3,7.77385781909675
B,C19orf47,126526,2507,3,34.3117280853443
B,ZFP28,140612,3238,3,44.3164641166114
B,RPL12,6136,2678,3,36.6520972527132
B,LSM11,134353,3371,3,46.1367512467872
B,CLASRP,11129,539,3,7.37695310650202
B,TBC1D7,51256,2526,3,34.5717691039408
B,CRNDE,643911,2309,3,31.6018269441803
B,ZNF804A,91752,598,3,8.18444890109129
B,BAALC,79870,1361,3,18.6271487531526
B,VIPR1,7433,2596,3,35.5298149619281
B,PHACTR2,9749,1780,3,24.3617375316764
B,MTMR12,54545,2007,3,27.4685433854352
B,PPP1R16A,84988,2129,3,29.138280452213
B,SLC37A1,54020,3247,3,44.4396414412097
B,PPIA,5478,2178,3,29.8089125528041
B,FAM114A1,92689,3627,3,49.6404618131407
B,RYR2,6262,1596,3,21.8434455621099
B,PLXNB2,23654,1459,3,19.9684129543348
B,NBN,4683,1797,3,24.5944058114733
B,SCN4B,6330,3578,3,48.9698297125496
B,LYN,4067,1224,3,16.7521161453775
B,KDELC1,79070,4398,3,60.1926526204005
B,RAB9A,9367,1585,3,21.6928954987119
B,RNF38,152006,1669,3,22.8425505282966
B,TNFAIP8,25816,3438,3,47.053737996575
B,DCLK1,9201,3990,3,54.6086139052747
B,RAI1,10743,1684,3,23.0478460692939
B,PRPF4B,8899,4604,3,63.0120447167631
B,FAM196A,642938,1097,3,15.0139472316006
B,PPM1M,132160,6497,3,88.9203419906189
B,ZNF800,168850,2233,3,30.5616628697941
B,CRYL1,51084,5805,3,79.4493743659447
B,CDK9,1025,3629,3,49.6678345519403
B,ZNF41,7592,2818,3,38.5681889686877
B,RPH3A,22895,2155,3,29.4941260566082
B,ABL1,25,1767,3,24.1838147294788
B,CCNYL1,151195,670,3,9.1698674978782
B,ZDHHC14,79683,652,3,8.92351284868147
B,RUNX3,864,2945,3,40.3063578824646
B,ADCY9,115,2736,3,37.4459066779026
B,RNF2,6045,2214,3,30.3016218511975
B,CCNG2,901,2457,3,33.6274096153534
B,TMEM163,81615,2964,3,40.5663989010612
B,CENPU,79682,2012,3,27.5369752324342
B,AP2S1,1175,2954,3,40.429535207063
B,ARID1B,57492,1020,3,13.9600967878146
B,LRRFIP2,9209,1596,3,21.8434455621099
B,DPY19L3,147991,2780,3,38.0481069314946
B,CCDC71,64925,1083,3,14.8223380600031
B,GPR135,64582,2206,3,30.192130895999
B,YY1,7528,764,3,10.4563862214611
B,ERCC3,2071,2448,3,33.504232290755
B,PIP4K2A,5305,2375,3,32.5051273245683
B,SSNA1,8636,3113,3,42.6056679416341
B,OSGIN2,734,3240,3,44.343836855411
B,ECSIT,51295,3427,3,46.903187933177
B,MPZL1,9019,3266,3,44.6996824598063
B,RPL29,6159,1961,3,26.8389703930435
B,NKX2-6,137814,1651,3,22.5961958790999
B,RPS17,6218,9952,3,136.206748266991
B,RER1,11079,1879,3,25.7166881022584
B,KIF21A,55605,4318,3,59.0977430684151
B,ADAMTS7,11173,2465,3,33.7369005705519
B,LMNTD2,256329,3609,3,49.3941071639439
B,SPOPL,339745,4042,3,55.3203051140652
B,NETO2,81831,2454,3,33.5863505071539
B,PDXDC1,23042,3017,3,41.2917764792515
B,CACNA2D3,55799,2504,3,34.2706689771448
B,SORCS3,22986,3607,3,49.3667344251443
B,C1orf216,127703,1965,3,26.8937158706428
B,PPDPF,79144,3305,3,45.2334508663992
B,ORAOV1,220064,3041,3,41.6202493448472
B,NUDT4,11163,2292,3,31.3691586643833
B,PDIA5,10954,2469,3,33.7916460481512
B,LAMP1,3916,1808,3,24.7449558748713
B,IHH,3549,1115,3,15.2603018807973
B,NECAP1,25977,2259,3,30.9175084741893
B,SLC44A3,126969,448,3,6.13149349111856
B,PHKA1,5255,2121,3,29.0287894970144
B,DGCR6,8214,1577,3,21.5834045435133
B,MAPRE1,22919,2270,3,31.0680585375873
B,GARS,2617,3283,3,44.9323507396032
B,HP1BP3,50809,1648,3,22.5551367709004
B,AKAP8,10270,4860,3,66.5157552831165
B,BET1L,51272,2679,3,36.665783622113
B,KBTBD6,89890,4554,3,62.3277262467721
B,LNP1,348801,2734,3,37.418533939103
B,SRSF2,6427,1880,3,25.7303744716582
B,CD22,933,4075,3,55.7719553042592
B,SERPINC1,462,2178,3,29.8089125528041
B,KIF1C,10749,2274,3,31.1228040151866
B,MESP1,55897,3164,3,43.3036727810248
B,TES,26136,3258,3,44.5901915046077
B,CARS,833,5261,3,72.0039894124436
B,NCOA3,8202,1720,3,23.5405553676873
B,HS3ST6,64711,525,3,7.18534393490456
B,EPHA1,2041,2858,3,39.1156437446805
B,UBE2G1,7326,5132,3,70.2384477598671
B,TFEB,7942,1843,3,25.223978803865
B,RPAIN,84268,6581,3,90.0699970202037
B,CDC42BPB,9578,483,3,6.6105164201122
B,NTNG1,22854,3738,3,51.1596488165205
B,KLF13,51621,4236,3,57.97546077763
B,BIRC2,329,3261,3,44.6312506128072
B,SLC35E1,79939,3382,3,46.2873013101852
B,TMEM259,91304,3212,3,43.9606185122161
B,F8A1,8263,3892,3,53.2673497040925
B,SLC22A3,6581,1618,3,22.1445456889059
B,FAM57B,83723,6095,3,83.418421491892
B,APOBEC3B,9582,3962,3,54.2253955620798
B,CAMK4,814,3156,3,43.1941818258263
B,KANSL1L,151050,939,3,12.8515008664293
B,YBX2,51087,2975,3,40.7169489644592
B,GOLGA8A,23015,2014,3,27.5643479712339
B,KAT6A,7994,2159,3,29.5488715342075
B,ZNF398,57541,2849,3,38.9924664200821
B,PPP3CC,5533,2294,3,31.396531403183
B,TLL1,7092,5062,3,69.2804019018798
B,ADRB1,153,2457,3,33.6274096153534
B,OPN4,94233,2130,3,29.1519668216128
B,NAAA,27163,3483,3,47.6696246195668
B,KANSL2,54934,2490,3,34.0790598055473
B,TLDC2,140711,2950,3,40.3747897294637
B,SCAF11,9169,5537,3,75.7814273667934
B,TBCC,6903,3348,3,45.8219647505914
B,GIMAP5,55340,2535,3,34.6949464285392
B,CDC6,990,5488,3,75.1107952662024
B,RBM15,64783,2925,3,40.0326304944683
B,SF3B1,23451,3079,3,42.1403313820403
B,MAEA,10296,2305,3,31.547081466581
B,PAPD7,11044,509,3,6.96636202450747
B,DHRS4L1,728635,3741,3,51.2007079247199
B,IGSF8,93185,3925,3,53.7189998942865
B,MMP17,4326,3773,3,51.6386717455141
B,PRODH,5625,2875,3,39.3483120244774
B,MCM8,84515,2619,3,35.8446014581239
B,RPS27,6232,4287,3,58.6734656170207
B,WTH3DI,150786,5529,3,75.6719364115949
B,VPS39,23339,2559,3,35.0234192941348
B,TMEM82,388595,2635,3,36.063583368521
B,PYCR2,29920,4367,3,59.7683751690061
B,ERGIC3,51614,4414,3,60.4116345307976
B,KDM4D,55693,4602,3,62.9846719779634
B,VWC2,375567,3763,3,51.5018080515159
B,NDUFA9,4704,3424,3,46.8621288249776
B,PYGO2,90780,4553,3,62.3140398773723
B,NAT10,55226,4310,3,58.9882521132165
B,TAP2,6891,5733,3,78.4639557691578
B,EFNB3,1949,3560,3,48.7234750633528
B,KAZN,23254,2224,3,30.4384855451957
B,ZBTB17,7709,2905,3,39.7589031064719
B,C6orf62,81688,4831,3,66.1188505705218
B,ST3GAL4,6484,1296,3,17.7375347421644
B,RBL2,5934,4826,3,66.0504187235227
B,PKD2,5311,1812,3,24.7997013524706
B,CLMP,79827,3524,3,48.2307657649594
B,HS3ST2,9956,2783,3,38.0891660396941
B,CCDC62,84660,2808,3,38.4313252746895
B,ATAD2,29028,2264,3,30.9859403211884
B,CFAP46,54777,4657,3,63.7374222949534
B,PFKFB3,5209,4941,3,67.6243512045018
B,DPM2,8818,3520,3,48.1760202873601
B,NDUFB3,4709,3637,3,49.7773255071388
B,TAF10,6881,1292,3,17.6827892645651
B,RASL11A,387496,2433,3,33.2989367497577
B,PLEKHM2,23207,936,3,12.8104417582298
B,ZNF354A,6940,1872,3,25.6208835164597
B,JMJD4,65094,2624,3,35.913033305123
B,SNCB,6620,1465,3,20.0505311707337
B,MAF1,84232,988,3,13.5221329670204
B,PLK5,126520,1633,3,22.3498412299031
B,NPRL3,8131,4413,3,60.3979481613978
B,TJP2,9414,6922,3,94.7370489855417
B,SLCO5A1,81796,5910,3,80.8864431529256
B,RPRML,388394,1800,3,24.6354649196728
B,RANBP10,57610,3373,3,46.1641239855868
B,TMED5,50999,3233,3,44.2480322696123
B,ZNF391,346157,1893,3,25.9082972738559
B,KDF1,126695,665,3,9.10143565087911
B,WDR1,9948,1165,3,15.9446203507882
B,CABIN1,23523,2253,3,30.8353902577904
B,SNX15,29907,3819,3,52.2682447379058
B,SS18L2,51188,2766,3,37.8564977598972
B,RNF103-CHMP3,100526767,3536,3,48.3950021977572
B,DBF4,10926,1011,3,13.8369194632162
B,TRIM41,90933,2897,3,39.6494121512734
B,MIA3,375056,1611,3,22.0487411031071
B,WDR7,23335,3914,3,53.5684498308885
B,SRC,6714,1873,3,25.6345698858595
B,NDUFA4L2,56901,5056,3,69.1982836854809
B,TMEM132B,114795,1388,3,18.9966807269477
B,ZNF493,284443,3454,3,47.2727199069721
B,RNPEP,6051,1867,3,25.5524516694606
B,OSBPL6,114880,3053,3,41.784485777645
B,TMEM19,55266,3638,3,49.7910118765387
B,C8orf58,541565,1554,3,21.2686180473175
B,AGRN,375790,1479,3,20.2421403423311
B,MTURN,222166,1626,3,22.2540366441044
B,MSANTD1,345222,2491,3,34.0927461749472
B,SUN2,25777,4123,3,56.4289010354505
B,ABCC9,10060,3510,3,48.0391565933619
B,GCC1,79571,2221,3,30.3974264369963
B,DLK2,65989,1117,3,15.2876746195969
B,OPRK1,4986,2952,3,40.4021624682634
B,CHRD,8646,2687,3,36.7752745773115
B,SLC29A4,222962,1175,3,16.0814840447864
B,PANX2,56666,1319,3,18.0523212383602
B,TRIL,9865,2718,3,37.1995520287059
B,WASL,8976,2257,3,30.8901357353897
B,ICAM4,3386,1698,3,23.2394552408913
B,ZBTB12,221527,3655,3,50.0236801563356
B,DLL1,28514,1535,3,21.008577028721
B,GDF11,10220,2162,3,29.589930642407
B,POM121L12,285877,4366,3,59.7546887996063
B,JAKMIP1,152789,4131,3,56.538391990649
B,FGFR4,2264,968,3,13.248405579024
B,TMEM183A,92703,1439,3,19.6946855663384
B,AP5B1,91056,3151,3,43.1257499788272
B,PRKAG2,51422,1084,3,14.8360244294029
B,SPSB4,92369,1190,3,16.2867795857837
B,SBNO2,22904,3142,3,43.0025726542288
B,KLHL17,339451,1775,3,24.2933056846773
B,SSFA2,6744,1529,3,20.926458812322
B,SEZ6,124925,3126,3,42.7835907438317
B,RGS11,8786,3606,3,49.3530480557445
B,APCDD1L,164284,1858,3,25.4292743448622
B,MAP3K15,389840,1137,3,15.5614020075933
B,ZNF24,7572,1309,3,17.915457544362
B,CISD2,493856,3524,3,48.2307657649594
B,STX2,2054,2343,3,32.0671635037741
B,ERCC2,2068,3045,3,41.6749948224465
B,CDC123,8872,3238,3,44.3164641166114
B,OTUD4,54726,2318,3,31.7250042687786
B,CCDC170,80129,3021,3,41.3465219568508
B,SREBF1,6720,3685,3,50.4342712383301
B,ZNF865,100507290,421,3,5.76196151732347
B,ZNF428,126299,879,3,12.0303187024402
B,SIAE,54414,1760,3,24.0880101436801
B,CLCN2,1181,1244,3,17.0258435333739
B,ATP1B3,483,2900,3,39.6904712594728
B,C4orf19,55286,1266,3,17.3269436601699
B,SLC1A6,6511,2756,3,37.719634065899
B,TSSC1,7260,3669,3,50.215289327933
B,IMPDH1,3614,4402,3,60.2473980979998
B,ALDH1L2,160428,1654,3,22.6372549872993
B,ZSCAN22,342945,1849,3,25.3060970202639
B,CDH4,1002,1214,3,16.6152524513793
B,NOG,9241,3059,3,41.8666039940439
B,MAN2B2,23324,3049,3,41.7297403000457
B,TJP1,7082,1929,3,26.4010065722493
B,GOLGA7B,401647,2400,3,32.8472865595637
B,PTPRN2,5799,2165,3,29.6309897506064
B,PLCG2,5336,2550,3,34.9002419695364
B,SNCAIP,9627,2068,3,28.3034119188241
B,HOXB8,3218,1804,3,24.6902103972721
B,RAB5A,5868,2088,3,28.5771393068204
B,AFDN,4301,3999,3,54.731791229873
B,VPS4A,27183,1683,3,23.0341596998941
B,RAB22A,57403,1808,3,24.7449558748713
B,GALNT16,57452,2855,3,39.074584636481
B,GRID1,2894,2993,3,40.9633036136559
B,C17orf51,339263,2864,3,39.1977619610794
B,NOL6,65083,2958,3,40.4842806846623
B,MYC,4609,3844,3,52.6104039729012
B,DBNL,28988,3115,3,42.6330406804337
B,ADD1,118,2750,3,37.6375158495001
B,NCOA6,23054,1976,3,27.0442659340408
B,ZDHHC2,51201,1461,3,19.9957856931344
B,EIF3J,8669,2906,3,39.7725894758717
B,DNAJB2,3300,1031,3,14.1106468512126
B,CARMIL1,55604,1537,3,21.0359497675206
B,HNRNPCL2,440563,7565,3,103.537384509625
B,SMARCB1,6598,3084,3,42.2087632290394
B,KIF15,56992,5444,3,74.5085950126104
B,ZNF93,81931,3434,3,46.9989925189757
B,ZNF117,51351,4337,3,59.3577840870116
B,PWWP2B,170394,2619,3,35.8446014581239
B,TICAM1,148022,2491,3,34.0927461749472
B,MAP3K9,4293,2477,3,33.9011370033497
B,BICD1,636,2349,3,32.149281720173
B,THOC6,79228,4127,3,56.4836465130498
B,MROH2A,339766,3478,3,47.6011927725677
B,TXNDC17,84817,4664,3,63.8332268807521
B,MVK,4598,5575,3,76.3015094039865
B,NDUFC1,4717,3804,3,52.0629491969085
B,ZCCHC7,84186,4809,3,65.8177504437258
B,NIPBL,25836,6312,3,86.3883636516526
B,CPNE1,8904,2960,3,40.5116534234619
B,SOWAHD,347454,3410,3,46.6705196533801
B,NRM,11270,4192,3,57.373260524038
B,FUT2,2524,4997,3,68.3907878908916
B,RBMXL1,494115,3262,3,44.644936982207
B,FCGRT,2217,2305,3,31.547081466581
B,SPIRE1,56907,3346,3,45.7945920117917
B,DIRC2,84925,1818,3,24.8818195688695
B,MTERF3,51001,4587,3,62.7793764369661
B,NTMT1,28989,5743,3,78.600819463156
B,SHB,6461,3271,3,44.7681143068054
B,FPGS,2356,4162,3,56.9626694420434
B,DUOX1,53905,3265,3,44.6859960904065
B,PPTC7,160760,3297,3,45.1239599112007
B,GRIP2,80852,2750,3,37.6375158495001
B,CACNB2,783,5589,3,76.493118575584
B,TMEM98,26022,2385,3,32.6419910185664
B,C15orf62,643338,4757,3,65.1060592349352
B,CCDC85C,317762,5056,3,69.1982836854809
B,ERP44,23071,3569,3,48.8466523879512
B,UXS1,80146,2632,3,36.0225242603215
B,SERAC1,84947,2016,3,27.5917207100335
B,MTF1,4520,2673,3,36.5836654057141
B,WNT10A,80326,3157,3,43.2078681952261
B,GPR156,165829,2595,3,35.5161285925283
B,PASD1,139135,2385,3,32.6419910185664
B,SPTLC1,10558,4659,3,63.7647950337531
B,PLCB4,5332,6190,3,84.7186265848747
B,NCK2,8440,3015,3,41.2644037404519
B,METTL8,79828,1824,3,24.9639377852684
B,TFAP2E,339488,2029,3,27.7696435122312
B,ZNF584,201514,5497,3,75.2339725908007
B,PLEKHA1,59338,2692,3,36.8437064243106
B,RASA3,22821,4455,3,60.9727756761901
B,CLPX,10845,3256,3,44.5628187658081
B,LMO7,4008,3311,3,45.3155690827981
B,DNAJA2,10294,4063,3,55.6077188714614
B,C11orf65,160140,1416,3,19.3798990701426
B,TWF2,11344,4517,3,61.8213305789789
B,STK35,140901,1507,3,20.6253586855261
B,PAX8,7849,3020,3,41.332835587451
B,CDCA3,83461,3565,3,48.7919069103519
B,C14orf1,11161,3724,3,50.968039644923
B,RAB43,339122,1874,3,25.6482562552593
B,WNT3A,89780,1315,3,17.997575760761
B,GOLGA7,51125,1483,3,20.2968858199304
B,RIMS4,140730,1202,3,16.4510160185815
B,MTG2,26164,2500,3,34.2159234995455
B,ADM2,79924,1996,3,27.3179933220372
B,KIAA1524,57650,2869,3,39.2661938080785
B,VEZF1,7716,1737,3,23.7732236474842
B,CDC27,996,3243,3,44.3848959636105
B,HDHD3,81932,3061,3,41.8939767328436
B,FBXW11,23291,7416,3,101.498115469052
B,PHRF1,57661,4166,3,57.0174149196427
B,TMEM61,199964,3191,3,43.6732047548199
B,PRELID2,153768,4084,3,55.8951326288576
B,DOT1L,84444,3692,3,50.5300758241289
B,RSPO4,343637,2003,3,27.4137979078359
B,ENOX1,55068,3522,3,48.2033930261598
B,PGM5,5239,3934,3,53.8421772188849
B,PPL,5493,2512,3,34.3801599323434
B,ELOVL7,79993,1970,3,26.9621477176419
B,PRICKLE1,144165,1682,3,23.0204733304942
B,FGF4,2249,3109,3,42.5509224640348
B,PLK3,1263,2726,3,37.3090429839045
B,C1orf123,54987,1120,3,15.3287337277964
B,MEGF6,1953,1343,3,18.3807941039559
B,FBLN7,129804,1327,3,18.1618121935588
B,PLEKHG1,57480,1621,3,22.1856047971053
B,FAM171B,165215,2459,3,33.654782354153
B,PLAGL1,5325,2451,3,33.5452913989544
B,TFDP1,7027,1496,3,20.474808622128
B,ZCCHC10,54819,4229,3,57.8796561918312
B,PRR23B,389151,1533,3,20.9812042899213
B,NEFL,4747,329,3,4.50281553254019
B,CADM3,57863,1176,3,16.0951704141862
B,BASP1,10409,1025,3,14.0285286348137
B,FLT3,2322,2592,3,35.4750694843288
B,TMEM54,113452,1875,3,25.6619426246592
B,BACE1,23621,3346,3,45.7945920117917
B,SLC27A2,11001,2418,3,33.0936412087604
B,EPHB2,2048,2081,3,28.4813347210217
B,SLC25A33,84275,1781,3,24.3754239010762
B,SEH1L,81929,4683,3,64.0932678993487
B,NAXD,55739,3640,3,49.8183846153383
B,ANKRD52,283373,3668,3,50.2016029585332
B,COL4A3,1285,2808,3,38.4313252746895
B,PRPF40A,55660,3743,3,51.2280806635196
B,KLF2,10365,3897,3,53.3357815510916
B,TRIP4,9325,3956,3,54.1432773456809
B,B4GALT1,2683,1154,3,15.7940702873902
B,ARC,23237,2145,3,29.3572623626101
B,FDX1L,112812,4066,3,55.6487779796609
B,SEC22A,26984,3123,3,42.7425316356323
B,CCDC65,85478,4130,3,56.5247056212492
B,NDUFAF6,137682,3133,3,42.8793953296305
B,TMEM38A,79041,1787,3,24.4575421174751
B,RPL39,6170,4644,3,63.5594994927558
B,DCTN2,10540,1815,3,24.8407604606701
B,PDS5A,23244,1501,3,20.5432404691271
B,TLE2,7089,1751,3,23.9648328190817
B,CCZ1,51622,1968,3,26.9347749788422
B,C19orf68,374920,3479,3,47.6148791419676
B,FOSL1,8061,3546,3,48.5318658917554
B,KDELR2,11014,2871,3,39.2935665468781
B,IGF2BP2,10644,2062,3,28.2212937024252
B,ZNF75D,7626,2058,3,28.1665482248259
B,KREMEN1,83999,3568,3,48.8329660185514
B,CD164L2,388611,2729,3,37.3501020921039
B,DMWD,1762,2225,3,30.4521719145955
B,STX7,8417,3558,3,48.6961023245532
B,CACNA1I,8911,5761,3,78.8471741123527
B,RNF8,9025,2776,3,37.9933614538954
B,HPN,3249,2888,3,39.526234826675
B,CATSPER2,117155,2644,3,36.1867606931194
B,TSKU,25987,3879,3,53.0894269018948
B,FAM3C,10447,3548,3,48.559238630555
B,THAP2,83591,3905,3,53.4452725062901
B,RBBP8NL,140893,9650,3,132.073464708246
B,ARIH2,10425,5450,3,74.5907132290093
B,C12orf56,115749,3219,3,44.0564230980148
B,HNRNPDL,9987,2213,3,30.2879354817977
B,SLC35F1,222553,1526,3,20.8853997041226
B,TMEM127,55654,2867,3,39.2388210692788
B,PSMC3IP,29893,1322,3,18.0933803465597
B,SNAI2,6591,1567,3,21.4465408495151
B,MRPL36,64979,4836,3,66.1872824175209
B,JRK,8629,3446,3,47.1632289517736
B,MIIP,60672,3316,3,45.3840009297972
B,IRF2BP2,359948,2360,3,32.299831783571
B,MYH9,4627,3782,3,51.7618490701125
B,CDC37L1,55664,1503,3,20.5706132079268
B,SMAGP,57228,2303,3,31.5197087277813
B,STOM,2040,4427,3,60.5895573329952
B,UBAC2,337867,2402,3,32.8746592983634
B,CNKSR1,10256,3322,3,45.4661191461961
B,SPATA13,221178,4898,3,67.0358373203096
B,THNSL1,79896,2552,3,34.9276147083361
B,SP4,6671,1254,3,17.162707227372
B,FAM86C1,55199,3082,3,42.1813904902397
B,MICA,100507436,1635,3,22.3772139687028
B,SERPINB6,5269,868,3,11.8797686390422
B,RPL22L1,200916,5905,3,80.8180113059266
B,ACTR5,79913,1550,3,21.2138725697182
B,FAM43A,131583,2509,3,34.3391008241439
B,TMEM14C,51522,3514,3,48.0939020709612
B,ATP6V1B2,526,4134,3,56.5794510988485
B,KCNC4,3749,1556,3,21.2959907861171
B,BCKDHB,594,4173,3,57.1132195054414
B,R3HDM1,23518,1324,3,18.1207530853593
B,INTS13,55726,2512,3,34.3801599323434
B,TMEM206,55248,1689,3,23.116277916293
B,ADD3,120,2322,3,31.7797497463779
B,CCDC173,129881,3029,3,41.4560129120494
B,IPO4,79711,2006,3,27.4548570160353
B,C9orf3,84909,3038,3,41.5791902366477
B,CA5B,11238,2203,3,30.1510717877995
B,MRPS23,51649,3644,3,49.8731300929376
B,EXOSC10,5394,1333,3,18.2439304099577
B,PRPF18,8559,2726,3,37.3090429839045
B,RGS22,26166,2629,3,35.9814651521221
B,DPYSL4,10570,2344,3,32.0808498731739
B,ERF,2077,1724,3,23.5953008452866
B,BTBD17,388419,2191,3,29.9868353550017
B,ZCCHC2,54877,1557,3,21.309677155517
B,SGIP1,84251,4839,3,66.2283415257203
B,EARS2,124454,4084,3,55.8951326288576
B,CYP51A1,1595,4025,3,55.0876368342683
B,EPHB6,2051,1572,3,21.5149726965142
B,SEC63,11231,3251,3,44.494386918809
B,CYB5D1,124637,1640,3,22.4456458157019
B,ANKRD63,100131244,1537,3,21.0359497675206
B,SLC30A5,64924,2200,3,30.1100126796001
B,DNAJB6,10049,1534,3,20.9948906593211
B,GALR2,8811,4341,3,59.4125295646109
B,KCNJ11,3767,2061,3,28.2076073330253
B,AMMECR1L,83607,3284,3,44.946037109003
B,CGB3,1082,4070,3,55.7035234572601
B,MTM1,4534,2818,3,38.5681889686877
B,SERP1,27230,2821,3,38.6092480768872
B,CALM1,801,3638,3,49.7910118765387
B,HECW1,23072,3249,3,44.4670141800094
B,MAPK4,5596,2318,3,31.7250042687786
B,C12orf29,91298,1674,3,22.9109823752957
B,TBXAS1,6916,3250,3,44.4807005494092
B,KRTAP10-12,386685,8235,3,112.707252007503
B,DDI2,84301,5215,3,71.374416420052
B,FOXE1,2304,2565,3,35.1055375105337
B,RCSD1,92241,1849,3,25.3060970202639
B,TRIO,7204,2291,3,31.3554722949835
B,ECHDC1,55862,2592,3,35.4750694843288
B,MTA3,57504,2990,3,40.9222445054565
B,ACD,65057,4223,3,57.7975379754323
B,ASB12,142689,4369,3,59.7957479078058
B,B4GALT2,8704,4138,3,56.6341965764478
B,EIF1AX,1964,3780,3,51.7344763313129
B,ZNF552,79818,6032,3,82.5561802197035
B,PFKL,5211,2029,3,27.7696435122312
B,CIT,11113,3360,3,45.9862011833892
B,INSIG1,3638,394,3,5.39242954352838
B,BAMBI,25805,3751,3,51.3375716187181
B,RRAGA,10670,2441,3,33.4084277049563
B,ELMOD2,255520,911,3,12.4682825232344
B,SLITRK2,84631,5159,3,70.6079797336622
B,TRAF2,7186,4231,3,57.9070289306309
B,RBM34,23029,2620,3,35.8582878275237
B,OVOS2,144203,4861,3,66.5294416525163
B,USP17L2,377630,4996,3,68.3771015214918
B,CACNG2,10369,4071,3,55.7172098266599
B,LOC101928093,101928093,3440,3,47.0811107353747
B,SOX10,6663,1742,3,23.8416554944833
B,EPYC,1833,3061,3,41.8939767328436
B,CFAP20,29105,4185,3,57.2774559382392
B,QRFPR,84109,4037,3,55.2518732670661
B,CLDN7,1366,4043,3,55.333991483465
B,MAP3K7CL,56911,6108,3,83.5963442940896
B,RHOG,391,5892,3,80.6400885037289
B,CKAP2L,150468,1653,3,22.6235686178995
B,ELF3,1999,1905,3,26.0725337066537
B,YKT6,10652,2423,3,33.1620730557595
B,S100A6,6277,3440,3,47.0811107353747
B,ATR,545,3957,3,54.1569637150807
B,ABCC5,10057,4041,3,55.3066187446654
B,IQSEC2,23096,4762,3,65.1744910819343
B,PHYHD1,254295,2132,3,29.1793395604124
B,NAIF1,203245,195,3,2.66884203296455
B,TVP23B,51030,3829,3,52.4051084319039
B,C4orf26,152816,4434,3,60.685361918794
B,LCT,3938,2343,3,32.0671635037741
B,RPUSD4,84881,2765,3,37.8428113904974
B,DIAPH3,81624,1183,3,16.1909749999849
B,SNRPD2,6633,4499,3,61.5749759297821
B,IFT46,56912,3435,3,47.0126788883756
B,CLK3,1198,2602,3,35.611933178327
B,DPYSL2,1808,2512,3,34.3801599323434
B,NOMO3,408050,2183,3,29.8773443998032
B,HBEGF,1839,1928,3,26.3873202028495
B,TCF7L1,83439,2356,3,32.2450863059717
B,ZFP41,286128,5393,3,73.8105901732196
B,ANKRD34B,340120,1290,3,17.6554165257655
B,SH3D19,152503,3520,3,48.1760202873601
B,RNASE6,6039,3921,3,53.6642544166872
B,MAGEC1,9947,4167,3,57.0311012890425
B,STAB2,55576,3224,3,44.1248549450139
B,TCEAL1,9338,3871,3,52.9799359466963
B,PDHA2,5161,3201,3,43.8100684488181
B,TBX18,9096,2976,3,40.730635333859
B,RAB9B,51209,3289,3,45.0144689560021
B,SNX27,81609,3733,3,51.0912169695214
B,CYP2W1,54905,7030,3,96.215176880722
B,TMIGD1,388364,3085,3,42.2224495984392
B,VPS54,51542,3355,3,45.9177693363901
B,CPT1A,1374,1813,3,24.8133877218704
B,SLC39A14,23516,2891,3,39.5672939348745
B,RRP7A,27341,1379,3,18.8735034023493
B,PKMYT1,9088,2212,3,30.2742491123979
B,BCORL1,63035,3739,3,51.1733351859203
B,TMCO5A,145942,3113,3,42.6056679416341
B,TSPAN16,26526,3446,3,47.1632289517736
B,CEP104,9731,3323,3,45.4798055155959
B,EXOC8,149371,1078,3,14.753906213004
B,MACROD2,140733,1130,3,15.4655974217946
B,SLC9A2,6549,2687,3,36.7752745773115
B,AWAT1,158833,5115,3,70.0057794800702
B,TNFRSF11B,4982,2763,3,37.8154386516977
B,OR2M5,127059,5402,3,73.933767497818
B,INTS4,92105,2876,3,39.3619983938772
B,NDUFAF4,29078,2406,3,32.9294047759626
B,GPR152,390212,2921,3,39.977885016869
B,RGP1,9827,2739,3,37.4869657861021
B,SBSPON,157869,3372,3,46.150437616187
B,TRMT11,60487,4096,3,56.0593690616554
B,TMEM237,65062,1738,3,23.7869100168841
B,G6PC,2538,3632,3,49.7088936601397
B,RSPH1,89765,3989,3,54.5949275358749
B,C7orf72,100130988,2200,3,30.1100126796001
B,PADI6,353238,4218,3,57.7291061284332
B,CERCAM,51148,2817,3,38.5545025992879
B,EIF3K,27335,2930,3,40.1010623414674
B,CNST,163882,2402,3,32.8746592983634
B,TMEM268,203197,1850,3,25.3197833896637
B,FAM237A,200726,2532,3,34.6538873203397
B,TRIB3,57761,1320,3,18.06600760776
B,TCP11L1,55346,836,3,11.441804818248
B,MANEAL,149175,3457,3,47.3137790151716
B,ADGRE5,976,2930,3,40.1010623414674
B,TET3,200424,1229,3,16.8205479923766
B,ITIH2,3698,2986,3,40.8674990278572
B,ABRACL,58527,3726,3,50.9954123837227
B,TPT1,7178,1031,3,14.1106468512126
B,PGAP3,93210,3041,3,41.6202493448472
B,RPS28,6234,2590,3,35.4476967455292
B,GUCY1A2,2977,2681,3,36.6931563609126
B,ACAN,176,2659,3,36.3920562341166
B,CERKL,375298,1216,3,16.6426251901789
B,IL2RB,3560,3008,3,41.1685991546532
B,DTX3L,151636,2233,3,30.5616628697941
B,GLI4,2738,4039,3,55.2792460058658
B,ZNF319,57567,1527,3,20.8990860735224
B,MICAL1,64780,3765,3,51.5291807903156
B,GALNT6,11226,2506,3,34.2980417159444
B,CNKSR3,154043,2492,3,34.106432544347
B,SPANXB1,728695,5098,3,69.7731112002733
B,KPNB1,3837,4603,3,62.9983583473632
B,LARP1,23367,1064,3,14.5622970414066
B,DPYSL3,1809,3159,3,43.2352409340257
B,DOK4,55715,1874,3,25.6482562552593
B,TXN2,25828,644,3,8.81402189348293
B,SLC43A2,124935,4453,3,60.9454029373905
B,CHD6,84181,1067,3,14.603356149606
B,LGI4,163175,5067,3,69.3488337488789
B,PIWIL3,440822,4537,3,62.0950579669752
B,SBK3,100130827,4263,3,58.344992751425
B,DECR1,1666,1998,3,27.3453660608368
B,HECTD3,79654,2963,3,40.5527125316614
B,EP400,57634,2962,3,40.5390261622615
B,ZFHX2,85446,5577,3,76.3288821427862
B,BRWD3,254065,1736,3,23.7595372780844
B,MRVI1,10335,1357,3,18.5724032755533
B,GPRIN1,114787,1801,3,24.6491512890726
B,ZFP37,7539,3748,3,51.2965125105187
B,GOSR1,9527,2068,3,28.3034119188241
B,UBQLN2,29978,3522,3,48.2033930261598
B,RARG,5916,3698,3,50.6121940405278
B,SLC7A9,11136,4130,3,56.5247056212492
B,IFT43,112752,4467,3,61.137012108988
B,SPPL2A,84888,1699,3,23.2531416102911
B,MUSTN1,389125,3953,3,54.1022182374814
B,RB1CC1,9821,3585,3,49.0656342983483
B,APOC4,346,2225,3,30.4521719145955
B,YES1,7525,2628,3,35.9677787827223
B,GGCX,2677,3930,3,53.7874317412856
B,MESP2,145873,4267,3,58.3997382290243
B,CHN1,1123,4285,3,58.6460928782211
B,PURA,5813,1960,3,26.8252840236437
B,EGFL8,80864,4462,3,61.0685802619889
B,GLI2,2736,2689,3,36.8026473161112
B,TAF4,6874,613,3,8.38974444208857
B,REG4,83998,2740,3,37.5006521555019
B,TBC1D26,353149,2148,2,29.3983214708095
B,PCDHA10,56139,4973,3,68.062315025296
B,CSMD1,64478,2839,3,38.8556027260839
B,JAM2,58494,3930,3,53.7874317412856
B,THRB,7068,1440,3,19.7083719357382
B,MPL,4352,4846,3,66.3241461115191
B,BCL9,607,5360,3,73.3589399830256
B,TNFRSF13B,23495,3916,3,53.5958225696881
B,ULBP1,80329,4660,3,63.7784814031529
B,PTGDR2,11251,2151,3,29.439380579009
B,JPH1,56704,2182,3,29.8636580304033
B,TBCA,6902,2939,3,40.2242396660657
B,LYZ,4069,2947,3,40.3337306212643
B,SALL4,57167,4696,3,64.2711907015463
B,TSPOAP1,9256,1898,3,25.976729120855
B,SCD,6319,2311,3,31.6291996829799
B,HPS5,11234,3664,3,50.1468574809339
B,AMZ1,155185,2399,3,32.8336001901639
B,FXYD4,53828,2954,3,40.429535207063
B,SCGB2A1,4246,2454,3,33.5863505071539
B,ZFPM2,23414,2356,3,32.2450863059717
B,PARP16,54956,806,3,11.0312137362535
B,CD302,9936,2593,3,35.4887558537286
B,ATP13A5,344905,6327,3,86.5936591926498
B,CDC73,79577,4209,3,57.6059288038349
B,C12orf74,338809,2904,3,39.7452167370721
B,C11orf97,643037,3893,3,53.2810360734923
B,RIPOR1,79567,2126,3,29.0972213440135
B,APOB,338,2772,3,37.9386159762961
B,TWIST1,7291,1713,3,23.4447507818886
B,TRAF3,7187,1811,3,24.7860149830708
B,ARHGEF15,22899,3066,3,41.9624085798426
B,PHPT1,29085,3142,3,43.0025726542288
B,RMI2,116028,2285,3,31.2733540785846
B,TMCO3,55002,836,3,11.441804818248
B,MIXL1,83881,2174,3,29.7541670752048
B,CCDC117,150275,1376,3,18.8324442941499
B,NT5DC1,221294,4208,3,57.592242434435
B,C21orf59,56683,986,3,13.4947602282208
B,PLXNB1,5364,2241,3,30.6711538249926
B,ITGB2,3689,2486,3,34.0243143279481
B,ZNF621,285268,2932,3,40.128435080267
B,FIGLA,344018,1681,3,23.0067869610944
B,C14orf180,400258,1747,3,23.9100873414824
B,CRY1,1407,551,3,7.54118953929983
B,TESC,54997,1180,3,16.1499158917855
B,CACNA1A,773,3491,3,47.7791155747654
B,SASH1,23328,3167,3,43.3447318892243
B,UFSP1,402682,312,3,4.27014725274328
B,GEMIN7,79760,3798,3,51.9808309805096
B,GDI1,2664,3927,3,53.7463726330861
B,HES2,54626,4345,3,59.4672750422101
B,RPS6KA4,8986,530,3,7.25377578190365
B,GADL1,339896,2918,3,39.9368259086696
B,CDHR4,389118,2641,3,36.1457015849199
B,TMPPE,643853,3356,3,45.9314557057899
B,APOBEC4,403314,3296,3,45.1102735418008
B,SPACA4,171169,4786,3,65.50296394753
B,STS,412,2505,3,34.2843553465446
B,PYGM,5837,4963,3,67.9254513312978
B,HLA-E,3133,4505,3,61.657094146181
B,ERVFRD-1,405754,2670,3,36.5426062975146
B,CNR2,1269,2659,3,36.3920562341166
B,ZNF281,23528,1412,3,19.3251535925433
B,PKIG,11142,3415,3,46.7389515003792
B,GJB7,375519,2462,3,33.6958414623524
B,DNAH12,201625,1245,3,17.0395299027737
B,HINT1,3094,3202,3,43.8237548182179
B,ERC2,26059,3717,3,50.8722350591243
B,CANX,821,2125,3,29.0835349746137
B,LMF1,64788,1329,3,18.1891849323584
B,CFP,5199,3010,3,41.1959718934528
B,NPPA,4878,5291,3,72.4145804944382
B,MYF6,4618,4994,3,68.3497287826921
B,COL11A1,1301,3911,3,53.527390722689
B,ATP1A3,478,2073,3,28.3718437658232
B,ERCC1,2067,4498,3,61.5612895603823
B,CYBB,1536,5507,3,75.3708362847989
B,DHX16,8449,4098,3,56.086741800455
B,MKKS,8195,4081,3,55.8540735206581
B,SLC22A17,51310,567,3,7.76017144969693
B,KIAA0232,9778,855,3,11.7018458368446
B,HIF1AN,55662,8524,3,116.66261276405
B,APLNR,187,3221,3,44.0837958368145
B,DPEP1,1800,2263,3,30.9722539517886
B,CDC42BPA,8476,2325,3,31.8208088545773
B,STK3,6788,2711,3,37.1037474429072
B,GABPB2,126626,2042,3,27.9475663144288
B,WDFY4,57705,4206,3,57.5648696956354
B,IFT22,64792,2213,3,30.2879354817977
B,ADGRE1,2015,5729,3,78.4092102915585
B,USP6NL,9712,5281,3,72.27771680044
B,PSMB7,5695,4600,3,62.9572992391638
B,DPRX,503834,4921,3,67.3506238165054
B,MYO1H,283446,4207,3,57.5785560650352
B,FFAR4,338557,2731,3,37.3774748309035
B,BSDC1,55108,2602,3,35.611933178327
B,KRTAP20-3,337985,7430,3,101.689724640649
B,INTS8,55656,2173,3,29.740480705805
B,POC5,134359,3024,3,41.3875810650503
B,PERM1,84808,5926,3,81.1054250633227
B,HACD1,9200,6590,3,90.193174344802
B,ZBTB26,57684,2210,3,30.2468763735983
B,KCNH8,131096,729,3,9.97736329246748
B,ARL14EPL,644100,4005,3,54.8139094462719
B,BCAS1,8537,5433,3,74.3580449492124
B,CYP27C1,339761,1701,3,23.2805143490908
B,MMP19,4327,3872,3,52.9936223160961
B,C20orf197,284756,3548,3,48.559238630555
B,CTNS,1497,2695,3,36.8847655325101
B,TRIB1,10221,2343,3,32.0671635037741
B,CDCP2,200008,3778,3,51.7071035925132
B,ARMCX3,51566,3189,3,43.6458320160203
B,ATRNL1,26033,2783,3,38.0891660396941
B,SLFN14,342618,3976,3,54.4170047336772
B,NME7,29922,6039,3,82.6519848055022
B,OR8I2,120586,4234,3,57.9480880388303
B,PHLDA1,22822,1854,3,25.374528867263
B,CST4,1472,3974,3,54.3896319948776
B,BICRA,29998,2439,3,33.3810549661566
B,DNPEP,23549,4765,3,65.2155501901338
B,RGPD5,84220,1035,3,14.1653923288119
B,KIFAP3,22920,1883,3,25.7714335798577
B,VN1R4,317703,4569,3,62.5330217877694
B,MAPK14,1432,2855,3,39.074584636481
B,TAB3,257397,950,3,13.0020509298273
B,CFH,3075,5033,3,68.8834971892851
B,KIAA0319,9856,2000,3,27.3727387996364
B,B3GAT3,26229,1819,3,24.8955059382693
B,LAMA3,3909,3109,3,42.5509224640348
B,NPHS1,4868,4485,3,61.3833667581847
B,C8orf31,286122,3582,3,49.0245751901488
B,SLC35F3,148641,2982,3,40.8127535502579
B,ACAD10,80724,4289,3,58.7008383558203
B,TMEM132E,124842,2076,3,28.4129028740226
B,SULT1A3,6818,4614,3,63.1489084107612
B,SDHB,6390,2037,3,27.8791344674297
B,NPY2R,4887,5070,3,69.3898928570783
B,POU1F1,5449,2258,3,30.9038221047895
B,COG5,10466,3557,3,48.6824159551534
B,CCDC113,29070,4111,3,56.2646646026527
B,NKAIN2,154215,5475,3,74.9328724640047
B,VEPH1,79674,4666,3,63.8605996195518
B,TM7SF3,51768,4363,3,59.7136296914069
B,OR11L1,391189,3797,3,51.9671446111098
B,GORAB,92344,3072,3,42.0445267962416
B,TNKS2,80351,1188,3,16.259406846984
B,SCARF2,91179,2831,3,38.7461117708854
B,ZBED6CL,113763,860,3,11.7702776838437
B,RAB3IL1,5866,3212,3,43.9606185122161
B,RPS12,6206,3709,3,50.7627441039258
B,SGSM2,9905,4231,3,57.9070289306309
B,WNT8A,7478,3513,3,48.0802157015614
B,LRG1,116844,4713,3,64.5038589813433
B,OXCT1,5019,3218,3,44.042736728615
B,ALAD,210,2448,3,33.504232290755
B,FAM110B,90362,3339,3,45.698787425993
B,ATP6V1E2,90423,350,1,4.79022928993637
B,SULF2,55959,928,3,12.7009508030313
B,PRKCE,5581,1134,3,15.5203428993939
B,NLRP14,338323,1468,3,20.0915902789331
B,TFB1M,51106,5099,3,69.7867975696731
B,WDR81,124997,837,3,11.4554911876478
B,TNFAIP8L3,388121,1838,3,25.1555469568659
B,MFSD8,256471,1527,3,20.8990860735224
B,BBS1,582,2122,3,29.0424758664143
B,GLTP,51228,2111,3,28.8919258030163
B,FGF17,8822,2196,3,30.0552672020008
B,RBMY1F,159163,3011,3,41.2096582628526
B,ARSF,416,4727,3,64.6954681529407
B,CD5,921,1739,3,23.8005963862839
B,FITM1,161247,3632,3,49.7088936601397
B,ALOX12B,242,3453,3,47.2590335375723
B,IPO5,3843,2683,3,36.7205290997123
B,S100A1,6271,2121,3,29.0287894970144
B,KIF5A,3798,1979,3,27.0853250422402
B,PIGBOS1,101928527,2449,3,33.5179186601548
B,GGACT,87769,1385,3,18.9556216187482
B,HSPB11,51668,3268,3,44.7270551986059
B,VWCE,220001,2953,3,40.4158488376632
B,GPRC5A,9052,2600,3,35.5845604395274
B,TBC1D30,23329,3897,3,53.3357815510916
B,SPC24,147841,3261,3,44.6312506128072
B,POLH,5429,2328,3,31.8618679627768
B,CHRM2,1129,2310,3,31.6155133135801
B,SIGLEC6,946,890,3,12.1808687658382
B,BTF3L4,91408,5066,3,69.3351473794791
B,THADA,63892,3550,3,48.5866113693547
B,MUC20,200958,1788,3,24.471228486875
B,ZNF367,195828,2068,3,28.3034119188241
B,RHCG,51458,1835,3,25.1144878486664
B,CYFIP2,26999,3008,3,41.1685991546532
B,ANPEP,290,3064,3,41.935035841043
B,PRKCZ,5590,2246,3,30.7395856719917
B,OPTN,10133,3103,3,42.4688042476359
B,RPAP1,26015,4909,3,67.1863873837076
B,PADI3,51702,2485,3,34.0106279585483
B,C11orf53,341032,2876,3,39.3619983938772
B,NPFFR2,10886,5083,3,69.567815659276
B,SGO1,151648,1882,3,25.7577472104579
B,ELOVL6,79071,4332,3,59.2893522400125
B,HLTF,6596,9660,3,132.210328402244
B,SOX15,6665,2789,3,38.171284256093
B,MFSD1,64747,2472,3,33.8327051563506
B,RNF186,54546,5383,3,73.6737264792215
B,PSAP,5660,3392,3,46.4241650041834
B,TSR2,90121,5830,3,79.7915336009402
B,C1orf106,55765,4710,3,64.4627998731438
B,ERAS,3266,2381,3,32.5872455409672
B,ANTXRL,195977,5009,3,68.5550243236894
B,PDCD7,10081,3979,3,54.4580638418767
B,TMEM147,10430,1580,3,21.6244636517128
B,C2orf49,79074,1109,3,15.1781836643984
B,HK1,3098,1447,3,19.804176521537
B,CEMIP,57214,2420,3,33.1210139475601
B,PQLC2,54896,5544,3,75.8772319525922
B,TRADD,8717,3173,3,43.4268501056232
B,APOL4,80832,4994,3,68.3497287826921
B,CDKL3,51265,3831,3,52.4324811707036
B,LGR5,8549,5186,3,70.9775117074572
B,NBEAL1,65065,3261,3,44.6312506128072
B,LILRA4,23547,4967,3,67.9801968088971
B,GNGT2,2793,3951,3,54.0748454986818
B,PIP5KL1,138429,4885,3,66.857914518112
B,ARPP19,10776,5806,3,79.4630607353446
B,APOBEC3C,27350,4757,3,65.1060592349352
B,SPG7,6687,1137,3,15.5614020075933
B,COPRS,55352,1331,3,18.216557671158
B,RAD23A,5886,4801,3,65.7082594885272
B,ZNF768,79724,955,3,13.0704827768264
B,CBL,867,1706,3,23.3489461960899
B,F2RL1,2150,2115,3,28.9466712806155
B,TMC4,147798,2812,3,38.4860707522888
B,OR5M9,390162,2657,3,36.364683495317
B,KREMEN2,79412,1986,3,27.181129628039
B,TMEM105,284186,1727,3,23.6363599534861
B,TCTN2,79867,1607,3,21.9939956255079
B,NKX6-1,4825,3926,3,53.7326862636863
B,TIMM17B,10245,4135,3,56.5931374682483
B,GC,2638,3966,3,54.280141039679
B,SMAD4,4089,2514,3,34.407532671143
B,TINAGL1,64129,3691,3,50.516389454729
B,ATP1A2,477,3317,3,45.397687299197
B,MINDY4,84182,695,3,9.51202673287366
B,RAB40C,57799,2805,3,38.3902661664901
B,SBF1,6305,4258,3,58.276560904426
B,ANKRD12,23253,3794,3,51.9260855029103
B,TOX2,84969,2867,3,39.2388210692788
B,POLR2L,5441,5267,3,72.0861076288425
B,HMGB3,3149,6641,3,90.8911791841927
B,LRRC29,26231,2969,3,40.6348307480603
B,HLA-DRA,3122,3497,3,47.8612337911643
B,KIAA1683,80726,3297,3,45.1239599112007
B,POLR1E,64425,586,3,8.02021246829347
B,SHISA3,152573,1857,3,25.4155879754624
B,BECN2,441925,2838,3,38.8419163566841
B,FCN3,8547,4727,3,64.6954681529407
B,ZNHIT2,741,2327,3,31.848181593377
B,DUX4,100288687,3119,3,42.687786158033
B,PDCD2L,84306,1754,3,24.0058919272811
B,MAML2,84441,2116,3,28.9603576500153
B,SNX19,399979,1388,3,18.9966807269477
B,ZSCAN16,80345,2549,3,34.8865556001366
B,DHX33,56919,4567,3,62.5056490489698
B,LPAR4,2846,1917,3,26.2367701394515
B,TENM1,10178,3699,3,50.6258804099276
B,C17orf102,400591,4285,3,58.6460928782211
B,TULP3,7289,1665,3,22.7878050506973
B,MUC13,56667,3296,3,45.1102735418008
B,SEC24D,9871,3245,3,44.4122687024101
B,TRPC4,7223,4146,3,56.7436875316463
B,RNF169,254225,3549,3,48.5729249999548
B,CNPY1,285888,2116,3,28.9603576500153
B,TYRP1,7306,4467,3,61.137012108988
B,LDLRAD2,401944,3719,3,50.8996077979239
B,SIRT5,23408,2803,3,38.3628934276904
B,DNAJC4,3338,2314,3,31.6702587911793
B,COL8A1,1295,2963,3,40.5527125316614
B,PKN3,29941,1860,3,25.4566470836619
B,ENTPD2,954,2059,3,28.1802345942257
B,MAP2K6,5608,1918,3,26.2504565088513
B,MAST3,23031,1645,3,22.514077662701
B,PRR34,55267,2043,3,27.9612526838286
B,PMS1,5378,2560,3,35.0371056635346
B,C3orf80,401097,3581,3,49.010888820749
B,RALGAPA2,57186,4499,3,61.5749759297821
B,ZNF324B,388569,3484,3,47.6833109889667
B,METTL27,155368,3323,3,45.4798055155959
B,EBF4,57593,2240,3,30.6574674555928
B,RPS6KB1,6198,3411,3,46.6842060227799
B,C12orf73,728568,2628,3,35.9677787827223
B,TNNT3,7140,3803,3,52.0492628275087
B,PATZ1,23598,2930,3,40.1010623414674
B,GPBP1,65056,4900,3,67.0632100591092
B,PEG10,23089,2306,3,31.5607678359808
B,SNX33,257364,3731,3,51.0638442307218
B,BRCC3,79184,3285,3,44.9597234784028
B,GIMAP1-GIMAP5,100527949,2620,3,35.8582878275237
B,HIST1H2BD,3017,3937,3,53.8832363270843
B,SPAG17,200162,3406,3,46.6157741757808
B,DCLK3,85443,4195,3,57.4143196322374
B,GRIN2C,2905,1413,3,19.3388399619431
B,TRABD2A,129293,1680,3,22.9931005916946
B,PCDH11X,27328,2983,3,40.8264399196577
B,CDKL1,8814,1725,3,23.6089872146864
B,CNBP,7555,5842,3,79.955770033738
B,MAPKAPK3,7867,2729,3,37.3501020921039
B,IL7,3574,2172,3,29.7267943364052
B,LRRC63,220416,2254,3,30.8490766271903
B,RAB17,64284,2824,3,38.6503071850866
B,ZNF541,84215,3453,3,47.2590335375723
B,PSAT1,29968,3685,3,50.4342712383301
B,GJD3,125111,3735,3,51.118589708321
B,TEX22,647310,4155,3,56.8668648562447
B,ZNF627,199692,4003,3,54.7865367074723
B,GPR137,56834,2871,3,39.2935665468781
B,C16orf62,57020,1645,3,22.514077662701
B,NSL1,25936,3310,3,45.3018827133983
B,SYTL5,94122,4637,3,63.4636949069571
B,USP17L10,100287144,628,1,8.59503998308584
B,EDAR,10913,3762,3,51.4881216821161
B,C9orf106,414318,3260,3,44.6175642434074
B,ZNF546,339327,4782,3,65.4482184699307
B,NDUFA1,4694,1310,3,17.9291439137619
B,CENPH,64946,3081,3,42.1677041208399
B,PALM3,342979,707,3,9.67626316567148
B,KIAA0141,9812,2587,3,35.4066376373297
B,LOXL2,4017,4023,3,55.0602640954687
B,SELENOP,6414,3036,3,41.5518174978481
B,CDH17,1015,3951,3,54.0748454986818
B,FXR1,8087,3437,3,47.0400516271752
B,TARBP1,6894,2279,3,31.1912358621857
B,ZNF107,51427,2302,3,31.5060223583815
B,ARHGAP33,115703,3848,3,52.6651494505005
B,WRAP73,49856,2393,3,32.751481973765
B,SLC7A8,23428,3353,3,45.8903965975905
B,HOXD11,3237,1668,3,22.8288641588968
B,HSD3B7,80270,5521,3,75.5624454563964
B,GADD45B,4616,2568,3,35.1465966187332
B,DCAF15,90379,2671,3,36.5562926669144
B,MAGT1,84061,3690,3,50.5027030853292
B,TRIML2,205860,4611,3,63.1078493025618
B,OXTR,5021,3747,3,51.2828261411188
B,PEX10,5192,1397,3,19.119858051546
B,CRISPLD1,83690,2386,3,32.6556773879663
B,LPGAT1,9926,2089,3,28.5908256762203
B,ZFP82,284406,3822,3,52.3093038461052
B,CNIH1,10175,6975,3,95.462426563732
B,PIK3R4,30849,3435,3,47.0126788883756
B,GPAM,57678,4966,3,67.9665104394973
B,C16orf58,64755,2581,3,35.3245194209308
B,ZBTB5,9925,6236,3,85.3481995772664
B,GRIK1,2897,7388,3,101.114897125857
B,UBXN2A,165324,4038,3,55.2655596364659
B,PRKACB,5567,2865,3,39.2114483304792
B,LTB4R,1241,3196,3,43.741636601819
B,SERGEF,26297,2263,3,30.9722539517886
B,CRY2,1408,3082,3,42.1813904902397
B,OTOP1,133060,4730,3,64.7365272611402
B,FAM32A,26017,5998,3,82.0908436601096
B,LYPD5,284348,8834,3,120.905387277994
B,UNCX,340260,7350,3,100.594815088664
B,PCED1A,64773,2582,3,35.3382057903306
B,CPNE5,57699,3384,3,46.3146740489848
B,TEX2,55852,1809,3,24.7586422442711
B,REEP3,221035,1464,3,20.0368448013339
B,PEX19,5824,2131,3,29.1656531910126
B,TTC5,91875,5732,3,78.450269399758
B,NPLOC4,55666,1398,3,19.1335444209459
B,NCOA2,10499,2964,3,40.5663989010612
B,UCKL1,54963,1645,3,22.514077662701
B,HADH,3033,4389,3,60.0694752958021
B,AP3B2,8120,2771,3,37.9249296068963
B,NUDT14,256281,2575,3,35.2424012045319
B,SOWAHA,134548,3156,3,43.1941818258263
B,PSMD6,9861,3960,3,54.1980228232801
B,MYSM1,114803,3832,3,52.4461675401034
B,NOP9,161424,4720,3,64.599663567142
B,KANK1,23189,2313,3,31.6565724217795
B,RSPO2,340419,4604,3,63.0120447167631
B,TXNDC16,57544,3581,3,49.010888820749
B,TPGS2,25941,3528,3,48.2855112425587
B,C12orf43,64897,5884,3,80.5305975485304
B,SLC25A10,1468,3733,3,51.0912169695214
B,MCEE,84693,2308,3,31.5881405747804
B,C19orf44,84167,5918,3,80.9959341081242
B,PBK,55872,4070,3,55.7035234572601
B,TRMT6,51605,5545,3,75.890918321992
B,MLXIP,22877,1794,3,24.5533467032739
B,TRIM14,9830,4399,3,60.2063389898003
B,VCL,7414,5856,3,80.1473792053355
B,MYOZ3,91977,4313,3,59.029311221416
B,KCNH1,3756,5854,3,80.1200064665358
B,PPP1CA,5499,4164,3,56.990042180843
B,FANCE,2178,5857,3,80.1610655747353
B,ZNF688,146542,4401,3,60.2337117286
B,PPAT,5471,4170,3,57.072160397242
B,PKNOX2,63876,7204,3,98.5966051562904
B,ERICH3,127254,2357,3,32.2587726753715
B,SSH2,85464,3119,3,42.687786158033
B,ZNHIT1,10467,5564,3,76.1509593405885
B,MRPL13,28998,5689,3,77.8617555155658
B,HIST1H2BC,8347,6285,3,86.0188316778575
B,ACOT7,11332,2854,3,39.0608982670812
B,NAPB,63908,3226,3,44.1522276838136
B,ELP2,55250,4993,3,68.3360424132923
B,XRCC5,7520,3014,3,41.2507173710521
B,AIFM2,84883,3553,3,48.6276704775541
B,TPRX1,284355,7063,3,96.666827070916
B,SPNS2,124976,3943,3,53.9653545434832
B,SORL1,6653,4928,3,67.4464284023042
B,C19orf70,125988,2016,3,27.5917207100335
B,STIL,6491,5148,3,70.4574296702642
B,SLC30A3,7781,4644,3,63.5594994927558
B,NEMP2,100131211,3061,3,41.8939767328436
B,RAD17,5884,2932,3,40.128435080267
B,SPACA9,11092,1950,3,26.6884203296455
B,TMED7,51014,3355,3,45.9177693363901
B,MAP7D1,55700,4575,3,62.6151400041683
B,RTL5,340526,3962,3,54.2253955620798
B,ANO6,196527,3377,3,46.2188694631861
B,CRHR2,1395,4883,3,66.8305417793123
B,TADA2A,6871,5916,3,80.9685613693246
B,ATP6V1C1,528,3154,3,43.1668090870266
B,STARD7,56910,3956,3,54.1432773456809
B,CFTR,1080,4107,3,56.2099191250534
B,RECQL5,9400,4827,3,66.0641050929225
B,EIF4EBP2,1979,3105,3,42.4961769864356
B,USP7,7874,4429,3,60.6169300717949
B,PRRC2B,84726,3913,3,53.5547634614887
B,PLEKHH1,57475,2153,3,29.4667533178086
B,BAG5,9529,2961,3,40.5253397928617
B,MGAT4A,11320,2056,3,28.1391754860262
B,SECISBP2,79048,2535,3,34.6949464285392
B,TNKS,8658,3579,3,48.9835160819494
B,TBX15,6913,1542,3,21.1043816145197
B,LRRC45,201255,2437,3,33.353682227357
B,CBWD2,150472,672,1,9.19724023667784
B,RBM7,10179,6842,3,93.6421394335562
B,TRIP13,9319,2946,3,40.3200442518645
B,HTATIP2,10553,3374,3,46.1778103549867
B,LSM14A,26065,4811,3,65.8451231825254
B,BNC1,646,4040,3,55.2929323752656
B,PXDN,7837,3028,3,41.4423265426496
B,KDM1A,23028,2390,3,32.7104228655655
B,ATP6AP1,537,4631,3,63.3815766905581
B,MIDN,90007,5338,3,73.0578398562296
B,CENPB,1059,2346,3,32.1082226119735
B,XPA,7507,3405,3,46.602087806381
B,NEK2,4751,4497,3,61.5476031909825
B,ASB18,401036,8072,3,110.476373795333
B,NGEF,25791,3407,3,46.6294605451807
B,HIP1R,9026,3072,3,42.0445267962416
B,CSRP1,1465,6059,3,82.9257121934986
B,RALGAPB,57148,3235,3,44.2754050084119
B,EIF1AY,9086,4024,3,55.0739504648685
B,MARCH7,64844,4411,3,60.3705754225981
B,NADSYN1,55191,3260,3,44.6175642434074
B,PDCD1,5133,2218,3,30.3563673287968
B,MCM6,4175,3332,3,45.6029828401943
B,USP22,23326,3320,3,45.4387464073965
B,ZNF664,144348,2120,3,29.0151031276146
B,CXCL3,2921,5935,3,81.2286023879211
B,KRT7,3855,4155,3,56.8668648562447
B,SLC24A1,9187,6829,3,93.4642166313586
B,SDHAF4,135154,3502,3,47.9296656381634
B,STEAP1,26872,3665,3,50.1605438503338
B,DPYD,1806,7151,3,97.8712275781001
B,NRGN,4900,3625,3,49.613089074341
B,CHRDL1,91851,5390,3,73.7695310650202
B,DHX29,54505,3890,3,53.2399769652929
B,TNFSF8,944,3830,3,52.4187948013038
B,SOWAHB,345079,5811,3,79.5314925823436
B,SLC25A19,60386,2524,3,34.5443963651412
B,ESYT3,83850,5322,3,72.8388579458325
B,REPIN1,29803,3136,3,42.9204544378299
B,PHF21B,112885,4348,3,59.5083341504096
B,TMEM35B,100506144,3792,3,51.8987127641107
B,CCNH,902,4735,3,64.8049591081392
B,FANCL,55120,4876,3,66.7347371935136
B,BBS4,585,4419,3,60.4800663777967
B,GOLGA6D,653643,2082,1,28.4950210904215
B,IRGQ,126298,6116,3,83.7058352492882
B,HOMER1,9456,6089,3,83.3363032754931
B,EXOC6,54536,4764,3,65.201863820734
B,TCAIM,285343,3317,3,45.397687299197
B,PKIA,5569,2060,3,28.1939209636255
B,EIF4B,1975,2312,3,31.6428860523797
B,TGIF1,7050,6326,3,86.57997282325
B,ACVR1B,91,4591,3,62.8341219145654
B,FERMT1,55612,1728,3,23.6500463228859
B,MAML3,55534,7309,3,100.033673943271
B,CC2D1A,54862,1930,3,26.4146929416492
B,TRAF5,7188,2799,3,38.3081479500912
B,ST6GALNAC6,30815,2101,3,28.7550621090181
B,SPACA6,147650,3125,3,42.7699043744319
B,PPIL6,285755,1566,3,21.4328544801153
B,C21orf91,54149,2501,3,34.2296098689454
B,LGMN,5641,1239,3,16.9574116863748
B,RWDD4,201965,445,3,6.09043438291911
B,PTH1R,5745,3791,3,51.8850263947109
B,CABP7,164633,4214,3,57.674360650834
B,TGFBI,7045,4563,3,62.4509035713705
B,SRCAP,10847,4667,3,63.8742859889516
B,RPP25L,138716,2922,3,39.9915713862688
B,PADI2,11240,834,3,11.4144320794484
B,EDEM1,9695,1510,3,20.6664177937255
B,USP34,9736,3574,3,48.9150842349503
B,IGSF9B,22997,3212,3,43.9606185122161
B,PANK4,55229,5186,3,70.9775117074572
B,GNG4,2786,1710,3,23.4036916736891
B,DUSP16,80824,1476,3,20.2010812341317
B,ADCY5,111,3490,3,47.7654292053656
B,CHRNA7,1139,3533,3,48.3539430895578
B,AMDHD2,51005,890,3,12.1808687658382
B,COL6A2,1292,3621,3,49.5583435967417
B,NCMAP,400746,952,3,13.0294236686269
B,ITPRIPL2,162073,2006,3,27.4548570160353
B,GPT2,84706,3259,3,44.6038778740076
B,MEAF6,64769,2709,3,37.0763747041075
B,CTCF,10664,3580,3,48.9972024513492
B,RTN4RL1,146760,3361,3,45.999887552789
B,SLC25A35,399512,4761,3,65.1608047125345
B,FOXB1,27023,2441,3,33.4084277049563
B,CAMKK2,10645,3570,3,48.860338757351
B,BCL2L10,10017,4731,3,64.75021363054
B,LMBR1L,55716,6927,3,94.8054808325408
B,RBM24,221662,3465,3,47.4232699703701
B,RPLP1,6176,6337,3,86.730522886648
B,PGM2,55276,3080,3,42.1540177514401
B,FREM2,341640,2969,3,40.6348307480603
B,TOR2A,27433,2127,3,29.1109077134133
B,CCNC,892,1706,3,23.3489461960899
B,CASKIN1,57524,3627,3,49.6404618131407
B,BDKRB2,624,1972,3,26.9895204564415
B,KCNAB3,9196,8005,3,109.559387045545
B,TNFRSF4,7293,5112,3,69.9647203718707
B,KCNIP3,30818,7611,3,104.166957502016
B,HCRTR1,3061,3283,3,44.9323507396032
B,C1QL1,10882,6786,3,92.8757027471664
B,GOLGA4,2803,4266,3,58.3860518596245
B,TMEM53,79639,5033,3,68.8834971892851
B,PLEKHG4,25894,1968,3,26.9347749788422
B,MTA1,9112,3184,3,43.5774001690212
B,P4HTM,54681,3032,3,41.4970720202488
B,ASZ1,136991,5588,3,76.4794322061842
B,SMYD4,114826,1302,3,17.8196529585633
B,NDUFB5,4711,3182,3,43.5500274302215
B,PITPNM1,9600,1883,3,25.7714335798577
B,GABPB1,2553,2816,3,38.5408162298881
B,ACAD8,27034,1158,3,15.8488157649895
B,M6PR,4074,3241,3,44.3575232248108
B,AASS,10157,2795,3,38.2534024724919
B,GPR132,29933,2240,3,30.6574674555928
B,CNTFR,1271,670,3,9.1698674978782
B,SMARCA4,6597,4146,3,56.7436875316463
B,COMMD4,54939,7004,3,95.8593312763268
B,CCDC144A,9720,2956,3,40.4569079458626
B,ERFE,151176,2561,3,35.0507920329344
B,CALN1,83698,7307,3,100.006301204472
B,CYP4X1,260293,2971,3,40.6622034868599
B,TNFRSF13C,115650,2679,3,36.665783622113
B,STX1B,112755,4244,3,58.0849517328285
B,TIGD3,220359,4012,3,54.9097140320707
B,CDPF1,150383,2897,3,39.6494121512734
B,LDOC1,23641,3809,3,52.1313810439076
B,CUL9,23113,900,3,12.3177324598364
B,POGK,57645,8072,3,110.476373795333
B,NFKBIE,4794,4530,3,61.9992533811765
B,FERMT2,10979,2265,3,30.9996266905883
B,TMEM150C,441027,3952,3,54.0885318680816
B,OBSL1,23363,6146,3,84.1164263312827
B,SOX8,30812,1552,3,21.2412453085179
B,GLMN,11146,7895,3,108.053886411565
B,MCOLN1,57192,3827,3,52.3777356931043
B,PLK1,5347,4046,3,55.3750505916645
B,PDGFC,56034,4206,3,57.5648696956354
B,GLUL,2752,6416,3,87.8117460692337
B,L3HYPDH,112849,4851,3,66.3925779585182
B,MRI1,84245,3646,3,49.9005028317372
B,SNX6,58533,2018,3,27.6190934488332
B,CPTP,80772,5004,3,68.4865924766903
B,OSMR,9180,2556,3,34.9823601859354
B,LRP8,7804,3188,3,43.6321456466205
B,ANKRD46,157567,5604,3,76.6984141165813
B,CASD1,64921,2547,3,34.859182861337
B,DDX19A,55308,2847,3,38.9650936812825
B,FAT2,2196,5626,3,76.9995142433773
B,PPP2R5D,5528,1549,3,21.2001862003184
B,GLG1,2734,3604,3,49.3256753169448
B,HINT2,84681,4370,3,59.8094342772056
B,SGK3,23678,3163,3,43.289986411625
B,SNX32,254122,8447,3,115.608762320264
B,C12orf45,121053,2913,3,39.8683940616705
B,SCGB1A1,7356,7272,3,99.527278275478
B,ZNF517,340385,3914,3,53.5684498308885
B,JRKL,8690,7301,3,99.9241829880728
B,TFRC,7037,4085,3,55.9088189982574
B,GPR32,2854,5589,3,76.493118575584
B,UNG,7374,5048,3,69.0887927302823
B,ADAMTS19,171019,2015,3,27.5780343406337
B,ZNF160,90338,5713,3,78.1902283811615
B,RNLS,55328,953,3,13.0431100380268
B,ZNF480,147657,3237,3,44.3027777472116
B,KIF22,3835,2874,3,39.3346256550776
B,PARP3,10039,3505,3,47.9707247463628
B,POLR2J2,246721,4286,3,58.6597792476209
B,CLEC4G,339390,5616,3,76.8626505493791
B,PPWD1,23398,3124,3,42.7562180050321
B,DNAH9,1770,1262,3,17.2721981825706
B,SUGCT,79783,2877,3,39.375684763277
B,CRTAP,10491,2812,3,38.4860707522888
B,GTF2IRD2B,389524,487,3,6.66526189771147
B,LSR,51599,1446,3,19.7904901521371
B,SMG5,23381,1869,3,25.5798244082602
B,TTBK2,146057,2260,3,30.9311948435892
B,HIBCH,26275,5877,3,80.4347929627316
B,SUCLG1,8802,3966,3,54.280141039679
B,EPDR1,54749,5295,3,72.4693259720374
B,ADIPOR2,79602,3200,3,43.7963820794183
B,ZNF286A,57335,5171,3,70.77221616646
B,LOC100129721,100129721,2926,3,40.0463168638681
B,FAM156A,29057,3513,3,48.0802157015614
B,ZNF613,79898,6465,3,88.4823781698247
B,C14orf119,55017,6214,3,85.0470994504704
B,MICU2,221154,2334,3,31.9439861791757
B,DYDC2,84332,1042,3,14.2611969146106
B,RPS15,6209,5586,3,76.4520594673845
B,DHDH,27294,3041,3,41.6202493448472
B,HEATR4,399671,2651,3,36.2825652789181
B,ABT1,29777,2630,3,35.9951515215219
B,LARP4,113251,6279,3,85.9367134614586
B,CYP2R1,120227,3755,3,51.3923170963174
B,HIST1H1D,3007,5896,3,80.6948339813282
B,MREG,55686,1395,3,19.0924853127464
B,SH3RF3,344558,527,3,7.2127166737042
B,MPDZ,8777,652,3,8.92351284868147
B,OR2AE1,81392,5117,3,70.0331522188698
B,LCN15,389812,4684,3,64.1069542687485
B,PDAP1,11333,4666,3,63.8605996195518
B,SEC11C,90701,4372,3,59.8368070160052
B,ANKS1A,23294,3488,3,47.7380564665659
B,FAM184B,27146,1302,3,17.8196529585633
B,ZBED8,63920,3550,3,48.5866113693547
B,CENPM,79019,2854,3,39.0608982670812
B,KCNIP4,80333,2294,3,31.396531403183
B,KCNA7,3743,792,3,10.839604564656
B,CCNJL,79616,1710,3,23.4036916736891
B,AHI1,54806,2683,3,36.7205290997123
B,TBL1XR1,79718,907,3,12.4135370456351
B,RIF1,55183,3049,3,41.7297403000457
B,TOMM70,9868,4077,3,55.7993280430589
B,ZFYVE28,57732,2848,3,38.9787800506823
B,ATP6V0A4,50617,4258,3,58.276560904426
B,AGL,178,2534,3,34.6812600591394
B,WDR59,79726,2994,3,40.9769899830557
B,C14orf80,283643,2139,3,29.2751441462112
B,DNASE1,1773,3876,3,53.0483677936954
B,ADI1,55256,5143,3,70.3889978232651
B,GATC,283459,4705,3,64.3943680261447
B,SMIM12,113444,6542,3,89.5362286136107
B,LTBP3,4054,2312,3,31.6428860523797
B,SNX29,92017,1733,3,23.718478169885
B,GUCY2F,2986,5180,3,70.8953934910583
B,S1PR2,9294,3233,3,44.2480322696123
B,TFCP2L1,29842,1808,3,24.7449558748713
B,BMT2,154743,4381,3,59.9599843406036
B,INPP5E,56623,3652,3,49.9826210481361
B,ISCA2,122961,3437,3,47.0400516271752
B,PPP6R1,22870,3274,3,44.8091734150048
B,VSIR,64115,4337,3,59.3577840870116
B,IQSEC3,440073,4942,3,67.6380375739016
B,ARHGAP25,9938,5527,3,75.6445636727953
B,MICU3,286097,7356,3,100.676933305063
B,AAMDC,28971,2907,3,39.7862758452716
B,TBL2,26608,6002,3,82.1455891377089
B,NDUFA2,4695,6107,3,83.5826579246898
B,MNS1,55329,5317,3,72.7704260988334
B,SPSB1,80176,4837,3,66.2009687869207
B,CCDC28A,25901,5755,3,78.7650558959538
B,UBA52,7311,3433,3,46.9853061495759
B,FST,10468,2171,3,29.7131079670053
B,STEAP3,55240,2541,3,34.7770646449381
B,LINGO3,645191,2159,3,29.5488715342075
B,DAPK3,1613,2816,3,38.5408162298881
B,TMEM154,201799,4046,3,55.3750505916645
B,CLPSL2,389383,1922,3,26.3052019864506
B,TMCO4,255104,1934,3,26.4694384192484
B,MAFB,9935,5490,3,75.138168005002
B,SNRNP27,11017,2433,3,33.2989367497577
B,PCGF2,7703,1677,3,22.9520414834951
B,LRRC8B,23507,2702,3,36.9805701183088
B,NAV2,89797,1648,3,22.5551367709004
B,KCTD16,57528,2324,3,31.8071224851775
B,RFLNA,144347,1589,3,21.7476409763111
B,SCMH1,22955,1581,3,21.6381500211126
B,UBAP2L,9898,3057,3,41.8392312552443
B,URI1,8725,1998,3,27.3453660608368
B,SCX,642658,2490,3,34.0790598055473
B,MARCKSL1,65108,2317,3,31.7113178993788
B,HAUS1,115106,4133,3,56.5657647294487
B,CD83,9308,4735,3,64.8049591081392
B,SMYD3,64754,2272,3,31.095431276387
B,TUBA3C,7278,3751,3,51.3375716187181
B,PID1,55022,3253,3,44.5217596576086
B,DNAJC3,5611,2671,3,36.5562926669144
B,RHOC,389,2288,3,31.3144131867841
B,HSF4,3299,2128,3,29.1245940828132
B,NOLC1,9221,5709,3,78.1354829035622
B,RPL13,6137,3955,3,54.129590976281
B,C14orf79,122616,2583,3,35.3518921597304
B,DERL2,51009,3943,3,53.9653545434832
B,COA6,388753,2086,3,28.5497665680208
B,SPTSSB,165679,3922,3,53.677940786087
B,KIF5C,3800,3449,3,47.204288059973
B,SSTR4,6754,2546,3,34.8454964919372
B,LRWD1,222229,1489,3,20.3790040363293
B,ZFP1,162239,1813,3,24.8133877218704
B,GRM6,2916,4520,3,61.8623896871783
B,ADAM9,8754,4234,3,57.9480880388303
B,ATL1,51062,1101,3,15.0686927091999
B,FBXO9,26268,4557,3,62.3687853549716
B,EYA2,2139,1443,3,19.7494310439377
B,TMEM52,339456,2458,3,33.6410959847532
B,TMED2,10959,3589,3,49.1203797759476
B,OTOP3,347741,2649,3,36.2551925401184
B,MEST,4232,2833,3,38.773484509685
B,PRKAG3,53632,3896,3,53.3220951816918
B,GLIS3,169792,2171,3,29.7131079670053
B,ZNF185,7739,4152,3,56.8258057480452
B,GSPT2,23708,4789,3,65.5440230557294
B,WDR62,284403,3573,3,48.9013978655505
B,ZNF503,84858,2055,3,28.1254891166264
B,IL10RA,3587,3954,3,54.1159046068812
B,GATA6,2627,2410,3,32.9841502535619
B,TMEM41A,90407,3381,3,46.2736149407854
B,KLK13,26085,5495,3,75.2065998520011
B,CSTF2T,23283,5505,3,75.3434635459993
B,ZCCHC9,84240,2617,3,35.8172287193243
B,KIAA2022,340533,4424,3,60.5484982247958
B,ECSCR,641700,4910,3,67.2000737531074
B,CAB39L,81617,5002,3,68.4592197378907
B,KRTAP10-9,386676,4498,3,61.5612895603823
B,FAM114A2,10827,4926,3,67.4190556635045
B,SGSM1,129049,3517,3,48.1349611791607
B,PEX13,5194,3461,3,47.3685244927708
B,RFX1,5989,2985,3,40.8538126584574
B,DUSP2,1844,2430,3,33.2578776415583
B,TDRD6,221400,2256,3,30.8764493659899
B,GRIK4,2900,2059,3,28.1802345942257
B,DYNLL1,8655,4351,3,59.5493932586091
B,PUM1,9698,5818,3,79.6272971681424
B,PTPN13,5783,3964,3,54.2527683008794
B,AZU1,566,5065,3,69.3214610100793
B,IGFBP2,3485,3609,3,49.3941071639439
B,IMPA2,3613,3238,3,44.3164641166114
B,NANP,140838,1602,3,21.9255637785088
B,ESPN,83715,3263,3,44.6586233516068
B,CHMP2B,25978,1463,3,20.023158431934
B,ZNF624,57547,6332,3,86.6620910396489
B,LRRCC1,85444,2616,3,35.8035423499244
B,RPP38,10557,3179,3,43.5089683220221
B,EP300,2033,8938,3,122.328769695575
B,B3GALT6,126792,3281,3,44.9049780008036
B,ABCD4,5826,3249,3,44.4670141800094
B,UBL4A,8266,3566,3,48.8055932797518
B,MAP4K2,5871,2363,3,32.3408908917704
B,EDF1,8721,1635,3,22.3772139687028
B,ZNF839,55778,2552,3,34.9276147083361
B,ATP6V1G1,9550,4399,3,60.2063389898003
B,TKTL1,8277,3749,3,51.3101988799185
B,RGS17,26575,4405,3,60.2884572061992
B,CASS4,57091,5356,3,73.3041945054264
B,LRRIQ3,127255,4483,3,61.3559940193851
B,GAGE2E,26749,1063,1,14.5486106720068
B,ACBD4,79777,1913,3,26.1820246618522
B,ATE1,11101,2382,3,32.600931910367
B,LRFN1,57622,5250,3,71.8534393490456
B,PCDH1,5097,3013,3,41.2370310016523
B,ZNF512B,57473,1435,3,19.6399400887391
B,MEF2B,100271849,4322,3,59.1524885460143
B,MRM2,29960,3332,3,45.6029828401943
B,PMM1,5372,2227,3,30.4795446533952
B,GBA2,57704,5006,3,68.51396521549
B,TMEM126A,84233,5321,3,72.8251715764327
B,KY,339855,6711,3,91.84922504218
B,WDR3,10885,5221,3,71.4565346364509
B,AAR2,25980,3676,3,50.3110939137318
B,MALSU1,115416,1497,3,20.4884949915279
B,VPS13D,55187,2152,3,29.4530669484088
B,CAPN2,824,2154,3,29.4804396872084
B,TRNP1,388610,2568,3,35.1465966187332
B,UGT8,7368,3114,3,42.6193543110339
B,FRRS1L,23732,1442,3,19.7357446745379
B,RHOF,54509,2974,3,40.7032625950594
B,GPX1,2876,3984,3,54.5264956888758
B,TMTC4,84899,2511,3,34.3664735629435
B,IGSF6,10261,2203,3,30.1510717877995
B,FAM84A,151354,1421,3,19.4483309171417
B,SFRP1,6422,2485,3,34.0106279585483
B,NES,10763,3177,3,43.4815955832225
B,MRRF,92399,3503,3,47.9433520075632
B,TIGD4,201798,5636,3,77.1363779373754
B,NDE1,54820,2807,3,38.4176389052897
B,GNE,10020,2506,3,34.2980417159444
B,LY75,4065,921,3,12.6051462172326
B,FDX1,2230,951,3,13.0157372992271
B,C6orf132,647024,4267,3,58.3997382290243
B,C1QL4,338761,3319,3,45.4250600379967
B,MFAP3L,9848,1419,3,19.420958178342
B,SUN1,23353,2714,3,37.1448065511066
B,MAPK12,6300,2767,3,37.870184129297
B,TESK1,7016,3776,3,51.6797308537136
B,SMARCD1,6602,3046,3,41.6886811918463
B,FGF22,27006,3315,3,45.3703145603974
B,FAM26F,441168,2571,3,35.1876557269326
B,SSH1,54434,6115,3,83.6921488798884
B,RCN2,5955,3945,3,53.9927272822829
B,GGA2,23062,4616,3,63.1762811495609
B,KCNA2,3737,2041,3,27.933879945029
B,SMCO4,56935,3913,3,53.5547634614887
B,PARP8,79668,3603,3,49.311988947545
B,NOTCH3,4854,3206,3,43.8785002958172
B,LY6H,4062,1514,3,20.7211632713248
B,TMEM110,375346,3753,3,51.3649443575178
B,GRIN1,2902,2106,3,28.8234939560172
B,GPR161,23432,2821,3,38.6092480768872
B,PPP2R5E,5529,4621,3,63.24471299656
B,TGFA,7039,1713,3,23.4447507818886
B,TCTE3,6991,1691,3,23.1436506550926
B,SCGB3A1,92304,1769,3,24.2111874682784
B,NUCB1,4924,2716,3,37.1721792899063
B,FOXK1,221937,1494,3,20.4474358833284
B,EGFL6,25975,2192,3,30.0005217244015
B,CPXM1,56265,1820,3,24.9091923076692
B,MRPL48,51642,5239,3,71.7028892856476
B,ESAM,90952,1686,3,23.0752188080935
B,CASR,846,3320,3,45.4387464073965
B,ZFAND6,54469,3242,3,44.3712095942106
B,USP1,7398,4200,3,57.4827514792365
B,DERL1,79139,2237,3,30.6164083473933
B,RRM2B,50484,1859,3,25.4429607142621
B,CHMP1B,57132,2664,3,36.4604880811157
B,RPS6KA5,9252,4443,3,60.8085392433923
B,ZNF558,148156,1678,3,22.965727852895
B,TRIAP1,51499,3201,3,43.8100684488181
B,PREX2,80243,1923,3,26.3188883558504
B,ANXA5,308,2057,3,28.1528618554261
B,LIMK1,3984,1711,3,23.417378043089
B,FNBP1,23048,1682,3,23.0204733304942
B,GJB2,2706,2616,3,35.8035423499244
B,E2F7,144455,1143,3,15.6435202239922
B,USO1,8615,3425,3,46.8758151943774
B,CLASP2,23122,5261,3,72.0039894124436
B,PAK1IP1,55003,3371,3,46.1367512467872
B,PTPN21,11099,1781,3,24.3754239010762
B,TSEN15,116461,1475,3,20.1873948647319
B,JPT2,90861,5181,3,70.9090798604582
B,PLCL1,5334,3345,3,45.7809056423919
B,CORO2A,7464,3277,3,44.8502325232043
B,TGFBR1,7046,3502,3,47.9296656381634
B,P2RX5,5026,3845,3,52.624090342301
B,GIT1,28964,2113,3,28.9192985418159
B,C2CD4C,126567,2931,3,40.1147487108672
B,STK39,27347,2460,3,33.6684687235528
B,SGPL1,8879,4347,3,59.4946477810098
B,DCLRE1C,64421,3654,3,50.0099937869357
B,STAM,8027,1660,3,22.7193732036982
B,TRAF3IP1,26146,2414,3,33.0388957311612
B,TMEM63A,9725,2632,3,36.0225242603215
B,GET4,51608,2590,3,35.4476967455292
B,GNB2,2783,1693,3,23.1710233938922
B,ZMYND19,116225,1380,3,18.8871897717491
B,SFRP5,6425,2917,3,39.9231395392697
B,PODXL,5420,4439,3,60.753793765793
B,ROGDI,79641,5267,3,72.0861076288425
B,MCL1,4170,3090,3,42.2908814454383
B,EEA1,8411,2509,3,34.3391008241439
B,MSX1,4487,4102,3,56.1414872780543
B,DPF1,8193,1745,3,23.8827146026828
B,HS3ST4,9951,2145,3,29.3572623626101
B,GLRX2,51022,1174,3,16.0677976753866
B,NME3,4832,3427,3,46.903187933177
B,ICAM5,7087,1632,3,22.3361548605033
B,SCAI,286205,538,3,7.3632667371022
B,RGS6,9628,2411,3,32.9978366229617
B,PPP1R14C,81706,4072,3,55.7308961960598
B,FAM76B,143684,4334,3,59.3167249788121
B,HS6ST3,266722,4549,3,62.2592943997731
B,FUBP3,8939,1812,3,24.7997013524706
B,YY1AP1,55249,4008,3,54.8549685544714
B,SNX3,8724,2366,3,32.3819499999699
B,SLC15A4,121260,2207,3,30.2058172653988
B,ISOC1,51015,3292,3,45.0555280642016
B,MEIS3,56917,2043,3,27.9612526838286
B,RASSF8,11228,1163,3,15.9172476119886
B,GRASP,160622,3437,3,47.0400516271752
B,JPT1,51155,4958,3,67.8570194842987
B,RPP25,54913,2325,3,31.8208088545773
B,N4BP3,23138,2330,3,31.8892407015764
B,DYRK1B,9149,2579,3,35.2971466821312
B,CD1D,912,4073,3,55.7445825654596
B,RANBP6,26953,5288,3,72.3735213862387
B,SNX30,401548,2019,3,27.632779818233
B,ZNF583,147949,3527,3,48.2718248731588
B,NIPSNAP2,2631,1897,3,25.9630427514552
B,ZBTB44,29068,385,3,5.26925221893001
B,DIS3L2,129563,3508,3,48.0117838545623
B,USP43,124739,1873,3,25.6345698858595
B,GREB1L,80000,2596,3,35.5298149619281
B,ZNF518B,85460,1798,3,24.6080921808731
B,OTOP2,92736,2436,3,33.3399958579572
B,KTI12,112970,4185,3,57.2774559382392
B,MAP4,4134,5067,3,69.3488337488789
B,CHMP1A,5119,5505,3,75.3434635459993
B,EIF3F,8665,3803,3,52.0492628275087
B,PIGT,51604,2337,3,31.9850452873752
B,PCSK2,5126,5106,3,69.8826021554718
B,IRAK1,3654,1164,3,15.9309339813884
B,EMC8,10328,3747,3,51.2828261411188
B,USF2,7392,2096,3,28.686630262019
B,ZNF174,7727,3520,3,48.1760202873601
B,TBX2,6909,1409,3,19.2840944843439
B,LURAP1,541468,2598,3,35.5571877007277
B,ASCL5,647219,399,3,5.46086139052747
B,FNDC10,643988,1286,3,17.6006710481662
B,MED19,219541,6294,3,86.1420090024558
B,RBM15B,29890,3684,3,50.4205848689303
B,RBM38,55544,1863,3,25.4977061918613
B,PRTG,283659,3507,3,47.9980974851625
B,PCCA,5095,1653,3,22.6235686178995
B,GBX2,2637,2645,3,36.2004470625192
B,TUBGCP2,10844,1750,3,23.9511464496819
B,AARSD1,80755,3733,3,51.0912169695214
B,RAB3IP,117177,3743,3,51.2280806635196
B,SLC1A1,6505,2753,3,37.6785749576995
B,SPATA31C2,645961,2926,2,40.0463168638681
B,SRRM3,222183,4933,3,67.5148602493032
B,TMEM187,8269,2886,3,39.4988620878754
B,ANAPC13,25847,2142,3,29.3162032544106
B,HCFC2,29915,2506,3,34.2980417159444
B,PRR7,80758,1840,3,25.1829196956655
B,GTDC1,79712,868,3,11.8797686390422
B,CRIM1,51232,1319,3,18.0523212383602
B,YJEFN3,374887,3505,3,47.9707247463628
B,TMEM175,84286,3861,3,52.8430722526981
B,B4GALT4,8702,2136,3,29.2340850380117
B,KIF21B,23046,1583,3,21.6655227599122
B,HNRNPR,10236,2928,3,40.0736896026677
B,MAU2,23383,3797,3,51.9671446111098
B,FAM53C,51307,3913,3,53.5547634614887
B,PANK3,79646,3115,3,42.6330406804337
B,HMGN2,3151,4785,3,65.4892775781302
B,LGALS8,3964,3599,3,49.2572434699458
B,CDHR1,92211,5879,3,80.4621657015313
B,SLC1A2,6506,2549,3,34.8865556001366
B,PPFIA1,8500,1801,3,24.6491512890726
B,TDRD10,126668,4267,3,58.3997382290243
B,PLEKHO2,80301,3060,3,41.8802903634437
B,PPCDC,60490,2840,3,38.8692890954837
B,SEMA6A,57556,3261,3,44.6312506128072
B,DUS4L,11062,3418,3,46.7800106085787
B,SMC5,23137,3383,3,46.300987679585
B,ACSF2,80221,4202,3,57.5101242180361
B,QKI,9444,964,3,13.1936601014248
B,LZTS2,84445,1568,3,21.460227218915
B,PRDM16,63976,5611,3,76.79421870238
B,PLIN2,123,3841,3,52.5693448647018
B,COL4A2,1284,2267,3,31.0269994293879
B,MOGAT2,80168,4665,3,63.846913250152
B,TPD52L1,7164,2854,3,39.0608982670812
B,NDFIP2,54602,3736,3,51.1322760777209
B,CHD4,1108,3637,3,49.7773255071388
B,LUC7L,55692,3788,3,51.8439672865114
B,CYB5R3,1727,2654,3,36.3236243871175
B,SETD1A,9739,4234,3,57.9480880388303
B,SMPD3,55512,1972,3,26.9895204564415
B,TTPAL,79183,4432,3,60.6579891799943
B,PITPNA,5306,2993,3,40.9633036136559
B,CCDC149,91050,995,3,13.6179375528191
B,EHD2,30846,2665,3,36.4741744505155
B,KDM1B,221656,3300,3,45.1650190194001
B,CALCB,797,1883,3,25.7714335798577
B,CNR1,1268,1392,3,19.051426204547
B,ITSN1,6453,6217,3,85.0881585586698
B,ABHD17B,51104,3533,3,48.3539430895578
B,MRPS21,54460,8652,3,118.414468047227
B,ELP4,26610,6036,3,82.6109256973027
B,CREBBP,1387,3546,3,48.5318658917554
B,SNX8,29886,2104,3,28.7961212172175
B,B3GALNT1,8706,2749,3,37.6238294801003
B,C1orf87,127795,2827,3,38.6913662932861
B,MAP3K4,4216,1121,3,15.3424200971962
B,ZNF611,81856,3948,3,54.0337863904823
B,ZNF813,126017,3389,3,46.3831058959839
B,ACADSB,36,2146,3,29.3709487320099
B,POLE4,56655,2693,3,36.8573927937105
B,INPP5A,3632,3337,3,45.6714146871934
B,DLK1,8788,6174,3,84.4996446744776
B,HERC5,51191,886,3,12.1261232882389
B,SH3BGRL3,83442,2515,3,34.4212190405428
B,ABCC6,368,3450,3,47.2179744293728
B,ZNF568,374900,4878,3,66.7621099323132
B,AJUBA,84962,1702,3,23.2942007184906
B,GNPNAT1,64841,3540,3,48.4497476753565
B,BHLHA9,727857,7799,3,106.739994949182
B,ELOA,6924,3798,3,51.9808309805096
B,G6PC3,92579,4581,3,62.6972582205672
B,PATL2,197135,2753,3,37.6785749576995
B,DESI1,27351,1973,3,27.0032068258413
B,NDRG3,57446,930,3,12.7283235418309
B,DAZ1,1617,4224,3,57.8112243448321
B,SMYD2,56950,2333,3,31.9302998097759
B,CAPN7,23473,2285,3,31.2733540785846
B,FAM69C,125704,929,3,12.7146371724311
B,RAPGEF1,2889,1962,3,26.8526567624433
B,DOCK7,85440,1316,3,18.0112621301608
B,CPED1,79974,2765,3,37.8428113904974
B,CBX7,23492,2996,3,41.0043627218554
B,SLC20A2,6575,3107,3,42.5235497252352
B,MAZ,4150,1708,3,23.3763189348895
B,MAN1A1,4121,2883,3,39.4578029796759
B,CD276,80381,4418,3,60.4663800083969
B,GPRC5B,51704,3995,3,54.6770457522738
B,BRD7,29117,3438,3,47.053737996575
B,TWIST2,117581,2173,3,29.740480705805
B,PAFAH1B2,5049,4589,3,62.8067491757658
B,TMEM144,55314,3715,3,50.8448623203247
B,WDR60,55112,3125,3,42.7699043744319
B,ADNP2,22850,4290,3,58.7145247252201
B,GLCCI1,113263,2526,3,34.5717691039408
B,NXPH4,11247,3581,3,49.010888820749
B,PTPRT,11122,2408,3,32.9567775147623
B,DUSP26,78986,5418,3,74.1527494082151
B,PRICKLE3,4007,2822,3,38.622934446287
B,AMPH,273,4209,3,57.6059288038349
B,ANKRD6,22881,1014,3,13.8779785714157
B,HDGF,3068,1839,3,25.1692333262657
B,GNAZ,2781,3790,3,51.871340025311
B,ANKRD18A,253650,3758,3,51.4333762045169
B,CD200,4345,3501,3,47.9159792687636
B,RFLNA,100533183,329,3,4.50281553254019
B,DAP,1611,2720,3,37.2269247675055
B,SLC26A5,375611,4696,3,64.2711907015463
B,NIT2,56954,1975,3,27.030579564641
B,TIAM2,26230,3178,3,43.4952819526223
B,RAD54L,8438,4222,3,57.7838516060325
B,GPHN,10243,2603,3,35.6256195477268
B,PCNT,5116,1755,3,24.019578296681
B,ZNF746,155061,2236,3,30.6027219779935
B,USP44,84101,2492,3,34.106432544347
B,CISD1,55847,2506,3,34.2980417159444
B,TMTC1,83857,3007,3,41.1549127852534
B,GDF6,392255,1754,3,24.0058919272811
B,ACTR3B,57180,738,3,10.1005406170658
B,KRI1,65095,2732,3,37.3911612003034
B,PRPF4,9128,1184,3,16.2046613693848
B,LMO1,4004,2465,3,33.7369005705519
B,PLXDC2,84898,4113,3,56.2920373414523
B,SRP72,6731,1822,3,24.9365650464688
B,MFHAS1,9258,2382,3,32.600931910367
B,SLC12A2,6558,1700,3,23.266827979691
B,ATXN7L3,56970,3060,3,41.8802903634437
B,NUDC,10726,4958,3,67.8570194842987
B,GTF2F2,2963,3021,3,41.3465219568508
B,CRTC1,23373,4228,3,57.8659698224314
B,RGL1,23179,2386,3,32.6556773879663
B,CMTM7,112616,1487,3,20.3516312975297
B,PELO,53918,2510,3,34.3527871935437
B,CDR2L,30850,1898,3,25.976729120855
B,HACD4,401494,3258,3,44.5901915046077
B,KBTBD2,25948,3980,3,54.4717502112765
B,INO80C,125476,4211,3,57.6333015426345
B,SAPCD2,89958,3462,3,47.3822108621707
B,KIAA1462,57608,521,3,7.13059845730529
B,LRRC40,55631,2647,3,36.2278198013188
B,GFRA3,2676,3956,3,54.1432773456809
B,FAM13B,51306,8381,3,114.705461939876
B,NCBP1,4686,3194,3,43.7142638630194
B,RCC1L,81554,3125,3,42.7699043744319
B,BMP2K,55589,1907,3,26.0999064454533
B,AOX1,316,3210,3,43.9332457734165
B,ARAP2,116984,2692,3,36.8437064243106
B,C5orf38,153571,1588,3,21.7339546069113
B,MRPL21,219927,2041,3,27.933879945029
B,PLEK2,26499,2464,3,33.7232142011521
B,WEE1,7465,2906,3,39.7725894758717
B,HNRNPM,4670,3933,3,53.828490849485
B,TBC1D19,55296,2691,3,36.8300200549108
B,HAS3,3038,2659,3,36.3920562341166
B,DUSP14,11072,1378,3,18.8598170329495
B,CYC1,1537,4914,3,67.2548192307067
B,RFT1,91869,4978,3,68.1307468722951
B,TMEM56,148534,2488,3,34.0516870667477
B,DAPK1,1612,4285,3,58.6460928782211
B,GAA,2548,2551,3,34.9139283389363
B,GRHL2,79977,4076,3,55.785641673659
B,HSD11B2,3291,3504,3,47.957038376963
B,TOP2B,7155,4876,3,66.7347371935136
B,BMP7,655,5384,3,73.6874128486213
B,HPF1,54969,1900,3,26.0041018596546
B,STT3A,3703,3163,3,43.289986411625
B,PLEKHD1,400224,2504,3,34.2706689771448
B,CAD,790,2455,3,33.6000368765537
B,LAGE3,8270,2785,3,38.1165387784937
B,CASK,8573,3511,3,48.0528429627618
B,CYHR1,50626,2641,3,36.1457015849199
B,SCTR,6344,3187,3,43.6184592772206
B,ORAI2,80228,1886,3,25.8124926880572
B,PEX5,5830,1887,3,25.826179057457
B,CKAP4,10970,4638,3,63.4773812763569
B,CFAP97,57587,2744,3,37.5553976331012
B,ERCC6,2074,1101,3,15.0686927091999
B,MRPS2,51116,2553,3,34.9413010777359
B,DGCR6L,85359,2479,3,33.9285097421493
B,RAC3,5881,1366,3,18.6955806001517
B,STAM2,10254,1749,3,23.9374600802821
B,PBRM1,55193,2651,3,36.2825652789181
B,PARN,5073,3720,3,50.9132941673238
B,MTMR4,9110,4001,3,54.7591639686727
B,CS,1431,2263,3,30.9722539517886
B,ZNF45,7596,2307,3,31.5744542053806
B,ZBTB7B,51043,2349,3,32.149281720173
B,SF3A2,8175,3917,3,53.6095089390879
B,DDX55,57696,2470,3,33.805332417551
B,UBN2,254048,3322,3,45.4661191461961
B,HES4,57801,3850,3,52.6925221893001
B,FBXO46,23403,4946,3,67.6927830515009
B,KIAA1147,57189,867,3,11.8660822696424
B,GMCL1,64395,4599,3,62.943612869764
B,MOB3B,79817,1518,3,20.775908748924
B,CYB561,1534,4002,3,54.7728503380725
B,COL4A1,1282,1685,3,23.0615324386937
B,ZSCAN1,284312,541,3,7.40432584530165
B,KIAA1257,57501,2906,3,39.7725894758717
B,RCN1,5954,4265,3,58.3723654902247
B,HRK,8739,2317,3,31.7113178993788
B,YARS,8565,2376,3,32.5188136939681
B,TRIOBP,11078,1539,3,21.0633225063202
B,MAN1A2,10905,2511,3,34.3664735629435
B,SEMA5A,9037,1651,3,22.5961958790999
B,DAPK2,23604,2152,3,29.4530669484088
B,SH3BGR,6450,3132,3,42.8657089602306
B,MANF,7873,3991,3,54.6223002746745
B,DSTN,11034,2571,3,35.1876557269326
B,OR2L13,284521,4030,3,55.1560686812674
B,GDF1,2657,3760,3,51.4607489433165
B,MYO10,4651,4336,3,59.3440977176118
B,KCNH2,3757,1855,3,25.3882152366628
B,BTG2,7832,4972,3,68.0486286558962
B,PRRT4,401399,3635,3,49.7499527683392
B,CLDN10,9071,3702,3,50.666939518127
B,DNAH11,8701,3194,3,43.7142638630194
B,SMS,6611,4258,3,58.276560904426
B,RARS,5917,1760,3,24.0880101436801
B,RCC2,55920,6024,3,82.4466892645049
B,VTI1A,143187,4649,3,63.6279313397549
B,FAM83B,222584,2088,3,28.5771393068204
B,SMIM10,644538,6352,3,86.9358184276453
B,RMDN2,151393,2017,3,27.6054070794333
B,BRD1,23774,2364,3,32.3545772611703
B,SORD,6652,3157,3,43.2078681952261
B,GPR108,56927,1235,3,16.9026662087755
B,PARPBP,55010,2599,3,35.5708740701275
B,ADGRV1,84059,7463,3,102.141374830843
B,DOCK5,80005,1674,3,22.9109823752957
B,FOXD3,27022,3433,3,46.9853061495759
B,TRIM3,10612,2489,3,34.0653734361475
B,ADAMTS8,11095,2312,3,31.6428860523797
B,ANHX,647589,5640,3,77.1911234149747
B,DNAJB1,3337,3972,3,54.3622592560779
B,CD24,100133941,2590,3,35.4476967455292
B,NME4,4833,3631,3,49.6952072907399
B,ABCC8,6833,5038,3,68.9519290362842
B,NPHP3,27031,2355,3,32.2313999365719
B,SPATA18,132671,2321,3,31.7660633769781
B,RIPPLY3,53820,3058,3,41.8529176246441
B,ROPN1L,83853,5459,3,74.7138905536076
B,CUL4A,8451,1545,3,21.1454407227191
B,C17orf62,79415,4085,3,55.9088189982574
B,GLIPR2,152007,2486,3,34.0243143279481
B,IFFO2,126917,3695,3,50.5711349323283
B,KMT2B,9757,1467,3,20.0779039095333
B,BMPR1B,658,1520,3,20.8032814877237
B,ANKRD10,55608,2094,3,28.6592575232193
B,SCAF1,58506,3142,3,43.0025726542288
B,PHF10,55274,3259,3,44.6038778740076
B,PPP1R14B,26472,3952,3,54.0885318680816
B,TBXA2R,6915,1652,3,22.6098822484997
B,KLHL29,114818,1187,3,16.2457204775842
B,TMEM42,131616,1279,3,17.5048664623675
B,CDC42,998,2033,3,27.8243889898304
B,MAPK6,5597,4755,3,65.0786864961356
B,EIF2AK2,5610,1841,3,25.1966060650653
B,EFNA1,1942,2501,3,34.2296098689454
B,SESTD1,91404,1977,3,27.0579523034406
B,DNAJC5,80331,2221,3,30.3974264369963
B,ETNK1,55500,4355,3,59.6041387362083
B,PDE8B,8622,2785,3,38.1165387784937
B,KLHL24,54800,1985,3,27.1674432586392
B,ANKRD24,170961,2785,3,38.1165387784937
B,DGKA,1606,2709,3,37.0763747041075
B,ZBTB2,57621,1124,3,15.3834792053957
B,EVX1,2128,1275,3,17.4501209847682
B,ASAP3,55616,3707,3,50.7353713651261
B,SOGA1,140710,3008,3,41.1685991546532
B,FZD5,7855,3904,3,53.4315861368903
B,EIF2B4,8890,3332,3,45.6029828401943
B,NMU,10874,2581,3,35.3245194209308
B,QSER1,79832,4106,3,56.1962327556536
B,PTOV1,53635,2724,3,37.2816702451048
B,WTIP,126374,1627,3,22.2677230135042
B,CDC42EP1,11135,1431,3,19.5851946111399
B,PARK7,11315,2657,3,36.364683495317
B,MDFIC,29969,3853,3,52.7335812974996
B,GCOM1,145781,441,3,6.03568890531983
B,CD58,965,4087,3,55.936191737057
B,RPS20,6224,3640,3,49.8183846153383
B,BCL7B,9275,1151,3,15.7530111791908
B,UNC5A,90249,4516,3,61.8076442095791
B,CA8,767,2948,3,40.3474169906641
B,SUSD6,9766,5994,3,82.0360981825104
B,STX10,8677,3243,3,44.3848959636105
B,ZNF460,10794,4266,3,58.3860518596245
B,GTSE1,51512,2238,3,30.6300947167932
B,FOXRED2,80020,2348,3,32.1355953507732
B,RAC2,5880,2941,3,40.2516124048654
B,JPH4,84502,4075,3,55.7719553042592
B,PRMT3,10196,2130,3,29.1519668216128
B,METTL24,728464,3520,3,48.1760202873601
B,LRCH3,84859,4152,3,56.8258057480452
B,ARGLU1,55082,1302,3,17.8196529585633
B,KCNMB4,27345,3876,3,53.0483677936954
B,TUBA3D,113457,4293,2,58.7555838334196
B,TUBA3E,112714,3203,3,43.8374411876177
B,AIP,9049,3649,3,49.9415619399367
B,ANXA2,302,2171,3,29.7131079670053
B,DHX30,22907,3004,3,41.1138536770539
B,NELFE,7936,1612,1,22.062427472507
B,UBE2C,11065,4263,3,58.344992751425
B,BOLA3,388962,2854,3,39.0608982670812
B,ZIC1,7545,3511,3,48.0528429627618
B,AKAP11,11215,4247,3,58.126010841028
B,CACNA1B,774,3577,3,48.9561433431498
B,ARPC5L,81873,1987,3,27.1948159974388
B,MGAT2,4247,3398,3,46.5062832205823
B,EDNRB,1910,1940,3,26.5515566356473
B,RAB3C,115827,6893,3,94.340144272947
B,LGI1,9211,4674,3,63.9700905747503
B,CBY1,25776,4769,3,65.2702956677331
B,SEC23A,10484,2234,3,30.5753492391939
B,SLC5A8,160728,5050,3,69.116165469082
B,ALKAL2,285016,2713,3,37.1311201817068
B,SIRPA,140885,997,3,13.6453102916188
B,MPI,4351,3334,3,45.6303555789939
B,GPATCH4,54865,3793,3,51.9123991335105
B,ZNRF2,223082,2289,3,31.3280995561839
B,USP15,9958,2574,3,35.2287148351321
B,TSC2,7249,3887,3,53.1989178570934
B,CEBPG,1054,3934,3,53.8421772188849
B,EIF4EBP3,8637,3415,3,46.7389515003792
B,IL17RB,55540,1822,3,24.9365650464688
B,EYA3,2140,5893,3,80.6537748731287
B,TMEM120B,144404,2133,3,29.1930259298123
B,ENAH,55740,1432,3,19.5988809805397
B,HMGXB4,10042,3207,3,43.892186665217
B,PPP2R5A,5525,3324,3,45.4934918849957
B,NMD3,51068,4551,3,62.2866671385727
B,FBXO11,80204,2343,3,32.0671635037741
B,SUMO3,6612,3517,3,48.1349611791607
B,PAFAH1B1,5048,1122,3,15.356106466596
B,KPNA6,23633,3734,3,51.1049033389212
B,NMUR1,10316,2845,3,38.9377209424828
B,MSI1,4440,2000,3,27.3727387996364
B,RRP12,23223,3549,3,48.5729249999548
B,GABRA5,2558,2053,3,28.0981163778268
B,VAV3,10451,630,3,8.62241272188548
B,METAP2,10988,2851,3,39.0198391588817
B,GABRA1,2554,3988,3,54.581241166475
B,MRPL2,51069,2620,3,35.8582878275237
B,FGFR1,2260,2506,3,34.2980417159444
B,BCOR,54880,1860,3,25.4566470836619
B,ATOH8,84913,2003,3,27.4137979078359
B,SZRD1,26099,5516,3,75.4940136093973
B,MRPS26,64949,567,3,7.76017144969693
B,FAM171A2,284069,1203,3,16.4647023879813
B,ACBD3,64746,3671,3,50.2426620667327
B,C7orf50,84310,3791,3,51.8850263947109
B,GABRR3,200959,6546,3,89.59097409121
B,HENMT1,113802,3473,3,47.5327609255687
B,EIF3L,51386,4160,3,56.9352967032438
B,NAGS,162417,4727,3,64.6954681529407
B,SEC31A,22872,3861,3,52.8430722526981
B,APCDD1,147495,2461,3,33.6821550929526
B,FBN3,84467,2590,3,35.4476967455292
B,CCDC184,387856,2388,3,32.6830501267659
B,CCNI,10983,1471,3,20.1326493871326
B,RAB35,11021,1105,3,15.1234381867991
B,IL11,3589,1974,3,27.0168931952412
B,C19orf53,28974,4298,3,58.8240156804187
B,ARMCX2,9823,4626,3,63.3131448435591
B,DTNB,1838,1446,3,19.7904901521371
B,ABLIM2,84448,3954,3,54.1159046068812
B,MAN1B1,11253,2162,3,29.589930642407
B,TPTE,7179,2035,3,27.8517617286301
B,NEK6,10783,2827,3,38.6913662932861
B,MIOS,54468,2556,3,34.9823601859354
B,BAIAP3,8938,2189,3,29.9594626162021
B,CHAMP1,283489,2669,3,36.5289199281148
B,VPS9D1,9605,3664,3,50.1468574809339
B,C1QBP,708,3896,3,53.3220951816918
B,FZD8,8325,4094,3,56.0319963228558
B,KCNE5,23630,880,3,12.04400507184
B,TAF12,6883,2498,3,34.1885507607459
B,ZNF32,7580,2475,3,33.8737642645501
B,COG3,83548,3212,3,43.9606185122161
B,ZBTB8B,728116,2922,3,39.9915713862688
B,KCTD19,146212,3625,3,49.613089074341
B,TARDBP,23435,1125,3,15.3971655747955
B,TBC1D4,9882,1197,3,16.3825841715824
B,CASC4,113201,3183,3,43.5637137996214
B,DCDC2C,728597,3237,3,44.3027777472116
B,GAS8,2622,5146,3,70.4300569314645
B,ZNF358,140467,1586,3,21.7065818681117
B,BAG1,573,3493,3,47.806488313565
B,HCN4,10021,2438,3,33.3673685967568
B,CCNJ,54619,1910,3,26.1409655536528
B,CMTM8,152189,2567,3,35.1329102493334
B,UBL7,84993,3847,3,52.6514630811007
B,GRIN3B,116444,1640,3,22.4456458157019
B,METRN,79006,1630,3,22.3087821217037
B,ZNF543,125919,2052,3,28.084430008427
B,SNRK,54861,2735,3,37.4322203085028
B,SWT1,54823,3211,3,43.9469321428163
B,AGA,175,3640,3,49.8183846153383
B,CXCR4,7852,2849,3,38.9924664200821
B,HAUS5,23354,5270,3,72.127166737042
B,RAB2A,5862,4472,3,61.205443955987
B,MRPL38,64978,2910,3,39.827334953471
B,KCNIP1,30820,1460,3,19.9820993237346
B,ANKK1,255239,1715,3,23.4721235206882
B,AGFG1,3267,2513,3,34.3938463017432
B,NRDE2,55051,6343,3,86.8126411030469
B,WWC2,80014,3031,3,41.483385650849
B,DEGS2,123099,6779,3,92.7798981613677
B,ARID5A,10865,4023,3,55.0602640954687
B,ZNF592,9640,1948,3,26.6610475908459
B,RPL10,6134,3017,3,41.2917764792515
B,FOLH1,2346,2607,3,35.6803650253261
B,BST2,684,4208,3,57.592242434435
B,DCPS,28960,5185,3,70.9638253380574
B,VSX2,338917,4169,3,57.0584740278421
B,OGG1,4968,1021,3,13.9737831572144
B,TAGLN2,8407,2411,3,32.9978366229617
B,C17orf82,388407,5502,3,75.3024044377998
B,CHD1,1105,2994,3,40.9769899830557
B,COX16,51241,3972,3,54.3622592560779
B,ARNT2,9915,2543,3,34.8044373837377
B,MERTK,10461,5227,3,71.5386528528498
B,KDM3B,51780,2643,3,36.1730743237195
B,RPL18,6141,1603,3,21.9392501479086
B,PLEK,5341,4095,3,56.0456826922556
B,C9orf78,51759,4302,3,58.878761158018
B,CLEC1B,51266,6049,3,82.7888484995004
B,POLK,51426,3682,3,50.3932121301307
B,SRPK1,6732,4141,3,56.6752556846472
B,LRRC38,126755,5374,3,73.5505491546231
B,SLC25A52,147407,3198,3,43.7690093406186
B,ADAM32,203102,4522,3,61.889762425978
B,C20orf24,55969,2641,3,36.1457015849199
B,PEX7,5191,532,3,7.28114852070329
B,C1orf21,81563,2208,3,30.2195036347986
B,SHPRH,257218,3427,3,46.903187933177
B,PNLIP,5406,5072,3,69.417265595878
B,ZNF575,284346,3457,3,47.3137790151716
B,CYB5B,80777,4659,3,63.7647950337531
B,LYPLA1,10434,2506,3,34.2980417159444
B,PREX1,57580,1364,3,18.668207861352
B,GALNTL6,442117,2774,3,37.9659887150957
B,LMAN2,10960,3494,3,47.8201746829648
B,HAUS2,55142,4113,3,56.2920373414523
B,ZNF878,729747,4896,3,67.00846458151
B,TAF13,6884,5122,3,70.1015840658689
B,PALLD,23022,5014,3,68.6234561706885
B,STXBP6,29091,3426,3,46.8895015637772
B,DBN1,1627,6052,3,82.8299076076998
B,ATP11A,23250,3620,3,49.5446572273419
B,PSMB4,5692,2793,3,38.2260297336923
B,ANO10,55129,3105,3,42.4961769864356
B,CMTR1,23070,6524,3,89.289873964414
B,C3orf70,285382,1933,3,26.4557520498486
B,CCDC183,84960,4062,3,55.5940325020616
B,BET1,10282,2912,3,39.8547076922706
B,ZNF605,100289635,1632,3,22.3361548605033
B,RBM3,5935,2048,3,28.0296845308277
B,RASSF2,9770,4811,3,65.8451231825254
B,NRG1,3084,3226,3,44.1522276838136
B,EML6,400954,1560,3,21.3507362637164
B,DIABLO,56616,3096,3,42.3729996618372
B,ABHD17C,58489,2846,3,38.9514073118826
B,SYT12,91683,3182,3,43.5500274302215
B,CDC42BPG,55561,3533,3,48.3539430895578
B,YWHAZ,7534,5111,3,69.9510340024709
B,FHL2,2274,2635,3,36.063583368521
B,FAF2,23197,4354,3,59.5904523668085
B,RALGPS1,9649,2239,3,30.643781086193
B,RAVER2,55225,6095,3,83.418421491892
B,SND1,27044,4126,3,56.4699601436499
B,AQP8,343,5208,3,71.2786118342533
B,NACAD,23148,6958,3,95.2297582839351
B,LARP6,55323,4455,3,60.9727756761901
B,RNF128,79589,3176,3,43.4679092138226
B,LPAR3,23566,6046,3,82.7477893913009
B,RIPK2,8767,2435,3,33.3263094885574
B,CCDC88A,55704,3780,3,51.7344763313129
B,MEIS2,4212,5488,3,75.1107952662024
B,PDHB,5162,2965,3,40.580085270461
B,PPP2R2D,55844,3269,3,44.7407415680057
B,PPIB,5479,3229,3,44.193286792013
B,RCBTB1,55213,4923,3,67.3779965553051
B,HOXB6,3216,3431,3,46.9579334107763
B,SLC10A3,8273,4293,3,58.7555838334196
B,CCDC50,152137,3144,3,43.0299453930285
B,ADCK5,203054,4145,3,56.7300011622465
B,ALPL,249,4733,3,64.7775863693396
B,KLHL36,79786,3530,3,48.3128839813583
B,LPIN2,9663,3460,3,47.354838123371
B,TMEM248,55069,2296,3,31.4239041419826
B,HMGN4,10473,2998,3,41.031735460655
B,MEF2A,4205,2765,3,37.8428113904974
B,BCL7C,9274,1178,3,16.1225431529859
B,LAPTM4B,55353,3665,3,50.1605438503338
B,CPNE3,8895,2534,3,34.6812600591394
B,KCTD12,115207,3533,3,48.3539430895578
B,NHS,4810,2248,3,30.7669584107913
B,MYO9B,4650,2989,3,40.9085581360566
B,UBALD2,283991,1697,3,23.2257688714915
B,DSG2,1829,1754,3,24.0058919272811
B,KIFC2,90990,1416,3,19.3798990701426
B,DNMT3B,1789,3003,3,41.1001673076541
B,ZBTB10,65986,1504,3,20.5842995773266
B,KIF13A,63971,2332,3,31.9166134403761
B,PELI2,57161,3853,3,52.7335812974996
B,NUDT16L1,84309,5619,3,76.9037096575785
B,CELSR1,9620,2828,3,38.7050526626859
B,ABHD14A,25864,3392,3,46.4241650041834
B,SIK3,23387,3128,3,42.8109634826314
B,PDX1,3651,5094,3,69.718365722674
B,PAF1,54623,5279,3,72.2503440616403
B,BAZ1B,9031,3523,3,48.2170793955596
B,NLRC5,84166,7256,3,99.308296365081
B,MKNK1,8569,5619,3,76.9037096575785
B,DES,1674,4413,3,60.3979481613978
B,RAB31,11031,5102,3,69.8278566778725
B,AUTS2,26053,4688,3,64.1616997463478
B,COL14A1,7373,5554,3,76.0140956465904
B,TYMS,7298,5434,3,74.3717313186122
B,FAM120AOS,158293,3046,3,41.6886811918463
B,RPS19,6223,4181,3,57.22271046064
B,HYPK,25764,6259,3,85.6629860734622
B,OPN3,23596,2420,3,33.1210139475601
B,RFESD,317671,2254,3,30.8490766271903
B,AP2B1,163,4594,3,62.8751810227649
B,PKP4,8502,4372,3,59.8368070160052
B,ATG2A,23130,2334,3,31.9439861791757
B,SPPL3,121665,2235,3,30.5890356085937
B,RBM44,375316,2637,3,36.0909561073206
B,HOXD13,3239,8132,3,111.297555959322
B,CIB2,10518,2308,3,31.5881405747804
B,AHRR,57491,3195,3,43.7279502324192
B,PLEKHM1,9842,7555,3,103.400520815627
B,KCNH3,23416,3934,3,53.8421772188849
B,C15orf56,644809,2056,3,28.1391754860262
B,SEPT10,151011,6475,3,88.6192418638229
B,ZCCHC18,644353,3898,3,53.3494679204914
B,STAC2,342667,2803,3,38.3628934276904
B,ARHGAP20,57569,2918,3,39.9368259086696
B,SWAP70,23075,5385,3,73.7010992180211
B,MOCOS,55034,4951,3,67.7612148985
B,FHAD1,114827,2291,3,31.3554722949835
B,SART1,9092,4364,3,59.7273160608067
B,CDK16,5127,3371,3,46.1367512467872
B,PDLIM3,27295,2155,3,29.4941260566082
B,PCGF3,10336,2440,3,33.3947413355564
B,TTC27,55622,9465,3,129.541486369279
B,LEO1,123169,6806,3,93.1494301351628
B,NAPSA,9476,4897,3,67.0221509509098
B,STAT3,6774,5845,3,79.9968291419375
B,CASP9,842,1408,3,19.270408114944
B,TMEM167B,56900,9526,3,130.376354902668
B,AKAP9,10142,3804,3,52.0629491969085
B,MAK16,84549,4558,3,62.3824717243714
B,STK38L,23012,3730,3,51.0501578613219
B,MYL12A,10627,6298,3,86.1967544800551
B,HSPA9,3313,3337,3,45.6714146871934
B,HIST1H4C,8364,5987,3,81.9402935967116
B,HIST1H4L,8368,5136,3,70.2931932374663
B,C22orf29,79680,8501,3,116.347826267855
B,PIK3R1,5295,4832,3,66.1325369399216
B,RSPO3,84870,4360,3,59.6725705832074
B,DNMT3A,1788,1660,3,22.7193732036982
B,AGBL5,60509,2122,3,29.0424758664143
B,SELENOV,348303,3539,3,48.4360613059567
B,NDUFS7,374291,1104,3,15.1097518173993
B,NUP93,9688,4971,3,68.0349422864963
B,SH3GL2,6456,4305,3,58.9198202662174
B,HYAL3,8372,2259,3,30.9175084741893
B,MRPS15,64960,4166,3,57.0174149196427
B,CHP1,11261,2672,3,36.5699790363143
B,ZNF333,84449,1058,3,14.4801788250077
B,ELOVL4,6785,6228,3,85.2387086220678
B,HOXB2,3212,6509,3,89.0845784234167
B,RNF17,56163,5951,3,81.4475842983182
B,PRKD1,5587,2748,3,37.6101431107005
B,KLRC2,3822,5182,3,70.922766229858
B,CDH2,1000,2234,3,30.5753492391939
B,ARHGAP40,343578,3068,3,41.9897813186423
B,TBL3,10607,2324,3,31.8071224851775
B,OAS2,4939,4851,3,66.3925779585182
B,GALNT14,79623,6721,3,91.9860887361782
B,FOXD2,2306,3098,3,42.4003724006368
B,LRRC47,57470,2723,3,37.267983875705
B,TPST1,8460,4444,3,60.8222256127921
B,PIGW,284098,5158,3,70.5942933642623
B,CHL1,10752,3257,3,44.5765051352079
B,XRRA1,143570,3002,3,41.0864809382543
B,SGMS1,259230,2532,3,34.6538873203397
B,NAA40,79829,2796,3,38.2670888418917
B,GANAB,23193,3548,3,48.559238630555
B,ADIG,149685,5594,3,76.5615504225831
B,TUBG1,7283,4146,3,56.7436875316463
B,ISCU,23479,4770,3,65.2839820371329
B,NDOR1,27158,2019,3,27.632779818233
B,HIST2H2BE,8349,2162,3,29.589930642407
B,IL17B,27190,6237,3,85.3618859466662
B,PTCHD3,374308,5486,3,75.0834225274027
B,UBE2J1,51465,3445,3,47.1495425823737
B,STXBP3,6814,5489,3,75.1244816356022
B,NCS1,23413,3460,3,47.354838123371
B,SYK,6850,5825,3,79.7231017539411
B,ARMCX5-GPRASP2,100528062,6337,3,86.730522886648
B,CHST14,113189,2944,3,40.2926715130648
B,MAP3K5,4217,882,3,12.0713778106397
B,SH2D5,400745,597,3,8.17076253169147
B,PIK3C2B,5287,3434,3,46.9989925189757
B,MMP28,79148,2349,3,32.149281720173
B,CYP4V2,285440,1523,3,20.8443405959231
B,GATAD2A,54815,3264,3,44.6723097210066
B,CRLF3,51379,3062,3,41.9076631022434
B,CSNK1G3,1456,3849,3,52.6788358199003
B,ISL2,64843,4657,3,63.7374222949534
B,PTCH1,5727,3709,3,50.7627441039258
B,COX10,1352,6094,3,83.4047351224922
B,HSH2D,84941,4686,3,64.1343270075482
B,NBPF26,101060684,6075,3,83.1446941038957
B,CRTC3,64784,2649,3,36.2551925401184
B,ZNF275,10838,1318,3,18.0386348689604
B,PPP1R1A,5502,3856,3,52.774640405699
B,HELZ,9931,6140,3,84.0343081148838
B,TBC1D16,125058,4367,3,59.7683751690061
B,ACE,1636,2654,3,36.3236243871175
B,EVI5L,115704,2102,3,28.7687484784179
B,C1orf204,284677,2170,3,29.6994215976055
B,ARHGAP39,80728,3571,3,48.8740251267508
B,DPF2,5977,6067,3,83.0352031486971
B,E2F8,79733,2714,3,37.1448065511066
B,SCUBE2,57758,3689,3,50.4890167159294
B,SELENON,57190,560,3,7.6643668638982
B,UBE2B,7320,3050,3,41.7434266694456
B,FAM69B,138311,1493,3,20.4337495139286
B,WIPI1,55062,1883,3,25.7714335798577
B,MARCH5,54708,1421,3,19.4483309171417
B,R3HDM4,91300,862,3,11.7976504226433
B,SCOC,60592,3195,3,43.7279502324192
B,KRT82,3888,4876,3,66.7347371935136
B,SORT1,6272,3967,3,54.2938274090789
B,NFE2L2,4780,6103,3,83.5279124470906
B,NHLRC1,378884,1290,3,17.6554165257655
B,ZKSCAN1,7586,4472,3,61.205443955987
B,EMD,2010,1712,3,23.4310644124888
B,NID2,22795,7942,3,108.697145773356
B,STAT5B,6777,5764,3,78.8882332205522
B,KLHL35,283212,2687,3,36.7752745773115
B,CAAP1,79886,3172,3,43.4131637362234
B,TAF5L,27097,1401,3,19.1746035291453
B,NIM1K,167359,4441,3,60.7811665045927
B,ZFX,7543,3337,3,45.6714146871934
B,KCTD17,79734,3266,3,44.6996824598063
B,ECT2,1894,4058,3,55.5392870244623
B,CSPG5,10675,2321,3,31.7660633769781
B,RNF135,84282,1263,3,17.2858845519704
B,IL11RA,3590,2040,3,27.9201935756292
B,ST6GALNAC5,81849,2506,3,34.2980417159444
B,UNC119B,84747,1126,3,15.4108519441953
B,KL,9365,2175,3,29.7678534446046
B,C6orf203,51250,3262,3,44.644936982207
B,PTMS,5763,2804,3,38.3765797970903
B,SLC7A1,6541,1219,3,16.6836842983784
B,SYNC,81493,2507,3,34.3117280853443
B,TWF1,5756,5982,3,81.8718617497125
B,FBXW4,6468,2102,3,28.7687484784179
B,TRAPPC8,22878,1905,3,26.0725337066537
B,STXBP5L,9515,2765,3,37.8428113904974
B,MICALL2,79778,2620,3,35.8582878275237
B,IRF1,3659,1715,3,23.4721235206882
B,XK,7504,3364,3,46.0409466609885
B,CNPY3,10695,3996,3,54.6907321216736
B,TUBA4A,7277,1865,3,25.525078930661
B,GYG1,2992,1710,3,23.4036916736891
B,TIGD6,81789,1275,3,17.4501209847682
B,LRRC14,9684,3777,3,51.6934172231134
B,PEAK1,79834,4819,3,65.954614137724
B,UBIAD1,29914,3863,3,52.8704449914978
B,ZNF544,27300,3394,3,46.451537742983
B,MORC4,79710,2614,3,35.7761696111248
B,C17orf58,284018,1181,3,16.1636022611853
B,CSNK1G2,1455,2098,3,28.7140030008186
B,PAIP2,51247,2897,3,39.6494121512734
B,UCK1,83549,1285,3,17.5869846787664
B,CMIP,80790,2976,3,40.730635333859
B,CASP6,839,2272,3,31.095431276387
B,BAGE,574,6703,3,91.7397340869815
B,SLC25A24,29957,4615,3,63.1625947801611
B,ATP1B1,481,2450,3,33.5316050295546
B,ZNF383,163087,6610,3,90.4669017327984
B,NUP214,8021,3185,3,43.591086538421
B,SCUBE3,222663,4098,3,56.086741800455
B,YIF1B,90522,2363,3,32.3408908917704
B,KRAS,3845,3276,3,44.8365461538045
B,SLC25A15,10166,3245,3,44.4122687024101
B,NXPE3,91775,2682,3,36.7068427303125
B,REXO1,57455,586,3,8.02021246829347
B,PLA2G15,23659,3552,3,48.6139841081543
B,TP53BP1,7158,5992,3,82.0087254437107
B,EHD3,30845,3866,3,52.9115040996972
B,NUP160,23279,3457,3,47.3137790151716
B,MCRS1,10445,1053,3,14.4117469780086
B,LMAN2L,81562,5172,3,70.7859025358598
B,CCDC14,64770,7019,3,96.064626817324
B,RNF208,727800,5319,3,72.7977988376331
B,MAPKAP1,79109,4180,3,57.2090240912401
B,KIF1A,547,3024,3,41.3875810650503
B,JAK1,3716,1519,3,20.7895951183239
B,ADCY1,107,2340,3,32.0261043955746
B,SQLE,6713,5128,3,70.1837022822678
B,ATP13A4,84239,5377,3,73.5916082628225
B,PTP4A1,7803,5743,3,78.600819463156
B,SNX14,57231,2123,3,29.0561622358141
B,TDRKH,11022,4694,3,64.2438179627467
B,ARID4A,5926,3671,3,50.2426620667327
B,ZDHHC8,29801,3150,3,43.1120636094274
B,MAP7D2,256714,2895,3,39.6220394124737
B,RANBP1,5902,2038,3,27.8928208368295
B,SLC39A3,29985,2904,3,39.7452167370721
B,TPBG,7162,2788,3,38.1575978866932
B,RASSF3,283349,1251,3,17.1216481191726
B,FBXO31,79791,2055,3,28.1254891166264
B,RNF7,9616,3093,3,42.3319405536377
B,SMPD1,6609,3372,3,46.150437616187
B,TTL,150465,1411,3,19.3114672231435
B,SBDS,51119,2556,3,34.9823601859354
B,ISM1,140862,2866,3,39.225134699879
B,KAT2A,2648,2650,3,36.2688789095183
B,ADRM1,11047,5120,3,70.0742113270692
B,CNTNAP5,129684,4424,3,60.5484982247958
B,MOGAT1,116255,2230,3,30.5206037615946
B,C15orf39,56905,4166,3,57.0174149196427
B,RSPRY1,89970,3676,3,50.3110939137318
B,CPVL,54504,2899,3,39.676784890073
B,NADK2,133686,1484,3,20.3105721893302
B,UTF1,8433,4203,3,57.523810587436
B,RHOBTB2,23221,2337,3,31.9850452873752
B,ARID3A,1820,1900,3,26.0041018596546
B,PSRC1,84722,2376,3,32.5188136939681
B,FBXO18,84893,3721,3,50.9269805367236
B,DENND4C,55667,1951,3,26.7021066990453
B,ABHD6,57406,2781,3,38.0617933008945
B,MFSD9,84804,3744,3,51.2417670329194
B,TTLL12,23170,3225,3,44.1385413144137
B,NRF1,4899,1859,3,25.4429607142621
B,DUS1L,64118,736,3,10.0731678782662
B,ZNF618,114991,5226,3,71.52496648345
B,CNTNAP1,8506,6339,3,86.7578956254477
B,PGP,283871,1721,3,23.5542417370871
B,PHF24,23349,1377,3,18.8461306635497
B,CACNA1C,775,1126,3,15.4108519441953
B,ZBTB1,22890,3070,3,42.0171540574419
B,GDPD5,81544,4181,3,57.22271046064
B,UBXN11,91544,4522,3,61.889762425978
B,USP45,85015,2545,3,34.8318101225374
B,SPIN1,10927,4693,3,64.2301315933469
B,VIPR2,7434,2871,3,39.2935665468781
B,SIK2,23235,4804,3,65.7493185967267
B,WDR88,126248,3239,3,44.3301504860112
B,RET,5979,3332,3,45.6029828401943
B,TMEM184B,25829,4510,3,61.7255259931801
B,GTF3C5,9328,2239,3,30.643781086193
B,PIK3R2,5296,1554,3,21.2686180473175
B,ASPSCR1,79058,1866,3,25.5387653000608
B,ATP5J,522,7763,3,106.247285650789
B,SUPT6H,6830,1305,3,17.8607120667628
B,RNF19A,25897,1715,3,23.4721235206882
B,CHCHD10,400916,3319,3,45.4250600379967
B,PRELID1,27166,2889,3,39.5399211960748
B,IRF8,3394,6216,3,85.07447218927
B,HSF1,3297,4578,3,62.6561991123678
B,OAF,220323,3246,3,44.4259550718099
B,CDK17,5128,2620,3,35.8582878275237
B,VSTM4,196740,2675,3,36.6110381445137
B,KCNK13,56659,1519,3,20.7895951183239
B,C11orf68,83638,4607,3,63.0531038249625
B,RPRD1A,55197,3950,3,54.0611591292819
B,BLM,641,1380,3,18.8871897717491
B,RIN3,79890,2389,3,32.6967364961657
B,RNF115,27246,6952,3,95.1476400675362
B,C2orf68,388969,2401,3,32.8609729289635
B,DNAJC6,9829,1853,3,25.3608424978632
B,C8orf76,84933,4991,3,68.3086696744927
B,ANKS6,203286,3417,3,46.7663242391788
B,ZMIZ2,83637,1522,3,20.8306542265233
B,CHRDL2,25884,1432,3,19.5988809805397
B,INO80,54617,2072,3,28.3581573964233
B,CORO7,79585,2337,3,31.9850452873752
B,PPP1R37,284352,2933,3,40.1421214496668
B,DGKD,8527,4541,3,62.1498034445745
B,ZBTB34,403341,2394,3,32.7651683431648
B,SRSF4,6429,2499,3,34.2022371301457
B,TEAD1,7003,2427,3,33.2168185333588
B,TMEM132A,54972,4108,3,56.2236054944532
B,LANCL2,55915,2896,3,39.6357257818735
B,GPR153,387509,3600,3,49.2709298393456
B,KTN1,3895,725,3,9.9226178148682
B,NTN1,9423,3939,3,53.9106090658839
B,CUEDC1,404093,3211,3,43.9469321428163
B,ANKRD50,57182,639,3,8.74559004648384
B,KHSRP,8570,3904,3,53.4315861368903
B,FAM178B,51252,2008,3,27.482229754835
B,SHANK2,22941,1235,3,16.9026662087755
B,BNIP3L,665,6883,3,94.2032805789488
B,CDH23,64072,2916,3,39.9094531698699
B,DAGLA,747,4387,3,60.0421025570025
B,U2AF1L5,102724594,2302,3,31.5060223583815
B,CGNL1,84952,3812,3,52.172440152107
B,PPM1A,5494,2081,3,28.4813347210217
B,EIF4E3,317649,1041,3,14.2475105452108
B,OTUD5,55593,2383,3,32.6146182797668
B,COPS6,10980,4626,3,63.3131448435591
B,LAMC3,10319,1670,3,22.8562368976964
B,DDHD1,80821,2699,3,36.9395110101094
B,PLD5,200150,1762,3,24.1153828824797
B,RB1,5925,3164,3,43.3036727810248
B,DENR,8562,2386,3,32.6556773879663
B,MED22,6837,3425,3,46.8758151943774
B,NUB1,51667,5789,3,79.2303924555476
B,PLOD2,5352,2086,3,28.5497665680208
B,BMF,90427,3337,3,45.6714146871934
B,FGF18,8817,2367,3,32.3956363693697
B,SLC7A2,6542,2434,3,33.3126231191575
B,DCLK2,166614,2665,3,36.4741744505155
B,SFN,2810,3815,3,52.2134992603065
B,PYGL,5836,4690,3,64.1890724851474
B,BEX1,55859,1787,3,24.4575421174751
B,TCF4,6925,5655,3,77.396418955972
B,GNL3L,54552,5562,3,76.1235866017889
B,FAXC,84553,6577,3,90.0152515426044
B,ATP6V0B,533,3174,3,43.440536475023
B,PIGQ,9091,2517,3,34.4485917793424
B,POLR2D,5433,3153,3,43.1531227176268
B,RPAP3,79657,5780,3,79.1072151309493
B,MED13,9969,5843,3,79.9694564031378
B,BCL2L13,23786,1866,3,25.5387653000608
B,NDUFS3,4722,3777,3,51.6934172231134
B,P3H2,55214,2805,3,38.3902661664901
B,C1orf198,84886,3277,3,44.8502325232043
B,HS1BP3,64342,2236,3,30.6027219779935
B,LAYN,143903,4890,3,66.9263463651111
B,GSG1L,146395,2895,3,39.6220394124737
B,DDX50,79009,1916,3,26.2230837700517
B,KCNQ2,3785,2499,3,34.2022371301457
B,KLHL11,55175,4865,3,66.5841871301156
B,UBXN7,26043,2149,3,29.4120078402093
B,AKAP17A,8227,1323,3,18.1070667159595
B,ZFAND3,60685,3246,3,44.4259550718099
B,IRS1,3667,635,3,8.69084456888457
B,PUS10,150962,4655,3,63.7100495561538
B,RETSAT,54884,4123,3,56.4289010354505
B,CTU2,348180,3404,3,46.5884014369812
B,G2E3,55632,2696,3,36.8984519019099
B,L1CAM,3897,2830,3,38.7324254014855
B,CDYL,9425,3847,3,52.6514630811007
B,ZHX1,11244,3082,3,42.1813904902397
B,HILPDA,29923,4222,3,57.7838516060325
B,SLC2A10,81031,1219,3,16.6836842983784
B,AKT1S1,84335,2051,3,28.0707436390272
B,PSMB6,5694,4153,3,56.839492117445
B,PRKAA2,5563,2945,3,40.3063578824646
B,HOXA11,3207,3780,3,51.7344763313129
B,RHBG,57127,2927,3,40.0600032332679
B,CDON,50937,2948,3,40.3474169906641
B,AGGF1,55109,4052,3,55.4571688080634
B,ASNS,440,5054,3,69.1709109466813
B,PROS1,5627,1666,3,22.8014914200971
B,CHST15,51363,1221,3,16.711057037178
B,NUFIP1,26747,3772,3,51.6249853761143
B,C2orf69,205327,967,3,13.2347192096242
B,PICALM,8301,6508,3,89.070892054017
B,ECE1,1889,3446,3,47.1632289517736
B,KDM2B,84678,2739,3,37.4869657861021
B,ATG9A,79065,2953,3,40.4158488376632
B,SEMA3D,223117,3797,3,51.9671446111098
B,PNPT1,87178,5028,3,68.815065342286
B,NKX6-2,84504,2344,3,32.0808498731739
B,RUBCNL,80183,3286,3,44.9734098478027
B,CTRL,1506,4236,3,57.97546077763
B,PKN2,5586,967,3,13.2347192096242
B,AP2A1,160,3537,3,48.408688567157
B,XRCC3,7517,2118,3,28.987730388815
B,C3orf33,285315,3483,3,47.6696246195668
B,C17orf49,124944,1617,3,22.130859319506
B,CARM1,10498,1879,3,25.7166881022584
B,GRK6,2870,2099,3,28.7276893702184
B,PPP2R5B,5526,1026,3,14.0422150042135
B,T,6862,2222,3,30.4111128063961
B,RTCB,51493,3323,3,45.4798055155959
B,BPTF,2186,4221,3,57.7701652366327
B,MGST2,4258,5800,3,79.3809425189456
B,AP1S3,130340,5153,3,70.5258615172632
B,S100PBP,64766,4294,3,58.7692702028194
B,QDPR,5860,3126,3,42.7835907438317
B,GPT,2875,4011,3,54.8960276626709
B,AHR,196,4976,3,68.1033741334954
B,TTLL5,23093,2689,3,36.8026473161112
B,KDM3A,55818,2322,3,31.7797497463779
B,KIF20A,10112,5366,3,73.4410581994245
B,SESN1,27244,2082,3,28.4950210904215
B,FAM135B,51059,2480,3,33.9421961115492
B,ZNF554,115196,1806,3,24.7175831360717
B,CMTM4,146223,1621,3,22.1856047971053
B,TBX20,57057,2140,3,29.288830515611
B,TLR2,7097,2837,3,38.8282299872843
B,ZGPAT,84619,4394,3,60.1379071428012
B,SELENOS,55829,1630,3,22.3087821217037
B,NDUFV2,4729,1500,3,20.5295540997273
B,EIF2AK3,9451,1277,3,17.4774937235679
B,RCVRN,5957,3341,3,45.7261601647927
B,CPNE8,144402,5721,3,78.29971933636
B,ELF4,2000,6132,3,83.9248171596853
B,ARF3,377,4420,3,60.4937527471965
B,IQGAP1,8826,4079,3,55.8267007818585
B,SNX12,29934,2265,3,30.9996266905883
B,ZKSCAN5,23660,3531,3,48.3265703507581
B,UNKL,64718,5315,3,72.7430533600338
B,KLF9,687,2343,3,32.0671635037741
B,UCHL1,7345,4527,3,61.9581942729771
B,MRPL19,9801,3903,3,53.4178997674905
B,KSR1,8844,2978,3,40.7580080726586
B,CORO1C,23603,3654,3,50.0099937869357
B,IL18R1,8809,3288,3,45.0007825866023
B,HAUS8,93323,2932,3,40.128435080267
B,POLD1,5424,4220,3,57.7564788672329
B,NRK,203447,3678,3,50.3384666525314
B,PIP5K1B,8395,1403,3,19.201976267945
B,KDM6A,7403,1605,3,21.9666228867082
B,PRDM10,56980,3260,3,44.6175642434074
B,PITPNB,23760,8687,3,118.893490976221
B,SCARA3,51435,2221,3,30.3974264369963
B,FAR2,55711,6238,3,85.375572316066
B,CRAT,1384,4488,3,61.4244258663841
B,HSPD1,3329,1069,3,14.6307288884057
B,HIST1H4A,8359,6555,3,89.7141514158084
B,BLOC1S1,2647,4129,3,56.5110192518494
B,TMEM251,26175,5701,3,78.0259919483636
B,GPSM2,29899,4065,3,55.635091610261
B,NELFB,25920,3844,3,52.6104039729012
B,RTTN,25914,4493,3,61.4928577133832
B,PTK7,5754,3019,3,41.3191492180512
B,ITIH5,80760,3578,3,48.9698297125496
B,CTDSPL,10217,1265,3,17.31325729077
B,PSIP1,11168,5825,3,79.7231017539411
B,MAEL,84944,2464,3,33.7232142011521
B,EML3,256364,1197,3,16.3825841715824
B,UBE2F,140739,3444,3,47.1358562129739
B,SHROOM1,134549,3993,3,54.6496730134741
B,ERICH6B,220081,4754,3,65.0650001267358
B,SPCS3,60559,3894,3,53.2947224428921
B,EML2,24139,7228,3,98.925078021886
B,TMEM65,157378,1826,3,24.9913105240681
B,PURB,5814,2677,3,36.6384108833134
B,TMEM121,80757,3729,3,51.0364714919221
B,BAX,581,3613,3,49.4488526415432
B,FAM189A1,23359,1748,3,23.9237737108822
B,IP6K1,9807,1793,3,24.5396603338741
B,NOP56,10528,5097,3,69.7594248308734
B,UPK3A,7380,4040,3,55.2929323752656
B,MYO1D,4642,4384,3,60.0010434488031
B,KDM5A,5927,5753,3,78.7376831571542
B,SPTSSA,171546,5347,3,73.181017180828
B,ZDHHC4,55146,1831,3,25.0597423710672
B,NFIL3,4783,2649,3,36.2551925401184
B,FKBPL,63943,5490,3,75.138168005002
B,BEND6,221336,2281,3,31.2186086009853
B,TMEM233,387890,5604,3,76.6984141165813
B,WDR47,22911,6586,3,90.1384288672027
B,PRSS50,29122,4062,3,55.5940325020616
B,PRR35,146325,4367,3,59.7683751690061
B,DYNLT3,6990,4345,3,59.4672750422101
B,HDAC10,83933,2192,3,30.0005217244015
B,PRDM15,63977,3613,3,49.4488526415432
B,PSMA1,5682,4369,3,59.7957479078058
B,HOXD3,3232,2228,3,30.493231022795
B,FER,2241,987,3,13.5084465976206
B,FAM89A,375061,2486,3,34.0243143279481
B,HSPB6,126393,2386,3,32.6556773879663
B,RPUSD3,285367,5153,3,70.5258615172632
B,MATN4,8785,3084,3,42.2087632290394
B,SAMM50,25813,4906,3,67.1453282755082
B,RTN4IP1,84816,4440,3,60.7674801351929
B,CAMK2A,815,3891,3,53.2536633346927
B,ENKD1,84080,2417,3,33.0799548393606
B,HIST1H2BL,8340,7098,3,97.1458499999097
B,P3H4,10609,4789,3,65.5440230557294
B,KLHDC1,122773,4332,3,59.2893522400125
B,ENTPD5,957,5202,3,71.1964936178543
B,NEK4,6787,3235,3,44.2754050084119
B,SIMC1,375484,3069,3,42.0034676880421
B,VKORC1L1,154807,2181,3,29.8499716610035
B,ANAPC5,51433,3293,3,45.0692144336014
B,SNN,8303,1315,3,17.997575760761
B,PLCD3,113026,3367,3,46.0820057691879
B,PLEKHA8,84725,3438,3,47.053737996575
B,EIF2AK1,27102,4149,3,56.7847466398458
B,MED26,9441,3701,3,50.6532531487272
B,TGFBRAP1,9392,1253,3,17.1490208579722
B,CRAMP1,57585,1011,3,13.8369194632162
B,RASA2,5922,1527,3,20.8990860735224
B,PARD6A,50855,2080,3,28.4676483516219
B,PPP1R3G,648791,3765,3,51.5291807903156
B,SLC24A2,25769,2630,3,35.9951515215219
B,RNF207,388591,4840,3,66.2420278951202
B,SSC5D,284297,3384,3,46.3146740489848
B,MAPK8IP1,9479,3789,3,51.8576536559112
B,TNFRSF12A,51330,4020,3,55.0192049872692
B,FAM212B,55924,4016,3,54.96445950967
B,CTSO,1519,3876,3,53.0483677936954
B,ARHGDIG,398,1373,3,18.7913851859504
B,VKORC1,79001,4885,3,66.857914518112
B,CD8A,925,1896,3,25.9493563820553
B,NPTXR,23467,3057,3,41.8392312552443
B,JTB,10899,1416,3,19.3798990701426
B,COL1A2,1278,2831,3,38.7461117708854
B,TRPM7,54822,1502,3,20.556926838527
B,THOC7,80145,3420,3,46.8073833473783
B,EGFR,1956,3298,3,45.1376462806005
B,AP2M1,1173,7523,3,102.962556994832
B,H2AFY,9555,5373,3,73.5368627852233
B,SLC18B1,116843,5171,3,70.77221616646
B,NCAPH2,29781,3919,3,53.6368816778876
B,CCDC7,79741,1949,3,26.6747339602457
B,CBFB,865,3839,3,52.5419721259021
B,MLLT1,4298,1627,3,22.2677230135042
B,CSGALNACT2,55454,1218,3,16.6699979289786
B,GAS2L1,10634,675,3,9.23829934487729
B,GLRA3,8001,2726,3,37.3090429839045
B,HECTD2,143279,2782,3,38.0754796702943
B,LINGO1,84894,1653,3,22.6235686178995
B,ZBED4,9889,2240,3,30.6574674555928
B,TOP1MT,116447,3183,3,43.5637137996214
B,GAB3,139716,2416,3,33.0662684699608
B,DNAJA4,55466,3365,3,46.0546330303883
B,PDE2A,5138,4313,3,59.029311221416
B,MAFK,7975,1379,3,18.8735034023493
B,LRRC1,55227,5108,3,69.9099748942714
B,NHSL2,340527,4128,3,56.4973328824496
B,BRSK2,9024,4430,3,60.6306164411947
B,TSPAN15,23555,3268,3,44.7270551986059
B,ITPK1,3705,2558,3,35.009732924735
B,NRG3,10718,3534,3,48.3676294589576
B,CTAGE15,441294,622,1,8.51292176668693
B,DUSP1,1843,3465,3,47.4232699703701
B,CHTF18,63922,3958,3,54.1706500844805
B,FOXF2,2295,1531,3,20.9538315511217
B,ASRGL1,80150,1945,3,26.6199884826464
B,PHOX2A,401,1899,3,25.9904154902548
B,RNASEL,6041,6360,3,87.0453093828438
B,KCNA5,3741,7699,3,105.3713580092
B,DNAH3,55567,8176,3,111.899756212914
B,FAM184A,79632,2748,3,37.6101431107005
B,NQO2,4835,2144,3,29.3435759932103
B,SLC16A2,6567,2186,3,29.9184035080026
B,COTL1,23406,1926,3,26.3599474640499
B,DUSP5,1847,3639,3,49.8046982459385
B,GLT8D1,55830,4452,3,60.9317165679907
B,NTSR1,4923,3045,3,41.6749948224465
B,ITPKA,3706,3150,3,43.1120636094274
B,RBFA,79863,2041,3,27.933879945029
B,REC114,283677,4108,3,56.2236054944532
B,POLR3F,10621,4548,3,62.2456080303732
B,STXBP2,6813,3621,3,49.5583435967417
B,RHOT1,55288,5441,3,74.4675359044109
B,ZNF467,168544,6891,3,94.3127715341473
B,SLC2A6,11182,3994,3,54.6633593828739
B,FAM162B,221303,3746,3,51.269139771719
B,PSMD3,5709,4508,3,61.6981532543805
B,ACSS3,79611,2337,3,31.9850452873752
B,RGL2,5863,3503,3,47.9433520075632
B,EPHB4,2050,8326,3,113.952711622886
B,PCDHA2,56146,2739,3,37.4869657861021
B,RPP21,79897,3709,3,50.7627441039258
B,SLC12A7,10723,4975,3,68.0896877640956
B,MGAT5,4249,5793,3,79.2851379331469
B,IRX4,50805,2468,3,33.7779596787514
B,GEN1,348654,3621,3,49.5583435967417
B,FADS2,9415,1748,3,23.9237737108822
B,WDR86,349136,3103,3,42.4688042476359
B,ANKRD20A2,441430,3226,2,44.1522276838136
B,FAM102B,284611,1889,3,25.8535517962566
B,IL13RA2,3598,5605,3,76.7121004859811
B,RAB4B,53916,5246,3,71.7986938714463
B,OSBPL1A,114876,2947,3,40.3337306212643
B,IFITM5,387733,2136,3,29.2340850380117
B,GPR173,54328,7466,3,102.182433939043
B,VCPIP1,80124,5305,3,72.6061896660356
B,MVB12A,93343,2829,3,38.7187390320857
B,TECR,9524,4155,3,56.8668648562447
B,FBXO32,114907,4177,3,57.1679649830407
B,REPS1,85021,3970,3,54.3348865172783
B,MFSD6,54842,3882,3,53.1304860100943
B,NOXA1,10811,2972,3,40.6758898562597
B,RAB33A,9363,5474,3,74.9191860946049
B,NRBP1,29959,2909,3,39.8136485840712
B,TUB,7275,2372,3,32.4640682163688
B,NKX3-1,4824,2057,3,28.1528618554261
B,SCAMP4,113178,3270,3,44.7544279374056
B,CLPTM1L,81037,4975,3,68.0896877640956
B,TMEM145,284339,2290,3,31.3417859255837
B,SNTB2,6645,3657,3,50.0510528951352
B,C12orf49,79794,2726,3,37.3090429839045
B,MDGA1,266727,1820,3,24.9091923076692
B,SYNGR2,9144,2360,3,32.299831783571
B,DRAP1,10589,5609,3,76.7668459635804
B,PCBD2,84105,1945,3,26.6199884826464
B,CCNL2,81669,2444,3,33.4494868131557
B,TM9SF3,56889,3402,3,46.5610286981816
B,RAB3B,5865,3321,3,45.4524327767963
B,GJB6,10804,1441,3,19.722058305138
B,LIMD2,80774,3103,3,42.4688042476359
B,CLN3,1201,4619,3,63.2173402577603
B,SRPK2,6733,2400,3,32.8472865595637
B,DUSP8,1850,2751,3,37.6512022188999
B,SYNGR4,23546,2767,3,37.870184129297
B,ELK4,2005,2545,3,34.8318101225374
B,LSG1,55341,2236,3,30.6027219779935
B,ING4,51147,5068,3,69.3625201182787
B,LHX6,26468,3153,3,43.1531227176268
B,CCSER2,54462,3768,3,51.570239898515
B,C4orf45,152940,7616,3,104.235389349016
B,MLX,6945,4126,3,56.4699601436499
B,SH2D3C,10044,3460,3,47.354838123371
B,SLFN5,162394,3040,3,41.6065629754474
B,VTA1,51534,4050,3,55.4297960692638
B,MMP11,4320,631,3,8.63609909128529
B,SKIDA1,387640,5903,3,80.7906385671269
B,CABLES2,81928,1088,3,14.8907699070022
B,TMEM8B,51754,3309,3,45.2881963439985
B,NKAIN4,128414,2958,3,40.4842806846623
B,TRAK1,22906,3705,3,50.7079986263265
B,TMEM151B,441151,3331,3,45.5892964707945
B,ANKS3,124401,2571,3,35.1876557269326
B,PHLPP2,23035,1316,3,18.0112621301608
B,RBBP6,5930,2938,3,40.2105532966659
B,AK5,26289,4164,3,56.990042180843
B,INSIG2,51141,3456,3,47.3000926457717
B,DNAJC22,79962,4245,3,58.0986381022283
B,H3F3B,3021,3371,3,46.1367512467872
B,KPNA2,3838,3868,3,52.9388768384969
B,AKAP2,11217,3611,3,49.4214799027436
B,SCAPER,49855,1484,3,20.3105721893302
B,PENK,5179,3641,3,49.8320709847381
B,APPL1,26060,2627,3,35.9540924133224
B,SNTG2,54221,3401,3,46.5473423287818
B,RELA,5970,1730,3,23.6774190616855
B,EHBP1L1,254102,1592,3,21.7887000845106
B,GTSF1,121355,2923,3,40.0052577556686
B,FAM89B,23625,2678,3,36.6520972527132
B,DGKH,160851,3097,3,42.386686031237
B,CNNM2,54805,8047,3,110.134214560337
B,TRIM46,80128,2940,3,40.2379260354655
B,FKBP2,2286,4422,3,60.5211254859961
B,KIAA1841,84542,3051,3,41.7571130388454
B,P2RY2,5029,3123,3,42.7425316356323
B,LARP1B,55132,2229,3,30.5069173921948
B,PIH1D2,120379,2478,3,33.9148233727495
B,CXCR5,643,4441,3,60.7811665045927
B,TRNAU1AP,54952,4583,3,62.7246309593669
B,GAK,2580,3493,3,47.806488313565
B,PTPN18,26469,3288,3,45.0007825866023
B,GLRX5,51218,5252,3,71.8808120878452
B,PAQR3,152559,1721,3,23.5542417370871
B,NPBWR1,2831,2177,3,29.7952261834043
B,GJC1,10052,1952,3,26.7157930684452
B,NAGPA,51172,3393,3,46.4378513735832
B,ZNF324,25799,2455,3,33.6000368765537
B,DDIT4,54541,2553,3,34.9413010777359
B,RABL3,285282,1829,3,25.0323696322675
B,GPI,2821,5753,3,78.7376831571542
B,CSAD,51380,3641,3,49.8320709847381
B,CDCA7,83879,2667,3,36.5015471893152
B,KCNK3,3777,1206,3,16.5057614961808
B,DCAF6,55827,4072,3,55.7308961960598
B,CDH1,999,2102,3,28.7687484784179
B,LENG8,114823,3604,3,49.3256753169448
B,PLEKHO1,51177,1686,3,23.0752188080935
B,STK40,83931,4278,3,58.5502882924223
B,PRKG2,5593,3475,3,47.5601336643683
B,USP19,10869,3172,3,43.4131637362234
B,DNAJC7,7266,5107,3,69.8962885248716
B,ZNF789,285989,2020,3,27.6464661876328
B,TMTC3,160418,5026,3,68.7876926034863
B,CAMTA1,23261,1637,3,22.4045867075024
B,HIPK1,204851,4273,3,58.4818564454232
B,DVL3,1857,2860,3,39.1430164834801
B,NSD2,7468,5711,3,78.1628556423618
B,PRLHR,2834,2745,3,37.569084002501
B,GANC,2595,4538,3,62.108744336375
B,HOGA1,112817,5434,3,74.3717313186122
B,DOCK10,55619,1603,3,21.9392501479086
B,PSMG1,8624,3113,3,42.6056679416341
B,KIAA0355,9710,1793,3,24.5396603338741
B,CEP19,84984,3936,3,53.8695499576845
B,ZNF417,147687,4509,3,61.7118396237803
B,ZNRF1,84937,1733,3,23.718478169885
B,CBX2,84733,1907,3,26.0999064454533
B,ERAP1,51752,3563,3,48.7645341715523
B,FGFR3,2261,864,3,11.8250231614429
B,OCSTAMP,128506,3915,3,53.5821362002883
B,TOR1A,1861,2907,3,39.7862758452716
B,ARL6IP6,151188,1583,3,21.6655227599122
B,MFAP3,4238,4644,3,63.5594994927558
B,AIFM1,9131,3555,3,48.6550432163537
B,LRRC59,55379,1571,3,21.5012863271144
B,RSPH4A,345895,5750,3,78.6966240489547
B,TUBA1C,84790,3646,3,49.9005028317372
B,DTNBP1,84062,3283,3,44.9323507396032
B,SERTAD4,56256,1970,3,26.9621477176419
B,CDH26,60437,2182,3,29.8636580304033
B,KLHL42,57542,3534,3,48.3676294589576
B,CCDC59,29080,2971,3,40.6622034868599
B,PSMC5,5705,3961,3,54.2117091926799
B,PER1,5187,6153,3,84.2122309170815
B,FAM118B,79607,4617,3,63.1899675189607
B,RETN,56729,2888,3,39.526234826675
B,CETN1,1068,1135,3,15.5340292687937
B,FOXI2,399823,2828,3,38.7050526626859
B,ZC3H15,55854,1736,3,23.7595372780844
B,ADA2,51816,4684,3,64.1069542687485
B,RIPPLY2,134701,2536,3,34.708632797939
B,PRIM2,5558,2588,3,35.4203240067295
B,RANGRF,29098,4109,3,56.2372918638531
B,LYSMD4,145748,2453,3,33.5726641377541
B,COQ8A,56997,4038,3,55.2655596364659
B,TPP2,7174,2770,3,37.9112432374964
B,NT5DC3,51559,2023,3,27.6875252958322
B,AKR7A2,8574,2596,3,35.5298149619281
B,CDCA4,55038,3366,3,46.0683193997881
B,TRIM62,55223,3498,3,47.8749201605641
B,TRIM8,81603,2573,3,35.2150284657323
B,HOXA13,3209,1125,3,15.3971655747955
B,GJB3,2707,1910,3,26.1409655536528
B,VPS4B,9525,3529,3,48.2991976119585
B,C3orf38,285237,2295,3,31.4102177725828
B,CKAP2,26586,4207,3,57.5785560650352
B,PATE4,399968,4988,3,68.2676105662933
B,NR1H2,7376,6521,3,89.2488148562146
B,CPLX1,10815,2420,3,33.1210139475601
B,UBE2N,7334,6631,3,90.7543154901946
B,COPB1,1315,2506,3,34.2980417159444
B,EAPP,55837,4006,3,54.8275958156718
B,DNAH1,25981,2189,3,29.9594626162021
B,MSANTD4,84437,5667,3,77.5606553887698
B,CSRNP2,81566,5098,3,69.7731112002733
B,GPR101,83550,4308,3,58.9608793744169
B,PCM1,5108,3981,3,54.4854365806763
B,RPS23,6228,4273,3,58.4818564454232
B,TIA1,7072,3711,3,50.7901168427254
B,BTAF1,9044,3279,3,44.8776052620039
B,PTCHD4,442213,5342,3,73.1125853338289
B,ABI1,10006,5899,3,80.7358930895276
B,TBPL2,387332,4105,3,56.1825463862538
B,ATP2B2,491,2211,3,30.2605627429981
B,TM4SF5,9032,3097,3,42.386686031237
B,PPP4R2,151987,3588,3,49.1066934065477
B,RSPH10B,222967,2172,3,29.7267943364052
B,COL10A1,1300,3279,3,44.8776052620039
B,WDR35,57539,3817,3,52.2408719991061
B,CSTF2,1478,3637,3,49.7773255071388
B,ACTR10,55860,4003,3,54.7865367074723
B,MKRN1,23608,4186,3,57.2911423076391
B,LAMTOR2,28956,5154,3,70.5395478866631
B,MAGEL2,54551,4249,3,58.1533835798276
B,COPS9,150678,2194,3,30.0278944632012
B,XRN1,54464,2262,3,30.9585675823888
B,CMC2,56942,3017,3,41.2917764792515
B,ZNF804B,219578,3764,3,51.5154944209158
B,FAM57A,79850,3108,3,42.537236094635
B,MAP2K2,5605,2368,3,32.4093227387695
B,RNF24,11237,5207,3,71.2649254648534
B,FABP5,2171,3424,3,46.8621288249776
B,FBRSL1,57666,4989,3,68.2812969356931
B,PSTPIP2,9050,3795,3,51.9397718723101
B,KIAA1755,85449,1614,3,22.0898002113066
B,C1orf52,148423,1704,3,23.3215734572902
B,SPATA4,132851,3468,3,47.4643290785696
B,ACSL3,2181,2834,3,38.7871708790848
B,SLC44A5,204962,1934,3,26.4694384192484
B,MMP7,4316,3588,3,49.1066934065477
B,GLIS2,84662,6197,3,84.8144311706735
B,ACKR1,2532,3663,3,50.1331711115341
B,MRPL27,51264,2633,3,36.0362106297214
B,UBA5,79876,2311,3,31.6291996829799
B,APBA2,321,1035,3,14.1653923288119
B,B3GNT7,93010,757,3,10.3605816356624
B,MATR3,9782,2295,3,31.4102177725828
B,LRRK1,79705,2480,3,33.9421961115492
B,ZNF397,84307,2966,3,40.5937716398608
B,CARD10,29775,3916,3,53.5958225696881
B,TRMT1L,81627,1436,3,19.653626458139
B,ITGA6,3655,2519,3,34.4759645181421
B,CCDC110,256309,3652,3,49.9826210481361
B,EVA1A,84141,3533,3,48.3539430895578
B,CWC27,10283,4406,3,60.302143575599
B,MAP4K4,9448,929,3,12.7146371724311
B,FAM3A,60343,4838,3,66.2146551563205
B,GPATCH8,23131,1525,3,20.8717133347228
B,SPACA7,122258,2486,3,34.0243143279481
B,PEX12,5193,3915,3,53.5821362002883
B,SRSF5,6430,2967,3,40.6074580092606
B,C10orf76,79591,1926,3,26.3599474640499
B,RAP1B,5908,1927,3,26.3736338334497
B,GATA4,2626,1718,3,23.5131826288877
B,DOHH,83475,2963,3,40.5527125316614
B,HIF1A,3091,3322,3,45.4661191461961
B,PSMD9,5715,2989,3,40.9085581360566
B,ADAR,103,1857,3,25.4155879754624
B,DNMT1,1786,2859,3,39.1293301140803
B,DGAT1,8694,1539,3,21.0633225063202
B,BOK,666,2709,3,37.0763747041075
B,SARS2,54938,2390,3,32.7104228655655
B,SREK1,140890,3912,3,53.5410770920888
B,GSPT1,2935,2967,3,40.6074580092606
B,ATF7IP2,80063,2732,3,37.3911612003034
B,C17orf107,100130311,2605,3,35.6529922865264
B,RNF170,81790,3312,3,45.3292554521979
B,CFAP54,144535,5341,3,73.0988989644291
B,GTF2H2C,728340,1449,2,19.8315492603366
B,RNF152,220441,2023,3,27.6875252958322
B,HEBP2,23593,2721,3,37.2406111369054
B,RNF25,64320,3830,3,52.4187948013038
B,HSPB1,3315,3562,3,48.7508478021525
B,USP3,9960,2184,3,29.891030769203
B,CDH19,28513,4759,3,65.1334319737349
B,UTP14C,9724,4536,3,62.0813715975754
B,RFC2,5982,4711,3,64.4764862425436
B,CALCOCO1,57658,5146,3,70.4300569314645
B,CETN3,1070,3183,3,43.5637137996214
B,PLEKHB2,55041,2281,3,31.2186086009853
B,CCNA2,890,1967,3,26.9210886094424
B,NT5E,4907,2816,3,38.5408162298881
B,MAT2B,27430,5919,3,81.009620477524
B,RNF121,55298,5744,3,78.6145058325558
B,COMMD3,23412,5828,3,79.7641608621405
B,SMARCC2,6601,3966,3,54.280141039679
B,ABCA8,10351,6478,3,88.6603009720224
B,MARCH3,115123,4230,3,57.893342561231
B,OR11H4,390442,3583,3,49.0382615595487
B,MAS1,4142,6278,3,85.9230270920587
B,OR14A16,284532,4609,3,63.0804765637621
B,INPP5K,51763,2630,3,35.9951515215219
B,DNAJC10,54431,1615,3,22.1034865807064
B,CNKSR2,22866,2946,3,40.3200442518645
B,DEFB136,613210,4079,3,55.8267007818585
B,RHBDD1,84236,4321,3,59.1388021766145
B,PRAC1,84366,4364,3,59.7273160608067
B,RSBN1L,222194,3579,3,48.9835160819494
B,TMEM50A,23585,3606,3,49.3530480557445
B,CSN3,1448,6673,3,91.3291430049869
B,WIF1,11197,3597,3,49.2298707311461
B,MID2,11043,1685,3,23.0615324386937
B,MIEF1,54471,2128,3,29.1245940828132
B,CCNL1,57018,2413,3,33.0252093617613
B,SNAPC1,6617,2752,3,37.6648885882997
B,ATP8A1,10396,2819,3,38.5818753380875
B,TRIM13,10206,2443,3,33.4358004437559
B,SSTR1,6751,1094,3,14.9728881234011
B,PTGES3,10728,4140,3,56.6615693152474
B,SOX21,11166,5449,3,74.5770268596095
B,YBX3,8531,2580,3,35.310833051531
B,ITGA1,3672,3898,3,53.3494679204914
B,WDR91,29062,4006,3,54.8275958156718
B,ITGAV,3685,3544,3,48.5044931529558
B,TXNDC11,51061,2505,3,34.2843553465446
B,BATF3,55509,6774,3,92.7114663143686
B,LIN28A,79727,778,3,10.6479953930586
B,HEATR6,63897,2142,3,29.3162032544106
B,OGFOD1,55239,2441,3,33.4084277049563
B,C3orf62,375341,3454,3,47.2727199069721
B,DDA1,79016,3179,3,43.5089683220221
B,RAPSN,5913,4466,3,61.1233257395881
B,TTC21A,199223,686,3,9.38884940827529
B,EXOSC7,23016,7571,3,103.619502726024
B,FOXN1,8456,3161,3,43.2626136728254
B,AMER2,219287,4196,3,57.4280060016372
B,SLITRK4,139065,4187,3,57.3048286770389
B,ZSCAN5A,79149,2394,3,32.7651683431648
B,TRIM28,10155,2923,3,40.0052577556686
B,BIRC8,112401,4645,3,63.5731858621556
B,COL9A2,1298,3048,3,41.7160539306459
B,HNRNPH1,3187,359,3,4.91340661453474
B,ADAM19,8728,2377,3,32.5325000633679
B,QRICH2,84074,3592,3,49.161438884147
B,KPNA5,3841,2348,3,32.1355953507732
B,FEZF1,389549,5129,3,70.1973886516676
B,DCDC2,51473,4263,3,58.344992751425
B,ZNF574,64763,4996,3,68.3771015214918
B,FGFR1OP2,26127,1323,3,18.1070667159595
B,MIA2,117153,3947,3,54.0201000210825
B,BMP8A,353500,1520,3,20.8032814877237
B,FYCO1,79443,4714,3,64.5175453507431
B,URGCP,55665,2888,3,39.526234826675
B,COLEC11,78989,2991,3,40.9359308748563
B,ARHGAP21,57584,3651,3,49.9689346787363
B,POLM,27434,2784,3,38.1028524090939
B,GPM6B,2824,3171,3,43.3994773668235
B,TCF25,22980,2626,3,35.9404060439226
B,GAGE10,102724473,2485,3,34.0106279585483
B,CNMD,11061,1590,3,21.761327345711
B,TRIM6,117854,2272,3,31.095431276387
B,TNS3,64759,1930,3,26.4146929416492
B,ECI1,1632,2774,3,37.9659887150957
B,STRN3,29966,3665,3,50.1605438503338
B,MAB21L2,10586,3825,3,52.3503629543047
B,CDC25C,995,4017,3,54.9781458790698
B,DDX23,9416,3880,3,53.1031132712947
B,TMSB4Y,9087,5479,3,74.987617941604
B,SFXN4,119559,2466,3,33.7505869399517
B,MED11,400569,3502,3,47.9296656381634
B,LAX1,54900,2979,3,40.7716944420585
B,PM20D1,148811,2811,3,38.472384382889
B,OR6C74,254783,3591,3,49.1477525147472
B,KCNJ15,3772,5865,3,80.2705565299338
B,GZMA,3001,2740,3,37.5006521555019
B,EVI2A,2123,5101,3,69.8141703084727
B,APOBEC2,10930,3717,3,50.8722350591243
B,ANAPC2,29882,3392,3,46.4241650041834
B,EIF2B5,8893,5866,3,80.2842428993336
B,PKHD1,5314,2927,3,40.0600032332679
B,DCAF7,10238,2980,3,40.7853808114583
B,CCDC57,284001,3643,3,49.8594437235378
B,ST3GAL2,6483,3799,3,51.9945173499094
B,DDX39A,10212,3248,3,44.4533278106096
B,PRR11,55771,5178,3,70.8680207522587
B,RBM27,54439,3567,3,48.8192796491516
B,OR4D10,390197,5152,3,70.5121751478634
B,GPRC5D,55507,3780,3,51.7344763313129
B,SLC1A7,6512,993,3,13.5905648140195
B,OAZ2,4947,2748,3,37.6101431107005
B,CTSK,1513,2727,3,37.3227293533043
B,USP54,159195,4357,3,59.631511475008
B,GPR33,2856,3942,3,53.9516681740834
B,FAP,2191,4022,3,55.0465777260689
B,CD244,51744,3869,3,52.9525632078967
B,OR5M1,390168,2909,2,39.8136485840712
B,NFKBIB,4793,1910,3,26.1409655536528
B,NPIPA1,9284,6255,3,85.6082405958629
B,PCOTH,542767,3197,3,43.7553229712188
B,PIP5K1A,8394,4593,3,62.861494653365
B,TRMT13,54482,3464,3,47.4095836009703
B,SCAMP3,10067,2327,3,31.848181593377
B,PLEKHH3,79990,3872,3,52.9936223160961
B,LCE2B,26239,3215,3,44.0016776204156
B,ARF4,378,3754,3,51.3786307269176
B,DPH5,51611,3280,3,44.8912916314037
B,USHBP1,83878,4086,3,55.9225053676572
B,CX3CR1,1524,6059,3,82.9257121934986
B,ZNF322,79692,3684,3,50.4205848689303
B,RPS4X,6191,1763,3,24.1290692518795
B,NSDHL,50814,5331,3,72.9620352704309
B,ITM2B,9445,2601,3,35.5982468089272
B,PNKD,25953,4748,3,64.9828819103369
B,RSRP1,57035,2318,3,31.7250042687786
B,SLC15A2,6565,3542,3,48.4771204141561
B,CSRP2,1466,3017,3,41.2917764792515
B,ACTL10,170487,4076,3,55.785641673659
B,RSPO1,284654,3789,3,51.8576536559112
B,DST,667,3301,3,45.1787053887999
B,VEGFD,2277,2786,3,38.1302251478935
B,KITLG,4254,3683,3,50.4068984995305
B,HSPE1-MOB4,100529241,4861,3,66.5294416525163
B,KRTAP5-1,387264,3088,3,42.2635087066386
B,PARP4,143,6023,3,82.4330028951051
B,KDM4E,390245,5623,3,76.9584551351778
B,TMPRSS11A,339967,4357,3,59.631511475008
B,RBMX,27316,2963,3,40.5527125316614
B,OR7E24,26648,4300,3,58.8513884192183
B,UBE2H,7328,3933,3,53.828490849485
B,DHRS11,79154,4093,3,56.018309953456
B,MRPL40,64976,4133,3,56.5657647294487
B,CCDC13,152206,1194,3,16.3415250633829
B,CHST3,9469,3064,3,41.935035841043
B,PDZK1IP1,10158,2237,3,30.6164083473933
B,TANGO2,128989,2752,3,37.6648885882997
B,MN1,4330,3356,3,45.9314557057899
B,CCNB2,9133,4388,3,60.0557889264023
B,SDK1,221935,2014,3,27.5643479712339
B,ANKIB1,54467,4904,3,67.1179555367085
B,MMGT1,93380,4705,3,64.3943680261447
B,DSCC1,79075,5585,3,76.4383730979847
B,DLL3,10683,3193,3,43.7005774936196
B,LILRA6,79168,4248,3,58.1396972104278
B,TYSND1,219743,3048,3,41.7160539306459
B,DEFA3,1668,4784,3,65.4755912087303
B,NLN,57486,3202,3,43.8237548182179
B,ENOX2,10495,6320,3,86.4978546068511
B,ADAT1,23536,3173,3,43.4268501056232
B,GK5,256356,2232,3,30.5479765003943
B,ACTL7B,10880,4556,3,62.3550989855718
B,SYT5,6861,5095,3,69.7320520920738
B,PTPN1,5770,1973,3,27.0032068258413
B,IGHMBP2,3508,2566,3,35.1192238799335
B,C12orf57,113246,2973,3,40.6895762256595
B,NFX1,4799,3357,3,45.9451420751897
B,TYR,7299,2954,3,40.429535207063
B,METTL13,51603,5423,3,74.2211812552142
B,OR4M1,441670,4492,3,61.4791713439834
B,ADAM29,11086,3284,3,44.946037109003
B,DEFA1B,728358,1933,1,26.4557520498486
B,EHF,26298,3149,3,43.0983772400276
B,EXTL1,2134,4829,3,66.0914778317222
B,MRPL37,51253,4169,3,57.0584740278421
B,ASL,435,1269,3,17.3680027683693
B,ZNF726,730087,2876,3,39.3619983938772
B,PPP1R12A,4659,4156,3,56.8805512256445
B,MYCBP,26292,4317,3,59.0840566990152
B,CHCHD1,118487,4160,3,56.9352967032438
B,FTH1,2495,3712,3,50.8038032121252
B,ATP6V1D,51382,4695,3,64.2575043321465
B,GLT6D1,360203,4161,3,56.9489830726436
B,FFAR3,2865,4684,3,64.1069542687485
B,SRP19,6728,1317,3,18.0249484995606
B,BTN3A3,10384,3330,3,45.5756101013947
B,CCDC154,645811,3204,3,43.8511275570176
B,LOC653602,653602,3286,3,44.9734098478027
B,YWHAQ,10971,1019,3,13.9464104184148
B,TNFAIP6,7130,3140,3,42.9751999154292
B,IRGC,56269,5522,3,75.5761318257962
B,MYOC,4653,6215,3,85.0607858198702
B,C6orf120,387263,2791,3,38.1986569948926
B,SLC34A2,10568,1759,3,24.0743237742802
B,OIT3,170392,500,3,6.84318469990911
B,NFKB2,4791,1863,3,25.4977061918613
B,PPHLN1,51535,4454,3,60.9590893067903
B,RNF14,9604,4775,3,65.352413884132
B,KIFC3,3801,1330,3,18.2028713017582
B,ILK,3611,3624,3,49.5994027049412
B,IGSF23,147710,4828,3,66.0777914623223
B,CDC42EP2,10435,2178,3,29.8089125528041
B,PHF20,51230,3694,3,50.5574485629285
B,S100A3,6274,5010,3,68.5687106930893
B,SLC35A1,10559,3298,3,45.1376462806005
B,LIN7C,55327,5034,3,68.8971835586849
B,ACHE,43,1986,3,27.181129628039
B,LRRC56,115399,2735,3,37.4322203085028
B,SLC39A4,55630,3653,3,49.9963074175359
B,PNLIPRP1,5407,4877,3,66.7484235629134
B,GINS1,9837,3169,3,43.3721046280239
B,SCGB1C1,147199,7345,3,100.526383241665
B,NCKAP1L,3071,4934,3,67.5285466187031
B,PITX3,5309,4387,3,60.0421025570025
B,COASY,80347,3618,3,49.5172844885423
B,LAIR2,3904,6832,3,93.505275739558
B,CCL23,6368,4987,3,68.2539241968934
B,GABBR1,2550,2812,3,38.4860707522888
B,LZTS3,9762,1592,3,21.7887000845106
B,LOC105377134,105377134,3596,3,49.2161843617463
B,CWH43,80157,4925,3,67.4053692941047
B,GH1,2688,4296,3,58.796642941619
B,GRAMD1B,57476,5944,3,81.3517797125195
B,C8orf34,116328,4023,3,55.0602640954687
B,PRSS23,11098,1655,3,22.6509413566991
B,DSCR4,10281,4169,3,57.0584740278421
B,OR2G3,81469,4023,3,55.0602640954687
B,OR4F6,390648,6732,3,92.1366387995762
B,ASAP2,8853,2081,3,28.4813347210217
B,TWISTNB,221830,2821,3,38.6092480768872
B,LYSMD1,388695,3168,3,43.3584182586241
B,HTT,3064,4163,3,56.9763558114432
B,TPH1,7166,4587,3,62.7793764369661
B,ING2,3622,2412,3,33.0115229923615
B,HPX,3263,5206,3,71.2512390954536
B,MIR205HG,642587,2601,3,35.5982468089272
B,MME,4311,5822,3,79.6820426457416
B,EDIL3,10085,1446,3,19.7904901521371
B,TBCEL,219899,4164,3,56.990042180843
B,SLC37A2,219855,5035,3,68.9108699280847
B,FBXW12,285231,3240,3,44.343836855411
B,UPB1,51733,2103,3,28.7824348478177
B,NFE2,4778,2056,3,28.1391754860262
B,JADE3,9767,4444,3,60.8222256127921
B,SLC38A6,145389,3998,3,54.7181048604732
B,NKX2-4,644524,1949,3,26.6747339602457
B,MYLK,4638,3650,3,49.9552483093365
B,PUS1,80324,3003,3,41.1001673076541
B,ANKRD54,129138,2017,3,27.6054070794333
B,TMEM9B,56674,3182,3,43.5500274302215
B,MRM3,55178,4670,3,63.9153450971511
B,MAVS,57506,2266,3,31.0133130599881
B,SMTNL1,219537,4864,3,66.5705007607158
B,FAM35A,54537,1624,3,22.2266639053048
B,C5orf67,101928448,2611,3,35.7351105029254
B,CAPN13,92291,4585,3,62.7520036981665
B,TUBAL3,79861,4595,3,62.8888673921647
B,MAGEB3,4114,4236,3,57.97546077763
B,ESPNL,339768,4875,3,66.7210508241138
B,MYOG,4656,3912,3,53.5410770920888
B,CNBD2,140894,4637,3,63.4636949069571
B,PABPC1L2A,340529,3356,3,45.9314557057899
B,HAS1,3036,3979,3,54.4580638418767
B,TAPBP,6892,4562,3,62.4372172019707
B,CDX4,1046,3485,3,47.6969973583665
B,MTFMT,123263,4575,3,62.6151400041683
B,PDE1A,5136,4591,3,62.8341219145654
B,MYT1,4661,2183,3,29.8773443998032
B,OCM,654231,6044,3,82.7204166525013
B,UGP2,7360,3686,3,50.4479576077299
B,CDAN1,146059,1575,3,21.5560318047137
B,BTN2A2,10385,5066,3,69.3351473794791
B,MYOZ1,58529,5531,3,75.6993091503945
B,EPS8L3,79574,3504,3,47.957038376963
B,CLDN12,9069,2705,3,37.0216292265083
B,EFCAB14,9813,4283,3,58.6187201394214
B,SHCBP1L,81626,4590,3,62.8204355451656
B,ZMYM4,9202,2598,3,35.5571877007277
B,RPUSD2,27079,3956,3,54.1432773456809
B,FETUB,26998,3216,3,44.0153639898154
B,SLA,6503,2742,3,37.5280248943015
B,DNAJA3,9093,3516,3,48.1212748097608
B,SDR42E2,100288072,2464,3,33.7232142011521
B,TSSK4,283629,4333,3,59.3030386094123
B,TNFRSF25,8718,3258,3,44.5901915046077
B,RASAL3,64926,3139,3,42.9615135460294
B,ABCB11,8647,4459,3,61.0275211537894
B,ACSM2A,123876,5189,3,71.0185708156567
B,ANGEL2,90806,2334,3,31.9439861791757
B,CLDN1,9076,2148,3,29.3983214708095
B,EDN3,1908,2808,3,38.4313252746895
B,NCR2,9436,7878,3,107.821218131768
B,SYCE3,644186,2318,3,31.7250042687786
B,OCM2,4951,3606,3,49.3530480557445
B,APBA3,9546,2230,3,30.5206037615946
B,OASL,8638,4068,3,55.6761507184605
B,RASSF7,8045,1635,3,22.3772139687028
B,PROC,5624,6208,3,84.9649812340715
B,TMEM45B,120224,2967,3,40.6074580092606
B,MTDH,92140,1915,3,26.2093974006519
B,PRSS3,5646,3499,3,47.8886065299639
B,GPR149,344758,3241,3,44.3575232248108
B,KIF17,57576,2827,3,38.6913662932861
B,CDT1,81620,4475,3,61.2465030641865
B,DHCR24,1718,2492,3,34.106432544347
B,KLRG2,346689,3655,3,50.0236801563356
B,KLRC4-KLRK1,100528032,6043,3,82.7067302831015
B,SPX,80763,4003,3,54.7865367074723
B,PRIMPOL,201973,2299,3,31.4649632501821
B,GDNF,2668,1534,3,20.9948906593211
B,SFTA2,389376,3408,3,46.6431469145805
B,ZNF672,79894,2788,3,38.1575978866932
B,LOC283485,283485,4346,3,59.48096141161
B,S100A2,6273,4737,3,64.8323318469389
B,HLA-DRB3,3125,3164,3,43.3036727810248
B,FUZ,80199,4743,3,64.9144500633378
B,FKBP14,55033,1858,3,25.4292743448622
B,RGR,5995,5680,3,77.7385781909675
B,PSMG2,56984,4852,3,66.406264327918
B,ATP6V1F,9296,4123,3,56.4289010354505
B,DYRK2,8445,3140,3,42.9751999154292
B,CCDC130,81576,4373,3,59.850493385405
B,PATL1,219988,1079,3,14.7675925824039
B,PPP1R26,9858,1159,3,15.8625021343893
B,DISP2,85455,1355,3,18.5450305367537
B,PRAC2,360205,3496,3,47.8475474217645
B,PTPN12,5782,3840,3,52.5556584953019
B,SLC6A1,6529,3064,3,41.935035841043
B,MTG1,92170,730,3,9.9910496618673
B,TOE1,114034,3544,3,48.5044931529558
B,FBXO48,554251,1436,3,19.653626458139
B,TIFA,92610,5201,3,71.1828072484545
B,KLHL2,11275,1777,3,24.320678423477
B,NPM2,10361,1512,3,20.6937905325251
B,STARD4,134429,2328,3,31.8618679627768
B,TRABD2B,388630,2610,3,35.7214241335255
B,C12orf75,387882,1683,3,23.0341596998941
B,LRRC41,10489,2689,3,36.8026473161112
B,ACOT9,23597,3100,3,42.4277451394365
B,HMX3,340784,1592,3,21.7887000845106
B,C10orf120,399814,1921,3,26.2915156170508
B,TTC7B,145567,901,3,12.3314188292362
B,TEX48,100505478,5598,3,76.6162959001824
B,KRT20,54474,3867,3,52.925190469097
B,SLC27A5,10998,5184,3,70.9501389686576
B,KLHL7,55975,2151,3,29.439380579009
B,SCO2,9997,2595,3,35.5161285925283
B,ATP5SL,55101,4000,3,54.7454775992729
B,RDM1,201299,5007,3,68.5276515848898
B,NOTO,344022,2157,3,29.5214987954079
B,FEN1,2237,3310,3,45.3018827133983
B,EPS8L1,54869,4547,3,62.2319216609734
B,PDE8A,5151,2943,3,40.278985143665
B,PDIA3,2923,3032,3,41.4970720202488
B,PLA2G16,11145,1954,3,26.7431658072448
B,ICE1,23379,1418,3,19.4072718089422
B,CCNG1,900,5993,3,82.0224118131106
B,P4HA1,5033,2658,3,36.3783698647168
B,RNF215,200312,2621,3,35.8719741969235
B,RNGTT,8732,1519,3,20.7895951183239
B,NEDD1,121441,2850,3,39.0061527894819
B,DSCAM,1826,2597,3,35.5435013313279
B,AATF,26574,3033,3,41.5107583896486
B,TDRD7,23424,2384,3,32.6283046491666
B,ACBD5,91452,2616,3,35.8035423499244
B,GOLGA3,2802,1388,3,18.9966807269477
B,RPL27A,6157,2429,3,33.2441912721584
B,SRGAP1,57522,2461,3,33.6821550929526
B,RNF32,140545,4238,3,58.0028335164296
B,PCYOX1,51449,4822,3,65.9956732459234
B,DBX2,440097,4675,3,63.9837769441501
B,EMID1,129080,3085,3,42.2224495984392
B,AFTPH,54812,1466,3,20.0642175401335
B,WBP2NL,164684,4230,3,57.893342561231
B,SH3BP4,23677,2350,3,32.1629680895728
B,MRPL33,9553,2387,3,32.6693637573661
B,PTPRU,10076,2441,3,33.4084277049563
B,SLC37A3,84255,1624,3,22.2266639053048
B,AZIN2,113451,1318,3,18.0386348689604
B,PGM3,5238,2199,3,30.0963263102003
B,ETFA,2108,804,3,11.0038409974538
B,GRIN2A,2903,3970,3,54.3348865172783
B,MYO18A,399687,1336,3,18.2849895181571
B,TMEM256,254863,4223,3,57.7975379754323
B,LRRC28,123355,3432,3,46.9716197801761
B,DERA,51071,3239,3,44.3301504860112
B,KMT2E,55904,3423,3,46.8484424555777
B,YWHAE,7531,2011,3,27.5232888630344
B,ATP5B,506,1833,3,25.0871151098668
B,SOX14,8403,3368,3,46.0956921385878
B,PCDHB2,56133,3173,3,43.4268501056232
B,GPN3,51184,5335,3,73.0167807480302
B,MARCH9,92979,4030,3,55.1560686812674
B,SHROOM2,357,1140,3,15.6024611157928
B,FTH1P18,441490,855,3,11.7018458368446
B,EFEMP1,2202,5605,3,76.7121004859811
B,WNK3,65267,1423,3,19.4757036559413
B,MRGPRF,116535,2632,3,36.0225242603215
B,PTTG1IP,754,2305,3,31.547081466581
B,FBXL7,23194,1715,3,23.4721235206882
B,CTTNBP2,83992,2952,3,40.4021624682634
B,RAMP2,10266,1619,3,22.1582320583057
B,MPPED1,758,2191,3,29.9868353550017
B,GHDC,84514,2935,3,40.1694941884665
B,DUSP7,1849,2781,3,38.0617933008945
B,MSH6,2956,2049,3,28.0433709002275
B,ANKRD28,23243,2996,3,41.0043627218554
B,OSBPL5,114879,1019,3,13.9464104184148
B,ZNF197,10168,2823,3,38.6366208156868
B,FZD7,8324,2922,3,39.9915713862688
B,FBXO47,494188,3251,3,44.494386918809
B,MUC4,4585,5608,3,76.7531595941806
B,PPM1F,9647,3403,3,46.5747150675814
B,NGLY1,55768,1377,3,18.8461306635497
B,MROH1,727957,1894,3,25.9219836432557
B,RSAD2,91543,5769,3,78.9566650675513
B,AEBP2,121536,4211,3,57.6333015426345
B,PDYN,5173,3785,3,51.8029081783119
B,YME1L1,10730,4943,3,67.6517239433014
B,AHDC1,27245,3593,3,49.1751252535469
B,PMEPA1,56937,5281,3,72.27771680044
B,KRT10,3858,5699,3,77.998619209564
B,ZFYVE27,118813,3783,3,51.7755354395123
B,S100A14,57402,6137,3,83.9932490066844
B,WDR44,54521,3195,3,43.7279502324192
B,HIVEP3,59269,3915,3,53.5821362002883
B,PIP4K2C,79837,3350,3,45.849337489391
B,TCF21,6943,4962,3,67.911764961898
B,NPAS3,64067,1723,3,23.5816144758868
B,VAMP7,6845,1399,3,19.1472307903457
B,CENPQ,55166,5415,3,74.1116903000156
B,DDX47,51202,1346,3,18.4218532121553
B,GYS2,2998,4746,3,64.9555091715373
B,TUBGCP3,10426,3486,3,47.7106837277663
B,GSK3B,2932,6967,3,95.3529356085335
B,COL4A5,1287,3747,3,51.2828261411188
B,OR4K13,390433,5520,3,75.5487590869965
B,SYNM,23336,3528,3,48.2855112425587
B,XKR8,55113,3742,3,51.2143942941198
B,SNAP23,8773,4562,3,62.4372172019707
B,RGN,9104,4710,3,64.4627998731438
B,FEZ2,9637,2531,3,34.6402009509399
B,ERCC6L2,375748,1340,3,18.3397349957564
B,RPL35A,6165,3377,3,46.2188694631861
B,SP7,121340,3426,3,46.8895015637772
B,TMEM244,253582,3503,3,47.9433520075632
B,ZNF385C,201181,2265,3,30.9996266905883
B,SNAP47,116841,3797,3,51.9671446111098
B,ZNF835,90485,1929,3,26.4010065722493
B,ARHGAP26,23092,5111,3,69.9510340024709
B,SAE1,10055,4312,3,59.0156248520161
B,AQP3,360,2133,3,29.1930259298123
B,FBXO15,201456,3903,3,53.4178997674905
B,FYB,2533,7243,3,99.1303735628833
B,HIST1H2BI,8346,5785,3,79.1756469779484
B,ALG10,84920,3667,3,50.1879165891334
B,NEGR1,257194,4129,3,56.5110192518494
B,ZC3H18,124245,1749,3,23.9374600802821
B,APBB1IP,54518,4230,3,57.893342561231
B,TNFSF11,8600,3522,3,48.2033930261598
B,PFN1,5216,1780,3,24.3617375316764
B,CLCN4,1183,2412,3,33.0115229923615
B,CRTAC1,55118,5440,3,74.4538495350111
B,CD160,11126,4093,3,56.018309953456
B,C12orf4,57102,2918,3,39.9368259086696
B,VCPKMT,79609,4129,3,56.5110192518494
B,TK2,7084,4787,3,65.5166503169298
B,TSHZ2,128553,6586,3,90.1384288672027
B,PRSS53,339105,6195,3,84.7870584318738
B,THBD,7056,2024,3,27.7012116652321
B,CDYL2,124359,1033,3,14.1380195900122
B,ATP5I,521,1763,3,24.1290692518795
B,LYSMD2,256586,3411,3,46.6842060227799
B,KBTBD7,84078,1911,3,26.1546519230526
B,MPP1,4354,3937,3,53.8832363270843
B,HSF5,124535,3844,3,52.6104039729012
B,DYNC2LI1,51626,3325,3,45.5071782543956
B,SLC26A2,1836,3384,3,46.3146740489848
B,TEKT3,64518,5042,3,69.0066745138834
B,ACBD6,84320,2982,3,40.8127535502579
B,MAGEH1,28986,3291,3,45.0418416948017
B,ANO7,50636,3998,3,54.7181048604732
B,ALS2,57679,4188,3,57.3185150464387
B,ZNF385B,151126,798,3,10.9217227810549
B,RHEB,6009,3906,3,53.4589588756899
B,NUF2,83540,2650,3,36.2688789095183
B,ACTN1,87,3839,3,52.5419721259021
B,PDZRN4,29951,2391,3,32.7241092349654
B,WASF2,10163,4924,3,67.3916829247049
B,PXK,54899,3657,3,50.0510528951352
B,ZNF682,91120,2546,3,34.8454964919372
B,BECN1,8678,1631,3,22.3224684911035
B,CA12,771,4660,3,63.7784814031529
B,ZNF85,7639,2914,3,39.8820804310703
B,ZFAND2A,90637,3440,3,47.0811107353747
B,C12orf60,144608,5995,3,82.0497845519102
B,C7orf55-LUC7L2,100996928,5206,3,71.2512390954536
B,RTN3,10313,4320,3,59.1251158072147
B,RPN2,6185,4731,3,64.75021363054
B,VDAC1,7416,3173,3,43.4268501056232
B,VEGFA,7422,4110,3,56.2509782332529
B,ROBO3,64221,3117,3,42.6604134192334
B,ANGPTL2,23452,3738,3,51.1596488165205
B,ABO,28,2895,3,39.6220394124737
B,ST6GAL2,84620,1167,3,15.9719930895879
B,RAP2A,5911,1629,3,22.2950957523039
B,HNRNPU,3192,2927,3,40.0600032332679
B,C16orf91,283951,1736,3,23.7595372780844
B,ENHO,375704,2976,3,40.730635333859
B,SIK1,150094,2758,3,37.7470068046986
B,CHD5,26038,941,3,12.8788736052289
B,SPAG6,9576,4156,3,56.8805512256445
B,TXNDC15,79770,3340,3,45.7124737953928
B,KHDC3L,154288,4108,3,56.2236054944532
B,COG8,84342,6240,3,85.4029450548656
B,COL18A1,80781,3680,3,50.365839391331
B,CYP46A1,10858,2315,3,31.6839451605792
B,NFATC3,4775,1635,3,22.3772139687028
B,FZD9,8326,1893,3,25.9082972738559
B,GRID2IP,392862,2658,3,36.3783698647168
B,IGSF21,84966,774,3,10.5932499154593
B,BRI3,25798,1130,3,15.4655974217946
B,TRPV4,59341,2149,3,29.4120078402093
B,RASSF6,166824,5809,3,79.504119843544
B,DDX27,55661,4615,3,63.1625947801611
B,SERTM1,400120,4237,3,57.9891471470298
B,OR4D9,390199,5129,3,70.1973886516676
B,COQ10B,80219,4483,3,61.3559940193851
B,HSD17B1,3292,2457,3,33.6274096153534
B,CNOT11,55571,4752,3,65.0376273879362
B,ZBTB7C,201501,2514,3,34.407532671143
B,NKD1,85407,1332,3,18.2302440405579
B,ACADL,33,3048,3,41.7160539306459
B,IQCE,23288,5607,3,76.7394732247807
B,KRBA2,124751,4931,3,67.4874875105036
B,GSTM3,2947,6306,3,86.3062454352536
B,SRBD1,55133,3385,3,46.3283604183847
B,CTSF,8722,3224,3,44.1248549450139
B,LCMT2,9836,2746,3,37.5827703719008
B,CCDC81,60494,3833,3,52.4598539095032
B,ORAI1,84876,3760,3,51.4607489433165
B,SMG1,23049,2711,3,37.1037474429072
B,ROR2,4920,2043,3,27.9612526838286
B,C12orf65,91574,4542,3,62.1634898139743
B,ACSM3,6296,3834,3,52.473540278903
B,FLVCR2,55640,3756,3,51.4060034657172
B,SLC5A1,6523,5178,3,70.8680207522587
B,CCDC58,131076,1460,3,19.9820993237346
B,RBM11,54033,4344,3,59.4535886728103
B,CBLN2,147381,3635,3,49.7499527683392
B,HOXD12,3238,5962,3,81.5981343617162
B,OR2L5,81466,4960,3,67.8843922230983
B,KCNN3,3782,4268,3,58.4134245984241
B,DDB2,1643,6057,3,82.8983394546989
B,CNGA2,1260,5495,3,75.2065998520011
B,C10orf71,118461,3938,3,53.8969226964841
B,MYH10,4628,5394,3,73.8242765426195
B,CHODL,140578,5961,3,81.5844479923164
B,FAM122C,159091,4552,3,62.3003535079725
B,SLC25A47,283600,5550,3,75.9593501689911
B,CABP2,51475,3111,3,42.5782952028345
B,PAX1,5075,5488,3,75.1107952662024
B,TKT,7086,3685,3,50.4342712383301
B,CES3,23491,5334,3,73.0030943786303
B,CCL5,6352,5214,3,71.3607300506522
B,MAMDC2,256691,5431,3,74.3306722104127
B,KIRREL,55243,4774,3,65.3387275147322
B,PLXNC1,10154,2901,3,39.7041576288726
B,VDAC3,7419,6248,3,85.5124360100642
B,RINL,126432,3004,3,41.1138536770539
B,GABRA4,2557,4571,3,62.5603945265691
B,CXorf65,158830,4771,3,65.2976684065327
B,RNF4,6047,1853,3,25.3608424978632
B,FAM58A,92002,3984,3,54.5264956888758
B,CENPL,91687,2838,3,38.8419163566841
B,B4GALNT2,124872,3436,3,47.0263652577754
B,CFL1,1072,2916,3,39.9094531698699
B,KATNBL1,79768,3041,3,41.6202493448472
B,LOC388813,388813,3976,3,54.4170047336772
B,TAGAP,117289,4194,3,57.4006332628376
B,ASTN2,23245,4598,3,62.9299265003641
B,SCAMP1,9522,2848,3,38.9787800506823
B,UGT2B7,7364,5771,3,78.9840378063509
B,ZNF595,152687,3249,3,44.4670141800094
B,DAW1,164781,2803,3,38.3628934276904
B,LRRTM4,80059,5352,3,73.2494490278271
B,MSL1,339287,1174,3,16.0677976753866
B,ZFP30,22835,5561,3,76.1099002323891
B,SRGAP2C,653464,4848,3,66.3515188503187
B,ACER1,125981,5467,3,74.8233815088062
B,TBC1D29,26083,3901,3,53.3905270286909
B,DAAM1,23002,5982,3,81.8718617497125
B,HMGN3,9324,4037,3,55.2518732670661
B,ATP5G2,517,3218,3,44.042736728615
B,LEFTY2,7044,3957,3,54.1569637150807
B,ZADH2,284273,2012,3,27.5369752324342
B,ALG12,79087,2659,3,36.3920562341166
B,LEMD1,93273,7136,3,97.6659320371028
B,PPM1D,8493,4268,3,58.4134245984241
B,SLC4A10,57282,4440,3,60.7674801351929
B,LCN9,392399,2820,3,38.5955617074874
B,MRC1,4360,12260,3,167.794888841771
B,SYNE4,163183,5275,3,72.1955985840411
B,SLC6A6,6533,4530,3,61.9992533811765
B,IFI16,3428,4390,3,60.083161665202
B,MRPS18A,55168,5528,3,75.6582500421951
B,NAT8,9027,4000,3,54.7454775992729
B,IFI44,10561,5448,3,74.5633404902096
B,NRXN3,9369,6447,3,88.236023520628
B,CLCN6,1185,8311,3,113.747416081889
B,CFAP47,286464,6478,3,88.6603009720224
B,ZNF43,7594,5236,3,71.6618301774482
B,C15orf54,400360,6528,3,89.3446194420133
B,ZNF100,163227,3596,3,49.2161843617463
B,METTL2B,55798,3886,3,53.1852314876936
B,EPPIN,57119,4403,3,60.2610844673996
B,DMRTC1,63947,5337,3,73.0441534868298
B,SCN4A,6329,6580,3,90.0563106508039
B,ZCCHC3,85364,4035,3,55.2245005282665
B,ATP2C1,27032,3067,3,41.9760949492425
B,RASSF9,9182,5972,3,81.7349980557144
B,CHST4,10164,5746,3,78.6418785713555
B,KLHL33,123103,4343,3,59.4399023034105
B,CCDC97,90324,6078,3,83.1857532120951
B,S100Z,170591,5376,3,73.5779218934227
B,FBN2,2201,3259,3,44.6038778740076
B,FAM109B,150368,4790,3,65.5577094251292
B,SGCD,6444,3098,3,42.4003724006368
B,AGR3,155465,3919,3,53.6368816778876
B,IFI35,3430,1963,3,26.8663431318432
B,ABCF2,10061,2279,3,31.1912358621857
B,TSPAN8,7103,4552,3,62.3003535079725
B,SP140,11262,3470,3,47.4917018173692
B,OR5AC2,81050,5962,3,81.5981343617162
B,ARGFX,503582,4241,3,58.043892624629
B,IL24,11009,4294,3,58.7692702028194
B,SAA4,6291,4634,3,63.4226357987576
B,GPR82,27197,3982,3,54.4991229500761
B,ERBB3,2065,6803,3,93.1083710269633
B,PPP5D1,100506012,2955,3,40.4432215764628
B,POM121C,100101267,5001,3,68.4455333684909
B,TEX13B,56156,3903,3,53.4178997674905
B,PRDX3,10935,3676,3,50.3110939137318
B,ADAD1,132612,5547,3,75.9182910607916
B,LY96,23643,3689,3,50.4890167159294
B,FAM180A,389558,4211,3,57.6333015426345
B,C18orf25,147339,10322,3,141.270704944924
B,FKBP5,2289,3882,3,53.1304860100943
B,C2CD5,9847,5300,3,72.5377578190365
B,SLX4IP,128710,5132,3,70.2384477598671
B,TMPRSS9,360200,5451,3,74.6043995984091
B,METTL17,64745,3937,3,53.8832363270843
B,FABP2,2169,4570,3,62.5467081571692
B,MRE11,4361,3790,3,51.871340025311
B,ZNF217,7764,5436,3,74.3991040574118
B,CALHM2,51063,6396,3,87.5380186812373
B,OMG,4974,4433,3,60.6716755493941
B,RP9,6100,4517,3,61.8213305789789
B,CFHR2,3080,5028,2,68.815065342286
B,AGBL1,123624,5630,3,77.0542597209765
B,ASB17,127247,5209,3,71.2922982036531
B,RCHY1,25898,3506,3,47.9844111157627
B,TRIM65,201292,3777,3,51.6934172231134
B,OR2L8,391190,5104,3,69.8552294166722
B,CXCR1,3577,2614,3,35.7761696111248
B,SNX20,124460,4119,3,56.3741555578512
B,CCNB3,85417,4063,3,55.6077188714614
B,DARS,1615,4815,3,65.8998686601247
B,BTG4,54766,3314,3,45.3566281909976
B,ZNF444,55311,6616,3,90.5490199491973
B,NOD1,10392,2800,3,38.321834319491
B,FANK1,92565,5049,3,69.1024790996822
B,OR8K3,219473,4875,3,66.7210508241138
B,FAM198A,729085,5311,3,72.6883078824345
B,GNAQ,2776,1873,3,25.6345698858595
B,STAC,6769,2809,3,38.4450116440894
B,TCAF2,285966,1864,3,25.5113925612612
B,XRN2,22803,3024,3,41.3875810650503
B,TTC39B,158219,3974,3,54.3896319948776
B,CD7,924,4271,3,58.4544837066236
B,DDAH1,23576,1612,3,22.062427472507
B,SEC14L4,284904,3380,3,46.2599285713856
B,HESX1,8820,3837,3,52.5145993871025
B,ANKRD18B,441459,2439,3,33.3810549661566
B,KRT85,3891,5285,3,72.3324622780392
B,ZNF891,101060200,5218,3,71.4154755282514
B,ZFC3H1,196441,4435,3,60.6990482881938
B,HLA-DOB,3112,3566,3,48.8055932797518
B,SIPA1L2,57568,7383,3,101.046465278858
B,FAM177B,400823,4848,3,66.3515188503187
B,ZNF419,79744,4663,3,63.8195405113523
B,COA4,51287,3700,3,50.6395667793274
B,STARD3,10948,4760,3,65.1471183431347
B,ZNF622,90441,2942,3,40.2652987742652
B,FHIT,2272,2860,3,39.1430164834801
B,IGF2BP1,10642,5143,3,70.3889978232651
B,PROZ,8858,4303,3,58.8924475274178
B,KRT4,3851,2570,3,35.1739693575328
B,STYX,6815,5597,3,76.6026095307825
B,CX3CL1,6376,2533,3,34.6675736897395
B,CYP1A1,1543,7560,3,103.468952662626
B,TMEM218,219854,5248,3,71.826066610246
B,DKK4,27121,3277,3,44.8502325232043
B,ANXA9,8416,5255,3,71.9218711960447
B,IRX6,79190,4307,3,58.9471930050171
B,KRT14,3861,5533,3,75.7266818891942
B,EPHX3,79852,2398,3,32.8199138207641
B,COL4A6,1288,3995,3,54.6770457522738
B,ITGAD,3681,7824,3,107.082154184178
B,DPH6,89978,5448,3,74.5633404902096
B,MYH13,8735,5376,3,73.5779218934227
B,GOLPH3L,55204,5154,3,70.5395478866631
B,MANSC4,100287284,4194,3,57.4006332628376
B,ELF1,1997,5004,3,68.4865924766903
B,CYP11B1,1584,5967,3,81.6665662087153
B,LTN1,26046,4334,3,59.3167249788121
B,C10orf111,221060,3596,3,49.2161843617463
B,SLC12A3,6559,3950,3,54.0611591292819
B,THYN1,29087,5445,3,74.5222813820102
B,GRIFIN,402635,4272,3,58.4681700760234
B,TMCO1,54499,5058,3,69.2256564242805
B,SLC28A1,9154,3289,3,45.0144689560021
B,SMARCA1,6594,3712,3,50.8038032121252
B,MSGN1,343930,3836,3,52.5009130177027
B,UBA3,9039,3487,3,47.7243700971661
B,LILRB3,11025,4504,3,61.6434077767812
B,SLC52A3,113278,3432,3,46.9716197801761
B,IFNLR1,163702,4987,3,68.2539241968934
B,SCP2,6342,4719,3,64.5859771977422
B,MXD3,83463,3357,3,45.9451420751897
B,PPT1,5538,4873,3,66.6936780853142
B,CACYBP,27101,3100,3,42.4277451394365
B,CDHR3,222256,2031,3,27.7970162510308
B,APRT,353,7165,3,98.0628367496975
B,FN3KRP,79672,2761,3,37.7880659128981
B,ZNF462,58499,6231,3,85.2797677302673
B,MSRB1,51734,2496,3,34.1611780219463
B,CAPN11,11131,3821,3,52.2956174767054
B,GAGE12J,729396,4718,3,64.5722908283423
B,DSTYK,25778,5131,3,70.2247613904673
B,SPNS3,201305,8055,3,110.243705515536
B,FRAS1,80144,2956,3,40.4569079458626
B,SPATA12,353324,5776,3,79.05246965335
B,HPGDS,27306,4217,3,57.7154197590334
B,GZMB,3002,3697,3,50.5985076711279
B,CXorf40B,541578,5976,3,81.7897435333136
B,ZNF479,90827,5276,3,72.2092849534409
B,HNMT,3176,2471,3,33.8190187869508
B,RARRES1,5918,2153,3,29.4667533178086
B,OR1E1,8387,4666,3,63.8605996195518
B,CA1,759,3491,3,47.7791155747654
B,SRD5A2,6716,4844,3,66.2967733727194
B,DCBLD2,131566,4401,3,60.2337117286
B,DIAPH1,1729,1447,3,19.804176521537
B,CAV3,859,7078,3,96.8721226119133
B,RMDN3,55177,3397,3,46.4925968511825
B,PHF5A,84844,3705,3,50.7079986263265
B,TUSC2,11334,2835,3,38.8008572484846
B,CNN1,1264,1994,3,27.2906205832375
B,ISYNA1,51477,3003,3,41.1001673076541
B,MYO5B,4645,5389,3,73.7558446956204
B,TNIP1,10318,2359,3,32.2861454141712
B,CCND1,595,1950,3,26.6884203296455
B,C11orf16,56673,8477,3,116.019353402259
B,ZFP69B,65243,1458,3,19.954726584935
B,RGS3,5998,1751,3,23.9648328190817
B,VAMP5,10791,2705,3,37.0216292265083
B,DUSP4,1846,2441,3,33.4084277049563
B,KLK6,5653,4187,3,57.3048286770389
B,SRPRB,58477,3902,3,53.4042133980907
B,METTL26,84326,1507,3,20.6253586855261
B,FAM217B,63939,3435,3,47.0126788883756
B,IL15RA,3601,1935,3,26.4831247886482
B,ERICH1,157697,2435,3,33.3263094885574
B,TIMM10B,26515,2223,3,30.4247991757959
B,XYLT1,64131,1556,3,21.2959907861171
B,ERI3,79033,1036,3,14.1790786982117
B,GFI1B,8328,4354,3,59.5904523668085
B,UVSSA,57654,1656,3,22.664627726099
B,HCFC1,3054,3288,3,45.0007825866023
B,TMCO6,55374,2264,3,30.9859403211884
B,FUT7,2529,4323,3,59.1661749154141
B,RPL30,6156,2424,3,33.1757594251594
B,C1orf64,149563,2448,3,33.504232290755
B,VWA8,23078,3839,3,52.5419721259021
B,MRPS27,23107,3191,3,43.6732047548199
B,VIL1,7429,5037,3,68.9382426668843
B,ZNF563,147837,2817,3,38.5545025992879
B,COG6,57511,4208,3,57.592242434435
B,HAS2,3037,7028,3,96.1878041419224
B,TNRC6C,57690,3079,3,42.1403313820403
B,CENPW,387103,4679,3,64.0385224217494
B,TOP1,7150,2184,3,29.891030769203
B,ZNF549,256051,2452,3,33.5589777683543
B,ADAMTSL5,339366,4483,3,61.3559940193851
B,GJA5,2702,7522,3,102.948870625433
B,KIRREL3,84623,4246,3,58.1123244716281
B,PRAG1,157285,3445,3,47.1495425823737
B,DISP1,84976,2979,3,40.7716944420585
B,TRAM1L1,133022,3825,3,52.3503629543047
B,IVD,3712,3948,3,54.0337863904823
B,FAM104A,84923,2908,3,39.7999622146714
B,RFNG,5986,2559,3,35.0234192941348
B,ADRA2B,151,2591,3,35.461383114929
B,ITFG1,81533,2848,3,38.9787800506823
B,SLC7A10,56301,2913,3,39.8683940616705
B,RNF20,56254,3907,3,53.4726452450898
B,LDHAL6A,160287,3608,3,49.3804207945441
B,ALDH5A1,7915,1776,3,24.3069920540771
B,MARVELD2,153562,4954,3,67.8022740066994
B,KCTD14,65987,1187,3,16.2457204775842
B,RFX6,222546,4141,3,56.6752556846472
B,PRSS27,83886,4038,3,55.2655596364659
B,GLYCTK,132158,1662,3,22.7467459424979
B,B4GALT7,11285,2098,3,28.7140030008186
B,ZNF77,58492,3471,3,47.505388186769
B,BRCA2,675,1519,3,20.7895951183239
B,FAIM,55179,2051,3,28.0707436390272
B,TSTD3,100130890,2626,3,35.9404060439226
B,CTDP1,9150,1291,3,17.6691028951653
B,MUTYH,4595,3781,3,51.7481627007127
B,RIIAD1,284485,4211,3,57.6333015426345
B,RUFY1,80230,1992,3,27.2632478444379
B,ADCY6,112,2102,3,28.7687484784179
B,UACA,55075,2768,3,37.8838704986968
B,SLC2A13,114134,4275,3,58.5092291842229
B,KIRREL2,84063,2215,3,30.3153082205973
B,ZFP90,146198,2592,3,35.4750694843288
B,DGAT2,84649,2552,3,34.9276147083361
B,PAQR5,54852,2568,3,35.1465966187332
B,FOXN3,1112,3994,3,54.6633593828739
B,SNX31,169166,2423,3,33.1620730557595
B,D2HGDH,728294,3837,3,52.5145993871025
B,CNNM3,26505,3255,3,44.5491323964083
B,SLC12A5,57468,1817,3,24.8681331994697
B,SULT1A2,6799,3461,3,47.3685244927708
B,HOOK2,29911,1761,3,24.1016965130799
B,SLC10A4,201780,2248,3,30.7669584107913
B,KLF6,1316,3249,3,44.4670141800094
B,PLAU,5328,3030,3,41.4696992814492
B,MITD1,129531,2541,3,34.7770646449381
B,SPICE1,152185,3925,3,53.7189998942865
B,TMA16,55319,4954,3,67.8022740066994
B,SNAI3,333929,2607,3,35.6803650253261
B,ABHD14B,84836,3297,3,45.1239599112007
B,SLC5A11,115584,4590,3,62.8204355451656
B,LSM8,51691,3149,3,43.0983772400276
B,TIPARP,25976,2147,3,29.3846351014097
B,GJD2,57369,1540,3,21.07700887572
B,ASAH1,427,6036,3,82.6109256973027
B,LRP2,4036,3187,3,43.6184592772206
B,KLF10,7071,4211,3,57.6333015426345
B,PISD,23761,4555,3,62.341412616172
B,ENDOG,2021,3353,3,45.8903965975905
B,ZCWPW2,152098,1630,3,22.3087821217037
B,MYOCD,93649,4375,3,59.8778661242047
B,NEK1,4750,3686,3,50.4479576077299
B,SLC9A5,6553,1561,3,21.3644226331162
B,NWD2,57495,3511,3,48.0528429627618
B,SH2D2A,9047,7137,3,97.6796184065026
B,CAMK2N2,94032,4506,3,61.6707805155809
B,PSMA8,143471,6437,3,88.0991598266298
B,SNAI1,6615,2447,3,33.4905459213552
B,SYPL2,284612,2217,3,30.342680959397
B,TAL2,6887,3968,3,54.3075137784787
B,RIPK4,54101,2613,3,35.762483241725
B,CLYBL,171425,4627,3,63.3268312129589
B,OXLD1,339229,3100,3,42.4277451394365
B,N4BP1,9683,2982,3,40.8127535502579
B,ROBO4,54538,2164,3,29.6173033812066
B,CHRNG,1146,5506,3,75.3571499153991
B,LRRC52,440699,5024,3,68.7603198646867
B,WSCD1,23302,2488,3,34.0516870667477
B,GALT,2592,3312,3,45.3292554521979
B,PRSS41,360226,2660,3,36.4057426035165
B,RAB3D,9545,3418,3,46.7800106085787
B,FOXS1,2307,3667,3,50.1879165891334
B,DPH3,285381,4353,3,59.5767659974087
B,ERH,2079,3958,3,54.1706500844805
B,ENG,2022,7286,3,99.7188874470755
B,XDH,7498,7044,3,96.4067860523195
B,ACOT2,10965,3057,3,41.8392312552443
B,SCGB2A2,4250,1163,3,15.9172476119886
B,SENP6,26054,2896,3,39.6357257818735
B,CATSPERE,257044,5583,3,76.4110003591851
B,PDE4D,5144,4951,3,67.7612148985
B,C1orf74,148304,3457,3,47.3137790151716
B,LOC101929747,101929747,4822,3,65.9956732459234
B,CRABP2,1382,2471,3,33.8190187869508
B,ERCC4,2072,4858,3,66.4883825443169
B,UGT2B15,7366,4468,3,61.1506984783878
B,MCRIP1,348262,3054,3,41.7981721470448
B,CPD,1362,3484,3,47.6833109889667
B,ZDHHC15,158866,9319,3,127.543276436906
B,NME1,4830,6430,3,88.0033552408311
B,SIPA1L3,23094,4000,3,54.7454775992729
B,SPERT,220082,5626,3,76.9995142433773
B,KRT24,192666,4486,3,61.3970531275845
B,CCDC141,285025,5505,3,75.3434635459993
B,NDUFS1,4719,4849,3,66.3652052197185
B,PCDHAC2,56134,4767,3,65.2429229289334
B,LTV1,84946,1626,3,22.2540366441044
B,FRG1,2483,5477,3,74.9602452028044
B,VAX1,11023,5405,3,73.9748266060174
B,LSM10,84967,2974,3,40.7032625950594
B,TRAPPC6B,122553,6392,3,87.483273203638
B,MPP2,4355,2661,3,36.4194289729163
B,TRPC4AP,26133,4008,3,54.8549685544714
B,TMEM33,55161,2943,3,40.278985143665
B,UBLCP1,134510,831,3,11.3733729712489
B,TRDMT1,1787,3582,3,49.0245751901488
B,IGLON5,402665,5196,3,71.1143754014554
B,COL5A2,1290,5545,3,75.890918321992
B,NCF1,653361,3870,3,52.9662495772965
B,CISH,1154,2414,3,33.0388957311612
B,PTPRCAP,5790,5467,3,74.8233815088062
B,TBC1D22A,25771,3295,3,45.096587172401
B,XAGE3,170626,4379,3,59.932611601804
B,GSTM4,2948,5041,3,68.9929881444836
B,APOA4,337,4381,3,59.9599843406036
B,IFNL2,282616,8726,3,119.427259382814
B,SNCG,6623,4911,3,67.2137601225072
B,SLC22A20,440044,3843,3,52.5967176035014
B,ATP6AP1L,92270,6954,3,95.1750128063359
B,GALK2,2585,3236,3,44.2890913778117
B,ABCC10,89845,2694,3,36.8710791631103
B,PECR,55825,3395,3,46.4652241123828
B,SIGMAR1,10280,3382,3,46.2873013101852
B,KLK4,9622,4403,3,60.2610844673996
B,RGCC,28984,3455,3,47.2864062763719
B,LGALS9B,284194,3768,3,51.570239898515
B,SHROOM3,57619,4516,3,61.8076442095791
B,FAM198B,51313,5799,3,79.3672561495458
B,MICAL3,57553,3004,3,41.1138536770539
B,TMEM201,199953,3376,3,46.2051830937863
B,CEP70,80321,5344,3,73.1399580726285
B,SCGB1D2,10647,3491,3,47.7791155747654
B,PTPRD,5789,3919,3,53.6368816778876
B,PCDHA3,56145,1322,3,18.0933803465597
B,KCTD21,283219,6216,3,85.07447218927
B,CDC40,51362,3741,3,51.2007079247199
B,ENTPD4,9583,3938,3,53.8969226964841
B,C19orf71,100128569,2939,3,40.2242396660657
B,LHX5,64211,3474,3,47.5464472949685
B,E2F4,1874,4158,3,56.9079239644441
B,SUSD2,56241,2856,3,39.0882710058808
B,ZNF529,57711,7007,3,95.9003903845262
B,MAN2C1,4123,3258,3,44.5901915046077
B,PHF11,51131,2517,3,34.4485917793424
B,FDXR,2232,2286,3,31.2870404479844
B,LOC100132813,100132813,4837,3,66.2009687869207
B,ZMYND15,84225,886,1,12.1261232882389
B,PITPNM2,57605,4758,3,65.1197456043351
B,IL27,246778,2826,3,38.6776799238863
B,CHD7,55636,4351,3,59.5493932586091
B,CLDN8,9073,4639,3,63.4910676457567
B,TRAPPC2,6399,5193,3,71.073316293256
B,ZNF213,7760,3445,3,47.1495425823737
B,CA9,768,4289,3,58.7008383558203
B,CANT1,124583,3878,3,53.075740532495
B,DCAKD,79877,4759,3,65.1334319737349
B,NRBF2,29982,6446,3,88.2223371512282
B,RNF19B,127544,6042,3,82.6930439137017
B,OTOG,340990,5652,3,77.3553598477725
B,DRAXIN,374946,2116,3,28.9603576500153
B,RITA1,84934,5526,3,75.6308773033954
B,PDK1,5163,4523,3,61.9034487953778
B,TRUB2,26995,5419,3,74.1664357776149
B,DCDC5,100506627,4705,3,64.3943680261447
B,TBATA,219793,4723,3,64.6407226753414
B,HEATR1,55127,3160,3,43.2489273034256
B,ASTE1,28990,3525,3,48.2444521343592
B,NDNF,79625,2997,3,41.0180490912552
B,RASD2,23551,3860,3,52.8293858832983
B,GABARAPL1,23710,4213,3,57.6606742814341
B,SMN1,6606,3404,3,46.5884014369812
B,UROC1,131669,4410,3,60.3568890531983
B,MAP3K8,1326,2795,3,38.2534024724919
B,FAM200A,221786,6714,3,91.8902841503795
B,ALG6,29929,2111,3,28.8919258030163
B,ABL2,27,5532,3,75.7129955197944
B,KRT33B,3884,7781,3,106.493640299986
B,TOR4A,54863,5884,3,80.5305975485304
B,CDA,978,6471,3,88.5644963862237
B,CD93,22918,4256,3,58.2491881656263
B,DLX2,1746,2896,3,39.6357257818735
B,PAAF1,80227,3990,3,54.6086139052747
B,TRAM2,9697,3487,3,47.7243700971661
B,HINT3,135114,3832,3,52.4461675401034
B,SLC9A3,6550,3091,3,42.3045678148381
B,TMEM221,100130519,3193,3,43.7005774936196
B,MAPKAPK2,9261,1296,3,17.7375347421644
B,NCF4,4689,4326,3,59.2072340236136
B,POC1A,25886,4155,3,56.8668648562447
B,INTS2,57508,5439,3,74.4401631656113
B,FKBP1B,2281,2208,3,30.2195036347986
B,ANAPC4,29945,1903,3,26.0451609678541
B,NRSN2,80023,2214,3,30.3016218511975
B,NT5M,56953,4834,3,66.1599096787212
B,PLCH1,23007,5076,3,69.4720110734773
B,ST20,400410,3801,3,52.021890088709
B,EPB41L4B,54566,4722,3,64.6270363059416
B,FOXJ1,2302,4526,3,61.9445079035772
B,LDB1,8861,3318,3,45.4113736685968
B,SLC25A2,83884,4487,3,61.4107394969843
B,NSD1,64324,1767,3,24.1838147294788
B,RAB34,83871,3956,3,54.1432773456809
B,PLA2G12B,84647,3776,3,51.6797308537136
B,RINT1,60561,4870,3,66.6526189771147
B,KCNJ13,3769,5902,3,80.7769521977271
B,WDTC1,23038,2776,3,37.9933614538954
B,CREBRF,153222,3027,3,41.4286401732497
B,KLHDC10,23008,3568,3,48.8329660185514
B,ASTL,431705,6800,3,93.0673119187639
B,TTC24,164118,4528,3,61.9718806423769
B,ANP32B,10541,2610,3,35.7214241335255
B,CLDND2,125875,4759,3,65.1334319737349
B,RRAGB,10325,5281,3,72.27771680044
B,LIMS2,55679,6287,3,86.0462044166571
B,FAM220A,84792,2381,3,32.5872455409672
B,IRAK2,3656,3353,3,45.8903965975905
B,INSC,387755,4097,3,56.0730554310552
B,HOXB3,3213,3610,3,49.4077935333438
B,METTL7B,196410,5818,3,79.6272971681424
B,DHRS13,147015,3466,3,47.4369563397699
B,GIMAP1,170575,4663,3,63.8195405113523
B,RNF5,6048,4469,3,61.1643848477876
B,MICB,4277,4354,3,59.5904523668085
B,CCDC6,8030,1891,3,25.8809245350562
B,ELOF1,84337,3129,3,42.8246498520312
B,ATP2B1,490,4848,3,66.3515188503187
B,SGTB,54557,3538,3,48.4223749365568
B,TAS2R5,54429,2024,3,27.7012116652321
B,LATS1,9113,3291,3,45.0418416948017
B,KIAA1161,57462,2646,3,36.214133431919
B,CEP120,153241,3853,3,52.7335812974996
B,FAM133A,286499,4911,3,67.2137601225072
B,FSTL4,23105,3093,3,42.3319405536377
B,POLDIP2,26073,1341,3,18.3534213651562
B,RIBC2,26150,4409,3,60.3432026837985
B,FAM170B,170370,4731,3,64.75021363054
B,GUCA1C,9626,5231,3,71.5933983304491
B,AGAP2,116986,6611,3,90.4805881021982
B,AGAP9,642517,759,1,10.387954374462
B,CD37,951,4939,3,67.5969784657022
B,ACACB,32,4512,3,61.7528987319798
B,CCDC151,115948,5956,3,81.5160161453173
B,ACTA2,59,4932,3,67.5011738799034
B,YIPF4,84272,3094,3,42.3456269230376
B,EMC7,56851,4268,3,58.4134245984241
B,LRRTM3,347731,3799,3,51.9945173499094
B,UBQLN1,29979,3668,3,50.2016029585332
B,CAPS,828,5724,3,78.3407784445595
B,RRM2,6241,2369,3,32.4230091081693
B,TTC31,64427,3664,3,50.1468574809339
B,KCP,375616,5499,3,75.2613453296004
B,LDB3,11155,2661,3,36.4194289729163
B,PTP4A2,8073,3592,3,49.161438884147
B,SP1,6667,2575,3,35.2424012045319
B,TAC4,255061,3024,3,41.3875810650503
B,SLFN12L,100506736,4439,3,60.753793765793
B,SIRT6,51548,3860,3,52.8293858832983
B,ZBTB16,7704,2223,3,30.4247991757959
B,MMP14,4323,4254,3,58.2218154268267
B,H1FOO,132243,7462,3,102.127688461443
B,MED14,9282,3828,3,52.3914220625041
B,GEMIN8,54960,7291,3,99.7873192940746
B,RSPH9,221421,2740,3,37.5006521555019
B,SYN2,6854,2071,3,28.3444710270235
B,RABGGTB,5876,3191,3,43.6732047548199
B,PSMD14,10213,5162,3,70.6490388418616
B,TLL2,7093,1690,3,23.1299642856928
B,OR8D1,283159,3342,3,45.7398465341925
B,IL1RN,3557,3807,3,52.1040083051079
B,CXorf40A,91966,4382,3,59.9736707100034
B,PANX1,24145,3444,3,47.1358562129739
B,CAMK2G,818,3435,3,47.0126788883756
B,RAB7B,338382,4452,3,60.9317165679907
B,TSPY1,7258,6475,3,88.6192418638229
B,MRPL57,78988,4342,3,59.4262159340107
B,STX6,10228,4543,3,62.1771761833741
B,WDR43,23160,3328,3,45.548237362595
B,KRTAP10-4,386672,8142,3,111.43441965332
B,AQP6,363,5871,3,80.3526747463327
B,PDZD11,51248,6341,3,86.7852683642473
B,VWF,7450,3102,3,42.4551178782361
B,CTNNB1,1499,4358,3,59.6451978444078
B,PECAM1,5175,1168,3,15.9856794589877
B,EML5,161436,736,3,10.0731678782662
B,UBE2E2,7325,5917,3,80.9822477387244
B,DUSP19,142679,3764,3,51.5154944209158
B,IFT57,55081,2008,3,27.482229754835
B,GUCY2D,3000,3167,3,43.3447318892243
B,AP1S2,8905,1880,3,25.7303744716582
B,ATXN1L,342371,2634,3,36.0498969991212
B,HFE2,148738,2641,3,36.1457015849199
B,INHBC,3626,6617,3,90.5627063185971
B,KIF14,9928,6591,3,90.2068607142018
B,UCP2,7351,3549,3,48.5729249999548
B,TERF2IP,54386,3134,3,42.8930816990303
B,ANKRD29,147463,1076,3,14.7265334742044
B,KLHL41,10324,4129,3,56.5110192518494
B,ZNF729,100287226,3856,3,52.774640405699
B,LTC4S,4056,4831,3,66.1188505705218
B,CD53,963,4141,3,56.6752556846472
B,KIAA0930,23313,5038,3,68.9519290362842
B,DARS2,55157,3775,3,51.6660444843138
B,RAB8A,4218,5699,3,77.998619209564
B,HKR1,284459,2260,3,30.9311948435892
B,ATP2B4,493,2582,3,35.3382057903306
B,TXNL4B,54957,2770,3,37.9112432374964
B,ADARB2,105,4593,3,62.861494653365
B,AMBP,259,5204,3,71.223866356654
B,MAPT,4137,2244,3,30.7122129331921
B,ZSCAN20,7579,2979,3,40.7716944420585
B,C5AR2,27202,3246,3,44.4259550718099
B,ZNF483,158399,2228,3,30.493231022795
B,ZFHX4,79776,5752,3,78.7239967877544
B,TMEM232,642987,6726,3,92.0545205831773
B,ANXA10,11199,4469,3,61.1643848477876
B,LRRTM2,26045,3675,3,50.2974075443319
B,TLX2,3196,1723,3,23.5816144758868
B,ZNF234,10780,5067,3,69.3488337488789
B,LOC100131303,100131303,3903,3,53.4178997674905
B,MAD2L1BP,9587,1761,3,24.1016965130799
B,LCE3E,353145,3386,3,46.3420467877845
B,SLC2A3,6515,5383,3,73.6737264792215
B,MTRR,4552,4105,3,56.1825463862538
B,AKIRIN1,79647,2938,3,40.2105532966659
B,TOM1L1,10040,2653,3,36.3099380177177
B,ARMCX4,100131755,3286,3,44.9734098478027
B,NFIA,4774,6457,3,88.3728872146262
B,TMA7,51372,3160,3,43.2489273034256
B,TCEA1,6917,1471,3,20.1326493871326
B,ZGLP1,100125288,4654,3,63.696363186754
B,DYNC1I2,1781,5973,3,81.7486844251142
B,RIPPLY1,92129,2434,3,33.3126231191575
B,LOXL3,84695,1478,3,20.2284539729313
B,LYG2,254773,3400,3,46.5336559593819
B,NPY1R,4886,1797,3,24.5944058114733
B,ALDOB,229,4206,3,57.5648696956354
B,TNNT1,7138,4415,3,60.4253209001974
B,CCT8,10694,5277,3,72.2229713228407
B,OTOGL,283310,3621,3,49.5583435967417
B,WARS2,10352,3218,3,44.042736728615
B,CFI,3426,4803,3,65.7356322273269
B,TOR1AIP1,26092,3090,3,42.2908814454383
B,EPGN,255324,4459,3,61.0275211537894
B,ACTL6A,86,4514,3,61.7802714707794
B,GIP,2695,5898,3,80.7222067201278
B,LILRA1,11024,2894,3,39.6083530430739
B,CLDN4,1364,5509,3,75.3982090235985
B,ADGRE3,84658,4116,3,56.3330964496518
B,SAPCD1,401251,3957,3,54.1569637150807
B,TRIM69,140691,3967,3,54.2938274090789
B,MCCD1,401250,4361,3,59.6862569526072
B,FOXD4L1,200350,4568,3,62.5193354183696
B,SELENOK,58515,5179,3,70.8817071216585
B,ZNF580,51157,3967,3,54.2938274090789
B,MMP16,4325,3692,3,50.5300758241289
B,LSP1,4046,4471,3,61.1917575865872
B,DGKZ,8525,3314,3,45.3566281909976
B,PCYT1B,9468,5055,3,69.1845973160811
B,QTRT1,81890,4221,3,57.7701652366327
B,ART4,420,3452,3,47.2453471681725
B,POGLUT1,56983,5186,3,70.9775117074572
B,ACOT8,10005,2908,3,39.7999622146714
B,HIST1H3J,8356,1371,3,18.7640124471508
B,ZNF776,284309,2240,3,30.6574674555928
B,ZNF484,83744,3771,3,51.6112990067145
B,TMBIM6,7009,5036,3,68.9245562974845
B,ATG12,9140,8533,3,116.785790088649
B,C22orf15,150248,6248,3,85.5124360100642
B,NFKBIA,4792,2727,3,37.3227293533043
B,SERPINA2,390502,5565,3,76.1646457099884
B,S100B,6285,3818,3,52.2545583685059
B,LCN12,286256,8054,3,110.230019146136
B,FUT6,2528,8596,3,117.648031360837
B,APOL3,80833,4221,3,57.7701652366327
B,RPS21,6227,2445,3,33.4631731825555
B,TMEM101,84336,4229,3,57.8796561918312
B,MYLK4,340156,4354,3,59.5904523668085
B,RPS25,6230,2534,3,34.6812600591394
B,COPS3,8533,2967,3,40.6074580092606
B,C5orf46,389336,3696,3,50.5848213017281
B,SLC39A6,25800,1948,3,26.6610475908459
B,F2R,2149,3255,3,44.5491323964083
B,FAM133B,257415,5534,3,75.740368258594
B,DDX6,1656,5326,3,72.8936034234318
B,ARPC2,10109,5094,3,69.718365722674
B,FAM149B1,317662,4174,3,57.1269058748412
B,TBX21,30009,2818,3,38.5681889686877
B,INSM2,84684,4716,3,64.5449180895427
B,IFNK,56832,6775,3,92.7251526837684
B,UPK3B,80761,6170,3,84.4448991968784
B,KRTAP13-3,337960,6066,3,83.0215167792973
B,PCTP,58488,4693,3,64.2301315933469
B,FAM189A2,9413,4797,3,65.653514010928
B,BST1,683,5465,3,74.7960087700065
B,ZNF154,7710,4220,3,57.7564788672329
B,CYSLTR1,10800,5726,3,78.3681511833591
B,OR56A1,120796,7367,3,100.827483368461
B,P2RY1,5028,3316,3,45.3840009297972
B,ELOA3B,728929,5945,3,81.3654660819193
B,AKR1B10,57016,5157,3,70.5806069948625
B,OR2A7,401427,1960,1,26.8252840236437
B,GPR78,27201,2410,3,32.9841502535619
B,BLVRB,645,6827,3,93.4368438925589
B,SEL1L2,80343,4263,3,58.344992751425
B,EGF,1950,4380,3,59.9462979712038
B,GNG13,51764,2199,3,30.0963263102003
B,HAPLN2,60484,4184,3,57.2637695688394
B,LMOD2,442721,5495,3,75.2065998520011
B,CAPZA3,93661,6217,3,85.0881585586698
B,CORO1A,11151,5466,3,74.8096951394064
B,PSG1,5669,8199,3,112.21454270911
B,DCAF12,25853,4815,3,65.8998686601247
B,ETV7,51513,6385,3,87.3874686178393
B,KRT35,3886,5552,3,75.9867229077907
B,TCF23,150921,7597,3,103.975348330419
B,TDG,6996,4877,3,66.7484235629134
B,TBX6,6911,4395,3,60.1515935122011
B,RDH10,157506,5584,3,76.4246867285849
B,SPRR2G,6706,4734,3,64.7912727387394
B,BTRC,8945,2457,3,33.6274096153534
B,NEDD8,4738,2208,3,30.2195036347986
B,TCTA,6988,2251,3,30.8080175189908
B,TMC6,11322,2994,3,40.9769899830557
B,ASPM,259266,5465,3,74.7960087700065
B,LBH,81606,3909,3,53.5000179838894
B,WDR13,64743,5591,3,76.5204913143836
B,HIST1H3G,8355,3877,3,53.0620541630952
B,HIST1H3I,8354,4553,3,62.3140398773723
B,ZXDA,7789,2365,3,32.3682636305701
B,ZNF236,7776,5536,3,75.7677409973936
B,CD38,952,4092,3,56.0046235840561
B,ALDH1A2,8854,5894,3,80.6674612425285
B,FAM227B,196951,3401,3,46.5473423287818
B,SORBS1,10580,3824,3,52.3366765849049
B,RERGL,79785,8411,3,115.116053021871
B,METTL18,92342,6308,3,86.3336181740533
B,THOC5,8563,6020,3,82.3919437869056
B,SAMHD1,25939,5147,3,70.4437433008643
B,ARHGAP22,58504,5186,3,70.9775117074572
B,OR10R2,343406,6179,3,84.5680765214767
B,PTGR1,22949,3518,3,48.1486475485605
B,PARD6G,84552,1934,3,26.4694384192484
B,ACE2,59272,6740,3,92.2461297547748
B,GPR18,2841,5252,3,71.8808120878452
B,EVPL,2125,3304,3,45.2197644969994
B,OR2AG2,338755,3915,3,53.5821362002883
B,OR2AG1,144125,7144,3,97.7754229923013
B,TEKT5,146279,5231,3,71.5933983304491
B,SLC17A9,63910,3888,3,53.2126042264932
B,ZNF121,7675,3887,3,53.1989178570934
B,ERVH48-1,90625,4520,3,61.8623896871783
B,LIME1,54923,7582,3,103.770052789422
B,PIGU,128869,5419,3,74.1664357776149
B,RIPK3,11035,6203,3,84.8965493870724
B,TOP2A,7153,5238,3,71.6892029162478
B,NLRP13,126204,4542,3,62.1634898139743
B,FMO1,2326,5179,3,70.8817071216585
B,ICAM2,3384,8628,3,118.085995181632
B,NPIPB3,23117,4185,3,57.2774559382392
B,MAGEA4,4103,3200,3,43.7963820794183
B,OTX1,5013,7178,3,98.2407595518951
B,MEI4,101928601,5264,3,72.0450485206431
B,OR2D3,120775,4461,3,61.0548938925891
B,CCDC169,728591,5227,3,71.5386528528498
B,CHIC2,26511,5589,3,76.493118575584
B,DEFB124,245937,6350,3,86.9084456888457
B,LRRN3,54674,5176,3,70.8406480134591
B,CASZ1,54897,2792,3,38.2123433642925
B,LRRIQ4,344657,6430,3,88.0033552408311
B,EMC2,9694,5389,3,73.7558446956204
B,CCNO,10309,5869,3,80.3253020075331
B,WDR25,79446,2988,3,40.8948717666568
B,JARID2,3720,3692,3,50.5300758241289
B,SMAD5,4090,3565,3,48.7919069103519
B,NUFIP2,57532,4698,3,64.298563440346
B,ACTL7A,10881,2440,3,33.3947413355564
B,HIST1H2AE,3012,5156,3,70.5669206254627
B,RAN,5901,1497,3,20.4884949915279
B,ADGRE2,30817,2701,3,36.966883748909
B,CCDC18,343099,2557,3,34.9960465553352
B,OR1J2,26740,3850,3,52.6925221893001
B,FAM207A,85395,3096,3,42.3729996618372
B,AKR1D1,6718,4693,3,64.2301315933469
B,FAM60A,58516,8567,3,117.251126648243
B,NLRP2B,286430,3980,3,54.4717502112765
B,MLN,4295,4614,3,63.1489084107612
B,PCF11,51585,4401,3,60.2337117286
B,CRLF2,64109,7214,3,98.7334688502886
B,TMC1,117531,3728,3,51.0227851225223
B,CCDC82,79780,4509,3,61.7118396237803
B,CFHR5,81494,4897,3,67.0221509509098
B,EEPD1,80820,7056,3,96.5710224851173
B,GOLGA8H,728498,3302,2,45.1923917581997
B,CUX1,1523,3171,3,43.3994773668235
B,ADAMTS1,9510,5441,3,74.4675359044109
B,PSPH,5723,3994,3,54.6633593828739
B,SMLR1,100507203,4940,3,67.610664835102
B,TMEM184A,202915,5343,3,73.1262717032287
B,C1orf54,79630,5502,3,75.3024044377998
B,TMEM231,79583,1158,3,15.8488157649895
B,ZNF266,10781,5488,3,75.1107952662024
B,CHADL,150356,6808,3,93.1768028739624
B,CD164,8763,3156,3,43.1941818258263
B,SMC3,9126,3754,3,51.3786307269176
B,LCE1F,353137,5738,3,78.5323876161569
B,NUGGC,389643,5229,3,71.5660255916494
B,RHOBTB1,9886,3369,3,46.1093785079876
B,AOAH,313,6540,3,89.5088558748111
B,ZNF660,285349,6765,3,92.5882889897702
B,YY2,404281,7016,3,96.0235677091246
B,RNF185,91445,5717,3,78.2449738587607
B,SLITRK6,84189,3729,3,51.0364714919221
B,ATP10B,23120,6010,3,82.2550800929075
B,HTR2B,3357,5496,3,75.2202862214009
B,HMG20B,10362,4999,3,68.4181606296913
B,RAB40A,142684,4081,3,55.8540735206581
B,EXOC6B,23233,3453,3,47.2590335375723
B,FLJ45513,729220,3541,3,48.4634340447563
B,L3MBTL3,84456,5052,3,69.1435382078816
B,ZNF593,51042,3829,3,52.4051084319039
B,ZMYM1,79830,4720,3,64.599663567142
B,FOXL2,668,2765,3,37.8428113904974
B,KIF7,374654,7117,3,97.4058910185062
B,RTCA,8634,5363,3,73.3999990912251
B,GPANK1,7918,5946,3,81.3791524513191
B,SHC1,6464,5799,3,79.3672561495458
B,BDH2,56898,3124,3,42.7562180050321
B,ZNF330,27309,4196,3,57.4280060016372
B,C8orf74,203076,4960,3,67.8843922230983
B,KCNQ4,9132,3359,3,45.9725148139894
B,DNAAF1,123872,3441,3,47.0947971047745
B,TMEM204,79652,5155,3,70.5532342560629
B,MARCH10,162333,3993,3,54.6496730134741
B,DGCR8,54487,2560,3,35.0371056635346
B,KBTBD4,55709,7571,3,103.619502726024
B,ZNF675,171392,5394,3,73.8242765426195
B,RNF39,80352,5451,3,74.6043995984091
B,INTS14,81556,4956,3,67.8296467454991
B,BRD8,10902,4164,3,56.990042180843
B,JMJD1C,221037,4934,3,67.5285466187031
B,TAF3,83860,2650,3,36.2688789095183
B,CRYGB,1419,4657,3,63.7374222949534
B,TXNRD1,7296,5886,3,80.55797028733
B,AIM2,9447,4805,3,65.7630049661265
B,ZNF155,7711,4282,3,58.6050337700216
B,RUNX2,860,5625,3,76.9858278739774
B,DGKK,139189,7262,3,99.3904145814799
B,OR4A5,81318,5961,3,81.5844479923164
B,ANO4,121601,3938,3,53.8969226964841
B,NAT9,26151,2338,3,31.998731656775
B,UQCC1,55245,5324,3,72.8662306846322
B,MTRF1,9617,6351,3,86.9221320582455
B,PCDHA9,9752,5416,3,74.1253766694155
B,LOC102724265,102724265,4101,3,56.1278009086545
B,CSNK1A1L,122011,3133,3,42.8793953296305
B,GSX2,170825,4465,3,61.1096393701883
B,TAF15,8148,5723,3,78.3270920751596
B,PRPS2,5634,6283,3,85.9914589390578
B,DEFA6,1671,7056,3,96.5710224851173
B,SSBP4,170463,2531,3,34.6402009509399
B,ARMT1,79624,5336,3,73.03046711743
B,ABTB1,80325,3545,3,48.5181795223556
B,TRANK1,9881,4711,3,64.4764862425436
B,CLEC4M,10332,6142,3,84.0616808536835
B,COL5A3,50509,3505,3,47.9707247463628
B,OR2T8,343172,5901,3,80.7632658283273
B,CLSTN2,64084,2419,3,33.1073275781603
B,PRUNE1,58497,3716,3,50.8585486897245
B,CCDC105,126402,5408,3,74.0158857142169
B,APOLD1,81575,5333,3,72.9894080092305
B,ITPKC,80271,5710,3,78.149169272962
B,PHGDH,26227,4467,3,61.137012108988
B,STAMBP,10617,3074,3,42.0718995350412
B,GFER,2671,3281,3,44.9049780008036
B,SLC43A3,29015,3917,3,53.6095089390879
B,CDK19,23097,3537,3,48.408688567157
B,MUC21,394263,5225,3,71.5112801140502
B,ADPRH,141,2601,3,35.5982468089272
B,MED23,9439,3541,3,48.4634340447563
B,EMC4,51234,4334,3,59.3167249788121
B,PSG2,5670,4273,3,58.4818564454232
B,LRSAM1,90678,5210,3,71.3059845730529
B,HELB,92797,4835,3,66.1735960481211
B,ABCF3,55324,3370,3,46.1230648773874
B,LAMB2,3913,5135,3,70.2795068680665
B,MFAP4,4239,6350,3,86.9084456888457
B,UNC5D,137970,3742,3,51.2143942941198
B,CXorf56,63932,2949,3,40.3611033600639
B,RND1,27289,5081,3,69.5404429204763
B,HOXA4,3201,3559,3,48.709788693953
B,EPOP,100170841,4307,3,58.9471930050171
B,OR2AT4,341152,5694,3,77.9301873625649
B,LOC643802,643802,4147,3,56.7573739010461
B,OR2C1,4993,5390,3,73.7695310650202
B,ZNF737,100129842,5410,3,74.0432584530165
B,LOC339862,339862,4871,3,66.6663053465145
B,TM6SF1,53346,2764,3,37.8291250210975
B,HIST1H2AK,8330,3907,3,53.4726452450898
B,EBF2,64641,5091,3,69.6773066144745
B,CRELD2,79174,3673,3,50.2700348055323
B,ZFAT,57623,6276,3,85.8956543532591
B,NRAP,4892,4301,3,58.8650747886181
B,LGALS14,56891,6503,3,89.0024602070178
B,SPDYE4,388333,4143,3,56.7026284234469
B,CMBL,134147,7516,3,102.866752409034
B,TP53BP2,7159,2393,3,32.751481973765
B,HPSE2,60495,4485,3,61.3833667581847
B,SLC38A10,124565,4573,3,62.5877672653687
B,STX16,8675,7315,3,100.11579215967
B,GK,2710,6257,3,85.6356133346626
B,BHLHE23,128408,7662,3,104.864962341407
B,TMPRSS11E,28983,6130,3,83.8974444208857
B,LIN28B,389421,4704,3,64.3806816567449
B,PNRC1,10957,3799,3,51.9945173499094
B,XKR5,389610,4488,3,61.4244258663841
B,THOC2,57187,5922,3,81.0506795857235
B,KARS,3735,4421,3,60.5074391165963
B,KLHL18,23276,7601,3,104.030093808018
B,VPS41,27072,4886,3,66.8716008875118
B,ARHGEF7,8874,3689,3,50.4890167159294
B,LRIT2,340745,8142,3,111.43441965332
B,ESX1,80712,4288,3,58.6871519864205
B,C1QTNF8,390664,2880,3,39.4167438714765
B,PRG3,10394,4842,3,66.2694006339198
B,EXOC3L2,90332,5713,3,78.1902283811615
B,NAALAD2,10003,5339,3,73.0715262256294
B,GBP2,2634,7217,3,98.774527958488
B,CCDC93,54520,1751,3,23.9648328190817
B,HIST1H2AJ,8331,2302,2,31.5060223583815
B,ZNF519,162655,5324,3,72.8662306846322
B,ANKRD20A3,441425,2051,2,28.0707436390272
B,LIPT1,51601,3582,3,49.0245751901488
B,SLC9B2,133308,4826,3,66.0504187235227
B,SOCS5,9655,1824,3,24.9639377852684
B,MAGEA10-MAGEA5,100533997,1330,1,18.2028713017582
B,MSH2,4436,3716,3,50.8585486897245
B,CMPK2,129607,4013,3,54.9234004014705
B,SUCLG2,8801,2632,3,36.0225242603215
B,ZNF354B,117608,5232,3,71.6070846998489
B,BVES,11149,2694,3,36.8710791631103
B,DVL2,1856,3136,3,42.9204544378299
B,CABYR,26256,1556,3,21.2959907861171
B,HHIP,64399,4053,3,55.4708551774632
B,FUT10,84750,6582,3,90.0836833896035
B,NFKB1,4790,2057,3,28.1528618554261
B,CRHBP,1393,4005,3,54.8139094462719
B,TRMT2B,79979,4699,3,64.3122498097458
B,ATG3,64422,5217,3,71.4017891588516
B,GMPR2,51292,7798,3,106.726308579782
B,FOXO1,2308,3256,3,44.5628187658081
B,C7orf73,647087,3464,3,47.4095836009703
B,SMYD5,10322,5063,3,69.2940882712796
B,ASPHD1,253982,4900,3,67.0632100591092
B,TM9SF2,9375,9930,3,135.905648140195
B,KRTAP4-4,84616,5982,2,81.8718617497125
B,OR52K2,119774,6439,3,88.1265325654295
B,ZNF709,163051,4210,3,57.6196151732347
B,ICA1L,130026,5230,3,71.5797119610493
B,BOLA2,552900,3039,3,41.5928766060476
B,RASAL2,9462,3701,3,50.6532531487272
B,SNIP1,79753,4585,3,62.7520036981665
B,SNRPD3,6634,3371,3,46.1367512467872
B,RPP30,10556,5676,3,77.6838327133682
B,MRGPRE,116534,4278,3,58.5502882924223
B,XKR9,389668,7065,3,96.6941998097157
B,BORCS8,729991,5017,3,68.664515278888
B,C8orf86,389649,6533,3,89.4130512890124
B,GTPBP8,29083,4386,3,60.0284161876027
B,CHKB,1120,2468,3,33.7779596787514
B,OR5B3,441608,5800,3,79.3809425189456
B,XKR6,286046,4015,3,54.9507731402701
B,RAB29,8934,7290,3,99.7736329246748
B,RIMBP3B,440804,1522,3,20.8306542265233
B,BPIFB3,359710,5336,3,73.03046711743
B,FAM163B,642968,3576,3,48.9424569737499
B,ABCA1,19,5341,3,73.0988989644291
B,PHB2,11331,2892,3,39.5809803042743
B,RSU1,6251,5304,3,72.5925032966358
B,TTC28,23331,3950,3,54.0611591292819
B,MALRD1,340895,4715,3,64.5312317201429
B,PGBD5,79605,3030,3,41.4696992814492
B,RPS3,6188,4150,3,56.7984330092456
B,KRTAP4-2,85291,4849,3,66.3652052197185
B,BEND5,79656,2412,3,33.0115229923615
B,MOBP,4336,4944,3,67.6654103127012
B,MRGPRX1,259249,4350,3,59.5357068892092
B,OPA1,4976,4836,3,66.1872824175209
B,OR11H12,440153,1727,1,23.6363599534861
B,ASPH,444,3591,3,49.1477525147472
B,RARB,5915,6262,3,85.7040451816616
B,CCDC43,124808,3667,3,50.1879165891334
B,WT1,7490,5204,3,71.223866356654
B,RPS18,6222,3773,3,51.6386717455141
B,CPA6,57094,5583,3,76.4110003591851
B,SDC2,6383,5827,3,79.7504744927407
B,SYDE1,85360,1486,3,20.3379449281299
B,OR52W1,120787,5661,3,77.4785371723709
B,PRPF3,9129,6340,3,86.7715819948475
B,NFIC,4782,2455,3,33.6000368765537
B,TEX38,374973,6902,3,94.4633215975453
B,OR6B1,135946,5461,3,74.7412632924073
B,CAPN12,147968,2748,3,37.6101431107005
B,CCDC167,154467,5392,3,73.7969038038198
B,NME6,10201,5221,3,71.4565346364509
B,F11,2160,3372,3,46.150437616187
B,TTR,7276,4591,3,62.8341219145654
B,LIG1,3978,5181,3,70.9090798604582
B,PABPC1L2B,645974,1613,1,22.0761138419068
B,NR2F2,7026,5590,3,76.5068049449838
B,OR4F15,390649,6023,3,82.4330028951051
B,ARHGAP23,57636,4151,3,56.8121193786454
B,PTRH1,138428,3436,3,47.0263652577754
B,DUS3L,56931,4993,3,68.3360424132923
B,C1orf162,128346,3671,3,50.2426620667327
B,ASAH2,56624,5342,3,73.1125853338289
B,BANP,54971,2880,3,39.4167438714765
B,KRT71,112802,7472,3,102.264552155442
B,MPP5,64398,1698,3,23.2394552408913
B,BLID,414899,8362,3,114.44542092128
B,ANKRD30B,374860,5513,3,75.4529545011978
B,TFAP2A,7020,5184,3,70.9501389686576
B,HEPACAM,220296,5893,3,80.6537748731287
B,MYPN,84665,3368,3,46.0956921385878
B,DPP8,54878,4572,3,62.5740808959689
B,SPRR4,163778,3749,3,51.3101988799185
B,U2AF1L4,199746,6554,3,89.7004650464086
B,SPTLC3,55304,3680,3,50.365839391331
B,ARAP1,116985,4974,3,68.0760013946958
B,GAL3ST1,9514,8064,3,110.366882840134
B,USMG5,84833,5857,3,80.1610655747353
B,SREBF2,6721,2769,3,37.8975568680966
B,CASC3,22794,5542,3,75.8498592137925
B,ST8SIA4,7903,2603,3,35.6256195477268
B,SETMAR,6419,5060,3,69.2530291630802
B,ZNF626,199777,3219,3,44.0564230980148
B,MYO15B,80022,2669,3,36.5289199281148
B,MGMT,4255,5009,3,68.5550243236894
B,ZNF181,339318,2597,3,35.5435013313279
B,COX6C,1345,5863,3,80.2431837911342
B,CCR1,1230,5784,3,79.1619606085486
B,ZNF83,55769,5458,3,74.7002041842078
B,ZNF808,388558,5881,3,80.4895384403309
B,ZNF211,10520,5265,3,72.0587348900429
B,FAM193A,8603,6931,3,94.86022631014
B,ZNF569,148266,5079,3,69.5130701816767
B,CENPJ,55835,6407,3,87.6885687446353
B,NRAS,4893,5177,3,70.8543343828589
B,GOLT1B,51026,5942,3,81.3244069737198
B,RILPL2,196383,5778,3,79.0798423921496
B,TMEM229A,730130,7595,3,103.947975591619
B,GUCA2B,2981,4704,3,64.3806816567449
B,CT62,196993,3640,3,49.8183846153383
B,LRIG2,9860,6060,3,82.9393985628984
B,WDR45,11152,2118,3,28.987730388815
B,SEC14L5,9717,4045,3,55.3613642222647
B,NSMCE2,286053,2558,3,35.009732924735
B,RNASE13,440163,8391,3,114.842325633875
B,TBC1D10A,83874,3666,3,50.1742302197336
B,MSN,4478,3952,3,54.0885318680816
B,C5orf30,90355,4290,3,58.7145247252201
B,RNF224,643596,3211,3,43.9469321428163
B,HBZ,3050,4502,3,61.6160350379816
B,OPN5,221391,5795,3,79.3125106719466
B,CYP4A11,1579,4275,3,58.5092291842229
B,RAG1,5896,4793,3,65.5987685333287
B,KRT84,3890,6635,3,90.8090609677938
B,SRSF10,10772,2424,3,33.1757594251594
B,ALDH1A1,216,4029,3,55.1423823118676
B,UBE3D,90025,3388,3,46.3694195265841
B,FAM187A,100528020,2961,2,40.5253397928617
B,DOK1,1796,5085,3,69.5951883980756
B,C6orf15,29113,4020,3,55.0192049872692
B,MPC1,51660,5887,3,80.5716566567298
B,ADGRD1,283383,3457,3,47.3137790151716
B,ARSA,410,2276,3,31.1501767539863
B,IGLL1,3543,7034,3,96.2699223583213
B,MIP,4284,3797,3,51.9671446111098
B,IQCF5,389124,5809,3,79.504119843544
B,PGBD2,267002,2410,3,32.9841502535619
B,DENND1A,57706,3962,3,54.2253955620798
B,UBC,7316,4369,3,59.7957479078058
B,SUSD5,26032,2940,3,40.2379260354655
B,SLC4A8,9498,5544,3,75.8772319525922
B,TMEM241,85019,3848,3,52.6651494505005
B,TRPC6,7225,5699,3,77.998619209564
B,LRRC32,2615,3209,3,43.9195594040166
B,TCP11L2,255394,2041,3,27.933879945029
B,KBTBD13,390594,2281,3,31.2186086009853
B,THAP8,199745,3811,3,52.1587537827072
B,CARMIL3,90668,2420,3,33.1210139475601
B,BCAT1,586,3426,3,46.8895015637772
B,WDR54,84058,5082,3,69.5541292898762
B,COA3,28958,5549,3,75.9456637995913
B,LHX2,9355,4168,3,57.0447876584423
B,SERPINB12,89777,4647,3,63.6005586009552
B,SHC3,53358,2358,3,32.2724590447714
B,SELL,6402,5231,3,71.5933983304491
B,TCF12,6938,1407,3,19.2567217455442
B,GNA14,9630,4911,3,67.2137601225072
B,DLX3,1747,5007,3,68.5276515848898
B,LOXL1,4016,2822,3,38.622934446287
B,ASH2L,9070,3223,3,44.1111685756141
B,LRRC71,149499,951,3,13.0157372992271
B,HTATSF1,27336,2148,3,29.3983214708095
B,TMUB1,83590,4269,3,58.427110967824
B,SACM1L,22908,6141,3,84.0479944842836
B,ZSCAN5B,342933,4770,3,65.2839820371329
B,BRPF1,7862,6979,3,95.5171720413313
B,PRAMEF10,343071,7680,3,105.111316990604
B,HIBADH,11112,2847,3,38.9650936812825
B,SASS6,163786,5107,3,69.8962885248716
B,RNF44,22838,5581,3,76.3836276203854
B,CRNKL1,51340,4005,3,54.8139094462719
B,HMX1,3166,1800,3,24.6354649196728
B,ATG10,83734,1599,3,21.8845046703093
B,KCNV2,169522,5506,3,75.3571499153991
B,FAM200B,285550,4105,3,56.1825463862538
B,KRTAP17-1,83902,4294,3,58.7692702028194
B,PHGR1,644844,7066,3,96.7078861791155
B,ZNF200,7752,3356,3,45.9314557057899
B,GLP2R,9340,4074,3,55.7582689348594
B,GPR143,4935,3547,3,48.5455522611552
B,CLTC,1213,4666,3,63.8605996195518
B,CHTOP,26097,4794,3,65.6124549027285
B,HIST1H2AL,8332,3730,3,51.0501578613219
B,RIT1,6016,2977,3,40.7443217032588
B,MYH7B,57644,5441,3,74.4675359044109
B,SPATA22,84690,4674,3,63.9700905747503
B,PDE10A,10846,2987,3,40.881185397257
B,CXCL12,6387,1877,3,25.6893153634588
B,ERLIN2,11160,3592,3,49.161438884147
B,RNF130,55819,7933,3,108.573968448758
B,LHX1,3975,3951,3,54.0748454986818
B,OLFML2B,25903,3515,3,48.107588440361
B,SKOR2,652991,4610,3,63.094162933162
B,SERPINB9,5272,2150,3,29.4256942096092
B,DEK,7913,1416,3,19.3798990701426
B,NPB,256933,3115,3,42.6330406804337
B,PHYHIP,9796,3190,3,43.6595183854201
B,CDH15,1013,5441,3,74.4675359044109
B,LIMS1,3987,3138,3,42.9478271766295
B,TRIM11,81559,3327,3,45.5345509931952
B,ORC2,4999,3107,3,42.5235497252352
B,PACSIN3,29763,3197,3,43.7553229712188
B,CRX,1406,3245,3,44.4122687024101
B,LCOR,84458,4044,3,55.3476778528649
B,DNTT,1791,4422,3,60.5211254859961
B,ZNF823,55552,5030,3,68.8424380810856
B,MRAS,22808,2706,3,37.0353155959081
B,DLGAP4,22839,4433,3,60.6716755493941
B,CDCA5,113130,4253,3,58.2081290574269
B,LRRC8A,56262,2615,3,35.7898559805246
B,HNRNPAB,3182,5665,3,77.5332826499702
B,SMAD3,4088,4920,3,67.3369374471056
B,LMBR1,64327,3577,3,48.9561433431498
B,TADA2B,93624,1809,3,24.7586422442711
B,IFNL4,101180976,3786,3,51.8165945477118
B,LYRM7,90624,4014,3,54.9370867708703
B,IGSF22,283284,3395,3,46.4652241123828
B,DSP,1832,2338,3,31.998731656775
B,TMEM164,84187,4952,3,67.7749012678998
B,TBC1D8B,54885,4487,3,61.4107394969843
B,SMPDL3A,10924,3987,3,54.5675547970752
B,ZNF429,353088,3326,3,45.5208646237954
B,CTSE,1510,4762,3,65.1744910819343
B,PGRMC2,10424,5946,3,81.3791524513191
B,APLP1,333,5214,3,71.3607300506522
B,SPAG5,10615,3522,3,48.2033930261598
B,RPS14,6208,4190,3,57.3458877852383
B,IRAK4,51135,4300,3,58.8513884192183
B,XCL1,6375,5732,3,78.450269399758
B,POTEC,388468,2616,3,35.8035423499244
B,PSMA2,5683,4487,3,61.4107394969843
B,PPP2R2A,5520,3160,3,43.2489273034256
B,KIAA1586,57691,4017,3,54.9781458790698
B,TIFAB,497189,4832,3,66.1325369399216
B,ALDH1A3,220,3221,3,44.0837958368145
B,APEH,327,2337,3,31.9850452873752
B,PRAMEF13,400736,6173,3,84.4859583050778
B,ENO2,2026,4379,3,59.932611601804
B,HBA1,3039,5397,3,73.8653356508189
B,NCAN,1463,2630,3,35.9951515215219
B,KRT18,3875,2995,3,40.9906763524555
B,RAP2B,5912,1453,3,19.8862947379359
B,COL19A1,1310,5431,3,74.3306722104127
B,C1D,10438,3499,3,47.8886065299639
B,GIGYF2,26058,5090,3,69.6636202450747
B,TBX4,9496,3596,3,49.2161843617463
B,EIF3C,8663,2117,3,28.9740440194152
B,TP53INP2,58476,2565,3,35.1055375105337
B,PROK1,84432,4201,3,57.4964378486363
B,PLEKHG3,26030,2092,3,28.6318847844197
B,SYDE2,84144,2905,3,39.7589031064719
B,IPPK,64768,6425,3,87.934923393832
B,MAGEB16,139604,4966,3,67.9665104394973
B,ERV3-1,2086,3890,3,53.2399769652929
B,ZNF629,23361,3720,3,50.9132941673238
B,MMADHC,27249,6606,3,90.4121562551991
B,DEFB105B,504180,1370,1,18.750326077751
B,TOGARAM2,165186,3854,3,52.7472676668994
B,PHC3,80012,6842,3,93.6421394335562
B,SLC6A14,11254,6242,3,85.4303177936653
B,HUWE1,10075,3793,3,51.9123991335105
B,AMER1,139285,4560,3,62.4098444631711
B,SP140L,93349,3222,3,44.0974822062143
B,KCTD1,284252,3398,3,46.5062832205823
B,CIB3,117286,5259,3,71.976616673644
B,IKZF5,64376,3596,3,49.2161843617463
B,PCDH9,5101,5971,3,81.7213116863146
B,CRNN,49860,2086,3,28.5497665680208
B,SLC5A12,159963,5133,3,70.2521341292669
B,PPP2R5C,5527,2621,3,35.8719741969235
B,USP4,7375,4651,3,63.6553040785545
B,SLU7,10569,9323,3,127.598021914505
B,AVPI1,60370,4616,3,63.1762811495609
B,TBC1D24,57465,4833,3,66.1462233093214
B,FTSJ3,117246,5131,3,70.2247613904673
B,C5orf66,100996485,7119,3,97.4332637573059
B,YAP1,10413,4967,3,67.9801968088971
B,CMPK1,51727,2469,3,33.7916460481512
B,LHCGR,3973,4228,3,57.8659698224314
B,BTNL8,79908,4982,3,68.1854923498943
B,ZDHHC13,54503,4692,3,64.2164452239471
B,KRT3,3850,5453,3,74.6317723372087
B,PRDX6,9588,2899,3,39.676784890073
B,POU4F1,5457,2405,3,32.9157184065628
B,SLAMF1,6504,2523,3,34.5307099957414
B,RING1,6015,5128,3,70.1837022822678
B,NFRKB,4798,5066,3,69.3351473794791
B,OR8K1,390157,4673,3,63.9564042053505
B,NBPF20,100288142,4615,2,63.1625947801611
B,SPATA31A6,389730,4692,3,64.2164452239471
B,KIAA1468,57614,4983,3,68.1991787192942
B,PDCD4,27250,6131,3,83.9111307902855
B,EIF4ENIF1,56478,6627,3,90.6995700125953
B,NBPF15,284565,2931,3,40.1147487108672
B,TMEM242,729515,3276,3,44.8365461538045
B,URB2,9816,1580,3,21.6244636517128
B,GABPA,2551,2620,3,35.8582878275237
B,PCBP2,5094,5774,3,79.0250969145504
B,CDC42EP3,10602,1974,3,27.0168931952412
B,SLC38A7,55238,6884,3,94.2169669483486
B,STIM2,57620,1985,3,27.1674432586392
B,GRHPR,9380,2469,3,33.7916460481512
B,RARRES2,5919,6967,3,95.3529356085335
B,RNFT2,84900,8236,3,112.720938376903
B,TNNT2,7139,5590,3,76.5068049449838
B,MAGEC2,51438,3178,3,43.4952819526223
B,ORMDL2,29095,5778,3,79.0798423921496
B,DNAH8,1769,3634,3,49.7362663989394
B,PTPN4,5775,4230,3,57.893342561231
B,CKMT1B,1159,7467,3,102.196120308443
B,KIAA1217,56243,4193,3,57.3869468934378
B,TRPM8,79054,4116,3,56.3330964496518
B,XCL2,6846,6368,3,87.1548003380424
B,CCL4,6351,5157,3,70.5806069948625
B,H2AFB2,474381,6997,3,95.763526690528
B,RHEBL1,121268,2415,3,33.052582100561
B,FAM131A,131408,4300,3,58.8513884192183
B,RNF175,285533,4163,3,56.9763558114432
B,MAP3K12,7786,4195,3,57.4143196322374
B,SHANK1,50944,5448,3,74.5633404902096
B,UBXN1,51035,1980,3,27.0990114116401
B,POLR2A,5430,3764,3,51.5154944209158
B,AHNAK2,113146,2703,3,36.9942564877086
B,TOM1,10043,4356,3,59.6178251056081
B,SHOX,6473,3327,3,45.5345509931952
B,GABRA2,2555,4721,3,64.6133499365418
B,CYB5R2,51700,3980,3,54.4717502112765
B,LRGUK,136332,3598,3,49.2435571005459
B,TLX3,30012,3056,3,41.8255448858445
B,CTNNA2,1496,3866,3,52.9115040996972
B,ZNF346,23567,1664,3,22.7741186812975
B,IL13RA1,3597,4773,3,65.3250411453323
B,NDUFA3,4696,1678,3,22.965727852895
B,KIAA0319L,79932,4585,3,62.7520036981665
B,GALNT1,2589,3022,3,41.3602083262506
B,MIA,8190,4223,3,57.7975379754323
B,ART3,419,4710,3,64.4627998731438
B,SUPT3H,8464,4448,3,60.8769710903914
B,MGME1,92667,3648,3,49.9278755705369
B,AGBL3,340351,4029,3,55.1423823118676
B,INTS11,54973,2619,3,35.8446014581239
B,MAP3K14,9020,2208,3,30.2195036347986
B,OBP2B,29989,3262,3,44.644936982207
B,FOXQ1,94234,4492,3,61.4791713439834
B,SHARPIN,81858,2939,3,40.2242396660657
B,SCARA5,286133,2602,3,35.611933178327
B,BTF3,689,5483,3,75.0423634192033
B,GOLGA6B,55889,3610,3,49.4077935333438
B,PLA2G2E,30814,3654,3,50.0099937869357
B,GDPD2,54857,3806,3,52.0903219357081
B,BRMS1L,84312,978,3,13.3852692730222
B,SLC5A9,200010,3804,3,52.0629491969085
B,GRM8,2918,3446,3,47.1632289517736
B,FOXD4L4,349334,2809,2,38.4450116440894
B,TMSB10,9168,5024,3,68.7603198646867
B,BSN,8927,2256,3,30.8764493659899
B,KCNF1,3754,2004,3,27.4274842772357
B,TRAPPC13,80006,3901,3,53.3905270286909
B,ADAT2,134637,3970,3,54.3348865172783
B,TMEM178B,100507421,3788,3,51.8439672865114
B,LGALS7B,653499,1209,1,16.5468206043802
B,APOH,350,5288,3,72.3735213862387
B,NAT2,10,4046,3,55.3750505916645
B,F10,2159,5740,3,78.5597603549565
B,PCDHGB4,8641,3112,3,42.5919815722343
B,C1QL3,389941,5927,3,81.1191114327225
B,DCTN5,84516,5382,3,73.6600401098216
B,RASAL1,8437,4717,3,64.5586044589425
B,GHRH,2691,6505,3,89.0298329458175
B,TRIT1,54802,3530,3,48.3128839813583
B,ANKRD55,79722,6150,3,84.171171808882
B,GRIK2,2898,2623,3,35.8993469357232
B,C4orf33,132321,1598,3,21.8708183009095
B,SOX11,6664,5723,3,78.3270920751596
B,CAND1,55832,6658,3,91.1238474639896
B,ZFAND4,93550,3865,3,52.8978177302974
B,NPFFR1,64106,2195,3,30.041580832601
B,CDH16,1014,2419,3,33.1073275781603
B,ZNF230,7773,5839,3,79.9147109255386
B,ZNF223,7766,2728,3,37.3364157227041
B,ALG1L,200810,3020,3,41.332835587451
B,RASD1,51655,2812,3,38.4860707522888
B,ODF3B,440836,3053,3,41.784485777645
B,CPOX,1371,2289,3,31.3280995561839
B,ATXN2L,11273,690,3,9.44359488587457
B,FGR,2268,2993,3,40.9633036136559
B,PTPRM,5797,3515,3,48.107588440361
B,MTCL1,23255,2855,3,39.074584636481
B,OLFM1,10439,4089,3,55.9635644758567
B,USP29,57663,4148,3,56.7710602704459
B,ANGPT4,51378,4236,3,57.97546077763
B,TMEM8C,389827,3313,3,45.3429418215977
B,FAM166B,730112,3741,3,51.2007079247199
B,NR4A3,8013,3445,3,47.1495425823737
B,FH,2271,1887,3,25.826179057457
B,HINFP,25988,6317,3,86.4567954986517
B,FNDC5,252995,884,3,12.0987505494393
B,SDC1,6382,5547,3,75.9182910607916
B,KEAP1,9817,2486,3,34.0243143279481
B,MFSD2B,388931,1951,3,26.7021066990453
B,NRARP,441478,1393,3,19.0651125739468
B,ADAMTS2,9509,2519,3,34.4759645181421
B,HSPH1,10808,2703,3,36.9942564877086
B,LIN7B,64130,3305,3,45.2334508663992
B,LAMA5,3911,1453,3,19.8862947379359
B,KCNB2,9312,1260,3,17.244825443771
B,CA3,761,4960,3,67.8843922230983
B,SCGB1C2,653486,4733,3,64.7775863693396
B,UBE2Q1,55585,1346,3,18.4218532121553
B,CALCR,799,4391,3,60.0968480346018
B,TMEM225B,100289187,2672,3,36.5699790363143
B,C1orf210,149466,4607,3,63.0531038249625
B,PRKRA,8575,791,3,10.8259181952562
B,MT1M,4499,2773,3,37.9523023456959
B,ZNF296,162979,4287,3,58.6734656170207
B,AGPAT2,10555,4496,3,61.5339168215827
B,MAX,4149,3313,3,45.3429418215977
B,ITGA8,8516,4021,3,55.032891356669
B,GABRQ,55879,4762,3,65.1744910819343
B,PTPN14,5784,6448,3,88.2497098900278
B,LMBRD1,55788,3615,3,49.4762253803429
B,CEBPD,1052,3791,3,51.8850263947109
B,QSOX2,169714,1752,3,23.9785191884815
B,NSMF,26012,4368,3,59.782061538406
B,WNT7B,7477,1956,3,26.7705385460444
B,ACOXL,55289,2437,3,33.353682227357
B,RUSC1,23623,4496,3,61.5339168215827
B,SCAP,22937,2527,3,34.5854554733406
B,ELMOD1,55531,1405,3,19.2293490067446
B,SSB,6741,5053,3,69.1572245772814
B,COPZ2,51226,3209,3,43.9195594040166
B,LINC02210-CRHR1,104909134,4574,3,62.6014536347685
B,KLC1,3831,2621,3,35.8719741969235
B,ZNF326,284695,3653,3,49.9963074175359
B,UBR4,23352,2434,3,33.3126231191575
B,ARAP3,64411,2351,3,32.1766544589726
B,UPF1,5976,3330,3,45.5756101013947
B,DCAF12L2,340578,4029,3,55.1423823118676
B,NOC4L,79050,2401,3,32.8609729289635
B,ELMO1,9844,2658,3,36.3783698647168
B,SLC6A3,6531,2970,3,40.6485171174601
B,AFAP1L1,134265,3919,3,53.6368816778876
B,IPP,3652,2356,3,32.2450863059717
B,BBC3,27113,3247,3,44.4396414412097
B,FAM49A,81553,5945,3,81.3654660819193
B,PSME2,5721,1634,3,22.363527599303
B,GUSB,2990,2757,3,37.7333204352988
B,SLC25A25,114789,3564,3,48.7782205409521
B,TCTE1,202500,1993,3,27.2769342138377
B,FAM221A,340277,1962,3,26.8526567624433
B,DYNLRB1,83658,1855,3,25.3882152366628
B,SLC25A22,79751,5017,3,68.664515278888
B,ZNF135,7694,4709,3,64.449113503744
B,GMPPA,29926,3840,3,52.5556584953019
B,UCN,7349,4461,3,61.0548938925891
B,SPDL1,54908,1304,3,17.8470256973629
B,LONRF3,79836,6022,3,82.4193165257053
B,TTC22,55001,1704,3,23.3215734572902
B,IRF6,3664,5345,3,73.1536444420283
B,BEND3,57673,1136,3,15.5477156381935
B,ARID4B,51742,3152,3,43.139436348227
B,CALML5,51806,3299,3,45.1513326500003
B,PP2D1,151649,6623,3,90.644824534996
B,CALHM1,255022,5093,3,69.7046793532742
B,KDM4A,9682,3752,3,51.3512579881179
B,EXO5,64789,3592,3,49.161438884147
B,TMEM128,85013,2251,3,30.8080175189908
B,XAGE1B,653220,507,1,6.93898928570783
B,RIMBP2,23504,1953,3,26.729479437845
B,TRPV2,51393,2494,3,34.1338052831466
B,PCDHGB1,56104,3876,3,53.0483677936954
B,PCED1B,91523,2617,3,35.8172287193243
B,PGF,5228,6196,3,84.8007448012737
B,SIGLEC8,27181,2266,3,31.0133130599881
B,ZSWIM3,140831,2634,3,36.0498969991212
B,CD63,967,4147,3,56.7573739010461
B,TACSTD2,4070,2944,3,40.2926715130648
B,WDR12,55759,3783,3,51.7755354395123
B,CIART,148523,5296,3,72.4830123414373
B,PSMA5,5686,1868,3,25.5661380388604
B,NXF3,56000,5950,3,81.4338979289184
B,LOC101927322,101927322,5665,3,77.5332826499702
B,MPPED2,744,5015,3,68.6371425400883
B,PRPF31,26121,3255,3,44.5491323964083
B,GFPT2,9945,3021,3,41.3465219568508
B,EGR4,1961,1635,3,22.3772139687028
B,LRIG1,26018,3080,3,42.1540177514401
B,SUGP2,10147,1441,3,19.722058305138
B,AGPAT3,56894,5163,3,70.6627252112614
B,CXCL1,2919,5878,3,80.4484793321315
B,DNASE1L3,1776,5040,3,68.9793017750838
B,LRFN3,79414,2748,3,37.6101431107005
B,SRP9,6726,2149,3,29.4120078402093
B,RERE,473,1653,3,22.6235686178995
B,LRRN2,10446,3214,3,43.9879912510157
B,ASAH2B,653308,3326,3,45.5208646237954
B,HADHA,3030,2736,3,37.4459066779026
B,HAMP,57817,4523,3,61.9034487953778
B,FKBP3,2287,2543,3,34.8044373837377
B,CHCHD4,131474,1659,3,22.7056868342984
B,FGFBP2,83888,3861,3,52.8430722526981
B,RRAD,6236,4775,3,65.352413884132
B,CYP2A6,1548,3834,3,52.473540278903
B,EBP,10682,5225,3,71.5112801140502
B,COL2A1,1280,4443,3,60.8085392433923
B,SMAD1,4086,1677,3,22.9520414834951
B,TCP11X2,100996648,6665,3,91.2196520497884
B,CIDEA,1149,3227,3,44.1659140532134
B,SPRED3,399473,982,3,13.4400147506215
B,IREB2,3658,4368,3,59.782061538406
B,FARP2,9855,2978,3,40.7580080726586
B,PPP2CB,5516,3574,3,48.9150842349503
B,KRTAP5-5,439915,995,3,13.6179375528191
B,YPEL1,29799,3449,3,47.204288059973
B,RGPD4,285190,7089,3,97.0226726753113
B,POLR2J3,548644,5062,3,69.2804019018798
B,MAGIX,79917,2671,3,36.5562926669144
B,PCSK1,5122,7918,3,108.368672907761
B,SCN8A,6334,2607,3,35.6803650253261
B,SDCCAG3,10807,5287,3,72.3598350168389
B,CNOT10,25904,6431,3,88.0170416102309
B,TRIM52,84851,3265,3,44.6859960904065
B,STRADA,92335,4266,3,58.3860518596245
B,PELI1,57162,6519,3,89.2214421174149
B,SLC7A3,84889,6002,3,82.1455891377089
B,CXXC5,51523,3698,3,50.6121940405278
B,B3GNT3,10331,3700,3,50.6395667793274
B,SPTY2D1,144108,3843,3,52.5967176035014
B,DIO1,1733,6181,3,84.5954492602764
B,SYT14,255928,5501,3,75.2887180684
B,PDGFB,5155,4873,3,66.6936780853142
B,ARID3C,138715,4243,3,58.0712653634287
B,POMC,5443,4968,3,67.9938831782969
B,KCNQ3,3786,7724,3,105.713517244196
B,MAP1A,4130,4060,3,55.566659763262
B,RBM6,10180,7179,3,98.2544459212949
B,NUDT9,53343,2829,3,38.7187390320857
B,TSPYL2,64061,4431,3,60.6443028105945
B,GRB10,2887,3306,3,45.247137235799
B,MRPL42,28977,4878,3,66.7621099323132
B,ACRBP,84519,4017,3,54.9781458790698
B,FKBP7,51661,3201,3,43.8100684488181
B,C16orf71,146562,6387,3,87.4148413566389
B,RNF183,138065,4471,3,61.1917575865872
B,CENPX,201254,6812,3,93.2315483515617
B,ADGRB1,575,3821,3,52.2956174767054
B,FGF13,2258,5512,3,75.439268131798
B,LYL1,4066,3181,3,43.5363410608217
B,TCTEX1D4,343521,3852,3,52.7198949280998
B,PHF1,5252,3016,3,41.2780901098517
B,IFT74,80173,4773,3,65.3250411453323
B,GKAP1,80318,2020,3,27.6464661876328
B,CHMP4C,92421,3836,3,52.5009130177027
B,MCM7,4176,967,3,13.2347192096242
B,FA2H,79152,4915,3,67.2685056001065
B,ADAM18,8749,5722,3,78.3134057057598
B,KRTAP23-1,337963,6125,3,83.8290125738866
B,C16orf72,29035,2206,3,30.192130895999
B,RNF181,51255,5632,3,77.0816324597762
B,CMTM1,113540,5431,3,74.3306722104127
B,DNAJB9,4189,6811,3,93.2178619821619
B,CTDSP1,58190,8604,3,117.757522316036
B,CARTPT,9607,3233,3,44.2480322696123
B,SLC6A12,6539,6882,3,94.1895942095489
B,CSDE1,7812,5094,3,69.718365722674
B,CYP24A1,1591,6099,3,83.4731669694913
B,LHFPL2,10184,2997,3,41.0180490912552
B,TPR,7175,6022,3,82.4193165257053
B,SOCS2,8835,5164,3,70.6764115806613
B,SIGLEC1,6614,4510,3,61.7255259931801
B,OR4C6,219432,4263,3,58.344992751425
B,OR2F2,135948,4150,3,56.7984330092456
B,IFI27,3429,7073,3,96.8036907649142
B,KRT37,8688,6514,3,89.1530102704158
B,BTG1,694,5319,3,72.7977988376331
B,VCX3A,51481,3197,2,43.7553229712188
B,LOC283357,283357,5140,3,70.3479387150656
B,C1QTNF1,114897,4161,3,56.9489830726436
B,ILVBL,10994,4692,3,64.2164452239471
B,NUP210,23225,3471,3,47.505388186769
B,IL36B,27177,5685,3,77.8070100379665
B,KRT16,3868,5953,3,81.4749570371178
B,TMEM177,80775,4188,3,57.3185150464387
B,MARK3,4140,3235,3,44.2754050084119
B,LRRTM1,347730,4140,3,56.6615693152474
B,PRSS36,146547,4818,3,65.9409277683242
B,SH2B1,25970,5214,3,71.3607300506522
B,CST2,1470,6200,3,84.8554902788729
B,HAP1,9001,4261,3,58.3176200126254
B,SLC25A31,83447,5509,3,75.3982090235985
B,CDC14A,8556,3975,3,54.4033183642774
B,RAB6A,5870,3897,3,53.3357815510916
B,GRM5,2915,7122,3,97.4743228655053
B,CCDC77,84318,6023,3,82.4330028951051
B,SLC9A9,285195,3379,3,46.2462422019857
B,FCGBP,8857,6629,3,90.7269427513949
B,RND3,390,4741,3,64.8870773245382
B,ESRP2,80004,3908,3,53.4863316144896
B,SDAD1,55153,6474,3,88.6055554944231
B,IAPP,3375,4826,3,66.0504187235227
B,KLHL5,51088,1832,3,25.073428740467
B,ARL1,400,6210,3,84.9923539728711
B,SP9,100131390,2666,3,36.4878608199154
B,CIAO1,9391,3946,3,54.0064136516827
B,TECPR2,9895,2382,3,32.600931910367
B,IL27RA,9466,3764,3,51.5154944209158
B,TNFAIP8L1,126282,1695,3,23.1983961326919
B,C1QTNF6,114904,6463,3,88.4550054310251
B,ZSCAN32,54925,2997,3,41.0180490912552
B,CATSPERZ,25858,4409,3,60.3432026837985
B,ZNF385D,79750,5240,3,71.7165756550474
B,HNRNPA3,220988,2205,3,30.1784445265992
B,ZNF852,285346,5591,3,76.5204913143836
B,TXN,7295,5753,3,78.7376831571542
B,RAD23B,5887,5262,3,72.0176757818434
B,GLYR1,84656,3655,3,50.0236801563356
B,PTGR2,145482,3244,3,44.3985823330103
B,SPTAN1,6709,4764,3,65.201863820734
B,TSPO,706,4354,3,59.5904523668085
B,PDE4DIP,9659,2641,3,36.1457015849199
B,THEM5,284486,5772,3,78.9977241757507
B,CCDC85B,11007,1607,3,21.9939956255079
B,KRTAP10-10,353333,5817,3,79.6136107987426
B,YPEL3,83719,1589,3,21.7476409763111
B,TLN2,83660,3665,3,50.1605438503338
B,NIF3L1,60491,3258,3,44.5901915046077
B,PRAMEF20,645425,3910,3,53.5137043532892
B,DEPDC1,55635,2562,3,35.0644784023343
B,RNMT,8731,5020,3,68.7055743870874
B,C20orf196,149840,6389,3,87.4422140954386
B,SULT1C2,6819,4943,3,67.6517239433014
B,ZNF84,7637,6755,3,92.451425295772
B,LY6G6F,259215,5128,3,70.1837022822678
B,ZFYVE16,9765,4267,3,58.3997382290243
B,DDB1,1642,5239,3,71.7028892856476
B,NSUN2,54888,4277,3,58.5366019230225
B,HYOU1,10525,5791,3,79.2577651943473
B,CCT6B,10693,4769,3,65.2702956677331
B,CCDC54,84692,4749,3,64.9965682797367
B,NPC2,10577,5472,3,74.8918133558053
B,XRCC6,2547,2962,3,40.5390261622615
B,USE1,55850,4475,3,61.2465030641865
B,CCDC84,338657,1883,3,25.7714335798577
B,NUP37,79023,5125,3,70.1426431740683
B,ANAPC7,51434,4046,3,55.3750505916645
B,CKLF,51192,4571,3,62.5603945265691
B,HMGA2,8091,3579,3,48.9835160819494
B,PIK3C2G,5288,4306,3,58.9335066356172
B,OR10W1,81341,3503,3,47.9433520075632
B,ZNF585A,199704,7645,3,104.63229406161
B,TAS2R9,50835,4567,3,62.5056490489698
B,FZR1,51343,2495,3,34.1474916525464
B,CORO1B,57175,2704,3,37.0079428571085
B,ZNF598,90850,1637,3,22.4045867075024
B,TRIM64,120146,9078,3,124.24486141155
B,RRM1,6240,4033,3,55.1971277894669
B,CPEB2,132864,4062,3,55.5940325020616
B,NOV,4856,3852,3,52.7198949280998
B,FBXO3,26273,3008,3,41.1685991546532
B,PCDHGC3,5098,1625,3,22.2403502747046
B,SNAPC4,6621,2308,3,31.5881405747804
B,OR5AR1,219493,6895,3,94.3675170117466
B,IFIT1B,439996,6175,3,84.5133310438775
B,C9orf135,138255,4623,3,63.2720857353596
B,RGS21,431704,4407,3,60.3158299449989
B,GOLGA6L1,283767,3856,3,52.774640405699
B,VSIG10L2,338667,3618,3,49.5172844885423
B,FAM50A,9130,4305,3,58.9198202662174
B,OR10G4,390264,2637,3,36.0909561073206
B,RPA3,6119,3412,3,46.6978923921797
B,TMEM170B,100113407,4081,3,55.8540735206581
B,ZNF507,22847,5419,3,74.1664357776149
B,C5orf22,55322,4095,3,56.0456826922556
B,PKD1,5310,1286,3,17.6006710481662
B,SLC25A38,54977,2755,3,37.7059476964992
B,WDR92,116143,4339,3,59.3851568258112
B,OR5B2,390190,5656,3,77.4101053253718
B,OFCC1,266553,6371,3,87.1958594462418
B,CDK5,1020,2889,3,39.5399211960748
B,SCN5A,6331,3621,3,49.5583435967417
B,MC1R,4157,5012,3,68.5960834318889
B,SYTL3,94120,6700,3,91.698674978782
B,TRIM15,89870,4541,3,62.1498034445745
B,ADAMTSL2,9719,5069,3,69.3762064876785
B,NDUFA6,4700,7489,3,102.497220435239
B,ABHD12B,145447,4447,3,60.8632847209916
B,GGA1,26088,4110,3,56.2509782332529
B,PDE6D,5147,3600,3,49.2709298393456
B,FAM205C,100129969,3872,3,52.9936223160961
B,NUDT3,11165,4241,3,58.043892624629
B,NSFL1C,55968,5228,3,71.5523392222496
B,POLR1C,9533,3581,3,49.010888820749
B,METTL9,51108,6431,3,88.0170416102309
B,LOC100996634,100996634,7875,3,107.780159023568
B,CSH2,1443,5840,3,79.9283972949384
B,FBXL8,55336,5534,3,75.740368258594
B,NOS1,4842,7707,3,105.480848964399
B,UQCR10,29796,7432,3,101.717097379449
B,MEGF9,1955,2681,3,36.6931563609126
B,PSMD4,5710,4472,3,61.205443955987
B,TRPM5,29850,4798,3,65.6672003803278
B,HMHB1,57824,5993,3,82.0224118131106
B,OR51B6,390058,7378,3,100.978033431859
B,EFCAB12,90288,3238,3,44.3164641166114
B,CAGE1,285782,4791,3,65.5713957945291
B,KLRD1,3824,3896,3,53.3220951816918
B,KLHL6,89857,6320,3,86.4978546068511
B,PLRG1,5356,2641,3,36.1457015849199
B,NUDCD2,134492,4467,3,61.137012108988
B,PRORY,100533178,2780,3,38.0481069314946
B,C10orf107,219621,3621,3,49.5583435967417
B,ANKRD37,353322,4409,3,60.3432026837985
B,CCPG1,9236,5153,3,70.5258615172632
B,SERPINB2,5055,5202,3,71.1964936178543
B,ZC3H6,376940,2792,3,38.2123433642925
B,SUMO1,7341,2903,3,39.7315303676723
B,SKA1,220134,2205,3,30.1784445265992
B,MS4A5,64232,4126,3,56.4699601436499
B,KLHL40,131377,4548,3,62.2456080303732
B,PCDHB16,57717,3382,3,46.2873013101852
B,NCKAP5,344148,5711,3,78.1628556423618
B,LAG3,3902,3455,3,47.2864062763719
B,OR4D5,219875,7674,3,105.029198774205
B,TRIM34,53840,6915,3,94.6412443997429
B,ZNF268,10795,2909,3,39.8136485840712
B,ITGB1BP1,9270,1448,3,19.8178628909368
B,AHCTF1,25909,5897,3,80.708520350728
B,CTAGE1,64693,6417,3,87.8254324386335
B,UQCC3,790955,4626,3,63.3131448435591
B,KRT76,51350,3939,3,53.9106090658839
B,ANAPC1,64682,4381,3,59.9599843406036
B,TXNRD2,10587,4049,3,55.4161096998639
B,ARMC1,55156,2993,3,40.9633036136559
B,AP3M2,10947,2148,3,29.3983214708095
B,TMEM191B,728229,1128,1,15.4382246829949
B,PIGB,9488,4296,3,58.796642941619
B,ANP32C,23520,5329,3,72.9346625316313
B,HYPM,25763,7181,3,98.2818186600946
B,CLN8,2055,4251,3,58.1807563186272
B,CHTF8,54921,1123,3,15.3697928359959
B,DAXX,1616,6060,3,82.9393985628984
B,DNAJC5G,285126,4275,3,58.5092291842229
B,SAR1A,56681,8908,3,121.918178613581
B,ZC3HAV1L,92092,6245,3,85.4713769018647
B,RPS6KA6,27330,3995,3,54.6770457522738
B,GCA,25801,5921,3,81.0369932163236
B,HCN1,348980,2610,3,35.7214241335255
B,ADORA2A,135,3148,3,43.0846908706277
B,SPTBN4,57731,2873,3,39.3209392856777
B,COCH,1690,3336,3,45.6577283177936
B,PDHA1,5160,2272,3,31.095431276387
B,LAMP3,27074,2767,3,37.870184129297
B,ERMARD,55780,5443,3,74.4949086432105
B,CSNK2A2,1459,2139,3,29.2751441462112
B,ZNF19,7567,3236,3,44.2890913778117
B,TSEN54,283989,1898,3,25.976729120855
B,ZNF177,7730,2873,3,39.3209392856777
B,SH2D7,646892,5033,3,68.8834971892851
B,TENM4,26011,2040,3,27.9201935756292
B,KCNK1,3775,3590,3,49.1340661453474
B,SPON2,10417,2507,3,34.3117280853443
B,TTLL9,164395,2621,3,35.8719741969235
B,ZNHIT3,9326,2993,3,40.9633036136559
B,GPR50,9248,4560,3,62.4098444631711
B,CXCL14,9547,2459,3,33.654782354153
B,FAM92A,137392,2013,3,27.5506616018341
B,GATA5,140628,4529,3,61.9855670117767
B,SPAG1,6674,1114,3,15.2466155113975
B,CDC16,8881,3036,3,41.5518174978481
B,ENOSF1,55556,3794,3,51.9260855029103
B,LDHA,3939,3776,3,51.6797308537136
B,NOP2,4839,2905,3,39.7589031064719
B,OTC,5009,5206,3,71.2512390954536
B,PRAMEF1,65121,4580,3,62.6835718511674
B,SYNJ2BP,55333,4737,3,64.8323318469389
B,OC90,729330,3634,3,49.7362663989394
B,VSTM2B,342865,5184,3,70.9501389686576
B,ARNTL,406,2579,3,35.2971466821312
B,ANK3,288,2520,3,34.4896508875419
B,FAM26E,254228,4680,3,64.0522087911493
B,GIMAP7,168537,5232,3,71.6070846998489
B,OSER1,51526,2828,3,38.7050526626859
B,OCA2,4948,4153,3,56.839492117445
B,OR2AK2,391191,6544,3,89.5636013524104
B,C22orf23,84645,2396,3,32.7925410819644
B,F7,2155,5409,3,74.0295720836167
B,BPIFC,254240,5950,3,81.4338979289184
B,GATAD2B,57459,5085,3,69.5951883980756
B,SDHA,6389,5219,3,71.4291618976512
B,KLK10,5655,8386,3,114.773893786876
B,COG2,22796,3603,3,49.311988947545
B,AEN,64782,2492,3,34.106432544347
B,ANXA6,309,5397,3,73.8653356508189
B,C14orf178,283579,4401,3,60.2337117286
B,CLLU1,574028,5931,3,81.1738569103218
B,NDUFS4,4724,3554,3,48.6413568469539
B,KRTAP2-2,728279,3762,3,51.4881216821161
B,LOC100130880,100130880,5135,3,70.2795068680665
B,NPR2,4882,2665,3,36.4741744505155
B,NANOS3,342977,8036,3,109.983664496939
B,TNFRSF10B,8795,5293,3,72.4419532332378
B,FBXL6,26233,1692,3,23.1573370244924
B,ITGA2,3673,3558,3,48.6961023245532
B,TMTC2,160335,5035,3,68.9108699280847
B,PRSS21,10942,2987,3,40.881185397257
B,TSG101,7251,3702,3,50.666939518127
B,CEACAM16,388551,2379,3,32.5598728021675
B,ADH6,130,4540,3,62.1361170751747
B,TSPAN13,27075,4717,3,64.5586044589425
B,LRRC46,90506,4104,3,56.1688600168539
B,SEC16B,89866,5734,3,78.4776421385576
B,NPHS2,7827,3299,3,45.1513326500003
B,SDCBP2,27111,6951,3,95.1339536981364
B,PLEKHA5,54477,4698,3,64.298563440346
B,STAMBPL1,57559,4442,3,60.7948528739925
B,NUDT5,11164,2086,3,28.5497665680208
B,AGPAT5,55326,6934,3,94.9012854183395
B,MED28,80306,2135,3,29.2203986686119
B,CCDC63,160762,2096,3,28.686630262019
B,OR8A1,390275,4807,3,65.7903777049262
B,PRDM6,93166,4048,3,55.4024233304641
B,PTPRR,5801,2831,3,38.7461117708854
B,APOBR,55911,3834,3,52.473540278903
B,SLC18A3,6572,2616,3,35.8035423499244
B,SYT3,84258,1420,3,19.4346445477419
B,BMP1,649,2585,3,35.3792648985301
B,HACE1,57531,3889,3,53.226290595893
B,TMEM171,134285,2706,3,37.0353155959081
B,IBA57,200205,1540,3,21.07700887572
B,BCAT2,587,1350,3,18.4765986897546
B,CYS1,192668,2942,3,40.2652987742652
B,FAM117A,81558,4295,3,58.7829565722192
B,CXorf36,79742,2927,3,40.0600032332679
B,PLEKHM3,389072,1503,3,20.5706132079268
B,PAQR6,79957,3148,3,43.0846908706277
B,NRXN2,9379,3225,3,44.1385413144137
B,SLC25A53,401612,4852,3,66.406264327918
B,VWA3B,200403,3009,3,41.182285524053
B,SCUBE1,80274,2130,3,29.1519668216128
B,PDE3A,5139,2339,3,32.0124180261748
B,CEP89,84902,3428,3,46.9168743025768
B,EDEM3,80267,3594,3,49.1888116229467
B,ZNF514,84874,2377,3,32.5325000633679
B,MGAT1,4245,3606,3,49.3530480557445
B,CDIPT,10423,3029,3,41.4560129120494
B,MAPK9,5601,7013,3,95.9825086009251
B,MKRN2,23609,4826,3,66.0504187235227
B,FAM120B,84498,3180,3,43.5226546914219
B,PLCH2,9651,3101,3,42.4414315088363
B,ZNF879,345462,4588,3,62.793062806366
B,EPB41L4A,64097,1317,3,18.0249484995606
B,ZNF684,127396,3923,3,53.6916271554869
B,FAM136A,84908,5237,3,71.675516546848
B,KCND1,3750,2479,3,33.9285097421493
B,NCAPG2,54892,4496,3,61.5339168215827
B,ATL3,25923,6076,3,83.1583804732955
B,LOC400927-CSNK1E,102800317,1859,3,25.4429607142621
B,SUPT5H,6829,7238,3,99.0619417158842
B,PLIN3,10226,3238,3,44.3164641166114
B,SIRPG,55423,6558,3,89.7552105240079
B,THBS3,7059,4684,3,64.1069542687485
B,TMEM155,132332,5544,3,75.8772319525922
B,CYP2A7,1549,6969,3,95.3803083473331
B,DPP3,10072,3729,3,51.0364714919221
B,IFITM2,10581,5139,3,70.3342523456658
B,UBXN10,127733,3618,3,49.5172844885423
B,UBL4B,164153,4584,3,62.7383173287667
B,GABRB3,2562,2418,3,33.0936412087604
B,CDH22,64405,1182,3,16.1772886305851
B,COQ9,57017,4304,3,58.9061338968176
B,TCEA3,6920,3812,3,52.172440152107
B,LRRC55,219527,8702,3,119.098786517218
B,CD8B,926,4506,3,61.6707805155809
B,PSME3,10197,1845,3,25.2513515426646
B,B3GALT2,8707,5778,3,79.0798423921496
B,APOO,79135,2772,3,37.9386159762961
B,FREM3,166752,3689,3,50.4890167159294
B,GGH,8836,3816,3,52.2271856297063
B,MELK,9833,3156,3,43.1941818258263
B,ADIPOR1,51094,5093,3,69.7046793532742
B,TTC16,158248,4927,3,67.4327420329043
B,TAF1A,9015,4817,3,65.9272413989243
B,KRTAP24-1,643803,5959,3,81.5570752535167
B,TBX10,347853,4926,3,67.4190556635045
B,KRTAP12-2,353323,5917,3,80.9822477387244
B,TMEM245,23731,2923,3,40.0052577556686
B,BOLA2B,654483,4655,3,63.7100495561538
B,MRPL44,65080,4237,3,57.9891471470298
B,TMEM174,134288,7315,3,100.11579215967
B,RTN4R,65078,4319,3,59.1114294378149
B,MZT2B,80097,3554,3,48.6413568469539
B,FAM170A,340069,4870,3,66.6526189771147
B,GOLGA6L22,440243,1942,1,26.578929374447
B,TSPAN6,7105,3575,3,48.9287706043501
B,ARMC3,219681,3569,3,48.8466523879512
B,ZNF273,10793,2810,3,38.4586980134892
B,TMEM81,388730,3057,3,41.8392312552443
B,HEMK1,51409,6125,3,83.8290125738866
B,KHDRBS3,10656,5377,3,73.5916082628225
B,ZNF469,84627,6868,3,93.9979850379515
B,STX19,415117,3782,3,51.7618490701125
B,KRTAP4-7,100132476,2654,1,36.3236243871175
B,MYO1F,4542,5571,3,76.2467639263873
B,OR10G2,26534,6861,3,93.9021804521528
B,BMS1,9790,3518,3,48.1486475485605
B,GCH1,2643,4680,3,64.0522087911493
B,CCDC33,80125,3730,3,51.0501578613219
B,MPV17L,255027,4917,3,67.2958783389062
B,MTHFD2,10797,1143,3,15.6435202239922
B,FKBP4,2288,2386,3,32.6556773879663
B,PRCP,5547,3900,3,53.376840659291
B,EGR3,1960,6896,3,94.3812033811464
B,RBBP9,10741,3163,3,43.289986411625
B,NBAS,51594,4651,3,63.6553040785545
B,ZNF639,51193,3904,3,53.4315861368903
B,FAM219A,203259,7137,3,97.6796184065026
B,SLC18A2,6571,3254,3,44.5354460270085
B,AFP,174,6428,3,87.9759825020315
B,NOMO1,23420,2387,3,32.6693637573661
B,RIBC1,158787,5217,3,71.4017891588516
B,SPATA16,83893,5566,3,76.1783320793882
B,ABI3BP,25890,4782,3,65.4482184699307
B,PFKFB4,5210,2780,3,38.0481069314946
B,USP16,10600,3083,3,42.1950768596396
B,PTH2,113091,7006,3,95.8867040151264
B,ASCL3,56676,3666,3,50.1742302197336
B,HIST1H2BB,3018,3528,3,48.2855112425587
B,HIST1H2BH,8345,4458,3,61.0138347843896
B,TAF9B,51616,6351,3,86.9221320582455
B,GP5,2814,4948,3,67.7201557903005
B,IFITM1,8519,6396,3,87.5380186812373
B,TFAM,7019,1506,3,20.6116723161262
B,FAM110D,79927,4211,3,57.6333015426345
B,NET1,10276,962,3,13.1662873626251
B,IDE,3416,3547,3,48.5455522611552
B,SAMD11,148398,4392,3,60.1105344040016
B,AMHR2,269,2975,3,40.7169489644592
B,ZNF443,10224,5424,3,74.234867624614
B,MUC5AC,4586,4196,3,57.4280060016372
B,ZC3H12C,85463,2638,3,36.1046424767204
B,ZSCAN30,100101467,3071,3,42.0308404268417
B,NISCH,11188,1155,3,15.80775665679
B,CREBZF,58487,3360,3,45.9862011833892
B,ZNF681,148213,6816,3,93.2862938291609
B,GAPDHS,26330,4016,3,54.96445950967
B,SSSCA1,10534,3515,3,48.107588440361
B,WBSCR17,64409,2967,3,40.6074580092606
B,ZNF430,80264,3928,3,53.7600590024859
B,ZNF716,441234,3238,3,44.3164641166114
B,ELOVL2,54898,2549,3,34.8865556001366
B,SLC38A11,151258,5066,3,69.3351473794791
B,POLR1B,84172,4690,3,64.1890724851474
B,REEP4,80346,948,3,12.9746781910277
B,ARVCF,421,4662,3,63.8058541419525
B,PTPMT1,114971,2788,3,38.1575978866932
B,NUDCD1,84955,4858,3,66.4883825443169
B,SEL1L3,23231,2252,3,30.8217038883906
B,FTSJ1,24140,2101,3,28.7550621090181
B,MAP3K7,6885,1161,3,15.8898748731889
B,TMEM41B,440026,4118,3,56.3604691884514
B,GADD45GIP1,90480,1755,3,24.019578296681
B,PWP2,5822,2152,3,29.4530669484088
B,NCF2,4688,4244,3,58.0849517328285
B,SLC46A2,57864,3193,3,43.7005774936196
B,ST6GALNAC2,10610,2816,3,38.5408162298881
B,ANKFY1,51479,5717,3,78.2449738587607
B,HLA-F,3134,3409,3,46.6568332839803
B,ZDHHC1,29800,6216,3,85.07447218927
B,CCL21,6366,6793,3,92.9715073329651
B,PCP2,126006,5311,3,72.6883078824345
B,KLHDC8B,200942,3094,3,42.3456269230376
B,PROKR1,10887,3881,3,53.1167996406945
B,NKAIN1,79570,2637,3,36.0909561073206
B,VGLL2,245806,4704,3,64.3806816567449
B,GLYATL1,92292,4901,3,67.0768964285091
B,PCMTD1,115294,6057,3,82.8983394546989
B,LCN8,138307,3309,3,45.2881963439985
B,IRF5,3663,1133,3,15.506656529994
B,TEX13A,56157,2665,3,36.4741744505155
B,MTHFD1L,25902,3631,3,49.6952072907399
B,C1GALT1C1L,728819,3752,3,51.3512579881179
B,KIAA1210,57481,2423,3,33.1620730557595
B,PRR14L,253143,1557,3,21.309677155517
B,SEC23B,10483,4611,3,63.1078493025618
B,LBR,3930,3216,3,44.0153639898154
B,ZNF33B,7582,4246,3,58.1123244716281
B,RXFP3,51289,4082,3,55.8677598900579
B,DYNLL2,140735,3505,3,47.9707247463628
B,UQCC2,84300,4073,3,55.7445825654596
B,OR6N2,81442,4676,3,63.99746331355
B,SEC61B,10952,5623,3,76.9584551351778
B,ZNF728,388523,3729,3,51.0364714919221
B,ZNF17,7565,7038,3,96.3246678359206
B,BTBD1,53339,5198,3,71.1417481402551
B,ROS1,6098,3615,3,49.4762253803429
B,AVPR2,554,4554,3,62.3277262467721
B,MTCH2,23788,2587,3,35.4066376373297
B,CTAG1B,1485,1953,3,26.729479437845
B,NIPSNAP3B,55335,5930,3,81.160170540922
B,FGF6,2251,2541,3,34.7770646449381
B,CPLX3,594855,2268,3,31.0406857987877
B,SPDYC,387778,5815,3,79.5862380599429
B,UBE2L3,7332,5816,3,79.5999244293427
B,ARHGEF10L,55160,2120,3,29.0151031276146
B,NKAP,79576,2569,3,35.160282988133
B,GPR39,2863,6100,3,83.4868533388911
B,RBM25,58517,2625,3,35.9267196745228
B,EMP2,2013,3193,3,43.7005774936196
B,ABCG8,64241,1920,3,26.277829247651
B,BSND,7809,7073,3,96.8036907649142
B,AK1,203,3891,3,53.2536633346927
B,TMEM178A,130733,2984,3,40.8401262890575
B,SLC22A1,6580,2410,3,32.9841502535619
B,DRG2,1819,4965,3,67.9528240700974
B,INF2,64423,1156,3,15.8214430261899
B,POLR2B,5431,2810,3,38.4586980134892
B,NVL,4931,2647,3,36.2278198013188
B,SLC39A2,29986,6771,3,92.6704072061691
B,HEATR3,55027,5113,3,69.9784067412705
B,NIPA1,123606,2339,3,32.0124180261748
B,BRAF,673,1961,3,26.8389703930435
B,OR51G2,81282,4299,3,58.8377020498185
B,PALB2,79728,2676,3,36.6247245139135
B,FAM209A,200232,7933,3,108.573968448758
B,KCNK4,50801,2241,3,30.6711538249926
B,CAMKK1,84254,3979,3,54.4580638418767
B,TUSC1,286319,1992,3,27.2632478444379
B,ZNF764,92595,3363,3,46.0272602915887
B,MATN3,4148,3393,3,46.4378513735832
B,PTGDR,5729,2640,3,36.1320152155201
B,MUM1,84939,3086,3,42.236135967839
B,ATG4D,84971,2539,3,34.7496919061384
B,MON1A,84315,6758,3,92.4924844039715
B,DAZL,1618,885,3,12.1124369188391
B,PKDCC,91461,1559,3,21.3370498943166
B,KCTD5,54442,1077,3,14.7402198436042
B,FGFRL1,53834,1356,3,18.5587169061535
B,MMP24,10893,1945,3,26.6199884826464
B,COL5A1,1289,2001,3,27.3864251690362
B,DPH7,92715,4751,3,65.0239410185363
B,B3GNT2,10678,4222,3,57.7838516060325
B,ZBTB46,140685,4046,3,55.3750505916645
B,IL6ST,3572,1038,3,14.2064514370113
B,PDCD2,5134,2652,3,36.2962516483179
B,RASIP1,54922,3144,3,43.0299453930285
B,TUFM,7284,2803,3,38.3628934276904
B,ERBB2,2064,3546,3,48.5318658917554
B,RNASE2,6036,7275,3,99.5683373836775
B,TDP2,51567,6795,3,92.9988800717648
B,SERPINH1,871,4064,3,55.6214052408612
B,GRB14,2888,3851,3,52.7062085586999
B,C1QTNF3,114899,3870,3,52.9662495772965
B,RPS27L,51065,4967,3,67.9801968088971
B,VSIG10,54621,2649,3,36.2551925401184
B,PDGFRB,5159,3769,3,51.5839262679149
B,TBK1,29110,3097,3,42.386686031237
B,TACR1,6869,1227,3,16.7931752535769
B,TTYH1,57348,3294,3,45.0829008030012
B,NAALADL2,254827,2044,3,27.9749390532284
B,CYTH3,9265,2394,3,32.7651683431648
B,RABEP1,9135,2321,3,31.7660633769781
B,TIGD5,84948,6036,3,82.6109256973027
B,SNRNP70,6625,3698,3,50.6121940405278
B,FAM160B1,57700,581,3,7.95178062129438
B,GPATCH3,63906,2632,3,36.0225242603215
B,CDKN2D,1032,1774,3,24.2796193152775
B,POPDC3,64208,2638,3,36.1046424767204
B,C11orf24,53838,2849,3,38.9924664200821
B,SRRM1,10250,2700,3,36.9531973795092
B,RNF166,115992,2517,3,34.4485917793424
B,ARFIP2,23647,2468,3,33.7779596787514
B,MYO1C,4641,2558,3,35.009732924735
B,SLC35G2,80723,1837,3,25.1418605874661
B,ACTB,60,2316,3,31.697631529979
B,NELFA,7469,3644,3,49.8731300929376
B,TEF,7008,4907,3,67.159014644908
B,KCTD10,83892,6194,3,84.773372062474
B,AGBL2,79841,3417,3,46.7663242391788
B,MRPL24,79590,3921,3,53.6642544166872
B,TBC1D2B,23102,3764,3,51.5154944209158
B,TP53INP1,94241,5451,3,74.6043995984091
B,TTC9B,148014,2825,3,38.6639935544865
B,RAD54B,25788,4040,3,55.2929323752656
B,EGFL7,51162,4378,3,59.9189252324041
B,CD34,947,4674,3,63.9700905747503
B,ERICH5,203111,2295,3,31.4102177725828
B,MACC1,346389,4932,3,67.5011738799034
B,FAT3,120114,2256,3,30.8764493659899
B,SKAP1,8631,4310,3,58.9882521132165
B,CYP1B1,1545,4634,3,63.4226357987576
B,FLYWCH2,114984,3078,3,42.1266450126405
B,AP3M1,26985,7338,3,100.430578655866
B,ZNF76,7629,5771,3,78.9840378063509
B,ZNF440,126070,5102,3,69.8278566778725
B,SLC2A4RG,56731,4709,3,64.449113503744
B,HSPA1L,3305,3788,3,51.8439672865114
B,L3MBTL4,91133,5649,3,77.3143007395731
B,UBP1,7342,1554,3,21.2686180473175
B,BEX2,84707,6181,3,84.5954492602764
B,STRN4,29888,4119,3,56.3741555578512
B,RANBP9,10048,3587,3,49.0930070371479
B,ZCCHC13,389874,1757,3,24.0469510354806
B,TAP1,6890,6125,3,83.8290125738866
B,SELENOF,9403,4484,3,61.3696803887849
B,KIF19,124602,3504,3,47.957038376963
B,TIMM44,10469,1386,3,18.969307988148
B,SLC47A1,55244,5297,3,72.4966987108371
B,ATG16L2,89849,4033,3,55.1971277894669
B,TATDN2,9797,1095,3,14.9865744928009
B,TMPO,7112,4695,3,64.2575043321465
B,GMPS,8833,4359,3,59.6588842138076
B,JDP2,122953,2940,3,40.2379260354655
B,MBLAC1,255374,3399,3,46.5199695899821
B,SCAF4,57466,3204,3,43.8511275570176
B,CSNK1D,1453,5061,3,69.26671553248
B,MAPK13,5603,2358,3,32.2724590447714
B,CFL2,1073,4960,3,67.8843922230983
B,MECP2,4204,1438,3,19.6809991969386
B,ABHD5,51099,4589,3,62.8067491757658
B,RNF220,55182,3121,3,42.7151588968326
B,NLK,51701,5954,3,81.4886434065176
B,AFF1,4299,2305,3,31.547081466581
B,ANKRD9,122416,3109,3,42.5509224640348
B,KCNG3,170850,1429,3,19.5578218723402
B,TBC1D1,23216,3633,3,49.7225800295396
B,LMNB2,84823,4884,3,66.8442281487122
B,NTRK3,4916,1584,3,21.679209129312
B,PRDX4,10549,2745,3,37.569084002501
B,PTPRS,5802,1260,3,17.244825443771
B,SRM,6723,2747,3,37.5964567413006
B,EFHB,151651,3425,3,46.8758151943774
B,CLCN7,1186,1282,3,17.545925570567
B,TENM3,55714,3020,3,41.332835587451
B,GPCPD1,56261,4081,3,55.8540735206581
B,RELT,84957,2896,3,39.6357257818735
B,WASF3,10810,2803,3,38.3628934276904
B,CFAP44,55779,3745,3,51.2554534023192
B,UGGT1,56886,1609,3,22.0213683643075
B,CAPRIN2,65981,2585,3,35.3792648985301
B,TSPAN33,340348,2947,3,40.3337306212643
B,SPRYD3,84926,4289,3,58.7008383558203
B,RHBDD3,25807,792,3,10.839604564656
B,TMX4,56255,2955,3,40.4432215764628
B,HACD2,201562,6098,3,83.4594806000915
B,HDGFRP2,84717,4087,3,55.936191737057
B,PWWP2A,114825,3182,3,43.5500274302215
B,SV2A,9900,3688,3,50.4753303465296
B,C16orf52,730094,1110,3,15.1918700337982
B,RRP9,9136,3892,3,53.2673497040925
B,NEO1,4756,1114,3,15.2466155113975
B,APBB2,323,4597,3,62.9162401309643
B,ZBTB39,9880,3054,3,41.7981721470448
B,ACSF3,197322,2236,3,30.6027219779935
B,RAB4A,5867,3526,3,48.258138503759
B,VPS37D,155382,2458,3,33.6410959847532
B,GDNF-AS1,100861519,2515,3,34.4212190405428
B,BCAR3,8412,3057,3,41.8392312552443
B,GCSH,2653,2816,3,38.5408162298881
B,FOXD4,2298,3749,3,51.3101988799185
B,GSTCD,79807,2593,3,35.4887558537286
B,CNP,1267,3752,3,51.3512579881179
B,FXYD5,53827,3902,3,53.4042133980907
B,C7orf26,79034,964,3,13.1936601014248
B,SLC22A8,9376,4203,3,57.523810587436
B,FHOD1,29109,1607,3,21.9939956255079
B,TMEM47,83604,2903,3,39.7315303676723
B,HSPG2,3339,4699,3,64.3122498097458
B,SPSB3,90864,4269,3,58.427110967824
B,PDE7A,5150,5398,3,73.8790220202187
B,MYCBPAP,84073,3647,3,49.914189201137
B,HOXD9,3235,4531,3,62.0129397505763
B,RNF216,54476,3252,3,44.5080732882088
B,CELF3,11189,1645,3,22.514077662701
B,ATAD2B,54454,1314,3,17.9838893913611
B,ITGAE,3682,4305,3,58.9198202662174
B,SETD7,80854,6150,3,84.171171808882
B,SELENOI,85465,2475,3,33.8737642645501
B,SRPK3,26576,2719,3,37.2132383981057
B,TLK1,9874,2683,3,36.7205290997123
B,LMNA,4000,3190,3,43.6595183854201
B,RC3H2,54542,3550,3,48.5866113693547
B,SLC25A11,8402,3225,3,44.1385413144137
B,PABPC1L,80336,2097,3,28.7003166314188
B,RYR3,6263,3995,3,54.6770457522738
B,LONP2,83752,2311,3,31.6291996829799
B,ADSSL1,122622,2969,3,40.6348307480603
B,SLC12A9,56996,1883,3,25.7714335798577
B,TAF6L,10629,4323,3,59.1661749154141
B,SAAL1,113174,3904,3,53.4315861368903
B,RAB24,53917,3194,3,43.7142638630194
B,APOE,348,2280,3,31.2049222315855
B,MPV17L2,84769,5222,3,71.4702210058507
B,IWS1,55677,4398,3,60.1926526204005
B,MTERF4,130916,4740,3,64.8733909551383
B,EOGT,285203,5612,3,76.8079050717798
B,SSH3,54961,2274,3,31.1228040151866
B,VMA21,203547,1945,3,26.6199884826464
B,SPOUT1,51490,2109,3,28.8645530642166
B,C9orf116,138162,3701,3,50.6532531487272
B,FBXL2,25827,3027,3,41.4286401732497
B,OSBP,5007,1817,3,24.8681331994697
B,IQCH,64799,2833,3,38.773484509685
B,BATF2,116071,6608,3,90.4395289939987
B,NECAB1,64168,1581,3,21.6381500211126
B,DNASE2B,58511,2510,3,34.3527871935437
B,CCDC89,220388,4100,3,56.1141145392547
B,SOCS7,30837,2459,3,33.654782354153
B,SPRYD4,283377,3571,3,48.8740251267508
B,BRIX1,55299,4215,3,57.6880470202338
B,LOC401052,401052,1118,3,15.3013609889968
B,ART5,116969,4057,3,55.5256006550625
B,CD247,919,1388,3,18.9966807269477
B,TRMT2A,27037,3230,3,44.2069731614128
B,NINL,22981,1288,3,17.6280437869659
B,MBD6,114785,716,3,9.79944049026984
B,ITGAL,3683,1574,3,21.5423454353139
B,C9orf84,158401,7653,3,104.741785016809
B,NYNRIN,57523,2910,3,39.827334953471
B,PRR23C,389152,3455,3,47.2864062763719
B,PSMG4,389362,3513,3,48.0802157015614
B,TBPL1,9519,3768,3,51.570239898515
B,MAP3K1,4214,2924,3,40.0189441250685
B,IL31,386653,4016,3,54.96445950967
B,OCEL1,79629,2792,3,38.2123433642925
B,GID8,54994,3289,3,45.0144689560021
B,NDST4,64579,3721,3,50.9269805367236
B,KNCN,148930,2662,3,36.4331153423161
B,SYCE1L,100130958,4657,3,63.7374222949534
B,TMEM35A,59353,4434,3,60.685361918794
B,RWDD3,25950,2127,3,29.1109077134133
B,SLC5A4,6527,4978,3,68.1307468722951
B,TPD52,7163,1362,3,18.6408351225524
B,ACP5,54,6177,3,84.5407037826771
B,AXL,558,2606,3,35.6666786559263
B,KCTD20,222658,2616,3,35.8035423499244
B,ZNF280A,129025,4592,3,62.8478082839652
B,A4GNT,51146,3531,3,48.3265703507581
B,ST8SIA5,29906,3526,3,48.258138503759
B,ADGRF2,222611,4977,3,68.1170605028953
B,SMAP1,60682,4014,3,54.9370867708703
B,CDC37,11140,9442,3,129.226699873084
B,KIF3C,3797,4454,3,60.9590893067903
B,ERVV-1,147664,3515,3,48.107588440361
B,MDM2,4193,3909,3,53.5000179838894
B,CDADC1,81602,9671,3,132.360878465642
B,TTLL3,26140,4412,3,60.384261791998
B,L3MBTL2,83746,3785,3,51.8029081783119
B,HIST1H2BG,8339,6148,3,84.1437990700824
B,TNK1,8711,3281,3,44.9049780008036
B,DNAJC2,27000,3671,3,50.2426620667327
B,ARF6,382,1696,3,23.2120825020917
B,NHEJ1,79840,3519,3,48.1623339179603
B,PIWIL4,143689,3642,3,49.8457573541379
B,ZNF169,169841,4339,3,59.3851568258112
B,RPL36AL,6166,4101,3,56.1278009086545
B,FGF9,2254,1724,3,23.5953008452866
B,EXOC3,11336,9331,3,127.707512869704
B,RSF1,51773,4374,3,59.8641797548049
B,RAB30,27314,5003,3,68.4729061072905
B,C19orf73,55150,3143,3,43.0162590236286
B,SMPD2,6610,1184,3,16.2046613693848
B,RASSF1,11186,3882,3,53.1304860100943
B,BZW2,28969,8207,3,112.324033664308
B,SRXN1,140809,7183,3,98.3091913988942
B,TSPAN3,10099,4346,3,59.48096141161
B,BMP2,650,4047,3,55.3887369610643
B,UBTF,7343,1654,3,22.6372549872993
B,CSRNP1,64651,990,3,13.54950570582
B,TTC14,151613,6082,3,83.2404986896944
B,EIF3A,8661,3783,3,51.7755354395123
B,IRF2BP1,26145,2597,3,35.5435013313279
B,EXT2,2132,2997,3,41.0180490912552
B,MESDC1,59274,3687,3,50.4616439771298
B,CYTH1,9267,1430,3,19.57150824174
B,PHTF2,57157,4272,3,58.4681700760234
B,TCEAL3,85012,4013,3,54.9234004014705
B,ADCY4,196883,4993,3,68.3360424132923
B,LAMB1,3912,2400,3,32.8472865595637
B,CNTNAP2,26047,2634,3,36.0498969991212
B,PRTFDC1,56952,2156,3,29.5078124260081
B,RAPH1,65059,1426,3,19.5167627641408
B,MSANTD3,91283,1307,3,17.8880848055624
B,KYAT3,56267,2129,3,29.138280452213
B,TGFB3,7043,5712,3,78.1765420117616
B,HIST1H2AG,8969,6032,3,82.5561802197035
B,BCL7A,605,4143,3,56.7026284234469
B,CXorf57,55086,5843,3,79.9694564031378
B,ADPRHL2,54936,5211,3,71.3196709424527
B,HIST1H3E,8353,3497,3,47.8612337911643
B,NDUFAB1,4706,2084,3,28.5223938292212
B,NOVA1,4857,2225,3,30.4521719145955
B,EPHA6,285220,5954,3,81.4886434065176
B,LANCL1,10314,4264,3,58.3586791208249
B,IL17RD,54756,3696,3,50.5848213017281
B,GEM,2669,1781,3,24.3754239010762
B,UBE2QL1,134111,1861,3,25.4703334530617
B,STUB1,10273,3414,3,46.7252651309794
B,TOMM7,54543,3009,3,41.182285524053
B,RNF40,9810,2787,3,38.1439115172934
B,SELENOM,140606,4683,3,64.0932678993487
B,FOXI3,344167,2088,3,28.5771393068204
B,CDKL2,8999,3034,3,41.5244447590485
B,ARF5,381,2854,3,39.0608982670812
B,PIK3AP1,118788,2047,3,28.0159981614279
B,GNG7,2788,1869,3,25.5798244082602
B,PEX26,55670,2818,3,38.5681889686877
B,RANBP2,5903,2970,3,40.6485171174601
B,MIB2,142678,1946,3,26.6336748520462
B,PLCB3,5331,4115,3,56.3194100802519
B,ZBTB25,7597,2470,3,33.805332417551
B,BEGAIN,57596,1681,3,23.0067869610944
B,ADAMTS17,170691,1584,3,21.679209129312
B,CAMK2D,817,4062,3,55.5940325020616
B,CDHR2,54825,2089,3,28.5908256762203
B,PARM1,25849,5356,3,73.3041945054264
B,THAP9,79725,1199,3,16.409956910382
B,HIST2H2AB,317772,3596,3,49.2161843617463
B,EPHB1,2047,2731,3,37.3774748309035
B,PDCD11,22984,4543,3,62.1771761833741
B,ZNF524,147807,2298,3,31.4512768807823
B,GPX7,2882,5168,3,70.7311570582605
B,GNPTAB,79158,2277,3,31.1638631233861
B,RECQL4,9401,4290,3,58.7145247252201
B,MTNR1B,4544,1999,3,27.3590524302366
B,ZBTB21,49854,5442,3,74.4812222738107
B,TGIF2,60436,1004,3,13.7411148774175
B,PHC2,1912,2960,3,40.5116534234619
B,ZNF853,54753,2350,3,32.1629680895728
B,CIB1,10519,2498,3,34.1885507607459
B,MMAA,166785,2329,3,31.8755543321766
B,CBFA2T3,863,2216,3,30.3289945899972
B,CCDC8,83987,6196,3,84.8007448012737
B,MLH3,27030,2837,3,38.8282299872843
B,ALG9,79796,3261,3,44.6312506128072
B,SLC4A7,9497,2836,3,38.8145436178845
B,NUP98,4928,3574,3,48.9150842349503
B,PPP1R13B,23368,5526,3,75.6308773033954
B,MRPL23,6150,2987,3,40.881185397257
B,PPP2R3B,28227,3679,3,50.3521530219312
B,UHRF1,29128,2556,3,34.9823601859354
B,CNTNAP3B,728577,1279,3,17.5048664623675
B,FZD3,7976,2270,3,31.0680585375873
B,EIF2AK4,440275,794,3,10.8669773034557
B,TTC26,79989,3284,3,44.946037109003
B,BDNF,627,1620,3,22.1719184277055
B,ZNF706,51123,2767,3,37.870184129297
B,SLC44A1,23446,3390,3,46.3967922653837
B,SPINT2,10653,4642,3,63.5321267539561
B,PDSS1,23590,3576,3,48.9424569737499
B,PNMA5,114824,2483,3,33.9832552197486
B,ACP1,52,6601,3,90.3437244082
B,C6orf141,135398,4949,3,67.7338421597003
B,RELL1,768211,1742,3,23.8416554944833
B,SLC25A1,6576,2737,3,37.4595930473024
B,CACNA1H,8912,1867,3,25.5524516694606
B,SNX11,29916,2815,3,38.5271298604883
B,PALM,5064,3354,3,45.9040829669903
B,HIST1H3F,8968,3509,3,48.0254702239621
B,ASXL2,55252,4009,3,54.8686549238712
B,RILPL1,353116,1573,3,21.528659065914
B,TCF19,6941,3951,3,54.0748454986818
B,FARS2,10667,3952,3,54.0885318680816
B,MORF4L1,10933,3293,3,45.0692144336014
B,EIF5B,9669,2634,3,36.0498969991212
B,ARHGEF28,64283,4685,3,64.1206406381483
B,FBXL4,26235,2553,3,34.9413010777359
B,RARS2,57038,5912,3,80.9138158917253
B,CCDC25,55246,2848,3,38.9787800506823
B,LRRC10B,390205,3114,3,42.6193543110339
B,TSC22D3,1831,4559,3,62.3961580937712
B,ZNF318,24149,5335,3,73.0167807480302
B,GART,2618,3213,3,43.9743048816159
B,KCNT1,57582,1277,3,17.4774937235679
B,THBS4,7060,1837,3,25.1418605874661
B,FGF16,8823,2584,3,35.3655785291303
B,FOXO6,100132074,2414,3,33.0388957311612
B,IQSEC1,9922,2121,3,29.0287894970144
B,MAP3K20,51776,2192,3,30.0005217244015
B,DEPDC5,9681,4648,3,63.6142449703551
B,PPIL2,23759,2807,3,38.4176389052897
B,FAM45A,404636,4758,3,65.1197456043351
B,CLEC18A,348174,4491,3,61.4654849745836
B,GATM,2628,2243,3,30.6985265637923
B,CHORDC1,26973,4029,3,55.1423823118676
B,ALDH18A1,5832,3805,3,52.0766355663083
B,GPR26,2849,3452,3,47.2453471681725
B,KPTN,11133,5055,3,69.1845973160811
B,TGFB1,7040,5484,3,75.0560497886031
B,BCAP29,55973,1638,3,22.4182730769022
B,DPH1,1801,2704,3,37.0079428571085
B,MLST8,64223,4246,3,58.1123244716281
B,MIEN1,84299,1726,3,23.6226735840862
B,MAMLD1,10046,2457,3,33.6274096153534
B,NFATC2IP,84901,3038,3,41.5791902366477
B,ZNF280D,54816,2537,3,34.7223191673388
B,ETV5,2119,3027,3,41.4286401732497
B,MARCH2,51257,1738,3,23.7869100168841
B,AQP5,362,8076,3,110.531119272932
B,CDKN2AIP,55602,4324,3,59.179861284814
B,GRIPAP1,56850,1668,3,22.8288641588968
B,CTRB2,440387,1590,3,21.761327345711
B,BLCAP,10904,4363,3,59.7136296914069
B,C12orf10,60314,3802,3,52.0355764581089
B,PTBP3,9991,3514,3,48.0939020709612
B,SAP30L,79685,1256,3,17.1900799661717
B,SYT7,9066,1839,3,25.1692333262657
B,EML1,2009,965,3,13.2073464708246
B,VAMP2,6844,4063,3,55.6077188714614
B,TRRAP,8295,2674,3,36.5973517751139
B,CCNE1,898,537,3,7.34958036770238
B,BAHCC1,57597,1878,3,25.7030017328586
B,GRAMD1A,57655,1081,3,14.7949653212035
B,KIF26B,55083,1479,3,20.2421403423311
B,KCND3,3752,2274,3,31.1228040151866
B,ARL2,402,2323,3,31.7934361157777
B,RBFOX2,23543,1285,3,17.5869846787664
B,FBXO21,23014,2971,3,40.6622034868599
B,CHAC2,494143,3143,3,43.0162590236286
B,NUAK1,9891,6016,3,82.3371983093064
B,CPSF4,10898,3551,3,48.6002977387545
B,ZDHHC23,254887,2900,3,39.6904712594728
B,FAR1,84188,2307,3,31.5744542053806
B,NCKIPSD,51517,3833,3,52.4598539095032
B,GRK2,156,2083,3,28.5087074598213
B,PTMA,5757,1364,3,18.668207861352
B,RORA,6095,3850,3,52.6925221893001
B,GLI3,2737,3318,3,45.4113736685968
B,E4F1,1877,3852,3,52.7198949280998
B,ELAVL1,1994,2042,3,27.9475663144288
B,PGAP1,80055,3604,3,49.3256753169448
B,TBL1X,6907,3074,3,42.0718995350412
B,SPATA2L,124044,3844,3,52.6104039729012
B,TRIM33,51592,2882,3,39.4441166102761
B,E2F1,1869,2566,3,35.1192238799335
B,POLR2J,5439,2286,3,31.2870404479844
B,PPP4C,5531,4641,3,63.5184403845563
B,BRI3BP,140707,3191,3,43.6732047548199
B,FNDC3B,64778,3872,3,52.9936223160961
B,SAMD4B,55095,4370,3,59.8094342772056
B,TPCN1,53373,4475,3,61.2465030641865
B,UFD1,7353,4172,3,57.0995331360416
B,IER3IP1,51124,1523,3,20.8443405959231
B,COMTD1,118881,2850,3,39.0061527894819
B,ITPR3,3710,2219,3,30.3700536981966
B,IL12A,3592,2107,3,28.837180325417
B,EXOSC6,118460,1971,3,26.9758340870417
B,EFCAB1,79645,2909,3,39.8136485840712
B,PTPRE,5791,2388,3,32.6830501267659
B,SLC25A23,79085,547,3,7.48644406170056
B,MCUB,55013,3898,3,53.3494679204914
B,SKP2,6502,5315,3,72.7430533600338
B,IFNGR2,3460,5835,3,79.8599654479393
B,GLMP,112770,4767,3,65.2429229289334
B,PIGM,93183,4063,3,55.6077188714614
B,SERINC5,256987,1917,3,26.2367701394515
B,ADCY8,114,933,3,12.7693826500304
B,CTGF,1490,3786,3,51.8165945477118
B,PDZD4,57595,4129,3,56.5110192518494
B,SMOX,54498,1353,3,18.517657797954
B,DSCAML1,57453,3205,3,43.8648139264174
B,PIMREG,54478,4894,3,66.9810918427103
B,PACRG,135138,5307,3,72.6335624048353
B,RAD51,5888,3681,3,50.3795257607308
B,ACAP3,116983,1517,3,20.7622223795242
B,CHMP4B,128866,8115,3,111.064887679525
B,BRK1,55845,4478,3,61.287562172386
B,ULK4,54986,2654,3,36.3236243871175
B,CACNB4,785,3117,3,42.6604134192334
B,GNB1,2782,3866,3,52.9115040996972
B,CCDC136,64753,4136,3,56.6068238376481
B,CHRNA5,1138,1337,3,18.2986758875569
B,RNF145,153830,5376,3,73.5779218934227
B,FBF1,85302,1854,3,25.374528867263
B,UBE2E3,10477,5628,3,77.0268869821769
B,SKP1,6500,2376,3,32.5188136939681
B,ARHGAP8,23779,5769,3,78.9566650675513
B,ERLIN1,10613,4529,3,61.9855670117767
B,CTSZ,1522,3385,3,46.3283604183847
B,GALNT13,114805,2492,3,34.106432544347
B,NKX1-1,54729,4124,3,56.4425874048503
B,TMEM189,387521,1612,3,22.062427472507
B,CPNE2,221184,3889,3,53.226290595893
B,CARNS1,57571,2652,3,36.2962516483179
B,SCRIB,23513,889,3,12.1671823964384
B,MTMR1,8776,2305,3,31.547081466581
B,SETD2,29072,2549,3,34.8865556001366
B,TIMM50,92609,3026,3,41.4149538038499
B,DPY19L1,23333,5817,3,79.6136107987426
B,SYP,6855,3080,3,42.1540177514401
B,BMP6,654,5909,3,80.8727567835258
B,CDC25B,994,5330,3,72.9483489010311
B,CAPN10,11132,2406,3,32.9294047759626
B,S100A10,6281,5803,3,79.4220016271451
B,PAIP1,10605,4215,3,57.6880470202338
B,NEUROD2,4761,2618,3,35.8309150887241
B,PRKX,5613,5027,3,68.8013789728861
B,SLC45A4,57210,3574,3,48.9150842349503
B,ACAD11,84129,3481,3,47.6422518807672
B,POMP,51371,4321,3,59.1388021766145
B,HRH2,3274,4449,3,60.8906574597912
B,KLC2,64837,5345,3,73.1536444420283
B,HPRT1,3251,1646,3,22.5277640321008
B,DPYSL5,56896,1384,3,18.9419352493484
B,TMEM186,25880,5825,3,79.7231017539411
B,NRIP1,8204,3991,3,54.6223002746745
B,PPP1R12C,54776,1970,3,26.9621477176419
B,LZTS1,11178,5873,3,80.3800474851324
B,DDX51,317781,4143,3,56.7026284234469
B,UHMK1,127933,3652,3,49.9826210481361
B,UMPS,7372,4012,3,54.9097140320707
B,EXT1,2131,3734,3,51.1049033389212
B,PSMA7,5688,2080,3,28.4676483516219
B,GPR162,27239,3880,3,53.1031132712947
B,ENC1,8507,2137,3,29.2477714074115
B,RRAS,6237,2705,3,37.0216292265083
B,DNAJC21,134218,1828,3,25.0186832628677
B,LNPK,80856,4665,3,63.846913250152
B,ZC2HC1A,51101,4926,3,67.4190556635045
B,NATD1,256302,4941,3,67.6243512045018
B,REXO4,57109,2075,3,28.3992165046228
B,G3BP1,10146,3378,3,46.2325558325859
B,STX18,53407,5440,3,74.4538495350111
B,FAM47C,442444,4421,3,60.5074391165963
B,CCDC39,339829,1726,3,23.6226735840862
B,EWSR1,2130,6976,3,95.4761129331319
B,ABCC3,8714,5127,3,70.170015912868
B,SEPT6,23157,3572,3,48.8877114961507
B,MFN1,55669,2907,3,39.7862758452716
B,RELN,5649,2802,3,38.3492070582906
B,GCNT1,2650,2674,3,36.5973517751139
B,UBE2D3,7323,3349,3,45.8356511199912
B,RPL22,6146,5420,3,74.1801221470147
B,ADCY7,113,7417,3,101.511801838452
B,TTYH2,94015,2717,3,37.1858656593061
B,SYNE3,161176,6131,3,83.9111307902855
B,TLR10,81793,3813,3,52.1861265215069
B,PARS2,25973,5309,3,72.6609351436349
B,ZNF671,79891,3710,3,50.7764304733256
B,EMC6,83460,4678,3,64.0248360523496
B,GINS4,84296,4667,3,63.8742859889516
B,VPS26B,112936,1011,3,13.8369194632162
B,ACAP2,23527,2720,3,37.2269247675055
B,PIGL,9487,5669,3,77.5880281275695
B,XPO6,23214,7133,3,97.6248729289033
B,RTN1,6252,3620,3,49.5446572273419
B,TDP1,55775,4519,3,61.8487033177785
B,KDR,3791,2809,3,38.4450116440894
B,MSANTD2,79684,4015,3,54.9507731402701
B,BCKDHA,593,5192,3,71.0596299238562
B,RGS1,5996,6849,3,93.7379440193549
B,CERK,64781,2765,3,37.8428113904974
B,ANKRD42,338699,6817,3,93.2999801985608
B,GCNT4,51301,5885,3,80.5442839179302
B,HOXC4,3221,4982,3,68.1854923498943
B,FLJ44635,392490,3775,3,51.6660444843138
B,RPF2,84154,7264,3,99.4177873202795
B,MITF,4286,4773,3,65.3250411453323
B,UNC80,285175,4988,3,68.2676105662933
B,KIF20B,9585,6035,3,82.5972393279029
B,ENTPD3,956,2188,3,29.9457762468023
B,FAM160A1,729830,4569,3,62.5330217877694
B,IFNGR1,3459,5812,3,79.5451789517435
B,INHA,3623,3424,3,46.8621288249776
B,MTIF2,4528,5453,3,74.6317723372087
B,EDC4,23644,3898,3,53.3494679204914
B,SCIMP,388325,4904,3,67.1179555367085
B,FGD6,55785,7295,3,99.8420647716739
B,MKLN1,4289,2309,3,31.6018269441803
B,SBK1,388228,1468,3,20.0915902789331
B,CDX1,1044,3223,3,44.1111685756141
B,COQ5,84274,4564,3,62.4645899407703
B,C6orf48,50854,7632,3,104.454371259413
B,NPNT,255743,3782,3,51.7618490701125
B,UQCR11,10975,3473,3,47.5327609255687
B,C1S,716,2813,3,38.4997571216886
B,HLA-DRB5,3127,5973,3,81.7486844251142
B,ITLN2,142683,4678,3,64.0248360523496
B,CHDH,55349,2741,3,37.5143385249017
B,TMEM106C,79022,3252,3,44.5080732882088
B,DNAL4,10126,5283,3,72.3050895392396
B,CORO2B,10391,2245,3,30.7258993025919
B,PLD2,5338,2794,3,38.2397161030921
B,KLHL13,90293,1695,3,23.1983961326919
B,PCDHGB2,56103,4317,3,59.0840566990152
B,ADGRG3,222487,3786,3,51.8165945477118
B,PRLH,51052,4494,3,61.5065440827831
B,NPIPB6,728741,4918,3,67.309564708306
B,GMEB2,26205,3033,3,41.5107583896486
B,ZNF597,146434,4835,3,66.1735960481211
B,DENND4A,10260,2630,3,35.9951515215219
B,MOB1A,55233,2191,3,29.9868353550017
B,ASTN1,460,5520,3,75.5487590869965
B,FAM228B,375190,2972,3,40.6758898562597
B,FADS3,3995,1370,3,18.750326077751
B,PITPNM3,83394,5298,3,72.5103850802369
B,ARHGEF1,9138,2517,3,34.4485917793424
B,ANKRD23,200539,6826,3,93.4231575231591
B,MAPK11,5600,2522,3,34.5170236263415
B,RAB3GAP2,25782,4909,3,67.1863873837076
B,BEX4,56271,1660,3,22.7193732036982
B,TBX22,50945,3415,3,46.7389515003792
B,SLC35B4,84912,3714,3,50.8311759509248
B,CREB5,9586,7176,3,98.2133868130955
B,ZNF57,126295,2093,3,28.6455711538195
B,SLC25A4,291,1991,3,27.2495614750381
B,DNAJB3,414061,3386,3,46.3420467877845
B,ULK1,8408,1510,3,20.6664177937255
B,AIPL1,23746,4608,3,63.0667901943623
B,C11orf74,119710,6693,3,91.6028703929833
B,CYP3A4,1576,4608,2,63.0667901943623
B,MAP10,54627,4609,3,63.0804765637621
B,COX19,90639,4437,3,60.7264210269934
B,PIF1,80119,4684,3,64.1069542687485
B,HCAR1,27198,4035,3,55.2245005282665
B,CNTNAP4,85445,4737,3,64.8323318469389
B,MRPL30,51263,5409,3,74.0295720836167
B,NSUN3,63899,4757,3,65.1060592349352
B,ETFB,2109,4193,3,57.3869468934378
B,CERS5,91012,2861,3,39.1567028528799
B,COMMD7,149951,3205,3,43.8648139264174
B,NDEL1,81565,2850,3,39.0061527894819
B,PSG5,5673,3512,3,48.0665293321616
B,KCMF1,56888,5683,3,77.7796372991669
B,SPRED1,161742,4885,3,66.857914518112
B,VWC2L,402117,5875,3,80.407420223932
B,VPREB3,29802,4501,3,61.6023486685818
B,RNF34,80196,4303,3,58.8924475274178
B,SLC36A1,206358,2430,3,33.2578776415583
B,DEFB128,245939,6833,3,93.5189621089579
B,PSMD2,5708,6599,3,90.3163516694004
B,ITLN1,55600,4571,3,62.5603945265691
B,FANCF,2188,4885,3,66.857914518112
B,TMEM179B,374395,4278,3,58.5502882924223
B,FAM102A,399665,3563,3,48.7645341715523
B,GIPC3,126326,5058,3,69.2256564242805
B,TLR5,7100,6402,3,87.6201368976362
B,NPEPL1,79716,3373,3,46.1641239855868
B,TMEM216,51259,2639,3,36.1183288461203
B,NTRK1,4914,2900,3,39.6904712594728
B,SUMF2,25870,3850,3,52.6925221893001
B,SLC35D3,340146,1248,3,17.0805890109731
B,CCDC36,339834,3458,3,47.3274653845714
B,CRIP1,1396,4552,3,62.3003535079725
B,TIMM13,26517,4509,3,61.7118396237803
B,GREB1,9687,4166,3,57.0174149196427
B,ANKRD13C,81573,4748,3,64.9828819103369
B,TERT,7015,5141,3,70.3616250844654
B,HJURP,55355,4108,3,56.2236054944532
B,SLC4A3,6508,4399,3,60.2063389898003
B,BSG,682,4981,3,68.1718059804945
B,DYNLT1,6993,4553,3,62.3140398773723
B,CAMKMT,79823,2935,3,40.1694941884665
B,NFE2L3,9603,3543,3,48.4908067835559
B,CCDC47,57003,3354,3,45.9040829669903
B,IST1,9798,4950,3,67.7475285291002
B,SLC2A14,144195,4209,3,57.6059288038349
B,LAMC1,3915,5410,3,74.0432584530165
B,FCN2,2220,5652,3,77.3553598477725
B,ZBTB22,9278,2403,3,32.8883456677632
B,LTBP4,8425,3357,3,45.9451420751897
B,F2RL2,2151,6487,3,88.7834782966207
B,IRS2,8660,4049,3,55.4161096998639
B,NAXE,128240,4559,3,62.3961580937712
B,ACO1,48,5362,3,73.3863127218253
B,OSCP1,127700,4925,3,67.4053692941047
B,PEX11G,92960,2893,3,39.5946666736741
B,CYB561D1,284613,5007,3,68.5276515848898
B,GLRA4,441509,2295,3,31.4102177725828
B,MYO7A,4647,3543,3,48.4908067835559
B,COX5B,1329,4307,3,58.9471930050171
B,PAWR,5074,3532,3,48.3402567201579
B,SLC16A10,117247,6281,3,85.9640862002582
B,MRPL49,740,2147,3,29.3846351014097
B,NRBP2,340371,1263,3,17.2858845519704
B,LETMD1,25875,5590,3,76.5068049449838
B,GAMT,2593,4659,3,63.7647950337531
B,SPANXN2,494119,4938,3,67.5832920963023
B,PDK4,5166,3209,3,43.9195594040166
B,RNF187,149603,2885,3,39.4851757184756
B,OR5T1,390155,4359,3,59.6588842138076
B,ARHGAP24,83478,2730,3,37.3637884615037
B,SLC7A11,23657,5278,3,72.2366576922405
B,FAAP24,91442,3470,3,47.4917018173692
B,SPANXN4,441525,4751,3,65.0239410185363
B,TRMU,55687,3810,3,52.1450674133074
B,FAM83D,81610,3060,3,41.8802903634437
B,BOP1,23246,3239,3,44.3301504860112
B,AP3S1,1176,2949,3,40.3611033600639
B,ADGRG2,10149,4713,3,64.5038589813433
B,PDILT,204474,2101,3,28.7550621090181
B,BRINP3,339479,5023,3,68.7466334952869
B,IK,3550,4381,3,59.9599843406036
B,NPC1,4864,2984,3,40.8401262890575
B,CDK11B,984,5537,3,75.7814273667934
B,FCER2,2208,5195,3,71.1006890320556
B,CLASP1,23332,3426,3,46.8895015637772
B,ST5,6764,6389,3,87.4422140954386
B,DND1,373863,5065,3,69.3214610100793
B,METAP1D,254042,3316,3,45.3840009297972
B,LOC79999,79999,8192,3,112.118738123311
B,EBPL,84650,3522,3,48.2033930261598
B,GRAP,10750,3307,3,45.2608236051988
B,MPG,4350,4170,3,57.072160397242
B,DOCK8,81704,3278,3,44.8639188926041
B,DDX18,8886,3336,3,45.6577283177936
B,FPGT,8790,4226,3,57.8385970836318
B,CLDN18,51208,6474,3,88.6055554944231
B,IKZF1,10320,1652,3,22.6098822484997
B,TRERF1,55809,7212,3,98.706096111489
B,OXA1L,5018,3283,3,44.9323507396032
B,PIP,5304,5030,3,68.8424380810856
B,SPDEF,25803,5793,3,79.2851379331469
B,CEP57L1,285753,3938,3,53.8969226964841
B,CNOT8,9337,4449,3,60.8906574597912
B,MADCAM1,8174,5983,3,81.8855481191124
B,SLC22A6,9356,6536,3,89.4541103972119
B,KRTAP6-2,337967,6215,3,85.0607858198702
B,FAHD1,81889,2684,3,36.7342154691121
B,SNRPB,6628,4779,3,65.4071593617313
B,C15orf53,400359,4786,3,65.50296394753
B,FAM83A,84985,2210,3,30.2468763735983
B,LSM6,11157,3120,3,42.7014725274328
B,GIGYF1,64599,4173,3,57.1132195054414
B,HMX2,3167,2575,3,35.2424012045319
B,SEM1,7979,4699,3,64.3122498097458
B,CRIPT,9419,4496,3,61.5339168215827
B,GTF2A2,2958,5099,3,69.7867975696731
B,TMEM262,100130348,5866,3,80.2842428993336
B,IFNAR2,3455,5380,3,73.632667371022
B,NOL11,25926,2089,3,28.5908256762203
B,USP17L7,392197,3228,1,44.1796004226132
B,CD46,4179,4317,3,59.0840566990152
B,C4orf22,255119,4789,3,65.5440230557294
B,DIRC1,116093,6093,3,83.3910487530924
B,GLI1,2735,4774,3,65.3387275147322
B,QRFP,347148,4111,3,56.2646646026527
B,CPEB3,22849,3902,3,53.4042133980907
B,TRIM17,51127,5766,3,78.9156059593518
B,FLVCR1,28982,5023,3,68.7466334952869
B,PPFIA3,8541,5344,3,73.1399580726285
B,MROH7,374977,5612,3,76.8079050717798
B,OR52E8,390079,7098,3,97.1458499999097
B,HEMGN,55363,6471,3,88.5644963862237
B,TDRD1,56165,2589,3,35.4340103761294
B,RAB19,401409,4903,3,67.1042691673087
B,NEK10,152110,4888,3,66.8989736263114
B,C1orf27,54953,5777,3,79.0661560227498
B,TSPAN19,144448,7081,3,96.9131817201128
B,NR2F1,7025,7530,3,103.058361580631
B,MKRN3,7681,4603,3,62.9983583473632
B,PRAME,23532,4051,3,55.4434824386636
B,CALM3,808,1359,3,18.599776014353
B,IQCF6,440956,6458,3,88.386573584026
B,CDK5RAP3,80279,10529,3,144.103783410686
B,RRP1,8568,4875,3,66.7210508241138
B,NAT14,57106,8103,3,110.900651246727
B,CHAD,1101,6790,3,92.9304482247657
B,DFNA5,1687,4230,3,57.893342561231
B,DCC,1630,10286,3,140.77799564653
B,AGO4,192670,3298,3,45.1376462806005
B,CMTR2,55783,2806,3,38.4039525358899
B,INSR,3643,6438,3,88.1128461960297
B,SCRN2,90507,7839,3,107.287449725175
B,ZNF3,7551,10930,3,149.592017540013
B,CEP135,9662,1875,3,25.6619426246592
B,COLCA2,120376,7190,3,98.4049959846929
B,UBA6,55236,3177,3,43.4815955832225
B,PCMTD2,55251,4093,3,56.018309953456
B,GTF3C1,2975,6472,3,88.5781827556235
B,CST3,1471,4079,3,55.8267007818585
B,BCR,613,2653,3,36.3099380177177
B,DAZAP2,9802,5539,3,75.8088001055931
B,CBS,875,5067,3,69.3488337488789
B,A1BG,1,3407,3,46.6294605451807
B,RNASET2,8635,6827,3,93.4368438925589
B,GPR157,80045,8314,3,113.788475190089
B,ATP10A,57194,7862,3,107.602236221371
B,ZNF253,56242,3956,3,54.1432773456809
B,GABRD,2563,2880,3,39.4167438714765
B,FOXH1,8928,4324,3,59.179861284814
B,CDH20,28316,4785,3,65.4892775781302
B,MAP3K21,84451,3719,3,50.8996077979239
B,TICRR,90381,5028,3,68.815065342286
B,CCNY,219771,3690,3,50.5027030853292
B,DEAF1,10522,5196,3,71.1143754014554
B,MILR1,284021,5154,3,70.5395478866631
B,WNT3,7473,5568,3,76.2057048181878
B,C9orf170,401535,1797,3,24.5944058114733
B,DEFB130,245940,4895,3,66.9947782121102
B,DSC3,1825,4819,3,65.954614137724
B,DGAT2L6,347516,4988,3,68.2676105662933
B,YTHDF2,51441,3210,3,43.9332457734165
B,CPAMD8,27151,6407,3,87.6885687446353
B,CAPN3,825,4955,3,67.8159603760992
B,C9orf129,445577,5068,3,69.3625201182787
B,CUL4B,8450,6335,3,86.7031501478484
B,SLC35F4,341880,5345,3,73.1536444420283
B,RFX3,5991,6521,3,89.2488148562146
B,RASA4B,100271927,4959,1,67.8707058536985
B,PIBF1,10464,7136,3,97.6659320371028
B,C1QTNF2,114898,2210,3,30.2468763735983
B,KRTAP10-2,386679,5094,1,69.718365722674
B,UBE2Z,65264,2537,3,34.7223191673388
B,TNFSF14,8740,4595,3,62.8888673921647
B,USPL1,10208,4459,3,61.0275211537894
B,HDAC9,9734,7280,3,99.6367692306766
B,ABCA4,24,4332,3,59.2893522400125
B,SIM2,6493,4471,3,61.1917575865872
B,PPP1R9A,55607,4745,3,64.9418228021374
B,HIST3H2BB,128312,6802,3,93.0946846575635
B,SRSF8,10929,5435,3,74.385417688012
B,SLC8A1,6546,5054,3,69.1709109466813
B,PPME1,51400,2015,3,27.5780343406337
B,TMEM136,219902,5082,3,69.5541292898762
B,TMC5,79838,5864,3,80.256870160534
B,MBOAT2,129642,3825,3,52.3503629543047
B,EIF4E2,9470,1729,3,23.6637326922857
B,TPM1,7168,5753,3,78.7376831571542
B,MED4,29079,2801,3,38.3355206888908
B,PRKCA,5578,4399,3,60.2063389898003
B,LRRC20,55222,2944,3,40.2926715130648
B,ERI2,112479,3024,3,41.3875810650503
B,KIF1B,23095,4235,3,57.9617744082301
B,ZNF831,128611,4474,3,61.2328166947867
B,IL32,9235,4511,3,61.73921236258
B,MTX1,4580,6823,3,93.3820984149597
B,KLF17,128209,5614,3,76.8352778105794
B,GPR63,81491,6990,3,95.6677221047293
B,UBASH3B,84959,9066,3,124.080624978752
B,ZNF280C,55609,3893,3,53.2810360734923
B,MAGEA6,4105,3264,1,44.6723097210066
B,EZH1,2145,3511,3,48.0528429627618
B,PRKRIP1,79706,3616,3,49.4899117497427
B,CYP2B6,1555,6564,3,89.8373287404067
B,NAA30,122830,5233,3,71.6207710692487
B,BLOC1S6,26258,2396,3,32.7925410819644
B,AIF1,199,4968,3,67.9938831782969
B,HABP4,22927,4174,3,57.1269058748412
B,GPR45,11250,3837,3,52.5145993871025
B,PLOD3,8985,3066,3,41.9624085798426
B,KDM6B,23135,8186,3,112.036619906912
B,OLFML1,283298,5210,3,71.3059845730529
B,ATP6V0A1,535,7835,3,107.232704247576
B,MCM3,4172,9200,3,125.914598478328
B,STAC3,246329,5105,3,69.868915786072
B,MRPL43,84545,3799,3,51.9945173499094
B,LOC100128429,100128429,4536,3,62.0813715975754
B,GFM2,84340,5067,3,69.3488337488789
B,MTMR8,55613,7039,3,96.3383542053204
B,ZNF500,26048,5412,3,74.0706311918162
B,SCG3,29106,5794,3,79.2988243025467
B,KISS1,3814,4789,3,65.5440230557294
B,DBI,1622,9253,3,126.639976056518
B,C14orf39,317761,5244,3,71.7713211326467
B,SHISA9,729993,7534,3,103.11310705823
B,NPIPA5,100288332,3264,1,44.6723097210066
B,BLZF1,8548,5608,3,76.7531595941806
B,SPRTN,83932,5500,3,75.2750316990002
B,FEM1A,55527,5024,3,68.7603198646867
B,CYP1A2,1544,5604,3,76.6984141165813
B,EEF2K,29904,5386,3,73.7147855874209
B,ATXN7L1,222255,4299,3,58.8377020498185
B,BCO1,53630,6243,3,85.4440041630651
B,KLHL31,401265,5781,3,79.1209015003491
B,TMEM255B,348013,3675,3,50.2974075443319
B,USP42,84132,9395,3,128.583440511292
B,EIF1B,10289,7591,3,103.89323011402
B,TRIM36,55521,4747,3,64.9691955409371
B,ERCC6L,54821,5098,3,69.7731112002733
B,HIST1H4K,8362,6081,3,83.2268123202946
B,HIST1H4B,8366,5979,3,81.8308026415131
B,C7orf49,78996,5728,3,78.3955239221587
B,ATP1A1,476,4500,3,61.588662299182
B,TLE6,79816,5947,3,81.3928388207189
B,DZANK1,55184,4394,3,60.1379071428012
B,CHI3L1,1116,6430,3,88.0033552408311
B,RNF150,57484,4154,3,56.8531784868449
B,TMEM213,155006,5850,3,80.0652609889366
B,C7orf77,154872,4539,3,62.1224307057749
B,LCE4A,199834,6647,3,90.9732974005917
B,TSPAN7,7102,6080,3,83.2131259508947
B,UBR5,51366,5058,3,69.2256564242805
B,ATP5D,513,6200,3,84.8554902788729
B,SLC16A11,162515,2621,3,35.8719741969235
B,MTRF1L,54516,3498,3,47.8749201605641
B,MAP3K11,4296,2623,3,35.8993469357232
B,MYO1G,64005,4917,3,67.2958783389062
B,LDB2,9079,4290,3,58.7145247252201
B,DRD5,1816,5634,3,77.1090051985758
B,TTC39C,125488,3026,3,41.4149538038499
B,GNB3,2784,5598,3,76.6162959001824
B,GDE1,51573,6969,3,95.3803083473331
B,CYB561D2,11068,4504,3,61.6434077767812
B,ZKSCAN7,55888,2651,3,36.2825652789181
B,AVPR1B,553,1918,3,26.2504565088513
B,HOXB5,3215,5190,3,71.0322571850565
B,CD163,9332,5701,3,78.0259919483636
B,RRS1,23212,3574,3,48.9150842349503
B,PCDHGA8,9708,4921,3,67.3506238165054
B,CHRNA4,1137,4082,3,55.8677598900579
B,C2orf70,339778,5416,3,74.1253766694155
B,PGLYRP2,114770,4215,3,57.6880470202338
B,PEBP1,5037,3566,3,48.8055932797518
B,GDAP1L1,78997,5809,3,79.504119843544
B,SH2B2,10603,6344,3,86.8263274724467
B,PI3,5266,4113,3,56.2920373414523
B,PRR30,339779,5458,3,74.7002041842078
B,CCAR2,57805,2457,3,33.6274096153534
B,C16orf78,123970,4978,3,68.1307468722951
B,NCK1,4690,1819,3,24.8955059382693
B,RAD21,5885,3524,3,48.2307657649594
B,PRSS46,100287362,5801,3,79.3946288883455
B,SP100,6672,4621,3,63.24471299656
B,AMT,275,3445,3,47.1495425823737
B,EPS15,2060,3694,3,50.5574485629285
B,CCDC152,100129792,4469,3,61.1643848477876
B,POLR3D,661,3163,3,43.289986411625
B,CBLC,23624,1361,3,18.6271487531526
B,HOXA9,3205,2841,3,38.8829754648835
B,CAVIN2,8436,3547,3,48.5455522611552
B,VHL,7428,2695,3,36.8847655325101
B,ZDHHC18,84243,1125,3,15.3971655747955
B,TRIM68,55128,5109,3,69.9236612636713
B,SAMD1,90378,1940,3,26.5515566356473
B,TMX2,51075,4170,3,57.072160397242
B,LRRFIP1,9208,6363,3,87.0863684910433
B,KCNN1,3780,970,3,13.2757783178237
B,TMEM150A,129303,2870,3,39.2798801774783
B,SLC35C2,51006,7394,3,101.197015342256
B,FOXB2,442425,8884,3,121.589705747985
B,PPP2R1A,5518,3405,3,46.602087806381
B,SPIN2B,474343,4340,3,59.3988431952111
B,EFNA2,1943,4738,3,64.8460182163387
B,SUGP1,57794,3723,3,50.9543532755232
B,CENPP,401541,6200,3,84.8554902788729
B,KCTD18,130535,2271,3,31.0817449069872
B,ZNF395,55893,1271,3,17.3953755071689
B,PPCS,79717,5746,3,78.6418785713555
B,PRPSAP1,5635,5465,3,74.7960087700065
B,CCND3,896,2136,3,29.2340850380117
B,NEK9,91754,3591,3,49.1477525147472
B,GPR12,2835,2036,3,27.8654480980299
B,LRP11,84918,3688,3,50.4753303465296
B,TSPAN18,90139,2942,3,40.2652987742652
B,HIST1H4H,8365,7532,3,103.085734319431
B,SLC31A1,1317,6455,3,88.3455144758266
B,ATMIN,23300,794,3,10.8669773034557
B,CRYBA4,1413,957,3,13.097855515626
B,VWA7,80737,4426,3,60.5758709635954
B,FANCG,2189,3959,3,54.1843364538803
B,VN1R2,317701,4686,3,64.1343270075482
B,LMBRD2,92255,2973,3,40.6895762256595
B,KDM4B,23030,3104,3,42.4824906170357
B,FAM181A,90050,4299,3,58.8377020498185
B,NEK3,4752,3494,3,47.8201746829648
B,MRNIP,51149,4643,3,63.545813123356
B,FAM69A,388650,3085,3,42.2224495984392
B,TMEM234,56063,5980,3,81.8444890109129
B,HIST4H4,121504,7591,3,103.89323011402
B,FSD1L,83856,3604,3,49.3256753169448
B,CSTF3,1479,5356,3,73.3041945054264
B,NBPF1,55672,7071,3,96.7763180261146
B,PQLC1,80148,3872,3,52.9936223160961
B,EHMT2,10919,4877,3,66.7484235629134
B,CRYBG3,131544,2301,3,31.4923359889817
B,NXPH3,11248,3922,3,53.677940786087
B,KCNK17,89822,2799,3,38.3081479500912
B,GMPR,2766,3084,3,42.2087632290394
B,CMTM3,123920,4748,3,64.9828819103369
B,SOX12,6666,6585,3,90.1247424978029
B,MAD2L2,10459,2281,3,31.2186086009853
B,NUP155,9631,2426,3,33.203132163959
B,TFAP2C,7022,2907,3,39.7862758452716
B,ATP6V1C2,245973,4083,3,55.8814462594578
B,SLC4A2,6522,3836,3,52.5009130177027
B,OTUD1,220213,865,3,11.8387095308428
B,NTN5,126147,3754,3,51.3786307269176
B,SPATA33,124045,2506,3,34.2980417159444
B,MFGE8,4240,4748,3,64.9828819103369
B,OAT,4942,2480,3,33.9421961115492
B,HIST1H4D,8360,7495,3,102.579338651638
B,PSMB2,5690,3704,3,50.6943122569267
B,ARFRP1,10139,4127,3,56.4836465130498
B,MOB3C,148932,1285,3,17.5869846787664
B,PEA15,8682,3429,3,46.9305606719767
B,VAMP3,9341,7983,3,109.258286918749
B,PCCB,5096,6153,3,84.2122309170815
B,OR2T10,127069,4182,3,57.2363968300398
B,ATPAF1,64756,7654,3,104.755471386209
B,MMP25,64386,2166,3,29.6446761200063
B,ALCAM,214,3484,3,47.6833109889667
B,FBXW5,54461,4489,3,61.438112235784
B,CRACR2A,84766,5677,3,77.697519082768
B,PLTP,5360,4005,3,54.8139094462719
B,UBE2I,7329,2813,3,38.4997571216886
B,IPO9,55705,2162,3,29.589930642407
B,SLC39A13,91252,2361,3,32.3135181529708
B,KCNC3,3748,2133,3,29.1930259298123
B,EIF5AL1,143244,4235,3,57.9617744082301
B,TNKS1BP1,85456,3762,3,51.4881216821161
B,DLX4,1748,2466,3,33.7505869399517
B,STMN3,50861,6609,3,90.4532153633986
B,AIDA,64853,6728,3,92.0818933219769
B,ATXN2,6311,3253,3,44.5217596576086
B,R3HCC1,203069,4169,3,57.0584740278421
B,APBA1,320,2177,3,29.7952261834043
B,NFYA,4800,4840,3,66.2420278951202
B,WDR89,112840,7403,3,101.320192666854
B,DPPA5,340168,5220,3,71.4428482670511
B,OVOL1,5017,2771,3,37.9249296068963
B,KAT5,10524,2805,3,38.3902661664901
B,ENTPD6,955,3303,3,45.2060781275996
B,RBM22,55696,2124,3,29.0698486052139
B,HMCES,56941,4748,3,64.9828819103369
B,KLF1,10661,5098,3,69.7731112002733
B,MUT,4594,5181,3,70.9090798604582
B,TMEM30A,55754,6303,3,86.2651863270542
B,SPATS2,65244,2038,3,27.8928208368295
B,SLMAP,7871,3739,3,51.1733351859203
B,SCML2,10389,1773,3,24.2659329458777
B,P3H1,64175,3360,3,45.9862011833892
B,CCDC24,149473,2169,3,29.6857352282057
B,SAXO1,158297,2434,3,33.3126231191575
B,CILP2,148113,2564,3,35.0918511411339
B,KIF11,3832,2642,3,36.1593879543197
B,PIGS,94005,3257,3,44.5765051352079
B,METTL16,79066,3558,3,48.6961023245532
B,SNTG1,54212,3163,3,43.289986411625
B,ASNA1,439,4861,3,66.5294416525163
B,CLIP2,7461,2186,3,29.9184035080026
B,TMEM215,401498,1991,3,27.2495614750381
B,ACER3,55331,1471,3,20.1326493871326
B,PTPRG,5793,5012,3,68.5960834318889
B,RHOT2,89941,1890,3,25.8672381656564
B,RNF138,51444,3736,3,51.1322760777209
B,PIDD1,55367,3348,3,45.8219647505914
B,C18orf65,400658,4339,3,59.3851568258112
B,ARPC1A,10552,3220,3,44.0701094674146
B,LYSMD3,116068,2577,3,35.2697739433315
B,MYO18B,84700,1576,3,21.5697181741135
B,GALNT15,117248,3141,3,42.988886284829
B,KLHDC8A,55220,4810,3,65.8314368131256
B,OR2T34,127068,6659,3,91.1375338333895
B,TAX1BP1,8887,4785,3,65.4892775781302
B,CASP7,840,1555,3,21.2823044167173
B,NACC1,112939,4908,3,67.1727010143078
B,KCNK10,54207,4524,3,61.9171351647776
B,ZFP36L1,677,3578,3,48.9698297125496
B,PPP2R2C,5522,4534,3,62.0539988587758
B,IPMK,253430,5059,3,69.2393427936803
B,ACSL6,23305,8078,3,110.558492011732
B,MOAP1,64112,2649,3,36.2551925401184
B,TOX3,27324,6273,3,85.8545952450596
B,CREB1,1385,6141,3,84.0479944842836
B,MST1R,4486,6134,3,83.9521898984849
B,NANOS2,339345,4509,3,61.7118396237803
B,C5orf52,100190949,2869,3,39.2661938080785
B,FXYD1,5348,4842,3,66.2694006339198
B,FCGR2C,9103,3610,1,49.4077935333438
B,TRAPPC11,60684,4679,3,64.0385224217494
B,H2BFM,286436,5075,3,69.4583247040774
B,EMC1,23065,6856,3,93.8337486051537
B,SEC24A,10802,3980,3,54.4717502112765
B,ITPKB,3707,5897,3,80.708520350728
B,OST4,100128731,6531,3,89.3856785502127
B,TRIM39-RPP21,202658,7238,3,99.0619417158842
B,EBF3,253738,3842,3,52.5830312341016
B,HNRNPA1L2,144983,6684,3,91.4796930683849
B,SUN5,140732,5607,3,76.7394732247807
B,TXLNA,200081,3487,3,47.7243700971661
B,SPATA25,128497,4734,3,64.7912727387394
B,FAS,355,4475,3,61.2465030641865
B,CSF1R,1436,5076,3,69.4720110734773
B,CDH13,1012,7711,3,105.535594441998
B,WRN,7486,4109,3,56.2372918638531
B,ADGRA2,25960,2996,3,41.0043627218554
B,SMAP2,64744,3673,3,50.2700348055323
B,NSMAF,8439,2310,3,31.6155133135801
B,KLC3,147700,3618,3,49.5172844885423
B,SCGN,10590,6745,3,92.3145616017739
B,CLIP3,25999,7962,3,108.970873161353
B,TIMM29,90580,3198,3,43.7690093406186
B,OR1L8,138881,2816,3,38.5408162298881
B,OR8H3,390152,4680,2,64.0522087911493
B,ATF6,22926,4702,3,64.3533089179452
B,TET1,80312,1712,3,23.4310644124888
B,ACAD9,28976,5425,3,74.2485539940138
B,CDK12,51755,10394,3,142.256123541711
B,MTRNR2L10,100463488,4333,3,59.3030386094123
B,SLC29A1,2030,5354,3,73.2768217666267
B,MED17,9440,4279,3,58.5639746618221
B,HIST1H2AI,8329,6485,3,88.7561055578211
B,WASHC4,23325,3800,3,52.0082037193092
B,LRCH1,23143,6263,3,85.7177315510615
B,TMEM9,252839,4963,3,67.9254513312978
B,HEATR9,256957,7400,3,101.279133558655
B,SLC11A1,6556,5087,3,69.6225611368752
B,TMEM182,130827,5567,3,76.192018448788
B,PRAMEF17,391004,2603,3,35.6256195477268
B,FUCA1,2517,2391,3,32.7241092349654
B,DDX46,9879,5796,3,79.3261970413464
B,GALR1,2587,4450,3,60.9043438291911
B,ZDHHC22,283576,5691,3,77.8891282543655
B,EPC1,80314,2583,3,35.3518921597304
B,ZNF30,90075,3310,3,45.3018827133983
B,TRIM50,135892,3940,3,53.9242954352838
B,RAB25,57111,4665,3,63.846913250152
B,RAB21,23011,2536,3,34.708632797939
B,POGZ,23126,1947,3,26.6473612214461
B,STRIP1,85369,5402,3,73.933767497818
B,RFC4,5984,4088,3,55.9498781064569
B,TOB1,10140,3869,3,52.9525632078967
B,IRX2,153572,2926,3,40.0463168638681
B,SH3GL3,6457,1758,3,24.0606374048804
B,GID4,79018,3620,3,49.5446572273419
B,DLX1,1745,6474,3,88.6055554944231
B,PLGRKT,55848,8255,3,112.980979395499
B,ST13,6767,5853,3,80.106320097136
B,VSTM5,387804,2624,3,35.913033305123
B,DEUP1,159989,7617,3,104.249075718415
B,PIK3CB,5291,4942,3,67.6380375739016
B,FKBP8,23770,2963,3,40.5527125316614
B,PPIL4,85313,3839,3,52.5419721259021
B,SSRP1,6749,5120,3,70.0742113270692
B,OLFML2A,169611,6835,3,93.5463348477575
B,CCNT2,905,4413,3,60.3979481613978
B,TGFBR3L,100507588,2967,3,40.6074580092606
B,ARL8B,55207,1825,3,24.9776241546682
B,NELL2,4753,4908,3,67.1727010143078
B,C9orf24,84688,4922,3,67.3643101859052
B,SLC48A1,55652,3967,3,54.2938274090789
B,MSRA,4482,4665,3,63.846913250152
B,FOXP2,93986,6683,3,91.4660066989851
B,ARL16,339231,2532,3,34.6538873203397
B,SSTR5,6755,6105,3,83.5552851858902
B,CCHCR1,54535,3813,3,52.1861265215069
B,ZBTB3,79842,3122,3,42.7288452662325
B,RTP3,83597,3914,3,53.5684498308885
B,PDZD8,118987,3478,3,47.6011927725677
B,GTPBP1,9567,4375,3,59.8778661242047
B,GP1BB,2812,3990,3,54.6086139052747
B,RABEPK,10244,5332,3,72.9757216398307
B,CLEC18B,497190,8540,3,116.881594674448
B,CRHR1,1394,4414,3,60.4116345307976
B,KRT72,140807,2320,3,31.7523770075783
B,C1orf226,400793,5502,3,75.3024044377998
B,RAB1A,5861,4523,3,61.9034487953778
B,OR6B3,150681,1920,3,26.277829247651
B,KRTAP3-3,85293,4870,3,66.6526189771147
B,DOC2A,8448,3490,3,47.7654292053656
B,CRYBB1,1414,5526,3,75.6308773033954
B,RETREG3,162427,4307,3,58.9471930050171
B,CAPZA1,829,6489,3,88.8108510354204
B,APOBEC3D,140564,6114,3,83.6784625104886
B,MLYCD,23417,4352,3,59.5630796280089
B,C17orf74,201243,4609,3,63.0804765637621
B,ARHGAP35,2909,2795,3,38.2534024724919
B,ERN1,2081,4628,3,63.3405175823587
B,CELF6,60677,3263,3,44.6586233516068
B,ZFPL1,7542,3311,3,45.3155690827981
B,RBFOX1,54715,3355,3,45.9177693363901
B,SLC17A7,57030,1206,3,16.5057614961808
B,C22orf46,79640,5141,3,70.3616250844654
B,PNPLA3,80339,4278,3,58.5502882924223
B,TOX4,9878,3851,3,52.7062085586999
B,ARHGEF18,23370,3282,3,44.9186643702034
B,FSCN2,25794,2443,3,33.4358004437559
B,VCY1B,353513,1600,1,21.8981910397091
B,VAPB,9217,5674,3,77.6564599745686
B,OR52E2,119678,3584,3,49.0519479289485
B,CNOT9,9125,3792,3,51.8987127641107
B,OSTM1,28962,1184,3,16.2046613693848
B,PSMD10,5716,3753,3,51.3649443575178
B,MAGED4,728239,3218,3,44.042736728615
B,VRK3,51231,3861,3,52.8430722526981
B,CEACAM18,729767,4855,3,66.4473234361174
B,COQ10A,93058,5034,3,68.8971835586849
B,MED25,81857,3574,3,48.9150842349503
B,KRTAP20-1,337975,5626,3,76.9995142433773
B,MCRIP2,84331,3454,3,47.2727199069721
B,NMNAT2,23057,4403,3,60.2610844673996
B,PUS7L,83448,2738,3,37.4732794167023
B,KIAA1549L,25758,4318,3,59.0977430684151
B,USP48,84196,2962,3,40.5390261622615
B,VSIG8,391123,7204,3,98.5966051562904
B,PSG3,5671,1141,3,15.6161474851926
B,DNAJC1,64215,6316,3,86.4431091292518
B,UBL5,59286,4789,3,65.5440230557294
B,RPL38,6169,5805,3,79.4493743659447
B,PHACTR3,116154,6725,3,92.0408342137775
B,NPY5R,4889,6038,3,82.6382984361024
B,AGPS,8540,6850,3,93.7516303887548
B,CEPT1,10390,8877,3,121.493901162186
B,C16orf92,146378,4089,3,55.9635644758567
B,KDM2A,22992,2570,3,35.1739693575328
B,FAM173B,134145,6259,3,85.6629860734622
B,TRIM72,493829,6131,3,83.9111307902855
B,SPACA5,389852,4869,3,66.6389326077149
B,FNDC8,54752,4209,3,57.6059288038349
B,MOV10L1,54456,6788,3,92.903075485966
B,CNTF,1270,6224,3,85.1839631444686
B,MYBPC1,4604,4369,3,59.7957479078058
B,DEFB106A,245909,5752,3,78.7239967877544
B,COPB2,9276,3925,3,53.7189998942865
B,OR6Q1,219952,6091,3,83.3636760142927
B,SFXN2,118980,2955,3,40.4432215764628
B,KCNJ16,3773,5729,3,78.4092102915585
B,C6orf229,101928603,4940,3,67.610664835102
B,SEC61A2,55176,2145,3,29.3572623626101
B,ARHGAP9,64333,4475,3,61.2465030641865
B,BHMG1,388553,4936,3,67.5559193575027
B,PPP1R3A,5506,5686,3,77.8206964073664
B,C1orf35,79169,8223,3,112.543015574705
B,FMO3,2328,1315,3,17.997575760761
B,KRTAP13-4,284827,9353,3,128.0086129965
B,NAGA,4668,6147,3,84.1301127006826
B,ATP6V0E1,8992,5703,3,78.0533646871633
B,TSPAN32,10077,8404,3,115.020248436072
B,AKR1C4,1109,3572,3,48.8877114961507
B,LAMTOR3,8649,5374,3,73.5505491546231
B,GTPBP3,84705,5264,3,72.0450485206431
B,RPSA,3921,4104,3,56.1688600168539
B,KRT23,25984,4674,3,63.9700905747503
B,KPNA7,402569,3434,3,46.9989925189757
B,LTBP2,4053,4282,3,58.6050337700216
B,KIAA0100,9703,1724,3,23.5953008452866
B,IMMP1L,196294,6126,3,83.8426989432864
B,COX7A2L,9167,6129,3,83.8837580514858
B,OR11H2,79334,5002,3,68.4592197378907
B,ANKRD20A4,728747,2158,1,29.5351851648077
B,PRKCI,5584,4241,3,58.043892624629
B,PXMP2,5827,1859,3,25.4429607142621
B,H2AFX,3014,6839,3,93.6010803253568
B,ANKMY2,57037,6460,3,88.4139463228257
B,C10orf113,387638,8090,3,110.722728444529
B,CRISP3,10321,5287,3,72.3598350168389
B,NT5C2,22978,2973,3,40.6895762256595
B,ZNF561,93134,4058,3,55.5392870244623
B,ANKRD33B,651746,1669,3,22.8425505282966
B,ELFN2,114794,5054,3,69.1709109466813
B,WDFY1,57590,5192,3,71.0596299238562
B,FBXL21,26223,1564,3,21.4054817413157
B,KCNJ12,3768,4729,3,64.7228408917403
B,CYP2A13,1553,5646,3,77.2732416313736
B,C21orf33,8209,4046,3,55.3750505916645
B,RUNDC1,146923,4329,3,59.248293131813
B,ZNF687,57592,5936,3,81.2422887573209
B,BPHL,670,5601,3,76.6573550083818
B,C5orf58,133874,5861,3,80.2158110523345
B,OR10T2,128360,1688,3,23.1025915468931
B,GTF2A1,2957,2423,3,33.1620730557595
B,OR4K1,79544,6244,3,85.4576905324649
B,ERCC8,1161,3028,3,41.4423265426496
B,LGALS13,29124,7092,3,97.0637317835108
B,TSPY4,728395,4821,2,65.9819868765236
B,LRIT3,345193,5210,3,71.3059845730529
B,SPANXD,64648,4337,3,59.3577840870116
B,ABHD10,55347,4790,3,65.5577094251292
B,THBS1,7057,3346,3,45.7945920117917
B,PLA2G12A,81579,3015,3,41.2644037404519
B,SLC39A5,283375,7748,3,106.041990109792
B,SMIM2,79024,5961,3,81.5844479923164
B,POTEG,404785,2467,1,33.7642733093515
B,OR52B4,143496,5836,3,79.8736518173391
B,LRP2BP,55805,3124,3,42.7562180050321
B,C20orf141,128653,6164,3,84.3627809804795
B,HOXC9,3225,2915,3,39.8957668004701
B,TMPRSS5,80975,6008,3,82.2277073541078
B,CD80,941,4318,3,59.0977430684151
B,COQ7,10229,4559,3,62.3961580937712
B,GNL2,29889,2615,3,35.7898559805246
B,GAPT,202309,3857,3,52.7883267750989
B,INMT,11185,7587,3,103.838484636421
B,ATP5L2,267020,2586,2,35.3929512679299
B,GUF1,60558,2767,3,37.870184129297
B,ZWILCH,55055,3200,3,43.7963820794183
B,FNDC3A,22862,2498,3,34.1885507607459
B,TRHR,7201,6421,3,87.8801779162327
B,NDUFAF7,55471,4804,3,65.7493185967267
B,PUM2,23369,2808,3,38.4313252746895
B,MBP,4155,4762,3,65.1744910819343
B,GPR89A,653519,6262,3,85.7040451816616
B,METTL1,4234,4362,3,59.699943322007
B,LIPM,340654,3012,3,41.2233446322525
B,PPP1CC,5501,4945,3,67.6790966821011
B,BIVM,54841,4345,3,59.4672750422101
B,HNRNPCL1,343069,4568,3,62.5193354183696
B,UGT1A6,54578,4707,3,64.4217407649443
B,MYH4,4622,4600,3,62.9572992391638
B,ASB14,142686,4716,3,64.5449180895427
B,CAPN9,10753,4876,3,66.7347371935136
B,URM1,81605,2579,3,35.2971466821312
B,ALS2CR12,130540,4268,3,58.4134245984241
B,B4GALT3,8703,3665,3,50.1605438503338
B,TEX28,1527,3542,3,48.4771204141561
B,MEFV,4210,5442,3,74.4812222738107
B,AKR1C3,8644,3835,3,52.4872266483029
B,TXLNB,167838,5347,3,73.181017180828
B,MMP8,4317,2646,3,36.214133431919
B,RANBP17,64901,2241,3,30.6711538249926
B,PARP6,56965,6559,3,89.7688968934077
B,NDUFB11,54539,5595,3,76.5752367919829
B,ZNF790,388536,3494,3,47.8201746829648
B,NEFM,4741,2362,3,32.3272045223706
B,TRIQK,286144,2823,3,38.6366208156868
B,SLC6A19,340024,4128,3,56.4973328824496
B,NUS1,116150,3972,3,54.3622592560779
B,TMEM161B,153396,4650,3,63.6416177091547
B,DDAH2,23564,4325,3,59.1935476542138
B,GSG1,83445,3674,3,50.2837211749321
B,HSPB2,3316,4032,3,55.183441420067
B,RPS10-NUDT3,100529239,532,3,7.28114852070329
B,CCDC155,147872,2539,3,34.7496919061384
B,TSPAN12,23554,2914,3,39.8820804310703
B,GJB5,2709,2623,3,35.8993469357232
B,OR10G3,26533,4832,3,66.1325369399216
B,ST3GAL1,6482,2797,3,38.2807752112915
B,RNASEH1,246243,2012,3,27.5369752324342
B,SLC38A9,153129,3418,3,46.7800106085787
B,CDKN1B,1027,4231,3,57.9070289306309
B,PDCD10,11235,4364,3,59.7273160608067
B,GPATCH2,55105,4546,3,62.2182352915736
B,PABPC3,5042,7414,3,101.470742730252
B,NUBPL,80224,3329,3,45.5619237319948
B,LOC729159,729159,3827,3,52.3777356931043
B,SNRPD1,6632,3559,3,48.709788693953
B,WI2-2373I1.2,100288524,2848,3,38.9787800506823
B,DPM1,8813,3021,3,41.3465219568508
B,QRICH1,54870,4649,3,63.6279313397549
B,CCL27,10850,4092,3,56.0046235840561
B,ZNRF4,148066,3760,3,51.4607489433165
B,S100A13,6284,2667,3,36.5015471893152
B,POLR2K,5440,4736,3,64.8186454775391
B,HNRNPH2,3188,4322,3,59.1524885460143
B,RGS13,6003,2844,3,38.924034573083
B,OXNAD1,92106,6364,3,87.1000548604431
B,RFPL3,10738,3835,3,52.4872266483029
B,OGN,4969,2970,3,40.6485171174601
B,NR5A2,2494,4582,3,62.7109445899671
B,ESR1,2099,4151,3,56.8121193786454
B,TMC3,342125,3093,3,42.3319405536377
B,CCDC129,223075,4901,3,67.0768964285091
B,ZNF625,90589,2398,3,32.8199138207641
B,KRTAP26-1,388818,5275,3,72.1955985840411
B,B9D1,27077,3419,3,46.7936969779785
B,SGK1,6446,2846,3,38.9514073118826
B,MEPE,56955,3702,3,50.666939518127
B,NOL8,55035,5104,3,69.8552294166722
B,PRCC,5546,4842,3,66.2694006339198
B,HGD,3081,4442,3,60.7948528739925
B,USP53,54532,4378,3,59.9189252324041
B,SERINC4,619189,3036,3,41.5518174978481
B,DEFB114,245928,3973,3,54.3759456254778
B,OR2D2,120776,3556,3,48.6687295857536
B,ZNF506,440515,3896,3,53.3220951816918
B,CACNA2D1,781,4464,3,61.0959530007885
B,MAGEE1,57692,5312,3,72.7019942518343
B,C9orf43,257169,2935,3,40.1694941884665
B,DONSON,29980,2977,3,40.7443217032588
B,PTTG1,9232,4895,3,66.9947782121102
B,DEFB103B,55894,4883,3,66.8305417793123
B,KRTAP10-3,386682,6821,3,93.35472567616
B,PCP4,5121,2635,3,36.063583368521
B,TUBB3,10381,1886,3,25.8124926880572
B,FBXO44,93611,2017,3,27.6054070794333
B,TRPV5,56302,4317,3,59.0840566990152
B,KRTAP12-1,353332,1907,2,26.0999064454533
B,ANKRD22,118932,3065,3,41.9487222104428
B,ZAR1,326340,615,3,8.4171171808882
B,GPR52,9293,3295,3,45.096587172401
B,NPR1,4881,2501,3,34.2296098689454
B,BMI1,648,5151,3,70.4984887784636
B,HYLS1,219844,3934,3,53.8421772188849
B,PITRM1,10531,3873,3,53.0073086854959
B,DAZ3,57054,2434,2,33.3126231191575
B,MYL2,4633,4866,3,66.5978734995154
B,AMZ2,51321,4035,3,55.2245005282665
B,FBXO42,54455,4419,3,60.4800663777967
B,ADRA1D,146,4076,3,55.785641673659
B,TMPRSS7,344805,1888,3,25.8398654268568
B,DLAT,1737,5428,3,74.2896131022133
B,KHDC1L,100129128,4360,3,59.6725705832074
B,TUBGCP6,85378,6097,3,83.4457942306917
B,CTU1,90353,1800,3,24.6354649196728
B,INTS6,26512,3096,3,42.3729996618372
B,RIC8A,60626,3711,3,50.7901168427254
B,SLC1A5,6510,3991,3,54.6223002746745
B,ANKRA2,57763,2885,3,39.4851757184756
B,ESR2,2100,3451,3,47.2316607987727
B,C1QC,714,3065,3,41.9487222104428
B,ADAMTSL1,92949,3459,3,47.3411517539712
B,ZNF816,125893,4838,3,66.2146551563205
B,CHURC1,91612,4149,3,56.7847466398458
B,MAPKAPK5,8550,3771,3,51.6112990067145
B,BAP1,8314,2923,3,40.0052577556686
B,ATOH1,474,3018,3,41.3054628486514
B,KRTAP21-3,100288323,6774,3,92.7114663143686
B,C22orf42,150297,3977,3,54.430691103077
B,LIMS3,96626,4994,3,68.3497287826921
B,GSTA1,2938,2918,3,39.9368259086696
B,RYBP,23429,3766,3,51.5428671597154
B,SLC35E3,55508,4921,3,67.3506238165054
B,RANBP3L,202151,4053,3,55.4708551774632
B,OR4Q3,441669,4619,3,63.2173402577603
B,OR5F1,338674,2990,3,40.9222445054565
B,CEP170,9859,3947,3,54.0201000210825
B,COL3A1,1281,2594,3,35.5024422231284
B,DDX11,1663,1821,3,24.922878677069
B,SERPINB3,6317,4838,3,66.2146551563205
B,OR13D1,286365,7623,3,104.331193934814
B,SLC2A7,155184,4323,3,59.1661749154141
B,CCDC168,643677,3246,3,44.4259550718099
B,FURIN,5045,3558,3,48.6961023245532
B,PLSCR5,389158,3427,3,46.903187933177
B,PRR3,80742,4885,3,66.857914518112
B,GNA11,2767,1590,3,21.761327345711
B,C16orf90,646174,4099,3,56.1004281698549
B,DNAJB12,54788,2061,3,28.2076073330253
B,ARNT,405,2868,3,39.2525074386786
B,CPA1,1357,4927,3,67.4327420329043
B,TXK,7294,5315,3,72.7430533600338
B,ARL6IP1,23204,4724,3,64.6544090447412
B,SLC15A3,51296,2603,3,35.6256195477268
B,MS4A1,931,2143,3,29.3298896238104
B,CAPNS2,84290,3511,3,48.0528429627618
B,C4orf51,646603,5494,3,75.1929134826013
B,EEF1G,1937,7061,3,96.6394543321164
B,SGCG,6445,5715,3,78.2176011199611
B,ABCB7,22,5225,3,71.5112801140502
B,NDP,4693,3159,3,43.2352409340257
B,CTLA4,1493,6209,3,84.9786676034713
B,OR5AU1,390445,5731,3,78.4365830303582
B,PRH2,5555,4515,3,61.7939578401792
B,SCN1A,6323,3789,3,51.8576536559112
B,LARGE1,9215,5136,3,70.2931932374663
B,RRN3,54700,3179,3,43.5089683220221
B,C7orf71,285941,5016,3,68.6508289094882
B,DACH2,117154,4948,3,67.7201557903005
B,DEC1,50514,5591,3,76.5204913143836
B,ST18,9705,4475,3,61.2465030641865
B,SPOCD1,90853,4130,3,56.5247056212492
B,SFXN3,81855,4182,3,57.2363968300398
B,HSD17B7,51478,7525,3,102.989929733632
B,ATP5O,539,4719,3,64.5859771977422
B,S100A7,6278,7226,3,98.8977052830864
B,YIPF7,285525,1944,3,26.6063021132466
B,OR7D2,162998,5958,3,81.5433888841169
B,DNAJB8,165721,3303,3,45.2060781275996
B,ALB,213,6082,3,83.2404986896944
B,UCN2,90226,4949,3,67.7338421597003
B,C4orf48,401115,3315,3,45.3703145603974
B,TREML4,285852,4151,3,56.8121193786454
B,TRMT10B,158234,4510,3,61.7255259931801
B,EFNA5,1946,4325,3,59.1935476542138
B,C2orf71,388939,2622,3,35.8856605663234
B,CD55,1604,4314,3,59.0429975908158
B,ZBTB14,7541,4502,3,61.6160350379816
B,GPR22,2845,4691,3,64.2027588545472
B,ZNF619,285267,4722,3,64.6270363059416
B,ING3,54556,3628,3,49.6541481825405
B,USP17L20,100287441,1698,1,23.2394552408913
B,HOXA2,3199,4362,3,59.699943322007
B,GPR141,353345,4038,3,55.2655596364659
B,AGAP6,414189,1961,2,26.8389703930435
B,RWDD1,51389,2085,3,28.536080198621
B,METTL12,751071,5019,3,68.6918880176876
B,ZC2HC1B,153918,5138,3,70.320565976266
B,DPF3,8110,3090,3,42.2908814454383
B,HHLA2,11148,4844,3,66.2967733727194
B,TIMM10,26519,4777,3,65.3797866229316
B,CCDC122,160857,5656,3,77.4101053253718
B,C12orf42,374470,3376,3,46.2051830937863
B,USP17L26,728379,650,1,8.89614010988184
B,FDCSP,260436,4868,3,66.6252462383151
B,UGT2A2,574537,4460,3,61.0412075231892
B,C1orf131,128061,6679,3,91.4112612213859
B,AMY2A,279,3795,3,51.9397718723101
B,ZNF124,7678,5364,3,73.4136854606249
B,NLRC4,58484,5253,3,71.8944984572451
B,RGPD8,727851,1552,2,21.2412453085179
B,FBLN2,2199,1188,3,16.259406846984
B,CYP2C9,1559,3929,2,53.7737453718858
B,CPSF2,53981,4124,3,56.4425874048503
B,HSD3B1,3283,5401,3,73.9200811284182
B,TMEM40,55287,5348,3,73.1947035502278
B,PSG4,5672,2280,3,31.2049222315855
B,SERPINB7,8710,2834,3,38.7871708790848
B,JMY,133746,3758,3,51.4333762045169
B,WASHC3,51019,3298,3,45.1376462806005
B,LCNL1,401562,3465,3,47.4232699703701
B,NARF,26502,4734,3,64.7912727387394
B,COX7A2,1347,3809,3,52.1313810439076
B,HIST1H2BF,8343,3811,3,52.1587537827072
B,STC1,6781,2653,3,36.3099380177177
B,IRF2,3660,3159,3,43.2352409340257
B,DNAJC9,23234,2711,3,37.1037474429072
B,HIST1H2BA,255626,5855,3,80.1336928359356
B,OR4K5,79317,3206,3,43.8785002958172
B,ZC3H11A,9877,3957,3,54.1569637150807
B,LOX,4015,3651,3,49.9689346787363
B,CDKAL1,54901,4399,3,60.2063389898003
B,TNFRSF8,943,3035,3,41.5381311284483
B,IL20,50604,4281,3,58.5913474006218
B,EPHA8,2046,2474,3,33.8600778951503
B,HSD11B1,3290,2464,3,33.7232142011521
B,NEDD4,4734,3362,3,46.0135739221888
B,CDKN2C,1031,3484,3,47.6833109889667
B,TCEA2,6919,3660,3,50.0921120033347
B,HIST1H3D,8351,465,1,6.36416177091547
B,CFB,629,4422,3,60.5211254859961
B,PAFAH2,5051,1349,3,18.4629123203548
B,KCNB1,3745,1136,3,15.5477156381935
B,FADD,8772,1883,3,25.7714335798577
B,C11orf45,219833,5027,3,68.8013789728861
B,SUPT20HL1,100130302,152,1,2.08032814877237
B,HACD3,51495,3682,3,50.3932121301307
B,ELFN1,392617,5140,3,70.3479387150656
B,POU6F2,11281,4612,3,63.1215356719616
B,TRAFD1,10906,2510,3,34.3527871935437
B,EXPH5,23086,3902,3,53.4042133980907
B,MS4A2,2206,2810,3,38.4586980134892
B,FAM227A,646851,3770,3,51.5976126373147
B,TRIM43B,653192,1180,1,16.1499158917855
B,PIPOX,51268,4074,3,55.7582689348594
B,ZNF283,284349,4741,3,64.8870773245382
B,DEFB4B,100289462,3649,2,49.9415619399367
B,CARMIL2,146206,6109,3,83.6100306634895
B,SLC2A2,6514,6370,3,87.182173076842
B,TRIM56,81844,3788,3,51.8439672865114
B,OR2L3,391192,3899,3,53.3631542898912
B,WDR49,151790,3719,3,50.8996077979239
B,SPATA31D1,389763,1533,1,20.9812042899213
B,USP17L11,100287178,1792,1,24.5259739644742
B,OR4F21,441308,1424,1,19.4893900253411
B,CMTM2,146225,3924,3,53.7053135248867
B,ZSCAN2,54993,3980,3,54.4717502112765
B,TRIM29,23650,3919,3,53.6368816778876
B,ZDHHC11,79844,8912,3,121.97292409118
B,DDC,1644,4254,3,58.2218154268267
B,SOX30,11063,3188,3,43.6321456466205
B,TMEM156,80008,3309,3,45.2881963439985
B,ATRX,546,2345,3,32.0945362425737
B,CCDC144NL,339184,4303,3,58.8924475274178
B,MEP1A,4224,2562,3,35.0644784023343
B,DMRTC1B,728656,955,1,13.0704827768264
B,TRMT61B,55006,4217,3,57.7154197590334
B,DNHD1,144132,5045,3,69.0477336220829
B,KDM8,79831,4638,3,63.4773812763569
B,PROM1,8842,2415,3,33.052582100561
B,APOOL,139322,5800,3,79.3809425189456
B,FILIP1,27145,8389,3,114.814952895075
B,NEB,4703,5445,3,74.5222813820102
B,FIGN,55137,6549,3,89.6320331994095
B,PCDHB8,56128,2052,1,28.084430008427
B,NCOA5,57727,1041,3,14.2475105452108
B,MYL4,4635,9343,3,127.871749302502
B,MED21,9412,3894,3,53.2947224428921
B,PRAMEF14,729528,1411,1,19.3114672231435
B,KIR3DL1,3811,4188,2,57.3185150464387
B,CBWD3,445571,1972,1,26.9895204564415
B,VIT,5212,9174,3,125.558752873932
B,AMY1C,278,2190,1,29.9731489856019
B,CP,1356,3338,3,45.6851010565932
B,C17orf47,284083,5462,3,74.7549496618071
B,SERPINB4,6318,513,1,7.02110750210674
B,PTHLH,5744,3913,3,53.5547634614887
B,NPVF,64111,4051,3,55.4434824386636
B,PCDH11Y,83259,4080,2,55.8403871512583
