sample,gene_symbol,gene_id,exact_count,guides,cpm
A,GATA3,2625,5003,3,59.1476519517129
A,ANKH,56172,5247,3,62.0323265621902
A,SMARCAD1,56916,3457,3,40.8701644607379
A,JAG1,182,3224,3,38.1155366564706
A,MAP1LC3C,440738,6364,3,75.2379886109736
A,CCNI,10983,3669,3,43.3765210895132
A,TRAM1L1,133022,4895,3,57.8708287634689
A,POU6F1,5463,3909,3,46.2139059522778
A,OR4F4,26682,4850,3,57.3388191017005
A,CPA2,1358,5034,3,59.5141474964867
A,ANLN,54443,4646,3,54.9270419683506
A,GEMIN6,79833,4864,3,57.5043332186951
A,AASDHPPT,60496,5503,3,65.0588704158058
A,OR7E24,26648,4218,3,49.8670389630872
A,SP8,221833,4479,3,52.9526950013436
A,BCL11B,64919,4094,3,48.4010567839921
A,HIST1H2BF,8343,5804,3,68.6174239311896
A,C22orf42,150297,6447,3,76.219250876013
A,OR11H2,79334,4326,3,51.1438621513312
A,CXCL11,6373,5835,3,68.9839194759634
A,ETV4,2118,2638,3,31.1875886165538
A,ZC3H13,23091,5632,3,66.5839647795417
A,RNF133,168433,4836,3,57.1733049847059
A,PRAMEF20,645425,4431,3,52.3852180287907
A,XAGE5,170627,3918,3,46.3203078846315
A,MYO3B,140469,4806,3,56.8186318768603
A,ZEB2,9839,3149,3,37.2288538868567
A,GABRR3,200959,7015,3,82.9343950512225
A,OR13H1,347468,5568,3,65.8273288161378
A,TMPRSS11B,132724,4703,3,55.6009208732572
A,WFDC11,259239,4298,3,50.812833917342
A,HLA-DMB,3109,5590,3,66.0874224285579
A,ZC3H4,23211,3643,3,43.0691377293804
A,CYLC1,1538,6233,3,73.6892493733813
A,E2F6,1876,5672,3,67.0568622566691
A,SERPINB12,89777,4071,3,48.1291407346439
A,BICRAL,23506,7457,3,88.1599121734806
A,HDAC8,55869,4819,3,56.9723235569268
A,CSH2,1443,5485,3,64.8460665510984
A,NMNAT1,64802,2628,3,31.0693642472719
A,GABRG2,2566,4072,3,48.1409631715721
A,TAS2R19,259294,7471,3,88.3254262904752
A,TNFRSF10C,8794,5345,3,63.1909253811524
A,CLEC4A,50856,6754,3,79.848739012966
A,OR5K1,26339,6292,3,74.3867731521443
A,EXPH5,23086,3321,3,39.2623130385046
A,PIK3C2A,5286,6008,3,71.0292010645395
A,DPF3,8110,5529,3,65.3662537759386
A,TNFSF18,8995,6019,3,71.1592478707496
A,NR2F1,7025,6541,3,77.3305599472625
A,ZNF37A,7587,4098,3,48.4483465317049
A,IDO2,169355,4228,3,49.985263332369
A,ANKFN1,162282,2519,3,29.7807186220997
A,KLKB1,3818,6573,3,77.7088779289644
A,MRLN,100507027,7808,3,92.3095875352737
A,IL18RAP,8807,4805,3,56.8068094399322
A,SPATA31D1,389763,3765,3,44.5114750346191
A,OR4E2,26686,7606,3,89.9214552757802
A,OR2AK2,391191,4281,3,50.6118524895629
A,MOAP1,64112,5283,3,62.4579342916049
A,CRIP3,401262,3847,3,45.4809148627303
A,DAZL,1618,7196,3,85.0742561352241
A,RXFP2,122042,4342,3,51.3330211421822
A,C2,717,5628,3,66.536675031829
A,OR5D13,390142,6122,3,72.3769588743527
A,OVOS2,144203,3361,3,39.735210515632
A,SLC25A45,283130,4484,3,53.0118071859846
A,HDAC9,9734,10131,3,119.773108519449
A,FAM86B2,653333,5662,3,66.9386378873873
A,PAPD4,167153,2913,3,34.4387587718049
A,DIEXF,27042,5039,3,59.5732596811276
A,PIWIL3,440822,6652,3,78.6428504462911
A,HIGD1A,25994,4642,3,54.8797522206379
A,JKAMP,51528,3575,3,42.2652120182638
A,SYDE1,85360,4893,3,57.8471838896125
A,GSTCD,79807,6353,3,75.1079418047636
A,MAJIN,283129,3656,3,43.2228294094468
A,MLF1,4291,3084,3,36.4603954865246
A,GLIPR1L2,144321,5735,3,67.8016757831448
A,RFPL2,10739,3211,3,37.9618449764042
A,SPATA13,221178,5068,3,59.916110352045
A,LOC646588,646588,3848,3,45.4927372996585
A,C3AR1,719,6718,3,79.4231312835513
A,CTAGE8,100142659,4648,3,54.950686842207
A,GCNT3,9245,7650,3,90.4416425006204
A,SP9,100131390,5077,3,60.0225122843987
A,RTCB,51493,3540,3,41.8514267257773
A,MMP20,9313,8482,3,100.277910024871
A,SYT16,83851,3470,3,41.0238561408043
A,POTEB3,102724631,3893,3,46.0247469614268
A,SLCO1C1,53919,9050,3,106.99305420008
A,NKX3-2,579,6337,3,74.9187828139126
A,OR2G6,391211,3692,3,43.6484371388615
A,ICE1,23379,4870,3,57.5752678402642
A,BTN3A3,10384,2970,3,35.1126376767114
A,PRMT6,55170,4504,3,53.2482559245483
A,RIPK2,8767,8075,3,95.4661781950993
A,OCLM,10896,4856,3,57.4097537232696
A,LCP2,3937,3775,3,44.6296994039009
A,PLP1,5354,7725,3,91.3283252702343
A,OR8I2,120586,3695,3,43.6839044496461
A,ZNF404,342908,6862,3,81.1255622012101
A,THRB,7068,2696,3,31.8732899583886
A,ELMOD3,84173,3872,3,45.7764757859349
A,OR13G1,441933,5895,3,69.6932656916545
A,TMX3,54495,5670,3,67.0332173828128
A,PFDN1,5201,4480,3,52.9645174382718
A,CTSC,1075,4538,3,53.6502187801066
A,OR13C9,286362,4751,3,56.1683978458101
A,OR13C5,138799,4192,3,49.5596556029543
A,UTP11,51118,5277,3,62.3869996700358
A,FPR3,2359,4510,3,53.3191905461174
A,WDR24,84219,5094,3,60.2234937121778
A,OR6C68,403284,7223,3,85.3934619322851
A,OR6C2,341416,2662,3,31.4713271028303
A,OR5M11,219487,5968,3,70.5563035874121
A,MBNL3,55796,4911,3,58.0599877543198
A,FAM83E,54854,5548,3,65.5908800775741
A,PCDHGC3,5098,6330,3,74.8360257554153
A,OR10AG1,282770,4466,3,52.7990033212772
A,EYA3,2140,6956,3,82.2368712724595
A,TBC1D15,64786,6589,3,77.8980369198154
A,KLHL4,56062,2698,3,31.8969348322449
A,MTERF1,7978,3874,3,45.8001206597913
A,CREB3L4,148327,4401,3,52.0305449209451
A,PIN4,5303,5037,3,59.5496148072712
A,ATF7IP,55729,6178,3,73.0390153423311
A,ALDOB,229,3695,3,43.6839044496461
A,OLFML3,56944,5566,3,65.8036839422814
A,SMNDC1,10285,5714,3,67.5534046076529
A,ZNF654,55279,6713,3,79.3640190989104
A,CASP4,837,6472,3,76.5148117992177
A,OAZ2,4947,2848,3,33.6703003714728
A,GPR150,285601,8925,3,105.515249584057
A,CDV3,55573,4115,3,48.649327959484
A,VPS16,64601,5586,3,66.0401326808452
A,OR2L3,391192,4765,3,56.3339119628047
A,SEMA4A,64218,9920,3,117.278574327602
A,MYH15,22989,4528,3,53.5319944108247
A,SHC4,399694,5408,3,63.9357389076281
A,GRIK2,2898,3737,3,44.1804468006299
A,WBSCR28,135886,6062,3,71.6676126586615
A,ACOT4,122970,2629,3,31.0811866842001
A,MYO1A,4640,6782,3,80.1797672469552
A,CFLAR,8837,3640,3,43.0336704185958
A,FAM102B,284611,5400,3,63.8411594122026
A,OR2L8,391190,5528,3,65.3544313390104
A,ATF6,22926,4847,3,57.303351790916
A,OR6C75,390323,4239,3,50.1153101385791
A,PAPPA2,60676,5499,3,65.011580668093
A,VWA2,340706,5254,3,62.1150836206875
A,TAS2R31,259290,2602,3,30.7619808871391
A,SOX2,6657,4990,3,58.9939602716465
A,NTS,4922,3161,3,37.3707231299949
A,RBMS2,5939,4983,3,58.9112032131492
A,ZMYND8,23613,5084,3,60.105269342896
A,CAPN6,827,5361,3,63.3800843720034
A,UCN3,114131,5210,3,61.5948963958473
A,CTPS2,56474,5219,3,61.701298328201
A,KRTAP21-3,100288323,5906,3,69.8233124978646
A,PMCH,5367,3410,3,40.3145099251131
A,OR6C74,254783,4197,3,49.6187677875953
A,SEL1L2,80343,3683,3,43.5420352065078
A,TMEM191C,645426,4917,3,58.1309223758889
A,NXPE2,120406,5054,3,59.7505962350504
A,PIH1D3,139212,3287,3,38.8603501829463
A,JADE2,23338,3918,3,46.3203078846315
A,MUC22,100507679,3371,3,39.8534348849139
A,CDKAL1,54901,9301,3,109.960485869055
A,OR6C76,390326,3577,3,42.2888568921201
A,OR6C6,283365,5689,3,67.2578436844483
A,MACC1,346389,6405,3,75.7227085250292
A,MTSS1,9788,2444,3,28.8940358524858
A,DDX3Y,8653,2491,3,29.4496903881105
A,GRXCR2,643226,5683,3,67.1869090628792
A,TIMM23,100287932,3722,3,44.0031102467071
A,OR13C3,138803,5866,3,69.3504150207372
A,ZNF775,285971,5909,3,69.8587798086491
A,WIPF1,7456,2838,3,33.5520760021909
A,VSIG1,340547,8417,3,99.5094516245388
A,IKBKB,3551,3948,3,46.674980992477
A,PHEX,5251,5113,3,60.4481200138133
A,SNX17,9784,8311,3,98.2562733101511
A,CTDNEP1,23399,3371,3,39.8534348849139
A,MED4,29079,7105,3,83.9984143747592
A,ZNF311,282890,7523,3,88.9401930107408
A,FAM133A,286499,5505,3,65.0825152896621
A,PCDHA13,56136,3550,3,41.9696510950591
A,TNFRSF1A,7132,5055,3,59.7624186719786
A,DPH3P1,100132911,3187,2,37.6781064901277
A,CXorf21,80231,4133,3,48.8621318241914
A,MOV10L1,54456,6066,3,71.7149024063743
A,MREG,55686,4474,3,52.8935828167027
A,OR4S2,219431,4189,3,49.5241882921698
A,SLFN12,55106,7146,3,84.4831342888148
A,KRTAP9-7,100505724,4660,3,55.0925560853452
A,OR6K6,128371,3952,3,46.7222707401898
A,SULT1C4,27233,6934,3,81.9767776600395
A,KDM5A,5927,4847,3,57.303351790916
A,ACOT6,641372,3061,3,36.1884794371763
A,OR5T1,390155,5525,3,65.3189640282258
A,PMP22,5376,3298,3,38.9903969891564
A,C14orf93,60686,2341,3,27.6763248488827
A,SELE,6401,3472,3,41.0475010146607
A,GOLPH3,64083,3382,3,39.9834816911239
A,SMC4,10051,3082,3,36.4367506126682
A,C2orf15,150590,3187,3,37.6781064901277
A,PCDHA11,56138,6435,3,76.0773816328748
A,PTGES3L,100885848,6038,3,71.3838741723851
A,DPH3,285381,5971,3,70.5917708981967
A,MTMR6,9107,3761,3,44.4641852869063
A,PRG4,10216,6733,3,79.6004678374741
A,FREM1,158326,4907,3,58.0126980066071
A,TYSND1,219743,5154,3,60.932839927869
A,AGTR2,186,4601,3,54.3950323065823
A,ZNF593,51042,4271,3,50.493628120281
A,LURAP1L,286343,4891,3,57.8235390157561
A,FAM72B,653820,4937,3,58.3673711144527
A,UNC5C,8633,7112,3,84.0811714332565
A,LRTOMT,220074,5130,3,60.6491014415925
A,OCM,654231,5751,3,67.9908347739958
A,OR2D3,120775,2875,3,33.9895061685338
A,SPRR2G,6706,1997,3,23.6094065455868
A,OR2T12,127064,6044,3,71.4548087939542
A,TCN1,6947,5886,3,69.5868637593009
A,CYP21A2,1589,4672,3,55.2344253284835
A,KLK12,43849,7505,3,88.7273891460335
A,KRTAP9-2,83899,4803,3,56.7831645660758
A,NRIP3,56675,3964,3,46.864139983328
A,GKN2,200504,4735,3,55.9792388549592
A,PRTFDC1,56952,5493,3,64.9406460465239
A,BTN2A1,11120,9618,3,113.70819837529
A,DDX28,55794,4757,3,56.2393324673792
A,GTF3C3,9330,6077,3,71.8449492125843
A,SULT1E1,6783,4398,3,51.9950776101606
A,ZRSR2,8233,4968,3,58.7338666592264
A,EBLN2,55096,5032,3,59.4905026226303
A,ALG8,79053,3871,3,45.7646533490067
A,RASGRP3,25780,3845,3,45.4572699888739
A,C15orf65,145788,3292,3,38.9194623675872
A,HGD,3081,2874,3,33.9776837316056
A,MAN1C1,57134,5617,3,66.4066282256189
A,INTS7,25896,2751,3,32.5235239894388
A,SAMD5,389432,3760,3,44.4523628499781
A,LRRIQ3,127255,8797,3,104.001977657249
A,LYZL4,131375,5429,3,64.18401008312
A,OR10A3,26496,5191,3,61.3702700942118
A,KLHL40,131377,5809,3,68.6765361158306
A,CCDC58,131076,3952,3,46.7222707401898
A,SDF2,6388,6777,3,80.1206550623143
A,ZBTB4,57659,2443,3,28.8822134155576
A,FGF2,2247,2406,3,28.4447832492147
A,CREBRF,153222,4627,3,54.7024156667151
A,KATNA1,11104,4862,3,57.4806883448387
A,FASTKD1,79675,4252,3,50.2690018186455
A,ZNF785,146540,4129,3,48.8148420764786
A,SMAP2,64744,4514,3,53.3664802938301
A,TLE1,7088,3196,3,37.7845084224814
A,SMAD4,4089,3825,3,45.2208212503102
A,RSPH6A,81492,4318,3,51.0492826559057
A,OR5D14,219436,5603,3,66.2411141086243
A,SMIM18,100507341,4890,3,57.8117165788279
A,C2orf16,84226,6169,3,72.9326134099774
A,CREB5,9586,5123,3,60.5663443830952
A,ZNF544,27300,5878,3,69.4922842638754
A,PCDHB16,57717,5235,3,61.890457319052
A,DR1,1810,5739,3,67.8489655308576
A,NIPAL3,57185,5399,3,63.8293369752745
A,DYTN,391475,3449,3,40.7755849653124
A,CATIP,375307,3682,3,43.5302127695796
A,NAT14,57106,3772,3,44.5942320931164
A,PPP3R2,5535,3526,3,41.6859126087827
A,TRAPPC2,6399,2095,3,24.768005364549
A,INPP1,3628,2609,3,30.8447379456364
A,HSD17B11,51170,3332,3,39.3923598447147
A,MED6,10001,4216,3,49.8433940892308
A,RFX1,5989,4275,3,50.5409178679938
A,ZNF415,55786,7346,3,86.847621674452
A,TMEM99,147184,3466,3,40.9765663930915
A,ATF1,466,4256,3,50.3162915663582
A,PLXNC1,10154,4135,3,48.8857766980478
A,RSBN1L,222194,3794,3,44.8543257055364
A,CWC25,54883,1570,3,18.5612259772515
A,LAX1,54900,5798,3,68.5464893096205
A,FLI1,2313,6820,3,80.6290198502263
A,C9orf43,257169,5374,3,63.5337760520698
A,ZNF772,400720,3981,3,47.0651214111072
A,CD5L,922,4785,3,56.5703607013684
A,KIF6,221458,4626,3,54.6905932297869
A,PCOLCE2,26577,4740,3,56.0383510396001
A,TRIM54,57159,5393,3,63.7584023537053
A,KDM5D,8284,6629,3,78.3709343969428
A,FMO2,2327,5032,3,59.4905026226303
A,TCAF2,285966,6069,3,71.7503697171588
A,RAB7B,338382,6046,3,71.4784536678106
A,RFLNB,359845,3602,3,42.5844178153248
A,HK2,3099,2337,3,27.6290351011699
A,PUS7L,83448,6081,3,71.8922389602971
A,HCFC2,29915,3014,3,35.6328249015516
A,SPX,80763,4583,3,54.1822284418749
A,GLRX,2745,3603,3,42.596240252253
A,ARL6,84100,4854,3,57.3861088494132
A,MYLK4,340156,4523,3,53.4728822261838
A,HABP2,3026,4729,3,55.90830423339
A,CUTC,51076,3343,3,39.5224066509247
A,CCDC81,60494,3650,3,43.1518947878777
A,PLA2G2C,391013,6753,3,79.8369165760378
A,MIXL1,83881,4985,3,58.9348480870056
A,ETV2,2116,5241,3,61.9613919406211
A,DZIP3,9666,3657,3,43.234651846375
A,BRDT,676,5390,3,63.7229350429208
A,ST13,6767,7072,3,83.6082739561291
A,FAM227B,196951,5111,3,60.424475139957
A,POC5,134359,5767,3,68.1799937648468
A,ADAM12,8038,3754,3,44.381428228409
A,SHC1,6464,5457,3,64.5150383171092
A,GNPDA2,132789,1986,3,23.4793597393767
A,OGN,4969,4399,3,52.0069000470888
A,ASB14,142686,3765,3,44.5114750346191
A,LLGL1,3996,3804,3,44.9725500748183
A,SRGAP3,9901,5859,3,69.2676579622398
A,F2RL2,2151,5547,3,65.5790576406459
A,TRAM2,9697,4649,3,54.9625092791352
A,MED10,84246,4376,3,51.7349839977405
A,CD300E,342510,3605,3,42.6198851261093
A,FEZF2,55079,3786,3,44.759746210111
A,BDH2,56898,5563,3,65.7682166314969
A,LINC00452,643365,5796,3,68.5228444357642
A,ZIC1,7545,4013,3,47.4434393928091
A,C1QTNF7,114905,6064,3,71.6912575325179
A,LDLRAP1,26119,2527,3,29.8752981175252
A,LZTS1,11178,3261,3,38.5529668228135
A,CDK15,65061,7774,3,91.9076246797154
A,WDPCP,51057,7920,3,93.6337004712305
A,OR13C4,138804,7275,3,86.0082286525508
A,OR4D11,219986,3258,3,38.5174995120289
A,HMG20A,10363,7588,3,89.7086514110729
A,EPGN,255324,6612,3,78.1699529691637
A,CD160,11126,7258,3,85.8072472247716
A,FMO3,2328,4848,3,57.3151742278441
A,EVI2A,2123,5978,3,70.6745279566939
A,CDX4,1046,4145,3,49.0040010673296
A,ATM,472,5035,3,59.5259699334149
A,CASP10,843,5410,3,63.9593837814845
A,PCF11,51585,4524,3,53.484704663112
A,ZNF330,27309,6315,3,74.6586892014925
A,TYRP1,7306,6676,3,78.9265889325676
A,NUP62CL,54830,4866,3,57.5279780925515
A,BMP15,9210,5249,3,62.0559714360466
A,CPN1,1369,6293,3,74.3985955890724
A,RPP14,11102,3618,3,42.7735768061758
A,KAT14,57325,2771,3,32.7599727280025
A,PRAMEF26,645359,6921,3,81.823085979973
A,PRAMEF4,400735,2474,2,29.2487089603314
A,OR52K1,390036,7561,3,89.3894456140119
A,PPIAL4D,645142,6860,3,81.1019173273537
A,EBP,10682,4865,3,57.5161556556233
A,GAD2,2572,3634,3,42.9627357970267
A,AADACL4,343066,5174,3,61.1692886664327
A,TRIM44,54765,4066,3,48.0700285500029
A,RLN2,6019,3300,3,39.0140418630127
A,MICA,100507436,3948,3,46.674980992477
A,C19orf48,84798,5059,3,59.8097084196913
A,EVPL,2125,7850,3,92.8061298862575
A,AFF3,3899,4571,3,54.0403591987367
A,DNAJB1,3337,3933,3,46.4976444385543
A,ADH1B,125,4710,3,55.6836779317545
A,SLC52A3,113278,7037,3,83.1944886636426
A,RLN1,6013,5596,3,66.158357050127
A,PSMB7,5695,2757,3,32.5944586110079
A,EEF1B2,1933,4836,3,57.1733049847059
A,GJA8,2703,5074,3,59.9870449736141
A,TMEM33,55161,6862,3,81.1255622012101
A,IGFBP5,3488,6355,3,75.1315866786199
A,RGL3,57139,6020,3,71.1710703076777
A,ASPM,259266,3132,3,37.0278724590775
A,ABCA10,10349,5864,3,69.3267701468808
A,UCKL1,54963,3129,3,36.992405148293
A,DNAAF1,123872,6477,3,76.5739239838586
A,PHOX2B,8929,4628,3,54.7142381036433
A,LY9,4063,7617,3,90.0515020819903
A,FGD2,221472,4483,3,52.9999847490564
A,GSPT1,2935,4896,3,57.882651200397
A,MVP,9961,6469,3,76.4793444884331
A,C12orf77,196415,7942,3,93.8937940836506
A,CDK5RAP3,80279,9531,3,112.679646362538
A,WARS,7453,8209,3,97.0503847434762
A,KDM7A,80853,6610,3,78.1463080953073
A,RBM19,9904,2995,3,35.4081985999161
A,UBE2D2,7322,4765,3,56.3339119628047
A,GRHL1,29841,3979,3,47.0414765372508
A,IFNA14,3448,5927,3,70.0715836733565
A,RBM43,375287,5073,3,59.9752225366859
A,IL22RA2,116379,7988,3,94.4376261823471
A,LDHC,3948,3262,3,38.5647892597417
A,SIGIRR,59307,5117,3,60.4954097615261
A,MSH6,2956,2955,3,34.9353011227887
A,PRH2,5555,4517,3,53.4019476046147
A,OXNAD1,92106,4431,3,52.3852180287907
A,TMEM204,79652,4850,3,57.3388191017005
A,KDM4A,9682,4161,3,49.1931600581806
A,INTS13,55726,5559,3,65.7209268837842
A,SHC3,53358,5895,3,69.6932656916545
A,MTRNR2L4,100463285,7867,3,93.0071113140367
A,ORM1,5004,4651,3,54.9861541529916
A,NT5DC4,284958,3928,3,46.4385322539133
A,GPR171,29909,3408,3,40.2908650512568
A,TBCD,6904,4624,3,54.6669483559306
A,MTX2,10651,3936,3,46.5331117493388
A,NBPF14,25832,3877,3,45.8355879705758
A,GOLT1A,127845,7513,3,88.821968641459
A,THTPA,79178,1785,3,21.1030499168114
A,C2orf91,400950,3764,3,44.4996525976909
A,SEC62,7095,6462,3,76.3965874299358
A,TUSC3,7991,5384,3,63.6520004213517
A,ZMYM2,7750,4533,3,53.5911065954657
A,C10orf25,220979,4622,3,54.6433034820742
A,CLEC19A,728276,4532,3,53.5792841585375
A,MTPAP,55149,4868,3,57.5516229664079
A,LRRTM4,80059,9850,3,116.451003742629
A,TARS,6897,3713,3,43.8967083143534
A,FAM89B,23625,3685,3,43.5656800803642
A,KIAA0141,9812,6103,3,72.1523325727172
A,QPCTL,54814,2005,3,23.7039860410123
A,FMN2,56776,2097,3,24.7916502384054
A,ZNF211,10520,11213,3,132.564985275746
A,SPATA5,166378,4493,3,53.1182091183382
A,CPAMD8,27151,6186,3,73.1335948377566
A,GRIN2B,2904,1850,3,21.8715083171435
A,SPATA45,149643,6375,3,75.3680354171837
A,SLC17A4,10050,6854,3,81.0309827057846
A,SCN2A,6326,6420,3,75.900045078952
A,GBP3,2635,4724,3,55.8491920487491
A,PTPRE,5791,4726,3,55.8728369226055
A,GLUL,2752,7503,3,88.7037442721771
A,GALC,2581,6022,3,71.1947151815341
A,KRT71,112802,4644,3,54.9033970944943
A,TNFSF15,9966,7004,3,82.8043482450124
A,MED18,54797,7689,3,90.9027175408196
A,SUV39H2,79723,5376,3,63.5574209259262
A,PCDHB6,56130,7443,3,87.994398056486
A,IL3RA,3563,5802,3,68.5937790573333
A,POLL,27343,4025,3,47.5853086359473
A,YPEL4,219539,5521,3,65.2716742805131
A,GLS2,27165,4013,3,47.4434393928091
A,POLD3,10714,3592,3,42.4661934460429
A,CLVS1,157807,3036,3,35.8929185139717
A,MTRNR2L8,100463486,4854,3,57.3861088494132
A,APOL5,80831,4985,3,58.9348480870056
A,NOP9,161424,3841,3,45.4099802411612
A,ANGPTL7,10218,4284,3,50.6473198003474
A,CLK1,1195,6309,3,74.5877545799234
A,LY96,23643,5974,3,70.6272382089812
A,ZNF274,10782,7992,3,94.4849159300599
A,FLAD1,80308,6070,3,71.762192154087
A,ZBTB8A,653121,3868,3,45.7291860382222
A,CD247,919,3664,3,43.3174089048723
A,GTF2F2,2963,4503,3,53.2364334876201
A,LSM5,23658,2667,3,31.5304392874712
A,CDC42EP5,148170,3445,3,40.7282952175996
A,CD84,8832,5390,3,63.7229350429208
A,LRP2,4036,4714,3,55.7309676794673
A,NSMCE2,286053,5898,3,69.7287330024391
A,FOXD4L1,200350,4259,3,50.3517588771428
A,LY6G5B,58496,4782,3,56.5348933905839
A,TXNIP,10628,2893,3,34.2023100332412
A,PTHLH,5744,5003,3,59.1476519517129
A,CES1,1066,2428,3,28.7048768616348
A,SH2D4A,63898,4321,3,51.0847499666903
A,CNBD1,168975,5971,3,70.5917708981967
A,SH3PXD2A,9644,3490,3,41.260304879368
A,LGALS9B,284194,3281,3,38.7894155613772
A,MAB21L3,126868,5950,3,70.3434997227048
A,IWS1,55677,3845,3,45.4572699888739
A,COL6A3,1293,7629,3,90.1933713251285
A,C2CD6,151254,7820,3,92.4514567784119
A,TMEM247,388946,5105,3,60.3535405183879
A,SCN8A,6334,2584,3,30.5491770224318
A,RFPL4A,342931,5435,3,64.2549447046891
A,HS6ST2,90161,4028,3,47.6207759467319
A,SSR2,6746,2199,3,25.9975388050803
A,TTC17,55761,3905,3,46.1666162045651
A,SLC22A23,63027,4537,3,53.6383963431784
A,C2orf80,389073,4049,3,47.8690471222238
A,ZNF480,147657,6259,3,73.9966327335141
A,PLA2G10,8399,4242,3,50.1507774493636
A,C1QTNF4,114900,5210,3,61.5948963958473
A,HHLA1,10086,4964,3,58.6865769115137
A,LHX4,89884,5393,3,63.7584023537053
A,BAG3,9531,7113,3,84.0929938701847
A,OR7G1,125962,5189,3,61.3466252203555
A,IFNA5,3442,6245,3,73.8311186165195
A,NUGGC,389643,5389,3,63.7111126059926
A,HVCN1,84329,4006,3,47.3606823343118
A,ANKAR,150709,6400,3,75.6635963403883
A,TCF7L2,6934,3680,3,43.5065678957233
A,PAX3,5077,2576,3,30.4545975270063
A,SCNN1G,6340,4841,3,57.2324171693468
A,STMN2,11075,4321,3,51.0847499666903
A,STIM2,57620,3442,3,40.6928279068151
A,DNAL1,83544,1685,3,19.9208062239929
A,TRIM59,286827,4647,3,54.9388644052788
A,TMEM269,100129924,3808,3,45.019839822531
A,TTF1,7270,2363,3,27.9364184613027
A,RPL10,6134,3960,3,46.8168502356153
A,THNSL2,55258,10995,3,129.987694025401
A,MTR,4548,5945,3,70.2843875380638
A,REP15,387849,6033,3,71.3247619877442
A,CD80,941,3593,3,42.4780158829711
A,SLC2A5,6518,5086,3,60.1289142167523
A,LOC283710,283710,5065,3,59.8806430412604
A,CFAP52,146845,5027,3,59.4313904379894
A,FAM187B,148109,5031,3,59.4786801857021
A,DST,667,5253,3,62.1032611837593
A,LOC101928093,101928093,5206,3,61.5476066481346
A,ATF7,11016,3071,3,36.3067038064582
A,RPL7,6129,5270,3,62.3042426115385
A,CCDC94,55702,7055,3,83.4072925283499
A,SEPHS2,22928,3435,3,40.6100708483178
A,FAM172A,83989,4568,3,54.0048918879521
A,KIF20A,10112,3143,3,37.1579192652876
A,RAD1,5810,3931,3,46.4739995646979
A,CXCR1,3577,2540,3,30.0289897975916
A,SEC11A,23478,8701,3,102.867023712144
A,GPD1,2819,8166,3,96.5420199555642
A,UBE2E2,7325,7386,3,87.3205191515794
A,MITF,4286,4058,3,47.9754490545775
A,C2orf88,84281,2956,3,34.9471235597168
A,OR2Z1,284383,5395,3,63.7820472275617
A,RPEL1,729020,6221,3,73.5473801302431
A,CLEC2B,9976,4338,3,51.2857313944694
A,OR10W1,81341,4123,3,48.7439074549095
A,ZBED6,100381270,3607,3,42.6435299999657
A,EGF,1950,2730,3,32.2752528139469
A,HTR1D,3352,6170,3,72.9444358469056
A,CYP39A1,51302,6023,3,71.2065376184623
A,SLC6A9,6536,4390,3,51.9004981147351
A,DEFB131,644414,3277,3,38.7421258136645
A,DGKK,139189,3954,3,46.7459156140462
A,LCE1B,353132,5762,3,68.1208815802059
A,NHP2,55651,3389,3,40.0662387496212
A,ABHD16B,140701,7331,3,86.6702851205292
A,ZAN,7455,4588,3,54.2413406265159
A,WDR19,57728,3854,3,45.5636719212276
A,FCGR1B,2210,2992,2,35.3727312891315
A,SPTA1,6708,3832,3,45.3035783088075
A,DNAH6,1768,4790,3,56.6294728860094
A,LARP7,51574,3359,3,39.7115656417757
A,WEE2,494551,6424,3,75.9473348266648
A,TLR7,51284,4168,3,49.2759171166779
A,SYCE2,256126,5068,3,59.916110352045
A,DOCK3,1795,5371,3,63.4983087412853
A,RTN3,10313,2795,3,33.043711214279
A,SAA1,6288,2856,3,33.7648798668983
A,H1FNT,341567,4780,3,56.5112485167275
A,OR52N4,390072,4271,3,50.493628120281
A,OR5AS1,219447,5808,3,68.6647136789024
A,TBR1,10716,4351,3,51.4394230745359
A,TOPORS,10210,3588,3,42.4189036983302
A,PCDHGA6,56109,4885,3,57.752604394187
A,OR13F1,138805,5573,3,65.8864410007788
A,IL1RAPL2,26280,4139,3,48.9330664457605
A,CEP97,79598,6443,3,76.1719611283003
A,ZNF645,158506,4892,3,57.8353614526843
A,C9orf85,138241,8243,3,97.4523475990345
A,ZNF721,170960,5342,3,63.1554580703679
A,ZNF585A,199704,3472,3,41.0475010146607
A,WNK4,65266,6188,3,73.1572397116129
A,HPSE2,60495,5860,3,69.279480399168
A,OR10V1,390201,6743,3,79.718692206756
A,ZNF749,388567,6408,3,75.7581758358138
A,TSGA13,114960,5329,3,63.0017663903015
A,PMFBP1,83449,6347,3,75.0370071831945
A,CXorf66,347487,5039,3,59.5732596811276
A,MRTO4,51154,3432,3,40.5746035375332
A,FADS1,3992,5302,3,62.6825605932404
A,USP11,8237,4700,3,55.5654535624727
A,EPHA4,2043,3446,3,40.7401176545278
A,BOLL,66037,4825,3,57.0432581784959
A,C19orf38,255809,2961,3,35.0062357443578
A,OR4L1,122742,5058,3,59.7978859827631
A,APOC2,344,4648,3,54.950686842207
A,APOD,347,2786,3,32.9373092819253
A,GMIP,51291,3946,3,46.6513361186207
A,SPRED2,200734,2294,3,27.1206703132579
A,ZNF585B,92285,5313,3,62.8126073994505
A,ARL6IP5,10550,3693,3,43.6602595757897
A,SLCO1B7,338821,2364,3,27.9482408982309
A,CMBL,134147,4598,3,54.3595649957977
A,C10orf99,387695,4445,3,52.5507321457853
A,ZNF83,55769,3033,3,35.8574512031871
A,DPEP2,64174,5987,3,70.7809298890476
A,ITGB6,3694,4967,3,58.7220442222982
A,ADGRG4,139378,4669,3,55.1989580176989
A,TMEM265,100862671,2781,3,32.8781970972844
A,TUBB,203068,5352,3,63.2736824396497
A,HIST1H2BI,8346,5303,3,62.6943830301686
A,PRSS45,377047,8502,3,100.514358763435
A,MEI4,101928601,4224,3,49.9379735846563
A,OR8G5,219865,3259,3,38.5293219489571
A,C7orf69,80099,4118,3,48.6847952702686
A,GNAL,2774,6030,3,71.2892946769596
A,OR52N1,79473,5981,3,70.7099952674785
A,LRRTM2,26045,10625,3,125.613392361973
A,CDKL4,344387,3752,3,44.3577833545526
A,OR11H6,122748,9317,3,110.149644859906
A,MCM8,84515,3937,3,46.544934186267
A,CNPY4,245812,5794,3,68.4991995619078
A,ERP29,10961,4947,3,58.4855954837345
A,F8,2157,3752,3,44.3577833545526
A,FSD2,123722,3785,3,44.7479237731828
A,OSBPL9,114883,4073,3,48.1527856085002
A,MAGEC2,51438,3602,3,42.5844178153248
A,PSORS1C1,170679,6357,3,75.1552315524763
A,WDR82,80335,5492,3,64.9288236095957
A,ASNA1,439,2636,3,31.1639437426974
A,CASP2,835,3977,3,47.0178316633944
A,FAF2,23197,6180,3,73.0626602161875
A,DIDO1,11083,5321,3,62.907186894876
A,CNOT6L,246175,3899,3,46.0956815829959
A,POTED,317754,6070,3,71.762192154087
A,CRYGB,1419,5357,3,63.3327946242907
A,SELENOF,9403,5098,3,60.2707834598906
A,PCDH9,5101,6062,3,71.6676126586615
A,FIZ1,84922,2935,3,34.6988523842249
A,OR5M1,390168,5604,3,66.2529365455525
A,GATC,283459,5525,3,65.3189640282258
A,SLC12A1,6557,8201,3,96.9558052480507
A,ZNF699,374879,9433,3,111.521047543575
A,LYZL1,84569,6387,3,75.5099046603219
A,EPHA7,2045,5789,3,68.4400873772669
A,ANXA13,312,3341,3,39.4987617770683
A,RBM3,5935,2282,3,26.9788010701197
A,XKRY,9082,5605,3,66.2647589824807
A,UQCC1,55245,4200,3,49.6542350983798
A,NPVF,64111,6294,3,74.4104180260006
A,C8orf89,100130301,9426,3,111.438290485078
A,PTGS1,5742,5821,3,68.8184053589688
A,FABP12,646486,8068,3,95.383421136602
A,CALR3,125972,6481,3,76.6212137315713
A,MPLKIP,136647,6203,3,73.3345762655357
A,MMP27,64066,3997,3,47.2542804019581
A,CDK1,983,7010,3,82.8752828665816
A,SLC38A9,153129,2921,3,34.5333382672303
A,GLRA2,2742,4800,3,56.7476972552912
A,EAPP,55837,2904,3,34.3323568394512
A,GRPEL2,134266,3340,3,39.4869393401402
A,ARMC7,79637,6352,3,75.0961193678354
A,ICAM2,3384,5271,3,62.3160650484667
A,COLEC10,10584,4097,3,48.4365240947767
A,HUNK,30811,3280,3,38.777593124449
A,NEB,4703,4954,3,58.5683525422318
A,TMC1,117531,6769,3,80.0260755668888
A,HYAL1,3373,5404,3,63.8884491599154
A,C6orf229,101928603,3345,3,39.5460515247811
A,SULT6B1,391365,5650,3,66.7967686442491
A,USP50,373509,4973,3,58.7929788438673
A,TMED10,10972,2787,3,32.9491317188535
A,NLRP11,204801,6452,3,76.278363060654
A,DDX3X,1654,1949,3,23.0419295730339
A,EPG5,57724,3301,3,39.0258642999409
A,KLRB1,3820,6415,3,75.8409328943111
A,CD4,920,6131,3,72.4833608067064
A,FNDC8,54752,4810,3,56.8659216245731
A,CHAT,1103,5990,3,70.8163971998322
A,NEIL1,79661,6810,3,80.5107954809444
A,RBBP5,5929,5288,3,62.5170464762458
A,PPWD1,23398,3738,3,44.192269237558
A,AGAP2,116986,4959,3,58.6274647268727
A,UBXN8,7993,4052,3,47.9045144330083
A,CFAP69,79846,3834,3,45.3272231826639
A,GPR32,2854,3047,3,36.0229653201817
A,UGT2B4,7363,6267,3,74.0912122289396
A,OR2T6,254879,5263,3,62.2214855530412
A,MYT1L,23040,7850,3,92.8061298862575
A,PAQR7,164091,6709,3,79.3167293511977
A,AKAP8L,26993,4653,3,55.0097990268479
A,DMP1,1758,3238,3,38.2810507734652
A,KLRF1,51348,4033,3,47.6798881313728
A,PCDHGA10,56106,4491,3,53.0945642444819
A,UFM1,51569,5066,3,59.8924654781886
A,RAG1,5896,4487,3,53.0472744967691
A,SNAPC4,6621,3966,3,46.8877848571844
A,FCRLA,84824,9547,3,112.868805353389
A,GZMH,2999,8391,3,99.202068264406
A,UBE2F,140739,1897,3,22.4271628527682
A,RBMS3,27303,6938,3,82.0240674077522
A,CENPM,79019,5012,3,59.2540538840666
A,CCDC116,164592,4989,3,58.9821378347183
A,TRIM63,84676,2566,3,30.3363731577244
A,GRHPR,9380,1858,3,21.966087812569
A,LPAR5,57121,4399,3,52.0069000470888
A,ROPN1,54763,4209,3,49.7606370307335
A,SEC13,6396,7201,3,85.133368319865
A,FCHO1,23149,3258,3,38.5174995120289
A,MUC5AC,4586,3150,3,37.2406763237849
A,ZNF776,284309,6252,3,73.9138756750168
A,PCDH17,27253,5000,3,59.1121846409284
A,GGCT,79017,5453,3,64.4677485693965
A,KIAA1683,80726,4623,3,54.6551259190024
A,RPL32,6161,5535,3,65.4371883975077
A,NR1I2,8856,4779,3,56.4994260797993
A,OR5K4,403278,5647,3,66.7613013334645
A,KCNK9,51305,3969,3,46.9232521679689
A,TLR1,7096,3514,3,41.5440433656445
A,HMGCS2,3158,4923,3,58.2018569974581
A,RUNX1T1,862,7595,3,89.7914084695702
A,FAM47B,170062,3506,3,41.449463870219
A,PRODH2,58510,5004,3,59.1594743886411
A,ZNF765,91661,2957,3,34.958945996645
A,KRTAP8-1,337879,3023,3,35.7392268339053
A,NTNG1,22854,5734,3,67.7898533462166
A,TMX1,81542,2196,3,25.9620714942957
A,CEACAM16,388551,5388,3,63.6992901690644
A,CCL20,6364,6398,3,75.6399514665319
A,CAMK1D,57118,5539,3,65.4844781452204
A,ZNF821,55565,6843,3,80.9009358995746
A,CYP3A5,1577,7236,3,85.5471536123515
A,DEFA6,1671,7356,3,86.9658460437338
A,ABI2,10152,4220,3,49.8906838369435
A,FGF20,26281,3664,3,43.3174089048723
A,ERGIC2,51290,3295,3,38.9549296783718
A,FLYWCH2,114984,4560,3,53.9103123925267
A,ACADS,35,4547,3,53.7566207124602
A,MALRD1,340895,5994,3,70.8636869475449
A,SH3BGRL,6451,5435,3,64.2549447046891
A,ATP1A1,476,4917,3,58.1309223758889
A,GIMAP7,168537,6125,3,72.4124261851372
A,OR52N2,390077,3968,3,46.9114297310407
A,SLC8A1,6546,4381,3,51.7940961823814
A,BBIP1,92482,4000,3,47.2897477127427
A,MOB2,81532,2371,3,28.0309979567282
A,GPR68,8111,4357,3,51.510357696105
A,OR4C45,403257,4088,3,48.330122162423
A,ASB11,140456,4606,3,54.4541444912232
A,PIGT,51604,5095,3,60.235316149106
A,PDE11A,50940,4345,3,51.3684884529667
A,MAN2B2,23324,3654,3,43.1991845355904
A,OR2Y1,134083,3607,3,42.6435299999657
A,ADGRF4,221393,5211,3,61.6067188327755
A,SUPT4H1,6827,2301,3,27.2034273717552
A,SLC5A1,6523,3184,3,37.6426391793432
A,FAIM,55179,2160,3,25.5364637648811
A,TIMM21,29090,3532,3,41.7568472303518
A,IFT46,56912,4929,3,58.2727916190272
A,DPF2,5977,5973,3,70.615415772053
A,LCA5L,150082,4166,3,49.2522722428215
A,REG1A,5967,6556,3,77.5078965011853
A,ARHGAP15,55843,7408,3,87.5806127639995
A,ENPP3,5169,5724,3,67.6716289769348
A,STARD4,134429,4902,3,57.9535858219662
A,XPO1,7514,7288,3,86.1619203326172
A,TXK,7294,6220,3,73.5355576933149
A,RORB,6096,6526,3,77.1532233933397
A,CFAP70,118491,5825,3,68.8656951066816
A,WDR75,84128,3602,3,42.5844178153248
A,SLC7A13,157724,5323,3,62.9308317687323
A,KIF20B,9585,3915,3,46.2848405738469
A,TMCO2,127391,8240,3,97.4168802882499
A,MEPE,56955,8286,3,97.9607123869465
A,CFI,3426,5891,3,69.6459759439418
A,ALOX5AP,241,4434,3,52.4206853395753
A,GFOD1,54438,7656,3,90.5125771221895
A,SSSCA1,10534,7708,3,91.1273438424552
A,LRCH2,57631,6547,3,77.4014945688316
A,PNLIP,5406,6181,3,73.0744826531156
A,CYP3A43,64816,2942,3,34.7816094427222
A,GALR3,8484,5276,3,62.3751772331076
A,GDF9,2661,7295,3,86.2446773911145
A,FDXACB1,91893,3396,3,40.1489958081185
A,OAS2,4939,7641,3,90.3352405682667
A,CCNB3,85417,4865,3,57.5161556556233
A,SERTAD1,29950,2768,3,32.7245054172179
A,OR5B3,441608,4270,3,50.4818056833528
A,FXYD3,5349,8004,3,94.6267851731981
A,CD200R1,131450,2601,3,30.7501584502109
A,ABCC11,85320,4003,3,47.3252150235272
A,DNAJA3,9093,2348,3,27.75908190738
A,ANKRD20A3,441425,2558,3,30.2417936622989
A,ANKRD20A1,84210,5496,3,64.9761133573085
A,BPIFB2,80341,10897,3,128.829095206439
A,AHSG,197,5795,3,68.511021998836
A,KANSL3,55683,4241,3,50.1389550124354
A,NAV3,89795,4350,3,51.4276006376077
A,HUS1,3364,5252,3,62.0914387468311
A,PTH2,113091,4288,3,50.6946095480602
A,PPBP,5473,4577,3,54.1112938203058
A,AOX1,316,3454,3,40.8346971499533
A,APRT,353,3935,3,46.5212893124106
A,C4BPA,722,4069,3,48.1054958607875
A,ZNF620,253639,6787,3,80.2388794315962
A,AKR1C2,1646,9503,3,112.348618128548
A,HSPA2,3306,2169,3,25.6428656972347
A,PCID2,55795,2754,3,32.5589913002233
A,TBX2,6909,3233,3,38.2219385888243
A,COL5A3,50509,3493,3,41.2957721901526
A,KNG1,3827,3010,3,35.5855351538389
A,GLTPD2,388323,7296,3,86.2564998280427
A,IRAK1BP1,134728,4270,3,50.4818056833528
A,ABCA6,23460,3687,3,43.5893249542206
A,VRTN,55237,4916,3,58.1190999389608
A,ATP8B1,5205,2175,3,25.7138003188038
A,SUN3,256979,5801,3,68.5819566204051
A,DDX27,55661,3857,3,45.5991392320121
A,NNMT,4837,7193,3,85.0387888244396
A,BSCL2,26580,6291,3,74.3749507152161
A,GEMIN2,8487,8093,3,95.6789820598066
A,RIOK1,83732,4166,3,49.2522722428215
A,CHRNA2,1135,3715,3,43.9203531882098
A,OR1B1,347169,5261,3,62.1978406791848
A,FMOD,2331,9297,3,109.913196121342
A,SPATA17,128153,6463,3,76.408409866864
A,MYEOV,26579,8171,3,96.6011321402051
A,LSAMP,4045,3908,3,46.2020835153496
A,ZBED9,114821,2617,3,30.9393174410619
A,OR6K2,81448,3784,3,44.7361013362546
A,UQCRH,7388,3164,3,37.4061904407795
A,EN2,2020,3582,3,42.3479690767611
A,NTF4,4909,6707,3,79.2930844773413
A,ZBED8,63920,5790,3,68.451909814195
A,HPCA,3208,2545,3,30.0881019822325
A,CC2D1B,200014,4583,3,54.1822284418749
A,HCN3,57657,1785,3,21.1030499168114
A,HRAS,3265,2557,3,30.2299712253708
A,SRBD1,55133,5153,3,60.9210174909408
A,DHCR24,1718,3203,3,37.8672654809787
A,TRA2A,29896,5092,3,60.1998488383214
A,RAB11FIP5,26056,3574,3,42.2533895813356
A,ARRB2,409,2981,3,35.2426844829215
A,DCTN4,51164,3480,3,41.1420805100861
A,TOM1,10043,5152,3,60.9091950540126
A,TTC33,23548,1515,3,17.9109919462013
A,LGR4,55366,4090,3,48.3537670362794
A,CCDC153,283152,3368,3,39.8179675741293
A,TOP2A,7153,4865,3,57.5161556556233
A,ZNF77,58492,3302,3,39.0376867368691
A,TEP1,7011,3589,3,42.4307261352584
A,CR1L,1379,4756,3,56.2275100304511
A,FLNB,2317,3373,3,39.8770797587703
A,SEC61G,23480,1321,3,15.6174391821333
A,CYB5A,1528,7045,3,83.2890681590681
A,SCRT2,85508,3588,3,42.4189036983302
A,CALN1,83698,2796,3,33.0555336512071
A,MOSPD2,158747,7463,3,88.2308467950497
A,ABCC3,8714,2404,3,28.4211383753584
A,TGM1,7051,3858,3,45.6109616689403
A,ULK4,54986,4254,3,50.2926466925019
A,PSD3,23362,1568,3,18.5375811033951
A,GTF3C4,9329,3201,3,37.8436206071223
A,SRCAP,10847,4731,3,55.9319491072464
A,CD1D,912,1765,3,20.8666011782477
A,RPL39L,116832,2333,3,27.5817453534572
A,NFXL1,152518,4968,3,58.7338666592264
A,TSTD1,100131187,3906,3,46.1784386414932
A,FAM47C,442444,4287,3,50.682787111132
A,AVPI1,60370,4806,3,56.8186318768603
A,SCUBE2,57758,5254,3,62.1150836206875
A,CXCR4,7852,4094,3,48.4010567839921
A,LRMP,4033,3207,3,37.9145552286914
A,CRADD,8738,6821,3,80.6408422871545
A,ENSA,2029,5769,3,68.2036386387031
A,FAM111B,374393,3438,3,40.6455381591023
A,SLC25A36,55186,1735,3,20.5119280704021
A,CCDC170,80129,3043,3,35.975675572469
A,CHUK,1147,6536,3,77.2714477626216
A,CALM2,805,4276,3,50.5527403049219
A,THEG5,100507527,4800,3,56.7476972552912
A,CLN6,54982,3715,3,43.9203531882098
A,PDE6C,5146,4406,3,52.0896571055861
A,DHRS2,10202,4083,3,48.2710099777821
A,PTP4A2,8073,3209,3,37.9382001025478
A,SUGT1,10910,4033,3,47.6798881313728
A,TMEM74,157753,4310,3,50.9547031604803
A,LNP1,348801,5087,3,60.1407366536805
A,CCDC71,64925,2725,3,32.216140629306
A,GNRH1,2796,3500,3,41.3785292486499
A,PCDHB12,56124,4294,3,50.7655441696293
A,SRA1,10011,4135,3,48.8857766980478
A,NOX5,79400,7639,3,90.3115956944104
A,DHRS7B,25979,3465,3,40.9647439561634
A,TDRD3,81550,4436,3,52.4443302134316
A,PTN,5764,6492,3,76.7512605377814
A,ABCB4,5244,5479,3,64.7751319295293
A,MVB12A,93343,4783,3,56.5467158275121
A,SART3,9733,4843,3,57.2560620432032
A,THBS1,7057,4402,3,52.0423673578733
A,MTPN,136319,1796,3,21.2330967230215
A,BOD1,91272,3741,3,44.2277365483426
A,RBBP8NL,140893,3283,3,38.8130604352336
A,EPB41,2035,2538,3,30.0053449237352
A,GFER,2671,3890,3,45.9892796506423
A,CLEC17A,388512,5276,3,62.3751772331076
A,MAGEA1,4100,4347,3,51.3921333268231
A,SIDT1,54847,4140,3,48.9448888826887
A,CXXC1,30827,4541,3,53.6856860908911
A,RARS,5917,5621,3,66.4539179733317
A,LILRB2,10288,4903,3,57.9654082588944
A,OR5M9,390162,4903,3,57.9654082588944
A,TAT,6898,3383,3,39.9953041280521
A,HAO1,54363,4610,3,54.501434238936
A,SLC23A1,9963,4598,3,54.3595649957977
A,TMPRSS5,80975,5480,3,64.7869543664575
A,PRY,9081,4476,3,52.9172276905591
A,HIKESHI,51501,3022,3,35.7274043969771
A,TBCK,93627,3708,3,43.8375961297125
A,PAFAH1B3,5050,2897,3,34.2495997809539
A,C7orf43,55262,3347,3,39.5696963986374
A,PSME4,23198,4005,3,47.3488598973836
A,RAB23,51715,6340,3,74.9542501246972
A,UBN1,29855,3939,3,46.5685790601234
A,GRIA3,2892,8198,3,96.9203379372661
A,CERS3,204219,4735,3,55.9792388549592
A,FCRL6,343413,4987,3,58.958492960862
A,RAB3GAP1,22930,4282,3,50.6236749264911
A,KHDC1,80759,5689,3,67.2578436844483
A,SLC12A6,9990,6844,3,80.9127583365027
A,RAB27A,5873,4093,3,48.389234347064
A,SMARCC1,6599,3959,3,46.8050277986871
A,ELFN1,392617,7364,3,87.0604255391593
A,ZNF79,7633,6368,3,75.2852783586864
A,WWOX,51741,3708,3,43.8375961297125
A,KNSTRN,90417,6293,3,74.3985955890724
A,EIF4G3,8672,3990,3,47.1715233434608
A,KCNQ1,3784,2702,3,31.9442245799577
A,ZSCAN5A,79149,3572,3,42.2297447074792
A,SIX2,10736,7245,3,85.6535555447052
A,CNPPD1,27013,8155,3,96.4119731493541
A,REXO5,81691,5982,3,70.7218177044067
A,PTPRT,11122,1291,3,15.2627660742877
A,DDX11,1663,5703,3,67.4233578014429
A,PPARA,5465,1019,3,12.0470632298212
A,L3MBTL4,91133,2659,3,31.4358597920457
A,IP6K2,51447,4370,3,51.6640493761714
A,DLX1,1745,6086,3,71.951351144938
A,CHST10,9486,2772,3,32.7717951649307
A,ZNF10,7556,1705,3,20.1572549625566
A,KIFC1,3833,2950,3,34.8761889381477
A,PPP1R15B,84919,6177,3,73.0271929054029
A,ZSCAN9,7746,6380,3,75.4271476018246
A,ECHDC2,55268,5648,3,66.7731237703927
A,MRC2,9902,5108,3,60.3890078291724
A,DPP8,54878,2569,3,30.371840468509
A,EIF4E1B,253314,3698,3,43.7193717604306
A,CTXN2,399697,3371,3,39.8534348849139
A,CEP68,23177,1434,3,16.9533745550183
A,EXOC5,10640,4288,3,50.6946095480602
A,ALDH16A1,126133,4549,3,53.7802655863166
A,CRTAM,56253,7429,3,87.8288839394913
A,TMEM79,84283,3736,3,44.1686243637017
A,HEATR3,55027,5321,3,62.907186894876
A,PRDM8,56978,7645,3,90.3825303159795
A,ATF2,1386,3532,3,41.7568472303518
A,CDH6,1004,4303,3,50.8719461019829
A,USP13,8975,3354,3,39.6524534571347
A,CCR6,1235,2699,3,31.9087572691731
A,TMF1,7110,4367,3,51.6285820653868
A,ISCA2,122961,5167,3,61.0865316079354
A,NRN1L,123904,3706,3,43.8139512558561
A,TMBIM1,64114,3912,3,46.2493732630624
A,PITHD1,57095,2692,3,31.8260002106758
A,FBXO32,114907,3582,3,42.3479690767611
A,C10orf76,79591,4017,3,47.4907291405218
A,NCAPG2,54892,4131,3,48.838486950335
A,CCDC88C,440193,4987,3,58.958492960862
A,COPS6,10980,5729,3,67.7307411615757
A,NDUFAF3,25915,3549,3,41.957828658131
A,NABP1,64859,3470,3,41.0238561408043
A,LRP5L,91355,3714,3,43.9085307512816
A,IER5,51278,6803,3,80.4280384224471
A,ZNF844,284391,3672,3,43.4119884002978
A,PSG2,5670,4729,3,55.90830423339
A,LYAR,55646,3169,3,37.4653026254204
A,ERAP2,64167,3581,3,42.3361466398329
A,COMT,1312,4248,3,50.2217120709327
A,LDB2,9079,2758,3,32.6062810479361
A,KIAA0368,23392,2846,3,33.6466554976164
A,TRMT1,55621,3390,3,40.0780611865494
A,MX2,4600,5348,3,63.226392691937
A,DPP9-AS1,100131094,3808,3,45.019839822531
A,CFAP126,257177,4764,3,56.3220895258765
A,C1orf146,388649,2341,3,27.6763248488827
A,CFHR5,81494,3144,3,37.1697417022157
A,CFHR1,3078,2427,3,28.6930544247066
A,ALDH1B1,219,4913,3,58.0836326281762
A,MRC1,4360,7350,3,86.8949114221647
A,GPR82,27197,3173,3,37.5125923731331
A,IGIP,492311,4854,3,57.3861088494132
A,GGPS1,9453,5293,3,62.5761586608868
A,CKMT1B,1159,4275,3,50.5409178679938
A,NDOR1,27158,5319,3,62.8835420210196
A,ZBTB6,10773,4100,3,48.4719914055613
A,SIX1,6495,5146,3,60.8382604324435
A,MCFD2,90411,3666,3,43.3410537787287
A,SPARC,6678,7080,3,83.7028534515546
A,ANKS4B,257629,7792,3,92.1204285444228
A,PAX9,5083,4357,3,51.510357696105
A,OR14J1,442191,5202,3,61.5003169004219
A,RPL37,6167,6413,3,75.8172880204547
A,RPP38,10557,4002,3,47.3133925865991
A,TLE6,79816,2646,3,31.2821681119793
A,PCDHB5,26167,3488,3,41.2366600055116
A,STX11,8676,6210,3,73.417333324033
A,LRRN4,164312,4609,3,54.4896118020078
A,KCND1,3750,4875,3,57.6343800249051
A,IRF9,10379,6899,3,81.562992367553
A,LDOC1,23641,4054,3,47.9281593068647
A,KRT2,3849,4626,3,54.6905932297869
A,HOPX,84525,4647,3,54.9388644052788
A,ZNF573,126231,9636,3,113.921002239997
A,NGDN,25983,2613,3,30.8920276933492
A,RPL26L1,51121,3674,3,43.4356332741542
A,PBLD,64081,3056,3,36.1293672525354
A,FAM214A,56204,3351,3,39.6169861463502
A,TFCP2L1,29842,2962,3,35.018058181286
A,ZNF383,163087,5970,3,70.5799484612685
A,MON1B,22879,6323,3,74.753268696918
A,SEMA6A,57556,3486,3,41.2130151316553
A,HAPLN1,1404,3877,3,45.8355879705758
A,KRTAP21-1,337977,6676,3,78.9265889325676
A,BAIAP2L2,80115,2213,3,26.1630529220749
A,ECHDC3,79746,2673,3,31.6013739090403
A,PGLS,25796,5737,3,67.8253206570012
A,NLRC4,58484,4180,3,49.4177863598161
A,RAB3D,9545,4040,3,47.7626451898701
A,FNTB,2342,7057,3,83.4309374022063
A,GAS2L3,283431,4491,3,53.0945642444819
A,NAA60,79903,3563,3,42.1233427751256
A,MED8,112950,7747,3,91.5884188826544
A,MYOZ3,91977,4990,3,58.9939602716465
A,EIF3I,8668,3601,3,42.5725953783966
A,OR2M7,391196,4848,3,57.3151742278441
A,WDR49,151790,5470,3,64.6687299971756
A,TNFSF8,944,6749,3,79.7896268283251
A,KCNJ1,3758,4928,3,58.260969182099
A,BLID,414899,5484,3,64.8342441141702
A,RIN2,54453,6604,3,78.0753734737382
A,PPTC7,160760,4174,3,49.346851738247
A,RAB2A,5862,3619,3,42.7853992431039
A,ETNK1,55500,6410,3,75.7818207096701
A,CCDC86,79080,3796,3,44.8779705793928
A,BRINP1,1620,3478,3,41.1184356362298
A,C22orf24,25775,6254,3,73.9375205488732
A,FAM184B,27146,6056,3,71.5966780370924
A,RIPOR2,9750,5194,3,61.4057374049964
A,NXT1,29107,5809,3,68.6765361158306
A,MOBP,4336,7108,3,84.0338816855438
A,TRIT1,54802,2169,3,25.6428656972347
A,GPATCH2,55105,6915,3,81.7521513584039
A,WDR5B,54554,3866,3,45.7055411643658
A,KCNK6,9424,4880,3,57.6934922095461
A,C7orf73,647087,2637,3,31.1757661796256
A,DNAJC15,29103,3927,3,46.4267098169851
A,CXCR6,10663,5070,3,59.9397552259014
A,CCL23,6368,3612,3,42.7026421846066
A,SIM1,6492,2897,3,34.2495997809539
A,MYH11,4629,4042,3,47.7862900637265
A,B3GNT8,374907,5838,3,69.019386786748
A,FBXO36,130888,6232,3,73.6774269364531
A,NUS1,116150,4931,3,58.2964364928836
A,OR13C8,138802,3077,3,36.3776384280273
A,ZBTB16,7704,2190,3,25.8911368727266
A,GLYATL3,389396,2764,3,32.6772156695052
A,C7,730,5478,3,64.7633094926011
A,OSTN,344901,4256,3,50.3162915663582
A,TRMT2B,79979,4475,3,52.9054052536309
A,RRP12,23223,5918,3,69.9651817410028
A,MITD1,129531,5416,3,64.0303184030536
A,TIAM1,7074,6897,3,81.5393474936966
A,CCDC140,151278,1585,3,18.7385625311743
A,ZNF862,643641,2917,3,34.4860485195176
A,CDH19,28513,5210,3,61.5948963958473
A,DNAH2,146754,2834,3,33.5047862544782
A,GPS1,2873,4687,3,55.4117618824062
A,P2RY6,5031,3444,3,40.7164727806715
A,CSN1S1,1446,10773,3,127.363113027344
A,EAF1,85403,4251,3,50.2571793817173
A,KIAA1644,85352,3331,3,39.3805374077865
A,MBNL1,4154,3187,3,37.6781064901277
A,NFKBIL1,4795,6794,3,80.3216364900935
A,FRMPD2,143162,3813,3,45.078952007172
A,IFI44L,10964,4444,3,52.5389097088571
A,C9orf66,157983,5046,3,59.6560167396249
A,RHOBTB1,9886,4597,3,54.3477425588695
A,GABRE,2564,6502,3,76.8694849070633
A,GOLGA2,2801,6853,3,81.0191602688564
A,CSNK2A3,283106,6501,3,76.8576624701351
A,C1orf116,79098,4655,3,55.0334439007043
A,AIPL1,23746,3734,3,44.1449794898453
A,KCNT2,343450,5334,3,63.0608785749424
A,KLB,152831,6994,3,82.6861238757306
A,KIN,22944,4289,3,50.7064319849884
A,MSTN,2660,4452,3,52.6334892042826
A,IL17A,3605,2173,3,25.6901554449475
A,GSTT2,2953,5938,3,70.2016304795665
A,OR10C1,442194,6833,3,80.7827115302927
A,CALCOCO1,57658,4855,3,57.3979312863414
A,GPR33,2856,3039,3,35.9283858247563
A,TULP2,7288,2945,3,34.8170767535068
A,TRAF3IP3,80342,4962,3,58.6629320376573
A,ZNF780B,163131,2481,3,29.3314660188287
A,OR1C1,26188,4571,3,54.0403591987367
A,SCGB2B2,284402,3664,3,43.3174089048723
A,C6orf201,404220,6160,3,72.8262114776237
A,ITGA10,8515,5977,3,70.6627055197658
A,AVIL,10677,4797,3,56.7122299445067
A,PRAMEF25,441873,5332,3,63.037233701086
A,FMN1,342184,4584,3,54.1940508788031
A,LUC7L2,51631,6036,3,71.3602292985287
A,ATP6V0D1,9114,3723,3,44.0149326836353
A,GAGE1,2543,3720,3,43.9794653728507
A,KIF12,113220,4772,3,56.416669021302
A,NRDE2,55051,3447,3,40.751940091456
A,MAP1LC3B2,643246,5789,3,68.4400873772669
A,POU2F3,25833,6478,3,76.5857464207868
A,FLJ45513,729220,5715,3,67.5652270445811
A,RBCK1,10616,3660,3,43.2701191571596
A,CSF2RA,1438,5535,3,65.4371883975077
A,CYP19A1,1588,7323,3,86.5757056251037
A,PPP2R3C,55012,4651,3,54.9861541529916
A,OR8D4,338662,4936,3,58.3555486775245
A,SFPQ,6421,3987,3,47.1360560326763
A,OR5AC2,81050,6833,3,80.7827115302927
A,MUC13,56667,5769,3,68.2036386387031
A,GPATCH1,55094,6054,3,71.5730331632361
A,OR5AR1,219493,6427,3,75.9828021374493
A,UGT2B17,7367,8812,3,104.179314211172
A,DEFB135,613209,4539,3,53.6620412170348
A,UGT2B15,7366,4004,3,47.3370374604554
A,C5orf64,285668,6599,3,78.0162612890972
A,CAPN9,10753,4729,3,55.90830423339
A,MBD2,8932,3246,3,38.3756302688907
A,AADAC,13,5463,3,64.5859729386783
A,RALGAPA1,253959,2845,3,33.6348330606882
A,MCAM,4162,3256,3,38.4938546381726
A,PJA2,9867,2580,3,30.501887274719
A,SYNGR4,23546,4753,3,56.1920427196665
A,THBD,7056,7166,3,84.7195830273785
A,NSF,4905,7735,3,91.4465496395162
A,BCL6,604,4415,3,52.1960590379397
A,OR8J1,219477,5249,3,62.0559714360466
A,OR10A7,121364,5005,3,59.1712968255693
A,HIST1H2BH,8345,4228,3,49.985263332369
A,POLR1A,25885,6353,3,75.1079418047636
A,PHKG1,5260,4792,3,56.6531177598657
A,DNASE2B,58511,3992,3,47.1951682173172
A,UGT2B11,10720,6201,3,73.3109313916794
A,LIPH,200879,6563,3,77.5906535596826
A,RECQL5,9400,4434,3,52.4206853395753
A,UGT2B10,7365,5897,3,69.7169105655109
A,OR51V1,283111,7174,3,84.814162522804
A,ZRANB2,9406,5315,3,62.8362522733069
A,MB,4151,7003,3,82.7925258080843
A,DEFB134,613211,4495,3,53.1418539921946
A,OR2C1,4993,4715,3,55.7427901163954
A,LOC283357,283357,4799,3,56.735874818363
A,KPNA4,3840,4048,3,47.8572246852956
A,CCR1,1230,7358,3,86.9894909175902
A,MSMP,692094,5605,3,66.2647589824807
A,UBE4A,9354,4391,3,51.9123205516633
A,TRIM5,85363,9007,3,106.484689412168
A,CXorf58,254158,5611,3,66.3356936040498
A,APH1B,83464,4310,3,50.9547031604803
A,IL23R,149233,7380,3,87.2495845300103
A,SLC13A4,26266,2532,3,29.9344103021661
A,ANKRD34C,390616,4060,3,47.9990939284338
A,ARSJ,79642,3194,3,37.760863548625
A,LOC339862,339862,5733,3,67.7780309092885
A,LILRA1,11024,6305,3,74.5404648322107
A,PIK3R6,146850,5552,3,65.6381698252869
A,CDK3,1018,3636,3,42.9863806708831
A,ADGRF5,221395,7563,3,89.4130904878682
A,ACR,49,3201,3,37.8436206071223
A,NUP37,79023,3248,3,38.3992751427471
A,KCNJ2,3759,3939,3,46.5685790601234
A,MIER1,57708,2659,3,31.4358597920457
A,AGT,183,5155,3,60.9446623647972
A,GRAP,10750,2072,3,24.4960893152007
A,SYNE4,163183,4095,3,48.4128792209203
A,RPS16,6217,4295,3,50.7773666065575
A,LY6G6F,259215,7746,3,91.5765964457262
A,LYG2,254773,5479,3,64.7751319295293
A,TTI1,9675,8108,3,95.8563186137294
A,NXF2,56001,4050,3,47.880869559152
A,CHST13,166012,5096,3,60.2471385860342
A,GP1BA,2811,3544,3,41.89871647349
A,DSC1,1823,3984,3,47.1005887218917
A,FSCB,84075,3404,3,40.243575303544
A,SPHKAP,80309,4358,3,51.5221801330332
A,DNAJC14,85406,3911,3,46.2375508261342
A,TBPL1,9519,3186,3,37.6662840531996
A,PPP3R1,5534,2649,3,31.3176354227638
A,HSPB6,126393,3970,3,46.9350746048971
A,PARPBP,55010,3922,3,46.3675976323442
A,AKR1B15,441282,3132,3,37.0278724590775
A,INTS9,55756,3997,3,47.2542804019581
A,CCL25,6370,5857,3,69.2440130883835
A,IFI27L2,83982,3711,3,43.873063440497
A,GTPBP8,29083,4824,3,57.0314357415677
A,ADCY10,55811,5496,3,64.9761133573085
A,LOC441155,441155,4808,3,56.8422767507167
A,DPCD,25911,6527,3,77.1650458302679
A,LGALS13,29124,3247,3,38.3874527058189
A,LIMS3,96626,3715,3,43.9203531882098
A,C8orf74,203076,10966,3,129.644843354484
A,CCDC70,83446,4070,3,48.1173182977157
A,SLC2A3,6515,6070,3,71.762192154087
A,IL11RA,3590,5658,3,66.8913481396745
A,DSPP,1834,5782,3,68.3573303187696
A,PAX7,5081,5969,3,70.5681260243403
A,OR2G3,81469,3604,3,42.6080626891812
A,OR2K2,26248,4934,3,58.3319038036681
A,OR2J2,26707,5331,3,63.0254112641578
A,FAM124B,79843,3598,3,42.537128067612
A,CPNE4,131034,7042,3,83.2536008482835
A,CAPZA2,830,7862,3,92.9479991293957
A,TMEM5,10329,3452,3,40.8110522760969
A,TP53BP2,7159,8794,3,103.966510346465
A,MTO1,25821,5786,3,68.4046200664823
A,KRTAP7-1,337878,5463,3,64.5859729386783
A,ADAMTS16,170690,4738,3,56.0147061657437
A,CD1B,910,7569,3,89.4840251094374
A,DCAF8L1,139425,4275,3,50.5409178679938
A,OR1L6,392390,6448,3,76.2310733129412
A,ATP6V0D2,245972,3041,3,35.9520306986126
A,MMP14,4323,3405,3,40.2553977404722
A,NOX3,50508,7858,3,92.900709381683
A,CYP3A4,1576,4497,3,53.165498866051
A,CSN2,1447,5760,3,68.0972367063495
A,KCNQ4,9132,3849,3,45.5045597365867
A,CHAF1A,10036,4286,3,50.6709646742038
A,ZNF668,79759,3591,3,42.4543710091147
A,OR51G1,79324,3854,3,45.5636719212276
A,CXCL8,3576,2370,3,28.0191755198
A,SLC38A10,124565,5376,3,63.5574209259262
A,LTB4R,1241,2582,3,30.5255321485754
A,UGGT2,55757,3318,3,39.2268457277201
A,OR4K17,390436,4364,3,51.5931147546023
A,HSD17B12,51144,3525,3,41.6740901718545
A,MRPS18B,28973,6731,3,79.5768229636178
A,SUN2,25777,4649,3,54.9625092791352
A,DLX6,1750,6555,3,77.4960740642571
A,TBC1D28,254272,4272,3,50.5054505572092
A,DHX29,54505,8223,3,97.2158988604708
A,SYT9,143425,2355,3,27.8418389658773
A,FRZB,2487,4345,3,51.3684884529667
A,EPN3,55040,2528,3,29.8871205544534
A,P2RX1,5023,6405,3,75.7227085250292
A,ANKRD33,341405,4289,3,50.7064319849884
A,LIMCH1,22998,5138,3,60.743680937018
A,MMP26,56547,5274,3,62.3515323592512
A,ZNF138,7697,4954,3,58.5683525422318
A,TFCP2,7024,3521,3,41.6268004241418
A,SEC22A,26984,4854,3,57.3861088494132
A,CHRNE,1145,4269,3,50.4699832464246
A,OR10G4,390264,3021,3,35.7155819600489
A,OR1I1,126370,7566,3,89.4485577986528
A,OR2W3,343171,3299,3,39.0022194260845
A,NHLH2,4808,7892,3,93.3026722372413
A,HIGD1B,51751,2552,3,30.1708590407298
A,DNAAF4,161582,6140,3,72.58976273906
A,DZIP1,22873,3647,3,43.1164274770932
A,GLIS1,148979,3267,3,38.6239014443826
A,ARPC5,10092,7108,3,84.0338816855438
A,C9orf72,203228,3510,3,41.4967536179317
A,PSG1,5669,3754,3,44.381428228409
A,C11orf94,143678,3956,3,46.7695604879025
A,COMMD8,54951,4072,3,48.1409631715721
A,ZNF285,26974,3944,3,46.6276912447643
A,OR8B2,26595,7054,3,83.3954700914217
A,BNIPL,149428,8665,3,102.441415982729
A,PRCC,5546,5608,3,66.3002262932653
A,PNMT,5409,3447,3,40.751940091456
A,ADSL,158,4196,3,49.6069453506671
A,IFFO1,25900,3632,3,42.9390909231704
A,OR5P3,120066,6282,3,74.2685487828624
A,SLC16A4,9122,3684,3,43.553857643436
A,ODF4,146852,3167,3,37.441657751564
A,TAS2R13,50838,6328,3,74.8123808815589
A,SARDH,1757,5223,3,61.7485880759138
A,TMIGD2,126259,4081,3,48.2473651039257
A,OR10G3,26533,3984,3,47.1005887218917
A,ATOH7,220202,4850,3,57.3388191017005
A,TMEM26,219623,4480,3,52.9645174382718
A,C5orf52,100190949,5573,3,65.8864410007788
A,DCN,1634,4904,3,57.9772306958225
A,COPS5,10987,5468,3,64.6450851233193
A,SLC39A12,221074,3977,3,47.0178316633944
A,FAM186A,121006,4405,3,52.0778346686579
A,MLH3,27030,4995,3,59.0530724562874
A,MYL4,4635,5827,3,68.8893399805379
A,FAM19A3,284467,4783,3,56.5467158275121
A,LY6K,54742,2829,3,33.4456740698373
A,TM9SF4,9777,4546,3,53.7447982755321
A,SF3B1,23451,4993,3,59.0294275824311
A,PNRC1,10957,5282,3,62.4461118546767
A,HTR2C,3358,6941,3,82.0595347185367
A,TAAR2,9287,4515,3,53.3783027307583
A,PLCXD1,55344,4472,3,52.8699379428463
A,PTS,5805,6127,3,72.4360710589936
A,XKR5,389610,3999,3,47.2779252758145
A,LILRA5,353514,6789,3,80.2625243054525
A,GIPC2,54810,6459,3,76.3611201191513
A,SPTLC2,9517,2228,3,26.3403894759977
A,KCNK1,3775,3224,3,38.1155366564706
A,STRIP1,85369,5338,3,63.1081683226551
A,EXOC4,60412,4359,3,51.5340025699613
A,TMEM80,283232,2627,3,31.0575418103438
A,LMLN,89782,4767,3,56.3575568366611
A,PPARGC1B,133522,3025,3,35.7628717077617
A,EIF3H,8667,4329,3,51.1793294621158
A,GPKOW,27238,4265,3,50.4226934987119
A,CACNA1F,778,6578,3,77.7679901136053
A,SP2,6668,5293,3,62.5761586608868
A,AFMID,125061,8023,3,94.8514114748336
A,FAM229B,619208,4748,3,56.1329305350256
A,BTBD18,643376,4493,3,53.1182091183382
A,HNMT,3176,6363,3,75.2261661740454
A,CD69,969,6780,3,80.1561223730989
A,LOC157562,157562,8692,3,102.76062177979
A,CRYGN,155051,4082,3,48.2591875408539
A,TRPM3,80036,5068,3,59.916110352045
A,ZCCHC18,644353,4607,3,54.4659669281514
A,SPATA31A6,389730,4754,3,56.2038651565947
A,TRHDE,29953,3824,3,45.208998813382
A,GJC3,349149,3447,3,40.751940091456
A,CCR4,1233,3118,3,36.8623583420829
A,TMEM222,84065,2477,3,29.2841762711159
A,SPATA31C1,441452,4591,3,54.2768079373004
A,SLC25A46,91137,3523,3,41.6504452979981
A,FRMD1,79981,7543,3,89.1766417493045
A,MAGEB17,645864,6350,3,75.072474493979
A,RHBDD2,57414,6389,3,75.5335495341783
A,LMBR1L,55716,1641,3,19.4006189991527
A,TNF,7124,3658,3,43.2464742833032
A,ALLC,55821,3146,3,37.1933865760721
A,ANGEL1,23357,5443,3,64.3495242001146
A,CTH,1491,6235,3,73.7128942472377
A,MAD2L1,4085,5206,3,61.5476066481346
A,OR5R1,219479,4414,3,52.1842366010116
A,RHOXF2,84528,4430,3,52.3733955918625
A,FOXR2,139628,4281,3,50.6118524895629
A,GPR88,54112,5932,3,70.1306958579974
A,SCN3A,6328,4412,3,52.1605917271552
A,ZNF532,55205,5140,3,60.7673258108744
A,ZNF665,79788,4347,3,51.3921333268231
A,POTEH,23784,4812,3,56.8895664984295
A,UTRN,7402,7597,3,89.8150533434266
A,ZNF616,90317,4300,3,50.8364787911984
A,PCDHB2,56133,6935,3,81.9886000969676
A,GSR,2936,2875,3,33.9895061685338
A,OS9,10956,6879,3,81.3265436289892
A,AP1S3,130340,2897,3,34.2495997809539
A,TMIGD3,57413,5773,3,68.2509283864159
A,OLIG3,167826,5984,3,70.7454625782631
A,INTS14,81556,3559,3,42.0760530274128
A,PUS7,54517,3707,3,43.8257736927843
A,PODXL2,50512,4648,3,54.950686842207
A,QRICH2,84074,8843,3,104.545809755946
A,MYH3,4621,3403,3,40.2317528666158
A,FER1L6,654463,3931,3,46.4739995646979
A,CLPB,81570,3135,3,37.0633397698621
A,SERPINI1,5274,4403,3,52.0541897948015
A,VSTM1,284415,5183,3,61.2756905987863
A,NHLRC4,283948,2529,3,29.8989429913816
A,NANOS2,339345,5667,3,66.9977500720282
A,CAMK1G,57172,6094,3,72.0459306403635
A,MUC15,143662,5390,3,63.7229350429208
A,GJC2,57165,4089,3,48.3419445993512
A,RNASEL,6041,2585,3,30.56099945936
A,PCDHB4,56131,5514,3,65.1889172220158
A,SUV39H1,6839,6790,3,80.2743467423807
A,ZNF630,57232,8810,3,104.155669337316
A,BEND2,139105,2171,3,25.6665105710911
A,ZP1,22917,2112,3,24.9689867923281
A,OR2M3,127062,3531,3,41.7450247934236
A,OR4B1,119765,3324,3,39.2977803492892
A,ISG20L2,81875,5116,3,60.4835873245979
A,PCDHB7,56129,5150,3,60.8855501801562
A,CYP2A6,1548,4329,3,51.1793294621158
A,PNISR,25957,3651,3,43.1637172248059
A,PDCD7,10081,7419,3,87.7106595702095
A,EPHA3,2042,5013,3,59.2658763209948
A,MAOA,4128,6714,3,79.3758415358386
A,HTR2B,3357,2471,3,29.2132416495468
A,HSD17B8,7923,4765,3,56.3339119628047
A,HMP19,51617,3798,3,44.9016154532492
A,TMEM212,389177,4912,3,58.071810191248
A,TMSB4Y,9087,5997,3,70.8991542583295
A,LACTBL1,646262,4856,3,57.4097537232696
A,SLX1B,79008,3548,3,41.9460062212028
A,FOXE3,2301,8480,3,100.254265151015
A,PAH,5053,5850,3,69.1612560298862
A,HPR,3250,4582,3,54.1704060049468
A,HAVCR2,84868,4020,3,47.5261964513064
A,CCDC17,149483,3660,3,43.2701191571596
A,RFXANK,8625,6105,3,72.1759774465735
A,C6orf118,168090,4978,3,58.8520910285083
A,ZNF354C,30832,3350,3,39.605163709422
A,TMEM115,11070,3969,3,46.9232521679689
A,FAM46B,115572,4737,3,56.0028837288155
A,C21orf62,56245,7467,3,88.2781365427624
A,GBP1,2633,4095,3,48.4128792209203
A,LUZP4,51213,3192,3,37.7372186747687
A,LGALS1,3956,3990,3,47.1715233434608
A,SERP2,387923,4133,3,48.8621318241914
A,ATP1A2,477,3425,3,40.4918464790359
A,GJB3,2707,2308,3,27.2861844302525
A,HSD11B1L,374875,2006,3,23.7158084779405
A,N4BP2L2,10443,4002,3,47.3133925865991
A,PYCR3,65263,3914,3,46.2730181369187
A,TMEM196,256130,6177,3,73.0271929054029
A,POLR3GL,84265,9318,3,110.161467296834
A,TMEM91,641649,7271,3,85.960938904838
A,CREM,1390,6871,3,81.2319641335637
A,ANK1,286,640,3,7.56635963403883
A,TSPAN10,83882,3245,3,38.3638078319625
A,IKZF1,10320,2901,3,34.2968895286666
A,MCHR1,2847,7047,3,83.3127130329244
A,CATSPERG,57828,2508,3,29.6506718158897
A,ISOC2,79763,847,3,10.0136040781733
A,GLE1,2733,3474,3,41.071145888517
A,RIN1,9610,4910,3,58.0481653173916
A,WDR76,79968,3863,3,45.6700738535812
A,MTBP,27085,5513,3,65.1770947850876
A,CHD1L,9557,3345,3,39.5460515247811
A,TGDS,23483,4345,3,51.3684884529667
A,SF3A3,10946,4885,3,57.752604394187
A,PRKAB1,5564,4319,3,51.0611050928339
A,IPO11,51194,5630,3,66.5603199056853
A,LOC403312,403312,5434,3,64.2431222677609
A,GRAMD2,196996,2360,3,27.9009511505182
A,BSX,390259,2795,3,33.043711214279
A,MAGEA3,4102,2263,3,26.7541747684842
A,SCUBE3,222663,5726,3,67.6952738507911
A,KIAA1211L,343990,2528,3,29.8871205544534
A,RPS7,6201,3864,3,45.6818962905094
A,RBMY1J,378951,2462,3,29.1068397171931
A,ACTG2,72,5606,3,66.2765814194089
A,CHAF1B,8208,4412,3,52.1605917271552
A,COIL,8161,7241,3,85.6062657969924
A,SNRPG,6637,6054,3,71.5730331632361
A,MAGEH1,28986,5181,3,61.25204572493
A,EIF2S2,8894,4526,3,53.5083495369684
A,SLC35E4,339665,8910,3,105.337913030134
A,FAM120AOS,158293,4238,3,50.1034877016509
A,EXOSC2,23404,5829,3,68.9129848543943
A,KLK7,5650,5174,3,61.1692886664327
A,MARCH9,92979,2964,3,35.0417030551423
A,AP1S2,8905,4832,3,57.1260152369932
A,TPP1,1200,5175,3,61.1811111033608
A,MINDY3,80013,4517,3,53.4019476046147
A,PCDHB11,56125,8738,3,103.304453878486
A,BORCS8,729991,3285,3,38.8367053090899
A,MAGEA11,4110,5182,3,61.2638681618581
A,GUF1,60558,7578,3,89.590427041791
A,ANKMY2,57037,7235,3,85.5353311754234
A,CPSF4,10898,5549,3,65.6027025145023
A,SGCZ,137868,5915,3,69.9297144302182
A,TBP,6908,6777,3,80.1206550623143
A,HEYL,26508,1639,3,19.3769741252963
A,NDUFS1,4719,6234,3,73.7010718103095
A,TATDN1,83940,5469,3,64.6569075602474
A,SRSF4,6429,2887,3,34.131375411672
A,USP39,10713,5577,3,65.9337307484915
A,TERF1,7013,2878,3,34.0249734793184
A,KCNE5,23630,4006,3,47.3606823343118
A,TNFAIP3,7128,2068,3,24.448799567488
A,SERPINB5,5268,5691,3,67.2814885583047
A,RTL8C,8933,4985,3,58.9348480870056
A,MAGEA10-MAGEA5,100533997,541,1,6.39593837814845
A,MTIF3,219402,3630,3,42.915446049314
A,TXNL4B,54957,1743,3,20.6065075658276
A,MBLAC1,255374,4469,3,52.8344706320618
A,STARD5,80765,4301,3,50.8483012281266
A,BBS5,129880,4826,3,57.0550806154241
A,PAIP2B,400961,4289,3,50.7064319849884
A,PKP1,5317,6226,3,73.606492314884
A,THSD4,79875,5112,3,60.4362975768852
A,CHMP1B,57132,3976,3,47.0060092264662
A,MAGI3,260425,1773,3,20.9611806736732
A,GART,2618,1809,3,21.3867884030879
A,NUDCD1,84955,1956,3,23.1246866315312
A,TBPL2,387332,4030,3,47.6444208205883
A,SLC41A3,54946,1841,3,21.7651063847898
A,SH3D21,79729,4794,3,56.6767626337221
A,ZIK1,284307,2803,3,33.1382907097044
A,MYO10,4651,3871,3,45.7646533490067
A,RAVER2,55225,4503,3,53.2364334876201
A,NPR2,4882,4570,3,54.0285367618085
A,KCNC1,3746,3890,3,45.9892796506423
A,BNIP3,664,2953,3,34.9116562489323
A,C1D,10438,4359,3,51.5340025699613
A,CNOT1,23019,4530,3,53.5556392846811
A,ZNF845,91664,2676,3,31.6368412198249
A,CASP9,842,3060,3,36.1766570002482
A,ZNF611,81856,2980,3,35.2308620459933
A,ACYP2,98,3762,3,44.4760077238345
A,CHRNB3,1142,3279,3,38.7657706875208
A,RCOR2,283248,3293,3,38.9312848045154
A,PGAM5,192111,582,3,6.88065829220406
A,FAIM2,23017,2850,3,33.6939452453292
A,NRM,11270,4714,3,55.7309676794673
A,PIAS2,9063,1741,3,20.5828626919713
A,RHEB,6009,3989,3,47.1597009065326
A,SIRT7,51547,2995,3,35.4081985999161
A,GRIN3A,116443,1888,3,22.3207609204145
A,C5orf34,375444,3374,3,39.8889021956985
A,JSRP1,126306,4681,3,55.3408272608371
A,KLC2,64837,3185,3,37.6544616162714
A,DND1,373863,6307,3,74.564109706067
A,TMC2,117532,5709,3,67.494292423012
A,C15orf41,84529,2018,3,23.8576777210787
A,HERC4,26091,4344,3,51.3566660160386
A,NEURL2,140825,3338,3,39.4632944662838
A,CDKL3,51265,4388,3,51.8768532408787
A,PPP1R11,6992,2656,3,31.4003924812611
A,STOML1,9399,5315,3,62.8362522733069
A,KIAA0907,22889,5227,3,61.7958778236265
A,TEDDM1,127670,4667,3,55.1753131438425
A,TCEAL7,56849,2878,3,34.0249734793184
A,TMEM130,222865,4066,3,48.0700285500029
A,NUPR1,26471,4423,3,52.2906385333652
A,TLR10,81793,2494,3,29.4851576988951
A,LRSAM1,90678,3090,3,36.5313301080937
A,ATP5S,27109,6201,3,73.3109313916794
A,ZNF736,728927,4009,3,47.3961496450964
A,SLC6A14,11254,2439,3,28.8349236678449
A,TEPSIN,146705,4442,3,52.5152648350008
A,CYP4B1,1580,3889,3,45.9774572137141
A,MOV10,4343,4615,3,54.5605464235769
A,CLNS1A,1207,3313,3,39.1677335430791
A,TSPY3,728137,4568,3,54.0048918879521
A,SOS1,6654,2962,3,35.018058181286
A,TEKT1,83659,4305,3,50.8955909758393
A,SCAND1,51282,5173,3,61.1574662295045
A,TMEM179B,374395,3496,3,41.3312395009371
A,PDGFRA,5156,4001,3,47.3015701496709
A,NHLRC3,387921,4356,3,51.4985352591768
A,STK31,56164,3505,3,41.4376414332908
A,CLDN22,53842,6634,3,78.4300465815838
A,ALKBH5,54890,6172,3,72.968080720762
A,ATAD5,79915,5694,3,67.3169558690892
A,OR4F15,390649,5273,3,62.3397099223231
A,SNAP29,9342,7079,3,83.6910310146264
A,CENPP,401541,3637,3,42.9982031078113
A,ATP5G1,516,6146,3,72.6606973606291
A,SAXO2,283726,3955,3,46.7577380509743
A,U2AF2,11338,1924,3,22.7463686498292
A,RHBG,57127,2399,3,28.3620261907174
A,PRRC2C,23215,7276,3,86.0200510894789
A,IGK,50802,4064,3,48.0463836761466
A,IQUB,154865,3875,3,45.8119430967195
A,DYNC1LI2,1783,3776,3,44.6415218408291
A,IDH2,3418,4074,3,48.1646080454284
A,CD83,9308,2960,3,34.9944133074296
A,TMEM217,221468,5793,3,68.4873771249796
A,HP,3240,5724,3,67.6716289769348
A,ARPP21,10777,6003,3,70.9700888798986
A,CLCC1,23155,5215,3,61.6540085804883
A,RD3,343035,5018,3,59.3249885056357
A,TIGD6,81789,2318,3,27.4044087995344
A,PIEZO2,63895,3067,3,36.2594140587455
A,FCRL4,83417,4780,3,56.5112485167275
A,ADH4,127,3469,3,41.0120337038761
A,FCRLB,127943,5279,3,62.4106445438922
A,APOL3,80833,8015,3,94.7568319794082
A,TRIM43B,653192,5262,3,62.209663116113
A,SNRNP35,11066,3617,3,42.7617543692476
A,TNFAIP8L2-SCNM1,100534012,3550,3,41.9696510950591
A,IKZF2,22807,2619,3,30.9629623149183
A,SERP1,27230,2967,3,35.0771703659269
A,SLC24A1,9187,3926,3,46.414887380057
A,PNPT1,87178,3500,3,41.3785292486499
A,C1QTNF1,114897,3432,3,40.5746035375332
A,CORT,1325,4321,3,51.0847499666903
A,SFTPA2,729238,3127,3,36.9687602744366
A,HPCAL1,3241,3565,3,42.1469876489819
A,MSS51,118490,5927,3,70.0715836733565
A,VPREB3,29802,4768,3,56.3693792735893
A,PROKR1,10887,9564,3,113.069786781168
A,RFTN2,130132,4476,3,52.9172276905591
A,SERINC4,619189,4562,3,53.933957266383
A,CHEK1,1111,3570,3,42.2060998336228
A,KRTAP11-1,337880,3757,3,44.4168955391936
A,C20orf144,128864,4657,3,55.0570887745607
A,CELA1,1990,5290,3,62.5406913501022
A,PIWIL1,9271,5464,3,64.5977953756065
A,TOP3B,8940,2292,3,27.0970254394016
A,ZNF208,7757,3379,3,39.9480143803394
A,KLF2,10365,4101,3,48.4838138424894
A,ARMC8,25852,4980,3,58.8757359023646
A,EVA1C,59271,4545,3,53.7329758386039
A,MR1,3140,7294,3,86.2328549541863
A,EFCAB5,374786,5581,3,65.9810204962042
A,NAALADL2,254827,1424,3,16.8351501857364
A,SP7,121340,6053,3,71.5612107263079
A,CALD1,800,7014,3,82.9225726142943
A,AP1M2,10053,5495,3,64.9642909203803
A,ALKBH4,54784,4337,3,51.2739089575413
A,CABP5,56344,3984,3,47.1005887218917
A,TOGARAM2,165186,4513,3,53.3546578569019
A,XAF1,54739,4395,3,51.959610299376
A,GALNT8,26290,2766,3,32.7008605433616
A,ZNF806,646915,4867,3,57.5398005294797
A,NEU2,4759,4173,3,49.3350293013188
A,CPZ,8532,8055,3,95.2297294565356
A,TNPO2,30000,4925,3,58.2255018713144
A,VPS11,55823,5412,3,63.9830286553409
A,ZMPSTE24,10269,3462,3,40.9292766453788
A,SNAI2,6591,3739,3,44.2040916744862
A,C11orf24,53838,3061,3,36.1884794371763
A,LEP,3952,4334,3,51.2384416467567
A,ABTB2,25841,4804,3,56.794987003004
A,AIFM1,9131,3942,3,46.6040463709079
A,SLC51A,200931,5771,3,68.2272835125595
A,SACM1L,22908,3192,3,37.7372186747687
A,OR1J2,26740,4768,3,56.3693792735893
A,ZC2HC1A,51101,3752,3,44.3577833545526
A,RTL1,388015,4587,3,54.2295181895877
A,CRISP3,10321,6949,3,82.1541142139622
A,OR8B4,283162,4650,3,54.9743317160634
A,OR2T27,403239,4404,3,52.0660122317297
A,OR2AE1,81392,5940,3,70.2252753534229
A,DEFA5,1670,4916,3,58.1190999389608
A,DRD3,1814,3921,3,46.355775195416
A,SYAP1,94056,3705,3,43.8021288189279
A,IL1B,3553,6342,3,74.9778949985535
A,TDO2,6999,4575,3,54.0876489464495
A,FAM208A,23272,2602,3,30.7619808871391
A,CSRP3,8048,5079,3,60.046157158255
A,EYA4,2070,4238,3,50.1034877016509
A,WT1,7490,2950,3,34.8761889381477
A,PTER,9317,5634,3,66.6076096533981
A,GPR149,344758,3154,3,37.2879660714976
A,RNF43,54894,6271,3,74.1385019766524
A,MBOAT4,619373,4270,3,50.4818056833528
A,EIF4A1,1973,4963,3,58.6747544745855
A,GRAMD1A,57655,2303,3,27.2270722456116
A,TRPV3,162514,4349,3,51.4157782006795
A,PIGBOS1,101928527,2577,3,30.4664199639345
A,SFXN2,118980,4442,3,52.5152648350008
A,FAAP24,91442,3428,3,40.5273137898205
A,FOPNL,123811,5915,3,69.9297144302182
A,IL6ST,3572,2952,3,34.8998338120041
A,EMCN,51705,5623,3,66.477562847188
A,LGI4,163175,9763,3,115.422451729877
A,PDCD5,9141,4841,3,57.2324171693468
A,ITGB1BP1,9270,5367,3,63.4510189935725
A,HSPD1,3329,3042,3,35.9638531355408
A,CCDC6,8030,5186,3,61.3111579095709
A,CHD6,84181,5294,3,62.587981097815
A,GPR83,10888,2904,3,34.3323568394512
A,NOS1,4842,2998,3,35.4436659107006
A,BOLA2,552900,3980,3,47.053298974179
A,ADPRH,141,6028,3,71.2656498031032
A,APOA1,335,4855,3,57.3979312863414
A,ZNF566,84924,3436,3,40.621893285246
A,DEPDC1,55635,3130,3,37.0042275852212
A,ITGA3,3675,4273,3,50.5172729941374
A,ASAH1,427,6772,3,80.0615428776734
A,MPP1,4354,3628,3,42.8918011754576
A,ZKSCAN8,7745,4990,3,58.9939602716465
A,SNRPB2,6629,1172,3,13.8558960798336
A,RPSA,3921,3304,3,39.0613316107255
A,CHD8,57680,6945,3,82.1068244662495
A,PTRH2,51651,4461,3,52.7398911366363
A,DUSP26,78986,4435,3,52.4325077765035
A,FBLN1,2192,1991,3,23.5384719240177
A,DBP,1628,1499,3,17.7218329553503
A,AKAP12,9590,3123,3,36.9214705267238
A,ADRA2A,150,4927,3,58.2491467451708
A,DAXX,1616,5462,3,64.5741505017501
A,ASTN1,460,3719,3,43.9676429359225
A,RUFY1,80230,6048,3,71.5020985416669
A,FOXJ2,55810,6386,3,75.4980822233937
A,ZDHHC13,54503,1771,3,20.9375357998168
A,SOGA3,387104,6211,3,73.4291557609612
A,ELOVL4,6785,2080,3,24.5906688106262
A,EIF4A3,9775,3842,3,45.4218026780894
A,BDKRB1,623,4084,3,48.2828324147103
A,F2,2147,3071,3,36.3067038064582
A,ANP32A,8125,3200,3,37.8317981701942
A,BPTF,2186,6909,3,81.6812167368348
A,NOX1,27035,4165,3,49.2404498058933
A,EPDR1,54749,4619,3,54.6078361712896
A,KIFC2,90990,2418,3,28.586652492353
A,RIMBP2,23504,7196,3,85.0742561352241
A,RALGDS,5900,5273,3,62.3397099223231
A,TM4SF19,116211,6797,3,80.357103800878
A,BMP7,655,1380,3,16.3149629608962
A,DMRTB1,63948,1929,3,22.8054808344702
A,MRPS33,51650,3974,3,46.9823643526099
A,ZNF80,7634,3669,3,43.3765210895132
A,LAT2,7462,2279,3,26.9433337593351
A,GNRHR,2798,3610,3,42.6789973107503
A,RHOT2,89941,2575,3,30.4427750900781
A,LELP1,149018,4864,3,57.5043332186951
A,USP6NL,9712,3302,3,39.0376867368691
A,SHTN1,57698,3376,3,39.9125470695548
A,SLC38A2,54407,2234,3,26.4113240975668
A,TRMT1L,81627,3384,3,40.0071265649803
A,SMTNL1,219537,7254,3,85.7599574770589
A,CHST5,23563,5837,3,69.0075643498198
A,LTA,4049,5713,3,67.5415821707247
A,RPUSD4,84881,4706,3,55.6363881840418
A,FAM32A,26017,4457,3,52.6926013889235
A,CYB561,1534,2831,3,33.4693189436936
A,PPP2R1A,5518,6629,3,78.3709343969428
A,PROP1,5626,5017,3,59.3131660687075
A,LYPD3,27076,4872,3,57.5989127141206
A,NRBF2,29982,4000,3,47.2897477127427
A,ACTL7B,10880,5620,3,66.4420955364035
A,ASB16,92591,6425,3,75.9591572635929
A,ZNF541,84215,2903,3,34.320534402523
A,RNASEK,440400,3958,3,46.7932053617589
A,APAF1,317,7149,3,84.5186015995994
A,LDLRAD4,753,3515,3,41.5558658025726
A,TCAIM,285343,4217,3,49.855216526159
A,ABHD16A,7920,2961,3,35.0062357443578
A,PRRC2A,7916,5413,3,63.994851092269
A,UNC13D,201294,6144,3,72.6370524867728
A,KCTD9,54793,9971,3,117.881518610939
A,UPB1,51733,4419,3,52.2433487856525
A,COL3A1,1281,2260,3,26.7187074576996
A,MT3,4504,5113,3,60.4481200138133
A,KCNK4,50801,4149,3,49.0512908150424
A,EEF1A1,1915,2936,3,34.7106748211531
A,STK17B,9262,4883,3,57.7289595203306
A,STAT3,6774,3189,3,37.7017513639841
A,ALS2CL,259173,2256,3,26.6714177099869
A,POLR3C,10623,3402,3,40.2199304296877
A,PRSS56,646960,3190,3,37.7135738009123
A,SMIM1,388588,2992,3,35.3727312891315
A,LOXL3,84695,3143,3,37.1579192652876
A,FIBIN,387758,5309,3,62.7653176517377
A,TP73,7161,1962,3,23.1956212531003
A,CR1,1378,2089,3,24.6970707429799
A,SLC16A11,162515,2573,3,30.4191302162217
A,C1orf167,284498,5280,3,62.4224669808204
A,POLE3,54107,2366,3,27.9718857720873
A,ZSWIM4,65249,3601,3,42.5725953783966
A,ZFP90,146198,3965,3,46.8759624202562
A,EPN1,29924,1575,3,18.6203381618924
A,QRSL1,55278,5484,3,64.8342441141702
A,GTF3C2,2976,5178,3,61.2165784141454
A,SDCBP,6386,4734,3,55.967416418031
A,RPL36A,6173,4745,3,56.097463224241
A,AIMP2,7965,2046,3,24.1887059550679
A,PRRX1,5396,5127,3,60.6136341308079
A,P2RY10,27334,5748,3,67.9553674632112
A,IL10RA,3587,6046,3,71.4784536678106
A,GPR139,124274,8355,3,98.7764605349913
A,PLG,5340,6811,3,80.5226179178726
A,C19orf68,374920,3300,3,39.0140418630127
A,FGA,2243,4359,3,51.5340025699613
A,C9orf64,84267,1926,3,22.7700135236856
A,STAU2,27067,3625,3,42.8563338646731
A,CFAP43,80217,3072,3,36.3185262433864
A,SIX5,147912,5467,3,64.6332626863911
A,IL33,90865,3917,3,46.3084854477033
A,TIFAB,497189,2820,3,33.3392721374836
A,MGME1,92667,3383,3,39.9953041280521
A,RSU1,6251,4252,3,50.2690018186455
A,CCNO,10309,5300,3,62.6589157193841
A,NIF3L1,60491,3846,3,45.4690924258021
A,CITED1,4435,4912,3,58.071810191248
A,FGFBP2,83888,5588,3,66.0637775547015
A,NR2C2,7182,3050,3,36.0584326309663
A,CCDC8,83987,3380,3,39.9598368172676
A,C8orf37,157657,4647,3,54.9388644052788
A,CCDC68,80323,1955,3,23.112864194603
A,SLC12A5,57468,2502,3,29.5797371943206
A,LOC100506388,100506388,3938,3,46.5567566231952
A,PNRC2,55629,8622,3,101.933051194817
A,CLRN2,645104,5231,3,61.8431675713393
A,ABCC9,10060,6360,3,75.1906988632609
A,LOC149373,149373,4365,3,51.6049371915305
A,EXOC6B,23233,3631,3,42.9272684862422
A,RPS3,6188,4611,3,54.5132566758641
A,VRK3,51231,3465,3,40.9647439561634
A,LMO2,4005,2319,3,27.4162312364626
A,CITED4,163732,2830,3,33.4574965067655
A,BTNL8,79908,5880,3,69.5159291377318
A,TOB2,10766,3965,3,46.8759624202562
A,ZACN,353174,3338,3,39.4632944662838
A,ZC3HAV1L,92092,3960,3,46.8168502356153
A,PSMC2,5701,3183,3,37.630816742415
A,MEGF10,84466,5340,3,63.1318131965115
A,BEND5,79656,847,3,10.0136040781733
A,WBP4,11193,6523,3,77.1177560825551
A,OR4A15,81328,3454,3,40.8346971499533
A,CCT4,10575,6346,3,75.0251847462663
A,RAD54L,8438,4763,3,56.3102670889484
A,PRR3,80742,4744,3,56.0856407873128
A,MTMR7,9108,4302,3,50.8601236650548
A,OR10J3,441911,3935,3,46.5212893124106
A,RTCA,8634,2323,3,27.4635209841753
A,WISP3,8838,1787,3,21.1266947906678
A,PYCR2,29920,7655,3,90.5007546852613
A,PLSCR4,57088,5945,3,70.2843875380638
A,ACKR4,51554,4045,3,47.821757374511
A,ATP5F1,515,1767,3,20.8902460521041
A,ZBED2,79413,3365,3,39.7825002633448
A,GPBP1,65056,7593,3,89.7677635957138
A,C1orf100,200159,6114,3,72.2823793789272
A,FGG,2266,3661,3,43.2819415940877
A,RPA2,6118,3488,3,41.2366600055116
A,MLN,4295,5389,3,63.7111126059926
A,PPP1CC,5501,3373,3,39.8770797587703
A,IFI16,3428,4306,3,50.9074134127675
A,SPAM1,6677,4858,3,57.433398597126
A,TRUB1,142940,3763,3,44.4878301607627
A,MAMSTR,284358,5044,3,59.6323718657685
A,C1orf112,55732,5954,3,70.3907894704175
A,C5,727,3059,3,36.16483456332
A,C19orf18,147685,2803,3,33.1382907097044
A,RNASE2,6036,3799,3,44.9134378901774
A,DCT,1638,4520,3,53.4374149153992
A,MASP1,5648,5922,3,70.0124714887156
A,FERD3L,222894,5513,3,65.1770947850876
A,OR2J3,442186,5059,3,59.8097084196913
A,PRAMEF10,343071,6145,3,72.648874923701
A,CD1C,911,5646,3,66.7494788965363
A,ARHGDIB,397,3726,3,44.0503999944198
A,SPDYE1,285955,5624,3,66.4893852841162
A,MIF,4282,4145,3,49.0040010673296
A,LCNL1,401562,3034,3,35.8692736401153
A,DPM1,8813,4539,3,53.6620412170348
A,TAS2R1,50834,4535,3,53.614751469322
A,C9,735,4340,3,51.3093762683258
A,HSDL2,84263,4453,3,52.6453116412108
A,MILR1,284021,5011,3,59.2422314471384
A,SH3GLB1,51100,2468,3,29.1777743387622
A,OPA1,4976,5769,3,68.2036386387031
A,CRH,1392,4333,3,51.2266192098285
A,ARL14,80117,6935,3,81.9886000969676
A,ZNF540,163255,5779,3,68.321863007985
A,CRYBA4,1413,3731,3,44.1095121790607
A,ABHD5,51099,4371,3,51.6758718130996
A,KLHDC9,126823,5108,3,60.3890078291724
A,TLX2,3196,4239,3,50.1153101385791
A,TPO,7173,5273,3,62.3397099223231
A,DBX2,440097,5758,3,68.0735918324931
A,CYLC2,1539,5601,3,66.2174692347679
A,COA5,493753,3350,3,39.605163709422
A,IMPAD1,54928,2718,3,32.1333835708087
A,PIKFYVE,200576,3426,3,40.5036689159641
A,PRAF2,11230,3539,3,41.8396042888491
A,RBM27,54439,2973,3,35.148104987496
A,SOCS2,8835,4663,3,55.1280233961298
A,LRRC72,100506049,6063,3,71.6794350955897
A,SPIN4,139886,2559,3,30.2536160992271
A,DNASE1L1,1774,4668,3,55.1871355807707
A,CTF1,1489,7162,3,84.6722932796658
A,SLC36A3,285641,5675,3,67.0923295674537
A,PTGIR,5739,5135,3,60.7082136262334
A,LAMTOR3,8649,3270,3,38.6593687551671
A,FCAMR,83953,4938,3,58.3791935513808
A,GIPR,2696,7918,3,93.6100555973741
A,PLSCR5,389158,4927,3,58.2491467451708
A,RXFP1,59350,6111,3,72.2469120681426
A,LRRTM3,347731,3881,3,45.8828777182886
A,GALNT5,11227,7847,3,92.770662575473
A,PEX5L,51555,4666,3,55.1634907069143
A,TMEM191B,728229,7024,3,83.0407969835762
A,RP2,6102,4682,3,55.3526496977653
A,PIGB,9488,2999,3,35.4554883476288
A,PLEKHA8,84725,6636,3,78.4536914554401
A,ING1,3621,4842,3,57.244239606275
A,USP32,84669,2919,3,34.509693393374
A,ETFRF1,144363,2856,3,33.7648798668983
A,ALG13,79868,2638,3,31.1875886165538
A,RAPGEF2,9693,7593,3,89.7677635957138
A,DTHD1,401124,6295,3,74.4222404629288
A,KRTAP15-1,254950,4337,3,51.2739089575413
A,SCGB3A2,117156,5365,3,63.4273741197161
A,DNAJB11,51726,5620,3,66.4420955364035
A,NAPEPLD,222236,2954,3,34.9234786858605
A,LOC79999,79999,3179,3,37.5835269947023
A,ZNF468,90333,5309,3,62.7653176517377
A,ZNF766,90321,4194,3,49.5833004768107
A,PYROXD2,84795,6043,3,71.442986357026
A,CATSPERE,257044,4052,3,47.9045144330083
A,TIMM10B,26515,5510,3,65.1416274743031
A,RAB2B,84932,5242,3,61.9732143775493
A,ETFB,2109,3880,3,45.8710552813604
A,CDRT4,284040,7242,3,85.6180882339206
A,LOC283485,283485,5532,3,65.4017210867231
A,SUZ12,23512,4974,3,58.8048012807955
A,MTF2,22823,5854,3,69.2085457775989
A,NCR2,9436,5357,3,63.3327946242907
A,TRPV4,59341,3276,3,38.7303033767363
A,FAM216B,144809,5543,3,65.5317678929332
A,TSPAN31,6302,3634,3,42.9627357970267
A,ZNF518A,9849,4554,3,53.8393777709576
A,TBC1D19,55296,5801,3,68.5819566204051
A,RBM34,23029,4105,3,48.5311035902022
A,ENOPH1,58478,4436,3,52.4443302134316
A,DDX39A,10212,2761,3,32.6417483587206
A,CAND1,55832,2958,3,34.9707684335732
A,FRMD7,90167,4867,3,57.5398005294797
A,IL13RA2,3598,3274,3,38.7066585028799
A,APOBEC4,403314,6015,3,71.1119581230368
A,SNX22,79856,1287,3,15.215476326575
A,C8orf44,56260,4533,3,53.5911065954657
A,CSGALNACT1,55790,6055,3,71.5848556001643
A,FAM156A,29057,3480,3,41.1420805100861
A,CPA6,57094,5049,3,59.6914840504095
A,VSIR,64115,3121,3,36.8978256528675
A,CNTRL,11064,1895,3,22.4035179789118
A,AGAP5,729092,3162,3,37.3825455669231
A,DEFB1,1672,5385,3,63.6638228582798
A,RFESD,317671,5911,3,69.8824246825055
A,C14orf177,283598,5754,3,68.0263020847804
A,PTX3,5806,1220,3,14.4233730523865
A,OR4N5,390437,7832,3,92.5933260215502
A,NRK,203447,5180,3,61.2402232880018
A,MGAT5,4249,7091,3,83.8329002577646
A,KRT31,3881,8911,3,105.349735467063
A,KRT33B,3884,7008,3,82.8516379927252
A,PRR21,643905,5445,3,64.373169073971
A,FAM13A,10144,2712,3,32.0624489492395
A,ALG10B,144245,2342,3,27.6881472858108
A,HUS1B,135458,2987,3,35.3136191044906
A,AMELX,265,2474,3,29.2487089603314
A,DHRS7C,201140,4175,3,49.3586741751752
A,TMEM257,9142,4654,3,55.0216214637761
A,OR5B21,219968,6569,3,77.6615881812517
A,KLF17,128209,3029,3,35.8101614554744
A,PALM,5064,2512,3,29.6979615636024
A,GPR15,2838,6316,3,74.6705116384207
A,OR6C1,390321,3260,3,38.5411443858853
A,MRVI1,10335,2143,3,25.3354823371019
A,LOC730159,730159,3990,3,47.1715233434608
A,AFP,174,3279,3,38.7657706875208
A,ANGPTL5,253935,4653,3,55.0097990268479
A,GYPB,2994,3337,3,39.4514720293556
A,PROX1,5629,3912,3,46.2493732630624
A,SERPINI2,5276,4702,3,55.589098436329
A,FAM205C,100129969,4807,3,56.8304543137885
A,TAS2R46,259292,5906,3,69.8233124978646
A,OR5L1,219437,5398,3,63.8175145383462
A,LPIN1,23175,5475,3,64.7278421818166
A,IFNK,56832,6205,3,73.3582211393921
A,KRTAP3-1,83896,7846,3,92.7588401385448
A,C5orf46,389336,6398,3,75.6399514665319
A,TDRD15,100129278,3751,3,44.3459609176245
A,PIK3CG,5294,2617,3,30.9393174410619
A,ARL6IP6,151188,2078,3,24.5670239367698
A,LOC643936,643936,3468,3,41.0002112669479
A,GPR39,2863,3074,3,36.3421711172428
A,LRRC19,64922,3557,3,42.0524081535564
A,RTL9,57529,4389,3,51.8886756778069
A,ZNF669,79862,3097,3,36.614087166591
A,OR5B2,390190,3904,3,46.1547937676369
A,LCE3E,353145,3235,3,38.2455834626807
A,GLT6D1,360203,6463,3,76.408409866864
A,LOC101928436,101928436,4800,3,56.7476972552912
A,OR2D2,120776,5275,3,62.3633547961794
A,SLC35A5,55032,4221,3,49.9025062738717
A,SMYD1,150572,9334,3,110.350626287685
A,KLHDC2,23588,3238,3,38.2810507734652
A,C6,729,5749,3,67.9671899001394
A,TMEM232,642987,4192,3,49.5596556029543
A,SERPINB8,5271,1701,3,20.1099652148438
A,HLX,3142,4869,3,57.563445403336
A,RGS21,431704,5137,3,60.7318585000898
A,MEF2D,4209,4673,3,55.2462477654116
A,OR6C65,403282,4404,3,52.0660122317297
A,PCDHA4,56144,7130,3,84.2939752979638
A,SLC11A2,4891,3655,3,43.2110069725186
A,TGIF2LY,90655,4080,3,48.2355426669975
A,MPDU1,9526,5721,3,67.6361616661502
A,MTRNR2L10,100463488,4251,3,50.2571793817173
A,MS4A2,2206,3616,3,42.7499319323194
A,U2AF1L4,199746,5215,3,61.6540085804883
A,SAMD12,401474,3400,3,40.1962855558313
A,NUP35,129401,3770,3,44.57058721926
A,MARF1,9665,2266,3,26.7896420792687
A,NBPF19,101060226,4268,3,50.4581608094965
A,TFAP4,7023,3140,3,37.122451954503
A,PRB1,5542,4402,3,52.0423673578733
A,AHI1,54806,7433,3,87.8761736872041
A,OTX1,5013,6256,3,73.9611654227296
A,MED20,9477,6354,3,75.1197642416918
A,GLIPR1,11010,1345,3,15.9011776684097
A,VPS18,57617,4317,3,51.0374602189776
A,OTX2,5015,5584,3,66.0164878069888
A,TOMM70,9868,3858,3,45.6109616689403
A,ASMTL,8623,4812,3,56.8895664984295
A,OR5AN1,390195,4110,3,48.5902157748431
A,CD53,963,3397,3,40.1608182450467
A,PRH1,5554,6490,3,76.727615663925
A,SIRT4,23409,5436,3,64.2667671416173
A,PRB4,5545,6126,3,72.4242486220654
A,STAT2,6773,6494,3,76.7749054116378
A,PRB3,5544,5750,3,67.9790123370676
A,EXOC7,23265,3575,3,42.2652120182638
A,DYNC2H1,79659,5550,3,65.6145249514305
A,CCK,885,4904,3,57.9772306958225
A,SLC25A26,115286,4658,3,55.0689112114889
A,CXCL9,4283,4420,3,52.2551712225807
A,FRRS1,391059,5592,3,66.1110673024143
A,STH,246744,4174,3,49.346851738247
A,PLK3,1263,3345,3,39.5460515247811
A,EFHC2,80258,5521,3,65.2716742805131
A,C1orf228,339541,4754,3,56.2038651565947
A,RPL41,6171,5625,3,66.5012077210444
A,SLC25A47,283600,6060,3,71.6439677848052
A,SH2D6,284948,5786,3,68.4046200664823
A,KRT20,54474,5322,3,62.9190093318042
A,OR7G3,390883,5592,3,66.1110673024143
A,CYP7A1,1581,4734,3,55.967416418031
A,RPL23A,6147,4981,3,58.8875583392928
A,RAD51C,5889,2921,3,34.5333382672303
A,TMC7,79905,3354,3,39.6524534571347
A,ZNF774,342132,1245,3,14.7189339755912
A,ARG1,383,5134,3,60.6963911893053
A,ANKRD65,441869,2596,3,30.69104626557
A,DHX37,57647,2924,3,34.5688055780149
A,CYP8B1,1582,2742,3,32.4171220570851
A,TADA2A,6871,3557,3,42.0524081535564
A,TRIM61,391712,3401,3,40.2081079927595
A,FRYL,285527,8143,3,96.2701039062159
A,DNAJC17,55192,7013,3,82.9107501773661
A,OR4C11,219429,3779,3,44.6769891516137
A,LRIT3,345193,3392,3,40.1017060604058
A,FOLH1B,219595,5980,3,70.6981728305503
A,LOC643802,643802,4937,3,58.3673711144527
A,ANG,283,4087,3,48.3182997254948
A,NIFK,84365,3081,3,36.4249281757401
A,IPO9,55705,2909,3,34.3914690240921
A,DUSP6,1848,2649,3,31.3176354227638
A,KRT19,3880,4222,3,49.9143287107999
A,KIAA1191,57179,1562,3,18.466646481826
A,OVOL2,58495,2148,3,25.3945945217428
A,BTN2A2,10385,5450,3,64.4322812586119
A,TAF4B,6875,5156,3,60.9564848017253
A,CAPN12,147968,6392,3,75.5690168449628
A,ANGPTL4,51129,2666,3,31.518616850543
A,PAX1,5075,3896,3,46.0602142722114
A,CA2,760,6624,3,78.3118222123019
A,ACAA1,30,5129,3,60.6372790046643
A,POLA1,5422,3779,3,44.6769891516137
A,IPCEF1,26034,3214,3,37.9973122871888
A,LILRA6,79168,6508,3,76.9404195286324
A,AICDA,57379,3101,3,36.6613769143038
A,OR6M1,390261,4314,3,51.001992908193
A,ZFYVE27,118813,4478,3,52.9408725644154
A,TRIM49D1,399939,6212,3,73.4409781978894
A,RFC4,5984,3897,3,46.0720367091396
A,SLC17A2,10246,4665,3,55.1516682699862
A,GJA9,81025,6711,3,79.340374225054
A,DEDD2,162989,3973,3,46.9705419156817
A,CCZ1B,221960,5679,3,67.1396193151664
A,TRIM49B,283116,5807,3,68.6528912419742
A,PKNOX2,63876,5781,3,68.3455078818414
A,AASS,10157,5642,3,66.7021891488236
A,C9orf78,51759,3683,3,43.5420352065078
A,ZNF557,79230,3990,3,47.1715233434608
A,MYH4,4622,1813,3,21.4340781508006
A,NEMP1,23306,5588,3,66.0637775547015
A,C8B,732,5330,3,63.0135888272296
A,GSTA2,2939,3578,3,42.3006793290483
A,SPACA5B,729201,5412,3,63.9830286553409
A,IL7R,3575,5824,3,68.8538726697534
A,RALB,5899,8950,3,105.810810507262
A,NME6,10201,5771,3,68.2272835125595
A,DUSP27,92235,3460,3,40.9056317715224
A,C14orf105,55195,5807,3,68.6528912419742
A,CA13,377677,7930,3,93.7519248405124
A,MME,4311,4376,3,51.7349839977405
A,NOXO1,124056,1817,3,21.4813678985134
A,E2F5,1875,6147,3,72.6725197975573
A,MMP13,4322,5533,3,65.4135435236513
A,C8orf34,116328,3896,3,46.0602142722114
A,VN1R2,317701,7560,3,89.3776231770837
A,NXPE1,120400,5328,3,62.9899439533733
A,VN1R4,317703,4873,3,57.6107351510488
A,ASAH2,56624,3033,3,35.8574512031871
A,HBZ,3050,5694,3,67.3169558690892
A,SPINK6,404203,2446,3,28.9176807263422
A,RGS2,5997,5763,3,68.132704017134
A,GABRB1,2560,5170,3,61.1219989187199
A,ZHX1,11244,1825,3,21.5759473939388
A,ZNF705E,100131539,2509,3,29.6624942528179
A,ABCB8,11194,3075,3,36.3539935541709
A,DCHS2,54798,4565,3,53.9694245771676
A,ADAM22,53616,3553,3,42.0051184058437
A,CLEC2D,29121,4261,3,50.3754037509992
A,SPINK5,11005,3787,3,44.7715686470391
A,LGALS14,56891,6251,3,73.9020532380886
A,RD3L,647286,3253,3,38.458387327388
A,COL28A1,340267,4969,3,58.7456890961546
A,OR1Q1,158131,5867,3,69.3622374576653
A,TMEM235,283999,5287,3,62.5052240393177
A,KLF9,687,2304,3,27.2388946825398
A,UNKL,64718,4018,3,47.50255157745
A,NR2F2,7026,4006,3,47.3606823343118
A,PSMB4,5692,3276,3,38.7303033767363
A,CD3E,916,2611,3,30.8683828194928
A,GK5,256356,3663,3,43.3055864679441
A,OGT,8473,5287,3,62.5052240393177
A,TMEM134,80194,5751,3,67.9908347739958
A,CES5A,221223,4743,3,56.0738183503846
A,TEX26,122046,5721,3,67.6361616661502
A,C3orf30,152405,3952,3,46.7222707401898
A,UBA6,55236,4088,3,48.330122162423
A,GUCY2F,2986,2958,3,34.9707684335732
A,CCDC182,101927581,4077,3,48.200075356213
A,DYNAP,284254,4020,3,47.5261964513064
A,C15orf54,400360,3622,3,42.8208665538885
A,ESYT1,23344,1882,3,22.2498262988454
A,PPFIA2,8499,5949,3,70.3316772857766
A,ZNF584,201514,4615,3,54.5605464235769
A,DICER1,23405,7454,3,88.124444862696
A,ANP32D,23519,4342,3,51.3330211421822
A,NEDD4,4734,5281,3,62.4342894177485
A,EVI5L,115704,3611,3,42.6908197476785
A,CD101,9398,5958,3,70.4380792181302
A,EHMT2,10919,3921,3,46.355775195416
A,ZCCHC3,85364,5781,3,68.3455078818414
A,C6orf48,50854,7803,3,92.2504753506328
A,CNIH1,10175,4009,3,47.3961496450964
A,ACO2,50,1402,3,16.5750565733163
A,SF3B3,23450,5870,3,69.3977047684499
A,RBX1,9978,4573,3,54.0640040725931
A,HNRNPM,4670,4770,3,56.3930241474457
A,LEMD3,23592,2330,3,27.5462780426726
A,PCCB,5096,2437,3,28.8112787939885
A,ETAA1,54465,3854,3,45.5636719212276
A,C21orf33,8209,3607,3,42.6435299999657
A,NSL1,25936,4054,3,47.9281593068647
A,CDC26,246184,5155,3,60.9446623647972
A,DERL3,91319,4942,3,58.4264832990936
A,C1orf137,388667,4631,3,54.7497054144278
A,SHCBP1,79801,7396,3,87.4387435208612
A,SCNN1D,6339,3235,3,38.2455834626807
A,ZNF277,11179,2829,3,33.4456740698373
A,SCN11A,11280,5644,3,66.7258340226799
A,DEFB106B,503841,1302,1,15.3928128804977
A,MTCP1,4515,4873,3,57.6107351510488
A,RCN1,5954,7460,3,88.1953794842651
A,SLC5A9,200010,5138,3,60.743680937018
A,RNF44,22838,5987,3,70.7809298890476
A,C6orf136,221545,4125,3,48.7675523287659
A,UNC79,57578,4471,3,52.8581155059181
A,TLR8,51311,2574,3,30.4309526531499
A,CASC1,55259,6644,3,78.5482709508656
A,GMFB,2764,2575,3,30.4427750900781
A,PLCB1,23236,4938,3,58.3791935513808
A,ZNHIT1,10467,4541,3,53.6856860908911
A,CPS1,1373,4545,3,53.7329758386039
A,APH1A,51107,3190,3,37.7135738009123
A,NDUFA9,4704,8445,3,99.840479858528
A,TMEM140,55281,4391,3,51.9123205516633
A,ZBED3,84327,4358,3,51.5221801330332
A,FFAR4,338557,6407,3,75.7463533988856
A,SFXN4,119559,4081,3,48.2473651039257
A,CRYGS,1427,1400,3,16.5514116994599
A,ASB5,140458,6380,3,75.4271476018246
A,DYNC1LI1,51143,5752,3,68.002657210924
A,CPB1,1360,6053,3,71.5612107263079
A,TNP1,7141,5112,3,60.4362975768852
A,R3HDM1,23518,5782,3,68.3573303187696
A,UBXN7,26043,3729,3,44.0858673052044
A,VWA7,80737,6377,3,75.39168029104
A,NUDT6,11162,4425,3,52.3142834072216
A,TRIM15,89870,4764,3,56.3220895258765
A,PRPF3,9129,3043,3,35.975675572469
A,RGS13,6003,2938,3,34.7343196950095
A,RBMY1A1,5940,4963,3,58.6747544745855
A,ZNF248,57209,4175,3,49.3586741751752
A,BPIFA3,128861,3496,3,41.3312395009371
A,IFIT1,3434,6475,3,76.5502791100022
A,ZMYM1,79830,4711,3,55.6955003686827
A,PRAMEF5,343068,6765,3,79.9787858191761
A,GADD45A,1647,3224,3,38.1155366564706
A,TMEM60,85025,4115,3,48.649327959484
A,CDCA3,83461,4226,3,49.9616184585127
A,CTSS,1520,6436,3,76.089204069803
A,TXNRD3NB,645840,2343,3,27.699969722739
A,NFIB,4781,4468,3,52.8226481951336
A,MRE11,4361,4857,3,57.4215761601978
A,TAS2R8,50836,3633,3,42.9509133600986
A,HOXA5,3202,8931,3,105.586184205626
A,TAS2R42,353164,7483,3,88.4672955336134
A,UGP2,7360,4498,3,53.1773213029792
A,DHRS4,10901,3855,3,45.5754943581558
A,PRKCSH,5589,3026,3,35.7746941446898
A,NUDT19,390916,1471,3,17.3908047213611
A,LGALS16,148003,5408,3,63.9357389076281
A,VCX2,51480,4051,3,47.8926919960802
A,ALG9,79796,3305,3,39.0731540476537
A,VPS13A,23230,2447,3,28.9295031632703
A,ATG2B,55102,2207,3,26.0921183005058
A,LECT2,3950,5515,3,65.200739658944
A,HSF2,3298,6152,3,72.7316319821982
A,BANP,54971,4431,3,52.3852180287907
A,RAB42,115273,3081,3,36.4249281757401
A,MSANTD3-TMEFF1,100526694,3512,3,41.5203984917881
A,SF3B2,10992,5149,3,60.873727743228
A,CFH,3075,4789,3,56.6176504490812
A,AKNA,80709,5055,3,59.7624186719786
A,P2RY13,53829,5408,3,63.9357389076281
A,ZPLD1,131368,5303,3,62.6943830301686
A,PDCD10,11235,8021,3,94.8277666009773
A,EGR2,1959,8269,3,97.7597309591673
A,ESRRG,2104,3841,3,45.4099802411612
A,STX7,8417,3138,3,37.0988070806466
A,SERPINB10,5273,4509,3,53.3073681091892
A,C6orf222,389384,7490,3,88.5500525921107
A,NEDD8,4738,4494,3,53.1300315552664
A,PTX4,390667,2891,3,34.1786651593848
A,USP9Y,8287,2933,3,34.6752075103686
A,KIF4B,285643,3691,3,43.6366147019333
A,RAB29,8934,5370,3,63.4864863043571
A,EVX2,344191,8743,3,103.363566063127
A,FGF7,2252,2598,3,30.7146911394264
A,CDH18,1016,5560,3,65.7327493207123
A,KCNJ6,3763,4900,3,57.9299409481098
A,TUBAL3,79861,5857,3,69.2440130883835
A,KCNJ13,3769,5220,3,61.7131207651292
A,NR1H4,9971,2867,3,33.8949266731083
A,AP5M1,55745,1810,3,21.3986108400161
A,FSBP,100861412,4492,3,53.10638668141
A,GPR87,53836,5348,3,63.226392691937
A,USMG5,84833,5603,3,66.2411141086243
A,SLC22A12,116085,4157,3,49.1458703104678
A,HOXB7,3217,5375,3,63.545598488998
A,HCRTR2,3062,5240,3,61.9495695036929
A,OR5M8,219484,3021,3,35.7155819600489
A,PMP2,5375,8367,3,98.9183297781295
A,FGD4,121512,5541,3,65.5081230190768
A,KIF25,3834,3845,3,45.4572699888739
A,FBXW10,10517,5933,3,70.1425182949256
A,TACR2,6865,6892,3,81.4802353090557
A,OR4P4,81300,7039,3,83.2181335374989
A,HIST1H2AC,8334,6701,3,79.2221498557722
A,TROVE2,6738,9077,3,107.312259997141
A,GTSCR1,220158,9530,3,112.667823925609
A,TP53INP1,94241,6691,3,79.1039254864903
A,CSNK1A1,1452,6186,3,73.1335948377566
A,DHH,50846,5979,3,70.6863503936221
A,NFYB,4801,4382,3,51.8059186193096
A,IL23A,51561,2919,3,34.509693393374
A,TFDP2,7029,4528,3,53.5319944108247
A,SPRR2F,6705,4873,3,57.6107351510488
A,SPRR2D,6703,2459,3,29.0713724064086
A,SLC36A2,153201,6662,3,78.761074815573
A,GPX5,2880,8164,3,96.5183750817078
A,LOC100128988,100128988,7525,3,88.9638378845972
A,EMC4,51234,3858,3,45.6109616689403
A,SAMD9,54809,3886,3,45.9419899029295
A,MALT1,10892,4596,3,54.3359201219414
A,RASGEF1B,153020,7055,3,83.4072925283499
A,ENAM,10117,5938,3,70.2016304795665
A,LAMP2,3920,9839,3,116.320956936419
A,LIPN,643418,7912,3,93.539120975805
A,GMPPB,29925,7379,3,87.2377620930821
A,BCL9,607,4510,3,53.3191905461174
A,GVQW2,100507462,4688,3,55.4235843193344
A,PDHA1,5160,10161,3,120.127781627295
A,COX6C,1345,3424,3,40.4800240421077
A,METTL6,131965,5996,3,70.8873318214013
A,KLHL10,317719,8810,3,104.155669337316
A,TMEM50B,757,4607,3,54.4659669281514
A,NMNAT2,23057,5249,3,62.0559714360466
A,VPS33A,65082,3583,3,42.3597915136893
A,KIAA1324,57535,8693,3,102.772444216718
A,GPR4,2828,2426,3,28.6812319877784
A,RHBDL2,54933,4519,3,53.4255924784711
A,GFRAL,389400,7419,3,87.7106595702095
A,ELMSAN1,91748,6479,3,76.597568857715
A,ACSL3,2181,3385,3,40.0189490019085
A,LPAR6,10161,8591,3,101.566555650043
A,OR4D6,219983,6132,3,72.4951832436345
A,SLITRK6,84189,3456,3,40.8583420238097
A,DEFB113,245927,5463,3,64.5859729386783
A,CMA1,1215,7896,3,93.3499619849541
A,AGR3,155465,7564,3,89.4249129247964
A,FAM91A1,157769,6231,3,73.6656044995249
A,KRTAP5-6,440023,3029,3,35.8101614554744
A,PDHX,8050,5863,3,69.3149477099526
A,PABPN1,8106,4095,3,48.4128792209203
A,TMEM59,9528,5097,3,60.2589610229624
A,STK11,6794,3120,3,36.8860032159393
A,OR10H4,126541,10207,3,120.671613725991
A,RFX5,5993,5559,3,65.7209268837842
A,TNFRSF8,943,4766,3,56.3457343997329
A,WRN,7486,2245,3,26.5413709037768
A,PPP6C,5537,2778,3,32.8427297864998
A,OR4A47,403253,8938,3,105.668941264124
A,C9orf62,157927,6368,3,75.2852783586864
A,PTBP3,9991,2638,3,31.1875886165538
A,HACL1,26061,3015,3,35.6446473384798
A,BPIFB6,128859,5192,3,61.38209253114
A,LOC100131303,100131303,7572,3,89.5194924202219
A,ROS1,6098,4188,3,49.5123658552416
A,ADH1A,124,5782,3,68.3573303187696
A,BIRC2,329,6546,3,77.3896721319034
A,BTC,685,6064,3,71.6912575325179
A,PRICKLE2,166336,5800,3,68.5701341834769
A,GPAT2,150763,4960,3,58.6392871638009
A,MAPK7,5598,2533,3,29.9462327390943
A,ADH1C,126,6026,3,71.2420049292469
A,CWF19L2,143884,7320,3,86.5402383143191
A,KLHL38,340359,2681,3,31.6959534044658
A,KCNA4,3739,10742,3,126.996617482571
A,CLIC5,53405,3368,3,39.8179675741293
A,KRTAP9-1,728318,6863,3,81.1373846381383
A,LYRM4,57128,2249,3,26.5886606514896
A,KIF26B,55083,5456,3,64.503215880181
A,OR2W1,26692,5593,3,66.1228897393425
A,PTRHD1,391356,2723,3,32.1924957554496
A,MTRNR2L7,100288485,7093,3,83.856545131621
A,GRIP2,80852,2436,3,28.7994563570603
A,WDR83OS,51398,4106,3,48.5429260271304
A,AMOTL1,154810,7779,3,91.9667368643563
A,MSR1,4481,5201,3,61.4884944634937
A,TSN,7247,9038,3,106.851184956942
A,KIAA1211,57482,5772,3,68.2391059494877
A,KIRREL3,84623,7781,3,91.9903817382127
A,GLRB,2743,4010,3,47.4079720820245
A,DAOA,267012,7229,3,85.4643965538542
A,H2BFWT,158983,7675,3,90.737203423825
A,OR6C70,390327,5107,3,60.3771853922442
A,KRTAP6-3,337968,5235,3,61.890457319052
A,GCM2,9247,4775,3,56.4521363320866
A,TMPO,7112,10949,3,129.443861926705
A,TTR,7276,2587,3,30.5846443332163
A,SLC2A2,6514,4433,3,52.4088629026471
A,C1orf68,100129271,5486,3,64.8578889880266
A,ZNF671,79891,4726,3,55.8728369226055
A,UTY,7404,5076,3,60.0106898474705
A,ACP1,52,5832,3,68.9484521651788
A,SYTL5,94122,4950,3,58.5210627945191
A,MXI1,4601,5893,3,69.6696208177982
A,RBM12B,389677,5185,3,61.2993354726427
A,BHLHE41,79365,8700,3,102.855201275215
A,INSL4,3641,5383,3,63.6401779844235
A,SCGB1D1,10648,6069,3,71.7503697171588
A,JADE1,79960,4592,3,54.2886303742286
A,HAS1,3036,3342,3,39.5105842139965
A,PDE4C,5143,2277,3,26.9196888854788
A,NRG4,145957,7607,3,89.9332777127084
A,PCMTD2,55251,2750,3,32.5117015525106
A,PPP1R1B,84152,8069,3,95.3952435735302
A,MYL5,4636,2671,3,31.5777290351839
A,DOK2,9046,4115,3,48.649327959484
A,RINT1,60561,9474,3,112.005767457631
A,SCGB1D4,404552,4228,3,49.985263332369
A,SERPINA10,51156,3270,3,38.6593687551671
A,MEIS1,4211,7966,3,94.1775325699271
A,SLC25A38,54977,8582,3,101.460153717689
A,ADAMTS18,170692,6820,3,80.6290198502263
A,ZNF157,7712,2618,3,30.9511398779901
A,ZNF808,388558,2776,3,32.8190849126434
A,CCDC144NL,339184,4729,3,55.90830423339
A,SMCO3,440087,5566,3,65.8036839422814
A,HIST1H1A,3024,4212,3,49.7961043415181
A,SYCP2L,221711,4059,3,47.9872714915056
A,PTPRCAP,5790,1756,3,20.760199245894
A,APELA,100506013,6516,3,77.0349990240579
A,FAM26D,221301,6441,3,76.1483162544439
A,MC5R,4161,6080,3,71.8804165233689
A,VIT,5212,7099,3,83.9274797531901
A,CCNA1,8900,7793,3,92.1322509813509
A,IGSF10,285313,6104,3,72.1641550096453
A,OR14C36,127066,5349,3,63.2382151288652
A,HLA-E,3133,8197,3,96.9085155003379
A,DMBT1,1755,6670,3,78.8556543109984
A,UBOX5,22888,4119,3,48.6966177071968
A,OR4K14,122740,11819,3,139.729382054226
A,ARID5B,84159,7710,3,91.1509887163115
A,GNAI3,2773,5498,3,64.9997582311648
A,PTGDS,5730,4464,3,52.7753584474208
A,ELF1,1997,8809,3,104.143846900388
A,AIF1,199,7152,3,84.5540689103839
A,OR6T1,219874,4802,3,56.7713421291476
A,PIH1D1,55011,7773,3,91.8958022427872
A,LSMEM1,286006,3941,3,46.5922239339797
A,PRDM16,63976,3944,3,46.6276912447643
A,SULT1A1,6817,9222,3,109.026513351728
A,ESR2,2100,4457,3,52.6926013889235
A,CREBL2,1389,5211,3,61.6067188327755
A,WDR92,116143,5435,3,64.2549447046891
A,CA9,768,6719,3,79.4349537204795
A,NGB,58157,3600,3,42.5607729414684
A,MEST,4232,5496,3,64.9761133573085
A,BMPR2,659,3854,3,45.5636719212276
A,TCEAL1,9338,10584,3,125.128672447917
A,TARS2,80222,6138,3,72.5661178652037
A,GGCX,2677,2963,3,35.0298806182141
A,MMAB,326625,4723,3,55.8373696118209
A,ODAM,54959,9696,3,114.630348455688
A,BGN,633,4911,3,58.0599877543198
A,RPS6KL1,83694,3878,3,45.847410407504
A,IMPA1,3612,4939,3,58.391015988309
A,SYK,6850,5594,3,66.1347121762707
A,TSHB,7252,7281,3,86.0791632741199
A,PCSK7,9159,8170,3,96.589309703277
A,CLNK,116449,7725,3,91.3283252702343
A,KIAA0040,9674,3222,3,38.0918917826142
A,ALOX5,240,4396,3,51.9714327363042
A,DGAT2,84649,1940,3,22.9355276406802
A,ERICH5,203111,3941,3,46.5922239339797
A,ALG1L2,644974,5656,3,66.8677032658182
A,ASGR2,433,6094,3,72.0459306403635
A,PMAIP1,5366,5610,3,66.3238711671216
A,CFHR4,10877,3030,3,35.8219838924026
A,KBTBD8,84541,4331,3,51.2029743359722
A,CCDC22,28952,5210,3,61.5948963958473
A,PSMD3,5709,2483,3,29.355110892685
A,NEUROG1,4762,4504,3,53.2482559245483
A,CRKL,1399,3530,3,41.7332023564954
A,HELT,391723,5336,3,63.0845234487988
A,FAM25C,644054,5523,3,65.2953191543695
A,RXRB,6257,5269,3,62.2924201746103
A,CRB1,23418,7154,3,84.5777137842403
A,PRRC1,133619,5213,3,61.6303637066319
A,CDNF,441549,3308,3,39.1086213584382
A,TFAM,7019,2484,3,29.3669333296132
A,ARMCX6,54470,4450,3,52.6098443304262
A,SLC45A3,85414,2927,3,34.6042728887995
A,ELANE,1991,4086,3,48.3064772885667
A,METTL23,124512,4924,3,58.2136794343863
A,SRSF6,6431,2916,3,34.4742260825894
A,NTN1,9423,2501,3,29.5679147573924
A,TSR1,55720,4549,3,53.7802655863166
A,DARS,1615,2716,3,32.1097386969523
A,NCCRP1,342897,2908,3,34.3796465871639
A,TXNDC17,84817,5224,3,61.7604105128419
A,FNDC9,408263,5165,3,61.062886734079
A,EZR,7430,3088,3,36.5076852342374
A,PRKAR2B,5577,2111,3,24.9571643554
A,SCNN1B,6338,4913,3,58.0836326281762
A,ITPR2,3709,3729,3,44.0858673052044
A,NLGN1,22871,10811,3,127.812365630615
A,SNX12,29934,4097,3,48.4365240947767
A,TMEM260,54916,3875,3,45.8119430967195
A,ENAH,55740,2389,3,28.2438018214356
A,ZBTB47,92999,6206,3,73.3700435763203
A,SLC30A2,7780,5711,3,67.5179372968684
A,USP17L2,377630,4749,3,56.1447529719538
A,USP17L1,401447,1765,1,20.8666011782477
A,CRIP2,1397,1859,3,21.9779102494972
A,YAE1D1,57002,4832,3,57.1260152369932
A,N6AMT1,29104,3630,3,42.915446049314
A,RHOH,399,8096,3,95.7144493705912
A,CRISP1,167,6253,3,73.925698111945
A,SPINK4,27290,8658,3,102.358658924232
A,ASL,435,6033,3,71.3247619877442
A,LCE3D,84648,4225,3,49.9497960215845
A,SLC6A5,9152,6911,3,81.7048616106912
A,COX6B1,1340,9038,3,106.851184956942
A,LAT,27040,3446,3,40.7401176545278
A,NEUROD6,63974,3725,3,44.0385775574916
A,LRRC70,100130733,8249,3,97.5232822206036
A,CDA,978,5393,3,63.7584023537053
A,NDUFAF7,55471,7930,3,93.7519248405124
A,BLOC1S6,26258,5517,3,65.2243845328004
A,OTOA,146183,7231,3,85.4880414277106
A,PACSIN2,11252,5194,3,61.4057374049964
A,IGSF22,283284,4972,3,58.7811564069392
A,ARMC9,80210,9175,3,108.470858816104
A,ZSCAN5B,342933,5247,3,62.0323265621902
A,SDR16C5,195814,3475,3,41.0829683254452
A,DGCR2,9993,4394,3,51.9477878624478
A,THYN1,29087,8138,3,96.210991721575
A,CYP27B1,1594,7883,3,93.1962703048876
A,CD300C,10871,4463,3,52.7635360104927
A,IL36A,27179,4738,3,56.0147061657437
A,IGLL1,3543,11020,3,130.283254948606
A,MUC4,4585,2832,3,33.4811413806218
A,COLCA2,120376,8198,3,96.9203379372661
A,KRT4,3851,6392,3,75.5690168449628
A,OR1A1,8383,8335,3,98.5400117964276
A,TEKT2,27285,6252,3,73.9138756750168
A,NSD1,64324,3964,3,46.864139983328
A,TEX15,56154,6139,3,72.5779403021318
A,AHRR,57491,4730,3,55.9201266703182
A,WFDC3,140686,4455,3,52.6689565150672
A,METTL17,64745,5737,3,67.8253206570012
A,NARF,26502,2283,3,26.9906235070479
A,RAB19,401409,5190,3,61.3584476572836
A,ZNF224,7767,4342,3,51.3330211421822
A,RANBP3L,202151,4642,3,54.8797522206379
A,ZNF429,353088,4096,3,48.4247016578485
A,DGAT2L6,347516,7325,3,86.5993504989601
A,GOPC,57120,7241,3,85.6062657969924
A,DHFR,1719,4978,3,58.8520910285083
A,HDAC10,83933,7345,3,86.8357992375238
A,MYOC,4653,9637,3,113.932824676925
A,CD37,951,7312,3,86.4456588188936
A,CXorf51A,100129239,10158,3,120.09231431651
A,KLHL15,80311,5428,3,64.1721876461918
A,WDR13,64743,5465,3,64.6096178125347
A,APOLD1,81575,5101,3,60.3062507706751
A,MGA,23269,5547,3,65.5790576406459
A,GYS2,2998,7103,3,83.9747695009028
A,PTCHD4,442213,6762,3,79.9433185083915
A,NR4A3,8013,10639,3,125.778906478967
A,ZNF860,344787,6473,3,76.5266342361459
A,PTPN7,5778,5098,3,60.2707834598906
A,TRAF3IP2,10758,5633,3,66.5957872164699
A,HSPA5,3309,6308,3,74.5759321429952
A,KIF18B,146909,3385,3,40.0189490019085
A,ZMIZ1,57178,4953,3,58.5565301053036
A,C16orf90,646174,5331,3,63.0254112641578
A,IL16,3603,5045,3,59.6441943026967
A,PAEP,5047,3625,3,42.8563338646731
A,CA5A,763,6313,3,74.6350443276362
A,OR9G1,390174,7064,3,83.5136944607036
A,PLEKHG4B,153478,3524,3,41.6622677349263
A,CHPF2,54480,4326,3,51.1438621513312
A,RNF225,646862,5221,3,61.7249432020574
A,ZNF74,7625,4125,3,48.7675523287659
A,COLGALT2,23127,2535,3,29.9698776129507
A,LAMB2,3913,5089,3,60.1643815275369
A,CYYR1-AS1,100996571,6433,3,76.0537367590184
A,MOG,4340,11991,3,141.762841205874
A,VCL,7414,4777,3,56.475781205943
A,EIF3E,3646,7755,3,91.6829983780799
A,TRIM16,10626,6330,3,74.8360257554153
A,TRIM16L,147166,1965,3,23.2310885638848
A,LAG3,3902,3180,3,37.5953494316304
A,GPR6,2830,3082,3,36.4367506126682
A,ZNF548,147694,3119,3,36.8741807790111
A,SLC26A3,1811,5277,3,62.3869996700358
A,IQCJ,654502,5362,3,63.3919068089316
A,FAM71E2,284418,5456,3,64.503215880181
A,SLC22A11,55867,6308,3,74.5759321429952
A,UNC80,285175,4106,3,48.5429260271304
A,PRR33,102724536,7252,3,85.7363126032025
A,ATP5G2,517,3210,3,37.950022539476
A,S100A2,6273,5465,3,64.6096178125347
A,LUM,4060,3610,3,42.6789973107503
A,LIPE,3991,7629,3,90.1933713251285
A,TAS2R9,50835,4689,3,55.4354067562626
A,USP54,159195,6458,3,76.3492976822231
A,SMR3B,10879,4153,3,49.0985805627551
A,DEFA3,1668,7493,3,88.5855199028953
A,P2RY14,9934,8232,3,97.3223007928244
A,SLC35G4,646000,5133,3,60.6845687523771
A,APOL2,23780,4037,3,47.7271778790856
A,SUSD4,55061,5949,3,70.3316772857766
A,CPA4,51200,4781,3,56.5230709536557
A,KRT23,25984,4420,3,52.2551712225807
A,TUSC5,286753,4589,3,54.2531630634441
A,NRAS,4893,5517,3,65.2243845328004
A,LEAP2,116842,5205,3,61.5357842112064
A,GPR37L1,9283,4290,3,50.7182544219165
A,KRTAP9-8,83901,7809,3,92.3214099722019
A,CXorf38,159013,4510,3,53.3191905461174
A,PCCA,5095,1059,3,12.5199607069486
A,GOLT1B,51026,3756,3,44.4050731022654
A,FABP2,2169,7481,3,88.443650659757
A,C1QTNF3,114899,7058,3,83.4427598391345
A,ENG,2022,5340,3,63.1318131965115
A,PPAN,56342,7341,3,86.788509489811
A,KRTAP5-11,440051,6997,3,82.7215911865151
A,SUPT5H,6829,6644,3,78.5482709508656
A,KCNH1,3756,4165,3,49.2404498058933
A,FAM161B,145483,6846,3,80.9364032103591
A,FAM126B,285172,8687,3,102.701509595149
A,KRTAP4-7,100132476,2808,3,33.1974028943454
A,ZNF737,100129842,7222,3,85.3816394953569
A,ISX,91464,10788,3,127.540449581267
A,ITLN2,142683,5882,3,69.5395740115881
A,COX18,285521,4280,3,50.6000300526347
A,SLC30A6,55676,5690,3,67.2696661213765
A,SLC2A4,6517,5437,3,64.2785895785455
A,RETSAT,54884,6019,3,71.1592478707496
A,PRR25,388199,3309,3,39.1204437953664
A,NMD3,51068,6535,3,77.2596253256934
A,ZFP62,643836,5570,3,65.8509736899942
A,WASHC4,23325,5467,3,64.6332626863911
A,C11orf91,100131378,6197,3,73.2636416439666
A,GALNT11,63917,4152,3,49.0867581258269
A,PROSER1,80209,6308,3,74.5759321429952
A,TMEM150C,441027,2553,3,30.182681477658
A,TDRP,157695,2829,3,33.4456740698373
A,ALX4,60529,1949,3,23.0419295730339
A,GIMAP1,170575,4639,3,54.8442849098533
A,F11R,50848,5597,3,66.1701794870552
A,PFKFB3,5209,4642,3,54.8797522206379
A,ELK3,2004,3394,3,40.1253509342622
A,TRIP13,9319,6209,3,73.4055108871048
A,ELMOD2,255520,3804,3,44.9725500748183
A,RNPEP,6051,3098,3,36.6259096035192
A,CDC25A,993,5229,3,61.8195226974829
A,SCYL3,57147,4568,3,54.0048918879521
A,JUP,3728,4581,3,54.1585835680186
A,NOV,4856,5040,3,59.5850821180558
A,HADH,3033,3842,3,45.4218026780894
A,SMG5,23381,5371,3,63.4983087412853
A,ARHGEF37,389337,4081,3,48.2473651039257
A,SPRY4,81848,4934,3,58.3319038036681
A,MFGE8,4240,4673,3,55.2462477654116
A,DTNBP1,84062,3199,3,37.819975733266
A,CCDC149,91050,2763,3,32.665393232577
A,APOBEC3C,27350,3225,3,38.1273590933988
A,DLD,1738,4707,3,55.64821062097
A,INO80C,125476,6211,3,73.4291557609612
A,NNAT,4826,6135,3,72.5306505544191
A,CBLN2,147381,5532,3,65.4017210867231
A,GUCA2B,2981,5840,3,69.0430316606043
A,MGRN1,23295,3287,3,38.8603501829463
A,RRP9,9136,2439,3,28.8349236678449
A,NDC80,10403,6203,3,73.3345762655357
A,CLEC1A,51267,7444,3,88.0062204934141
A,ARHGAP6,395,1558,3,18.4193567341133
A,ZNF684,127396,3291,3,38.907639930659
A,KYAT1,883,8933,3,105.609829079483
A,COL4A1,1282,3715,3,43.9203531882098
A,TAAR9,134860,4578,3,54.123116257234
A,LIPA,3988,5648,3,66.7731237703927
A,NFKBIZ,64332,3432,3,40.5746035375332
A,SLC7A14,57709,6987,3,82.6033668172333
A,CHD9,80205,4175,3,49.3586741751752
A,NFX1,4799,9243,3,109.27478452722
A,CAV3,859,3535,3,41.7923145411363
A,HIST1H3F,8968,7258,3,85.8072472247716
A,HRASLS5,117245,6939,3,82.0358898446804
A,CRACR2A,84766,4352,3,51.4512455114641
A,CCDC159,126075,4606,3,54.4541444912232
A,OR5J2,282775,4449,3,52.5980218934981
A,LTN1,26046,9088,3,107.442306803351
A,FUT6,2528,5582,3,65.9928429331324
A,TMEM104,54868,2073,3,24.5079117521289
A,FBN1,2200,4871,3,57.5870902771924
A,TMEM120B,144404,4298,3,50.812833917342
A,SEC14L5,9717,6866,3,81.1728519489228
A,DNAJC1,64215,6249,3,73.8784083642323
A,ZNF385B,151126,3711,3,43.873063440497
A,SVIP,258010,7352,3,86.9185562960211
A,IFT43,112752,5808,3,68.6647136789024
A,OR2T10,127069,5948,3,70.3198548488484
A,SSX3,10214,6266,3,74.0793897920114
A,NUF2,83540,6121,3,72.3651364374245
A,STK38,11329,5547,3,65.5790576406459
A,OR5I1,10798,6252,3,73.9138756750168
A,CSHL1,1444,6981,3,82.5324321956642
A,KRTAP5-8,57830,3070,3,36.29488136953
A,DCLK3,85443,4770,3,56.3930241474457
A,OR8G1,26494,6360,3,75.1906988632609
A,SELENOM,140606,7293,3,86.2210325172581
A,NRIP2,83714,7546,3,89.2121090600891
A,IRX6,79190,5942,3,70.2489202272793
A,DAO,1610,6653,3,78.6546728832193
A,RPS23,6228,7707,3,91.115521405527
A,WDR87,83889,3279,3,38.7657706875208
A,LOC283713,283713,4252,3,50.2690018186455
A,C15orf59,388135,4067,3,48.0818509869311
A,LOC286254,286254,6937,3,82.012244970824
A,SLA,6503,6106,3,72.1877998835017
A,PIK3C2B,5287,3143,3,37.1579192652876
A,DOCK9,23348,4570,3,54.0285367618085
A,TH,7054,6147,3,72.6725197975573
A,MARCH2,51257,3845,3,45.4572699888739
A,RUSC1,23623,2258,3,26.6950625838432
A,METTL2B,55798,4455,3,52.6689565150672
A,TP53TG5,27296,7630,3,90.2051937620567
A,RPAP1,26015,4214,3,49.8197492153744
A,RBM18,92400,5170,3,61.1219989187199
A,HES5,388585,5049,3,59.6914840504095
A,MORN5,254956,4468,3,52.8226481951336
A,LZTS2,84445,3657,3,43.234651846375
A,LIG3,3980,2776,3,32.8190849126434
A,PCDH10,57575,3943,3,46.6158688078361
A,DRD1,1812,4092,3,48.3774119101358
A,ZNF212,7988,5160,3,61.0037745494381
A,GAGE2B,645037,6069,3,71.7503697171588
A,ENOX1,55068,6589,3,77.8980369198154
A,DGCR8,54487,3589,3,42.4307261352584
A,GTF2E1,2960,7703,3,91.0682316578142
A,TTC14,151613,7224,3,85.4052843692133
A,CACNA1S,779,6585,3,77.8507471721026
A,ARHGEF5,7984,3776,3,44.6415218408291
A,MTNR1A,4543,3057,3,36.1411896894636
A,S1PR3,1903,5571,3,65.8627961269224
A,ZFR,51663,5567,3,65.8155063792096
A,ETV3L,440695,5353,3,63.2855048765779
A,GLO1,2739,3464,3,40.9529215192352
A,DENND6B,414918,4144,3,48.9921786304014
A,TBKBP1,9755,6403,3,75.6990636511729
A,FAT4,79633,2856,3,33.7648798668983
A,MYH1,4619,6030,3,71.2892946769596
A,COL19A1,1310,3957,3,46.7813829248307
A,TRO,7216,5983,3,70.7336401413349
A,OR13A1,79290,7569,3,89.4840251094374
A,CYSRT1,375791,3621,3,42.8090441169603
A,BEX2,84707,4595,3,54.3240976850132
A,CCDC39,339829,4416,3,52.2078814748679
A,MORC1,27136,4782,3,56.5348933905839
A,KRTAP13-4,284827,4619,3,54.6078361712896
A,GNS,2799,8803,3,104.072912278818
A,TRIM6,117854,4393,3,51.9359654255197
A,ZNF709,163051,3969,3,46.9232521679689
A,NOLC1,9221,3673,3,43.423810837226
A,LMOD1,25802,5537,3,65.4608332713641
A,BHMT,635,5108,3,60.3890078291724
A,VNN3,55350,6806,3,80.4635057332317
A,KRTAP5-4,387267,7714,3,91.1982784640243
A,PRM2,5620,3918,3,46.3203078846315
A,MIA2,4253,1736,3,20.5237505073303
A,HOXB4,3214,4269,3,50.4699832464246
A,CPO,130749,5624,3,66.4893852841162
A,RMDN2,151393,4747,3,56.1211080980974
A,GSX1,219409,2649,3,31.3176354227638
A,DEFB126,81623,5731,3,67.7543860354321
A,SPOP,8405,7728,3,91.3637925810189
A,PTCD2,79810,5466,3,64.6214402494629
A,TMEM52B,120939,6789,3,80.2625243054525
A,TSPOAP1,9256,5140,3,60.7673258108744
A,CCDC150,284992,6977,3,82.4851424479514
A,TIMM50,92609,5736,3,67.813498220073
A,EMC3,55831,5710,3,67.5061148599402
A,ITGB3,3690,4371,3,51.6758718130996
A,HERC3,8916,4892,3,57.8353614526843
A,IFNL2,282616,8815,3,104.214781521957
A,BBX,56987,7963,3,94.1420652591425
A,RNASE11,122651,6186,3,73.1335948377566
A,DNAJC12,56521,6711,3,79.340374225054
A,KRTAP24-1,643803,5662,3,66.9386378873873
A,FAM218A,152756,6781,3,80.167944810027
A,DDX50,79009,5635,3,66.6194320903263
A,SLC47A2,146802,4545,3,53.7329758386039
A,AARSD1,80755,5529,3,65.3662537759386
A,SCN1A,6323,4142,3,48.9685337565451
A,ZNF169,169841,4987,3,58.958492960862
A,GPATCH3,63906,6621,3,78.2763549015173
A,ZASP,101927655,6631,3,78.3945792707992
A,SPINK8,646424,8444,3,99.8286574215998
A,KCNJ15,3772,8299,3,98.1144040670129
A,LMO3,55885,3435,3,40.6100708483178
A,POU5F1B,5462,7617,3,90.0515020819903
A,TATDN3,128387,5875,3,69.4568169530908
A,HRH4,59340,6463,3,76.408409866864
A,GIF,2694,4134,3,48.8739542611196
A,USP35,57558,6197,3,73.2636416439666
A,ADGB,79747,6696,3,79.1630376711313
A,CMTM1,113540,7350,3,86.8949114221647
A,TFEC,22797,8308,3,98.2208059993665
A,IQCF1,132141,6148,3,72.6843422344855
A,GCG,2641,5001,3,59.1240070778565
A,SHOX2,6474,2742,3,32.4171220570851
A,CYP4A11,1579,3574,3,42.2533895813356
A,DSEL,92126,4325,3,51.132039714403
A,TC2N,123036,7551,3,89.27122124473
A,GOLGA6L1,283767,5396,3,63.7938696644899
A,GOLGA6L2,283685,5430,3,64.1958325200482
A,HRASLS2,54979,5682,3,67.175086625951
A,TMPRSS11F,389208,6316,3,74.6705116384207
A,P3H3,10536,5952,3,70.3671445965611
A,SPINK13,153218,9363,3,110.693476958602
A,LSM11,134353,4248,3,50.2217120709327
A,ANGPT4,51378,5217,3,61.6776534543446
A,C10orf12,26148,6132,3,72.4951832436345
A,TRMT5,57570,2692,3,31.8260002106758
A,C9orf163,158055,3386,3,40.0307714388367
A,UBL7,84993,3096,3,36.6022647296628
A,SEC16B,89866,5841,3,69.0548540975325
A,PRC1,9055,4533,3,53.5911065954657
A,CHURC1,91612,5293,3,62.5761586608868
A,COMMD6,170622,4522,3,53.4610597892556
A,TNNC1,7134,6323,3,74.753268696918
A,C3orf79,152118,4770,3,56.3930241474457
A,ATP10D,57205,6546,3,77.3896721319034
A,NDUFA1,4694,6148,3,72.6843422344855
A,AP2M1,1173,9970,3,117.869696174011
A,MKRN2OS,100129480,4167,3,49.2640946797497
A,ADCY9,115,8188,3,96.8021135679843
A,CLRN1,7401,5530,3,65.3780762128668
A,KAAG1,353219,5198,3,61.4530271527091
A,KIR2DL4,3805,4868,3,57.5516229664079
A,CTU1,90353,5071,3,59.9515776628295
A,KLF16,83855,3552,3,41.9932959689155
A,BBC3,27113,5664,3,66.9622827612437
A,STC2,8614,2967,3,35.0771703659269
A,CBS,875,5549,3,65.6027025145023
A,CD2,914,4295,3,50.7773666065575
A,GRAP2,9402,8056,3,95.2415518934638
A,CNGA2,1260,7940,3,93.8701492097942
A,ATXN7,6314,7932,3,93.7755697143687
A,TMEM57,55219,5572,3,65.8746185638506
A,POLR1B,84172,4413,3,52.1724141640834
A,SHISA2,387914,5894,3,69.6814432547263
A,POLDIP2,26073,3170,3,37.4771250623486
A,C11orf21,29125,6292,3,74.3867731521443
A,KMT2A,4297,2412,3,28.5157178707838
A,TIMM44,10469,3324,3,39.2977803492892
A,BCCIP,56647,3120,3,36.8860032159393
A,TPH1,7166,6267,3,74.0912122289396
A,OR4C13,283092,5797,3,68.5346668726923
A,MID2,11043,4020,3,47.5261964513064
A,FRG2C,100288801,8100,3,95.7617391183039
A,MBOAT7,79143,4438,3,52.467975087288
A,WDR4,10785,3923,3,46.3794200692724
A,NID1,4811,4202,3,49.6778799722362
A,FCGR1A,2209,4114,3,48.6375055225559
A,KIF18A,81930,8230,3,97.2986559189681
A,MAS1L,116511,4166,3,49.2522722428215
A,ZIC3,7547,5461,3,64.562328064822
A,OR4D2,124538,3343,3,39.5224066509247
A,DUSP10,11221,3837,3,45.3626904934484
A,IL36RN,26525,6791,3,80.2861691793089
A,OR4A5,81318,6234,3,73.7010718103095
A,ASB17,127247,5873,3,69.4331720792344
A,TECRL,253017,5510,3,65.1416274743031
A,SLC22A9,114571,5017,3,59.3131660687075
A,CT45A3,441519,3971,3,46.9468970418253
A,PKD1L1,168507,4201,3,49.666057535308
A,SLC38A11,151258,3284,3,38.8248828721618
A,ELAC2,60528,4685,3,55.3881170085499
A,HMCN1,83872,4322,3,51.0965724036185
A,CBLN3,643866,2891,3,34.1786651593848
A,HIST1H2BC,8347,4906,3,58.0008755696789
A,MIA2,117153,7587,3,89.6968289741447
A,DCUN1D1,54165,6599,3,78.0162612890972
A,UBB,7314,5248,3,62.0441489991184
A,ANKRD20A2,441430,3426,2,40.5036689159641
A,VNN2,8875,3292,3,38.9194623675872
A,OR2A2,442361,7806,3,92.2859426614174
A,OR2A14,135941,5590,3,66.0874224285579
A,CSNK1A1L,122011,1487,3,17.5799637122121
A,LGALS12,85329,9254,3,109.40483133343
A,C6orf58,352999,4049,3,47.8690471222238
A,SLC16A6,9120,7205,3,85.1806580675778
A,TRNT1,51095,6517,3,77.046821460986
A,APOOL,139322,8496,3,100.443424141865
A,OR5H2,79310,10646,3,125.861663537465
A,OR5H15,403274,8902,3,105.243333534709
A,CSN3,1448,5866,3,69.3504150207372
A,CSTF1,1477,6219,3,73.5237352563867
A,TFR2,7036,5451,3,64.4441036955401
A,BRIX1,55299,9363,3,110.693476958602
A,AVP,551,6296,3,74.434062899857
A,FCGR3B,2215,4298,3,50.812833917342
A,PPIE,10450,5773,3,68.2509283864159
A,PLEKHM1,9842,4445,3,52.5507321457853
A,UBE3D,90025,7814,3,92.3805221568428
A,RCC1,1104,6659,3,78.7256075047884
A,SORBS2,8470,3765,3,44.5114750346191
A,OR2G2,81470,9047,3,106.957586889296
A,RDH8,50700,5146,3,60.8382604324435
A,GRB14,2888,3012,3,35.6091800276952
A,DIO2,1734,4558,3,53.8866675186703
A,KRTAP3-3,85293,6933,3,81.9649552231113
A,ENTPD1,953,2527,3,29.8752981175252
A,FAM47A,158724,3657,3,43.234651846375
A,CCDC121,79635,4689,3,55.4354067562626
A,PTH2R,5746,4213,3,49.8079267784462
A,KRTAP29-1,100533177,6045,3,71.4666312308824
A,ORC3,23595,7383,3,87.2850518407948
A,MMS22L,253714,4956,3,58.5919974160882
A,PLIN4,729359,5399,3,63.8293369752745
A,C2orf78,388960,7525,3,88.9638378845972
A,TMOD4,29765,2301,3,27.2034273717552
A,ENTPD4,9583,4986,3,58.9466705239338
A,STXBP2,6813,4160,3,49.1813376212524
A,CGRRF1,10668,9045,3,106.933942015439
A,CEP85,64793,6631,3,78.3945792707992
A,S100A12,6283,6883,3,81.373833376702
A,NCOA7,135112,2856,3,33.7648798668983
A,RNASE7,84659,9137,3,108.021606212832
A,CBR3,874,7300,3,86.3037895757554
A,PPP2R5A,5525,5373,3,63.5219536151416
A,ZFP92,139735,5479,3,64.7751319295293
A,MAP1S,55201,2902,3,34.3087119655948
A,HSCB,150274,2084,3,24.6379585583389
A,ZNF286A,57335,3140,3,37.122451954503
A,PTTG2,10744,9278,3,109.688569819707
A,GAR1,54433,6763,3,79.9551409453197
A,ATOX1,475,3804,3,44.9725500748183
A,TXNDC16,57544,3344,3,39.5342290878529
A,FUNDC2,65991,3587,3,42.407081261402
A,C20orf96,140680,6478,3,76.5857464207868
A,GPR84,53831,2345,3,27.7236145965954
A,KRT26,353288,7425,3,87.7815941917786
A,AGPAT4,56895,7363,3,87.0486031022311
A,RAD54B,25788,4356,3,51.4985352591768
A,HIST2H2AC,8338,8290,3,98.0080021346592
A,ACOT9,23597,4494,3,53.1300315552664
A,NXNL2,158046,4203,3,49.6897024091644
A,BMPER,168667,7429,3,87.8288839394913
A,SBNO1,55206,4650,3,54.9743317160634
A,ADAM32,203102,7160,3,84.6486484058094
A,TRIM64B,642446,4944,3,58.45012817295
A,ZNF20,7568,7217,3,85.322527310716
A,COL20A1,57642,2709,3,32.026981638455
A,REEP4,80346,4141,3,48.9567113196169
A,BDH1,622,3061,3,36.1884794371763
A,DCX,1641,5372,3,63.5101311782134
A,KL,9365,5017,3,59.3131660687075
A,HIC1,3090,3882,3,45.8947001552168
A,LMNA,4000,6651,3,78.6310280093629
A,CCNB1IP1,57820,3969,3,46.9232521679689
A,HOXC8,3224,2297,3,27.1561376240425
A,PRORY,100533178,3662,3,43.2937640310159
A,CEBPB,1051,4722,3,55.8255471748927
A,SIAE,54414,6375,3,75.3680354171837
A,KIAA0895,23366,4892,3,57.8353614526843
A,OTUD7B,56957,4632,3,54.761527851356
A,GPRC5C,55890,3479,3,41.130258073158
A,FZD10,11211,2855,3,33.7530574299701
A,ADAMTS14,140766,2720,3,32.157028444665
A,PPM1M,132160,3176,3,37.5480596839177
A,AGK,55750,6318,3,74.6941565122771
A,DEPDC1B,55789,2833,3,33.49296381755
A,C15orf40,123207,5208,3,61.571251521991
A,PADI2,11240,3290,3,38.8958174937309
A,FAM162A,26355,986,3,11.6569228111911
A,ZNF133,7692,2634,3,31.1402988688411
A,RBM46,166863,5258,3,62.1623733684003
A,PLA2G12A,81579,6760,3,79.9196736345351
A,ARSA,410,1814,3,21.4459005877288
A,OMP,4975,2907,3,34.3678241502358
A,ACACB,32,4498,3,53.1773213029792
A,ZNF773,374928,1459,3,17.2489354782229
A,HERC5,51191,2858,3,33.7885247407547
A,SND1,27044,2520,3,29.7925410590279
A,CLPS,1208,4285,3,50.6591422372756
A,FPR1,2357,2311,3,27.3216517410371
A,NBR1,4077,3234,3,38.2337610257525
A,ACOT11,26027,4691,3,55.459051630119
A,CAPS2,84698,7232,3,85.4998638646388
A,BSPH1,100131137,6807,3,80.4753281701599
A,TLDC1,57707,3190,3,37.7135738009123
A,POTEA,340441,4379,3,51.7704513085251
A,MMP9,4318,4642,3,54.8797522206379
A,LRTM2,654429,3936,3,46.5331117493388
A,LTBP3,4054,5126,3,60.6018116938798
A,LRRC42,115353,4498,3,53.1773213029792
A,PLA2G3,50487,3610,3,42.6789973107503
A,CDKN2C,1031,3808,3,45.019839822531
A,KCTD4,386618,4883,3,57.7289595203306
A,NENF,29937,4191,3,49.5478331660262
A,KAZN,23254,2310,3,27.3098293041089
A,ASIC4,55515,4040,3,47.7626451898701
A,SKI,6497,2171,3,25.6665105710911
A,SIGLEC9,27180,3001,3,35.4791332214852
A,OR2F2,135948,3633,3,42.9509133600986
A,IL31,386653,3544,3,41.89871647349
A,ZFP41,286128,2497,3,29.5206250096796
A,ANKRD22,118932,8004,3,94.6267851731981
A,SERTAD4,56256,5713,3,67.5415821707247
A,BPI,671,7570,3,89.4958475463655
A,SPATA31C2,645961,2588,1,30.5964667701445
A,ZNF134,7693,5867,3,69.3622374576653
A,CASP8,841,5047,3,59.6678391765531
A,BRS3,680,4710,3,55.6836779317545
A,RDH11,51109,5388,3,63.6992901690644
A,OPA3,80207,5254,3,62.1150836206875
A,GPR26,2849,4310,3,50.9547031604803
A,PFDN4,5203,3477,3,41.1066131993016
A,SPINT4,391253,5438,3,64.2904120154737
A,ATP6V1G3,127124,4632,3,54.761527851356
A,RBP2,5948,8641,3,102.157677496452
A,DOK7,285489,5217,3,61.6776534543446
A,PREX2,80243,7720,3,91.2692130855934
A,B9D1,27077,4775,3,56.4521363320866
A,NKX2-5,1482,4261,3,50.3754037509992
A,RBP7,116362,5125,3,60.5899892569516
A,WFDC2,10406,6284,3,74.2921936567188
A,POLR3K,51728,3220,3,38.0682469087579
A,MYOZ2,51778,3849,3,45.5045597365867
A,QPRT,23475,6903,3,81.6102821152657
A,LMX1B,4010,5428,3,64.1721876461918
A,C2orf49,79074,4354,3,51.4748903853204
A,KRTAP4-3,85290,5879,3,69.5041067008036
A,KRTAP4-11,653240,4402,3,52.0423673578733
A,SPACA3,124912,3017,3,35.6682922123362
A,KRTAP4-6,81871,8186,3,96.7784686941279
A,VAMP8,8673,7139,3,84.4003772303175
A,TMCO6,55374,5152,3,60.9091950540126
A,PRR27,401137,4394,3,51.9477878624478
A,NEU4,129807,5334,3,63.0608785749424
A,HEPACAM,220296,2788,3,32.9609541557817
A,PATE4,399968,4845,3,57.2797069170596
A,CHRM1,1128,4908,3,58.0245204435353
A,CCNH,902,4796,3,56.7004075075785
A,IL1RL1,9173,5384,3,63.6520004213517
A,TPTE,7179,5613,3,66.3593384779062
A,ARSH,347527,6922,3,81.8349084169012
A,NUCB1,4924,4757,3,56.2393324673792
A,HSPBAP1,79663,5194,3,61.4057374049964
A,ERCC6L,54821,2893,3,34.2023100332412
A,NLRP7,199713,4542,3,53.6975085278193
A,C11orf40,143501,8224,3,97.227721297399
A,TCF12,6938,5029,3,59.4550353118457
A,MYOM2,9172,7206,3,85.1924805045059
A,YWHAG,7532,5866,3,69.3504150207372
A,PQLC2L,152078,5837,3,69.0075643498198
A,ARPC2,10109,1331,3,15.7356635514151
A,ACTL6A,86,6763,3,79.9551409453197
A,SFRP5,6425,4125,3,48.7675523287659
A,UROS,7390,4803,3,56.7831645660758
A,C14orf28,122525,5898,3,69.7287330024391
A,PDC,5132,5773,3,68.2509283864159
A,PRR32,100130613,4821,3,56.9959684307831
A,ZMYND12,84217,6867,3,81.184674385851
A,PRSS46,100287362,4031,3,47.6562432575164
A,GCNT2,2651,3837,3,45.3626904934484
A,SEPT1,1731,5042,3,59.6087269919122
A,PLA1A,51365,6482,3,76.6330361684995
A,OFD1,8481,3023,3,35.7392268339053
A,FAM210B,116151,4798,3,56.7240523814349
A,COX6A1,1337,4341,3,51.321198705254
A,IL34,146433,6081,3,71.8922389602971
A,CCDC183,84960,5349,3,63.2382151288652
A,RAB34,83871,3466,3,40.9765663930915
A,STARD3NL,83930,2903,3,34.320534402523
A,PRPF18,8559,2073,3,24.5079117521289
A,CDSN,1041,3094,3,36.5786198558065
A,RGS8,85397,3877,3,45.8355879705758
A,LRRC3,81543,1026,3,12.1298202883185
A,PAMR1,25891,5102,3,60.3180732076033
A,ARAP1,116985,2875,3,33.9895061685338
A,CNTF,1270,3596,3,42.5134831937557
A,CKAP5,9793,4264,3,50.4108710617837
A,ADAM2,2515,3630,3,42.915446049314
A,TSEN15,116461,2367,3,27.9837082090155
A,LIPT2,387787,3300,3,39.0140418630127
A,GUCY1A3,2982,3575,3,42.2652120182638
A,OR9A2,135924,5628,3,66.536675031829
A,ASPN,54829,4544,3,53.7211534016757
A,RAB27B,5874,4256,3,50.3162915663582
A,BCS1L,617,4528,3,53.5319944108247
A,EYS,346007,5976,3,70.6508830828376
A,STIL,6491,3570,3,42.2060998336228
A,HEPACAM2,253012,3716,3,43.932175625138
A,SLC35G5,83650,9852,3,116.474648616485
A,HNRNPF,3185,4529,3,53.5438168477529
A,UCN2,90226,4605,3,54.442322054295
A,GGTLC1,92086,4515,3,53.3783027307583
A,PALB2,79728,3962,3,46.8404951094716
A,BLVRB,645,6226,3,73.606492314884
A,DLL3,10683,4212,3,49.7961043415181
A,FUNDC1,139341,4914,3,58.0954550651044
A,FAM35A,54537,1914,3,22.6281442805474
A,DYRK1A,1859,4455,3,52.6689565150672
A,GTF2IRD1,9569,1105,3,13.0637928056452
A,STBD1,8987,3174,3,37.5244148100613
A,CA1,759,2690,3,31.8023553368195
A,ZSWIM3,140831,7329,3,86.6466402466728
A,PNPLA2,57104,2468,3,29.1777743387622
A,STXBP1,6812,3581,3,42.3361466398329
A,SMIM8,57150,3297,3,38.9785745522282
A,TRPC6,7225,4523,3,53.4728822261838
A,KLHL24,54800,2420,3,28.6102973662093
A,C7orf25,79020,2409,3,28.4802505599993
A,IQCE,23288,3652,3,43.1755396617341
A,WDR90,197335,3337,3,39.4514720293556
A,ZNF649,65251,3080,3,36.4131057388119
A,IHH,3549,1785,3,21.1030499168114
A,GPR176,11245,2210,3,26.1275856112903
A,FKBP2,2286,2104,3,24.8744072969027
A,CPN2,1370,3943,3,46.6158688078361
A,FOXA3,3171,4115,3,48.649327959484
A,TTC6,319089,3559,3,42.0760530274128
A,TCP11L2,255394,5183,3,61.2756905987863
A,GPANK1,7918,5825,3,68.8656951066816
A,GABRD,2563,2418,3,28.586652492353
A,UBLCP1,134510,2440,3,28.846746104773
A,KIAA0586,9786,5269,3,62.2924201746103
A,CEP57,9702,5200,3,61.4766720265655
A,DEC1,50514,6875,3,81.2792538812765
A,DHCR7,1717,5571,3,65.8627961269224
A,SBF1,6305,4550,3,53.7920880232448
A,SPAST,6683,5098,3,60.2707834598906
A,RNF185,91445,6386,3,75.4980822233937
A,NAV1,89796,5950,3,70.3434997227048
A,PIGS,94005,2972,3,35.1362825505678
A,BBS9,27241,3421,3,40.4445567313232
A,GALR1,2587,5926,3,70.0597612364283
A,CERS2,29956,3680,3,43.5065678957233
A,GALE,2582,2034,3,24.0468367119297
A,HERC1,8925,4202,3,49.6778799722362
A,C21orf91,54149,4357,3,51.510357696105
A,GPR3,2827,3188,3,37.6899289270559
A,PTPRF,5792,2193,3,25.9266041835112
A,ANKK1,255239,2569,3,30.371840468509
A,HECA,51696,1026,3,12.1298202883185
A,ATAD3A,55210,3915,3,46.2848405738469
A,UBE3B,89910,7349,3,86.8830889852365
A,MED29,55588,5073,3,59.9752225366859
A,ARHGEF35,445328,1972,3,23.3138456223821
A,POM121L2,94026,4705,3,55.6245657471136
A,CUTA,51596,5210,3,61.5948963958473
A,MPC1L,347411,2637,3,31.1757661796256
A,CDX2,1045,2897,3,34.2495997809539
A,SLC7A5,8140,3687,3,43.5893249542206
A,MEA1,4201,3492,3,41.2839497532244
A,USP40,55230,3102,3,36.673199351232
A,GPER1,2852,5160,3,61.0037745494381
A,PACSIN3,29763,2107,3,24.9098746076872
A,FEN1,2237,5539,3,65.4844781452204
A,STRN,6801,2851,3,33.7057676822574
A,SPTLC1,10558,4484,3,53.0118071859846
A,CBX3,11335,2949,3,34.8643665012195
A,PLA2G6,8398,2729,3,32.2634303770187
A,KCTD15,79047,8471,3,100.147863218661
A,ANO7,50636,2856,3,33.7648798668983
A,PATL1,219988,3257,3,38.5056770751007
A,KCNH7,90134,4154,3,49.1104029996833
A,ZNF609,23060,2411,3,28.5038954338557
A,TMEM209,84928,4487,3,53.0472744967691
A,FAS,355,4833,3,57.1378376739214
A,AGBL4,84871,3872,3,45.7764757859349
A,SLC16A5,9121,1736,3,20.5237505073303
A,R3HDM2,22864,7065,3,83.5255168976318
A,TAF7,6879,2383,3,28.1728671998665
A,GPRIN2,9721,4141,3,48.9567113196169
A,ARHGAP28,79822,2293,3,27.1088478763297
A,SYN3,8224,3324,3,39.2977803492892
A,CCDC113,29070,4622,3,54.6433034820742
A,PPY,5539,5441,3,64.3258793262582
A,LHX3,8022,3699,3,43.7311941973588
A,SYNDIG1,79953,2148,3,25.3945945217428
A,NUCB2,4925,1582,3,18.7030952203897
A,RNF138,51444,3501,3,41.390351685578
A,FLT3LG,2323,5738,3,67.8371430939294
A,PALD1,27143,3122,3,36.9096480897957
A,TMEM238,388564,1887,3,22.3089384834864
A,NPAT,4863,5789,3,68.4400873772669
A,TBK1,29110,2367,3,27.9837082090155
A,NDUFAF1,51103,4512,3,53.3428354199738
A,ITGA8,8516,1568,3,18.5375811033951
A,ARID3B,10620,1419,3,16.7760380010955
A,THRA,7067,3122,3,36.9096480897957
A,KLHL5,51088,1182,3,13.9741204491155
A,MDP1,145553,2722,3,32.1806733185214
A,IBTK,25998,4127,3,48.7911972026223
A,HINT2,84681,2466,3,29.1541294649059
A,RWDD2B,10069,6121,3,72.3651364374245
A,SECTM1,6398,1620,3,19.1523478236608
A,MST1,4485,2370,3,28.0191755198
A,ABCB10,23456,4776,3,56.4639587690148
A,RALGAPB,57148,8064,3,95.3361313888893
A,DUSP11,8446,6256,3,73.9611654227296
A,CTRL,1506,2755,3,32.5708137371515
A,LENEP,55891,6496,3,76.7985502854941
A,C16orf78,123970,4506,3,53.2719007984046
A,TYMP,1890,3220,3,38.0682469087579
A,ZNF446,55663,3916,3,46.2966630107751
A,GDPD2,54857,4024,3,47.5734861990191
A,PTTG1,9232,6772,3,80.0615428776734
A,ADAM18,8749,3969,3,46.9232521679689
A,TMED7,51014,3046,3,36.0111428832536
A,USH1G,124590,5253,3,62.1032611837593
A,ACYP1,97,3833,3,45.3154007457357
A,EFNB1,1947,6196,3,73.2518192070384
A,FAM205A,259308,8086,3,95.5962250013093
A,TPSAB1,7177,3377,3,39.924369506483
A,ASNS,440,5701,3,67.3997129275865
A,STEAP2,261729,1943,3,22.9709949514648
A,ADGRG6,57211,5746,3,67.9317225893549
A,WRAP73,49856,3163,3,37.3943680038513
A,PPP1R3B,79660,4162,3,49.2049824951088
A,FAM216A,29902,3158,3,37.3352558192103
A,HBA1,3039,4761,3,56.286622215092
A,NAPA,8775,7073,3,83.6200963930573
A,ANKRA2,57763,4040,3,47.7626451898701
A,FKBP14,55033,3236,3,38.2574058996088
A,TSEN34,79042,4782,3,56.5348933905839
A,DONSON,29980,4404,3,52.0660122317297
A,ZNF131,7690,3008,3,35.5618902799825
A,IGFL2,147920,7150,3,84.5304240365276
A,PAPSS2,9060,4604,3,54.4304996173668
A,CFAP44,55779,3902,3,46.1311488937805
A,MFSD3,113655,2607,3,30.82109307178
A,LOC100129697,100129697,4850,3,57.3388191017005
A,IRX3,79191,5193,3,61.3939149680682
A,TTPAL,79183,3018,3,35.6801146492644
A,SDC3,9672,3574,3,42.2533895813356
A,NDST4,64579,5557,3,65.6972820099278
A,BORA,79866,5598,3,66.1820019239834
A,RPRD1B,58490,7830,3,92.5696811476938
A,LKAAEAR1,198437,3452,3,40.8110522760969
A,TNR,7143,2157,3,25.5009964540965
A,SPCS1,28972,7737,3,91.4701945133725
A,CAPRIN1,4076,2204,3,26.0566509897212
A,COQ10A,93058,4420,3,52.2551712225807
A,GABARAPL2,11345,6407,3,75.7463533988856
A,FLRT2,23768,3937,3,46.544934186267
A,PHLDB1,23187,4785,3,56.5703607013684
A,DZIP1L,199221,2862,3,33.8358144884674
A,NINJ1,4814,4767,3,56.3575568366611
A,ZNF718,255403,6006,3,71.0055561906831
A,FAN1,22909,9397,3,111.095439814161
A,RPL30,6156,6302,3,74.5049975214261
A,GCSAML,148823,4912,3,58.071810191248
A,LPGAT1,9926,2766,3,32.7008605433616
A,TMPRSS11A,339967,5729,3,67.7307411615757
A,SLC22A31,146429,7412,3,87.6279025117122
A,MRPS18C,51023,8257,3,97.6178617160291
A,JAGN1,84522,6176,3,73.0153704684747
A,PSMB3,5691,4105,3,48.5311035902022
A,C4orf22,255119,7176,3,84.8378073966604
A,USP24,23358,1690,3,19.9799184086338
A,C8A,731,7436,3,87.9116409979886
A,PRR29,92340,3768,3,44.5469423454036
A,HCN1,348980,4631,3,54.7497054144278
A,EI24,9538,2544,3,30.0762795453043
A,BEND7,222389,3578,3,42.3006793290483
A,ZNF184,7738,7089,3,83.8092553839082
A,POMGNT2,84892,3999,3,47.2779252758145
A,SPIN2B,474343,4266,3,50.4345159356401
A,PDCD1,5133,5222,3,61.7367656389856
A,ZDHHC11,79844,5484,3,64.8342441141702
A,FOXH1,8928,6184,3,73.1099499639002
A,BRCA2,675,5928,3,70.0834061102847
A,FAM83H,286077,1048,3,12.3899139007386
A,ZCCHC2,54877,2743,3,32.4289444940133
A,TAPT1,202018,3505,3,41.4376414332908
A,SMPD2,6610,2373,3,28.0546428305846
A,APTX,54840,4546,3,53.7447982755321
A,PPP3CC,5533,4763,3,56.3102670889484
A,DGKA,1606,5294,3,62.587981097815
A,CHCHD1,118487,5980,3,70.6981728305503
A,HOXC10,3226,4351,3,51.4394230745359
A,TSPAN9,10867,4454,3,52.657134078139
A,LRFN4,78999,2630,3,31.0930091211283
A,TNS3,64759,1620,3,19.1523478236608
A,RNF207,388591,3657,3,43.234651846375
A,CFAP46,54777,3164,3,37.4061904407795
A,IGSF21,84966,2612,3,30.880205256421
A,WDR37,22884,2535,3,29.9698776129507
A,VIPR2,7434,2593,3,30.6555789547854
A,SEC14L2,23541,4190,3,49.536010729098
A,VAMP1,6843,3499,3,41.3667068117217
A,EFCAB1,79645,4598,3,54.3595649957977
A,AMT,275,8024,3,94.8632339117618
A,C17orf62,79415,3367,3,39.8061451372012
A,GRIN1,2902,1372,3,16.2203834654707
A,AVEN,57099,1616,3,19.105058075948
A,ARHGAP35,2909,7698,3,91.0091194731733
A,RPS10,6204,3474,3,41.071145888517
A,CRK,1398,1486,3,17.5681412752839
A,OSER1,51526,5705,3,67.4470026752993
A,CHRNA1,1134,9832,3,116.238199877922
A,STK38L,23012,2734,3,32.3225425616596
A,PARM1,25849,4338,3,51.2857313944694
A,SELENOV,348303,4293,3,50.7537217327011
A,MAP7D1,55700,2311,3,27.3216517410371
A,WDR48,57599,6257,3,73.9729878596577
A,ZSCAN30,100101467,4967,3,58.7220442222982
A,TAC3,6866,5882,3,69.5395740115881
A,ZNF280A,129025,2144,3,25.3473047740301
A,TAF10,6881,2787,3,32.9491317188535
A,RAB43,339122,2028,3,23.9759020903605
A,CRY1,1407,2319,3,27.4162312364626
A,MBD6,114785,2475,3,29.2605313972595
A,THEM6,51337,2235,3,26.423146534495
A,LRP3,4037,1870,3,22.1079570557072
A,TCF24,100129654,685,3,8.09836929580718
A,SNX18,112574,2642,3,31.2348783642665
A,HSD17B1,3292,4307,3,50.9192358496957
A,DDX53,168400,3585,3,42.3834363875456
A,HAT1,8520,4310,3,50.9547031604803
A,ZNF682,91120,4754,3,56.2038651565947
A,NME2,4831,5167,3,61.0865316079354
A,NPLOC4,55666,3117,3,36.8505359051547
A,PJA1,64219,5474,3,64.7160197448884
A,PSMD13,5719,7116,3,84.1284611809692
A,FAM109A,144717,5839,3,69.0312092236761
A,CCDC74A,90557,6112,3,72.2587345050708
A,CCDC74B,91409,3396,3,40.1489958081185
A,AKT3,10000,4624,3,54.6669483559306
A,CCDC78,124093,3028,3,35.7983390185462
A,SLC35B2,347734,2333,3,27.5817453534572
A,C3orf56,285311,4292,3,50.7418992957729
A,CCAR2,57805,5857,3,69.2440130883835
A,SCN1B,6324,2038,3,24.0941264596424
A,NDUFA10,4705,3851,3,45.528204610443
A,MINDY1,55793,2749,3,32.4998791155824
A,TRIP10,9322,2676,3,31.6368412198249
A,FGF5,2250,10187,3,120.435164987427
A,ZNHIT6,54680,3541,3,41.8632491627055
A,DNAH1,25981,2817,3,33.303804826699
A,CAMK2A,815,6458,3,76.3492976822231
A,LDHA,3939,4394,3,51.9477878624478
A,PRR23B,389151,5819,3,68.7947604851124
A,MIOX,55586,3620,3,42.7972216800321
A,GDF15,9518,4319,3,51.0611050928339
A,MYADML2,255275,3568,3,42.1824549597665
A,C11orf54,28970,2424,3,28.6575871139221
A,ARPC3,10094,3982,3,47.0769438480353
A,UPK1B,7348,5354,3,63.2973273135061
A,CERK,64781,2084,3,24.6379585583389
A,TRAF2,7186,4517,3,53.4019476046147
A,TWIST1,7291,3607,3,42.6435299999657
A,C1orf185,284546,6224,3,73.5828474410276
A,SLC37A2,219855,5582,3,65.9928429331324
A,TTK,7272,4105,3,48.5311035902022
A,TMPRSS7,344805,2897,3,34.2495997809539
A,LPCAT2,54947,5616,3,66.3948057886907
A,GZMM,3004,8324,3,98.4099649902175
A,STAT4,6775,3778,3,44.6651667146855
A,IL36B,27177,4598,3,54.3595649957977
A,TM9SF2,9375,4131,3,48.838486950335
A,TOM1L1,10040,3168,3,37.4534801884922
A,TAF3,83860,6189,3,73.1690621485411
A,MYADM,91663,3281,3,38.7894155613772
A,OR52B4,143496,6318,3,74.6941565122771
A,XDH,7498,4962,3,58.6629320376573
A,ZNF606,80095,5578,3,65.9455531854197
A,TMEM88B,643965,6242,3,73.795651305735
A,ERG,2078,6224,3,73.5828474410276
A,ZNF524,147807,2261,3,26.7305298946278
A,PSD4,23550,7230,3,85.4762189907824
A,MAGEA12,4111,1714,2,20.2636568949102
A,C5orf67,101928448,4133,3,48.8621318241914
A,ZNF551,90233,3946,3,46.6513361186207
A,ANO4,121601,1815,3,21.457723024657
A,C19orf33,64073,4858,3,57.433398597126
A,FAM78A,286336,1278,3,15.1090743942213
A,ACAN,176,4897,3,57.8944736373252
A,C1orf123,54987,3862,3,45.6582514166531
A,LARGE2,120071,8241,3,97.4287027251781
A,ARIH2OS,646450,5463,3,64.5859729386783
A,NOL10,79954,2673,3,31.6013739090403
A,DIP2C,22982,6841,3,80.8772910257182
A,MTF1,4520,2257,3,26.6832401469151
A,TRIO,7204,2349,3,27.7709043443081
A,STAMBP,10617,2525,3,29.8516532436688
A,CDHR4,389118,5108,3,60.3890078291724
A,KRTAP10-2,386679,6996,3,82.709768749587
A,GTF2A2,2958,2537,3,29.9935224868071
A,CYP4F8,11283,4953,3,58.5565301053036
A,SNAPC2,6618,2140,3,25.3000150263173
A,OPHN1,4983,2293,3,27.1088478763297
A,ZNF711,7552,4835,3,57.1614825477777
A,ACAA2,10449,3537,3,41.8159594149927
A,MRAP2,112609,1614,3,19.0814132020917
A,GOT1,2805,6073,3,71.7976594648716
A,DSC3,1825,6245,3,73.8311186165195
A,UCHL1,7345,5724,3,67.6716289769348
A,ELMO3,79767,1870,3,22.1079570557072
A,ORC1,4998,9538,3,112.762403421035
A,SASS6,163786,4117,3,48.6729728333404
A,LRRC74A,145497,4981,3,58.8875583392928
A,GID8,54994,2038,3,24.0941264596424
A,DUSP13,51207,5250,3,62.0677938729748
A,TRIM49D2,729384,1003,1,11.8579042389702
A,MCM7,4176,6504,3,76.8931297809196
A,OR2T8,343172,5207,3,61.5594290850628
A,TEX13B,56156,5986,3,70.7691074521194
A,PIH1D2,120379,6433,3,76.0537367590184
A,XCR1,2829,5568,3,65.8273288161378
A,HAPLN2,60484,5487,3,64.8697114249548
A,IL20,50604,2180,3,25.7729125034448
A,BEST3,144453,4887,3,57.7762492680434
A,THUMPD3,25917,5969,3,70.5681260243403
A,NUTM1,256646,3675,3,43.4474557110823
A,SPRR2A,6700,6030,3,71.2892946769596
A,ADAMTS20,80070,2592,3,30.6437565178573
A,PLEKHA7,144100,4417,3,52.2197039117961
A,PSEN1,5663,7157,3,84.6131810950249
A,ZNF70,7621,6262,3,74.0321000442987
A,HIPK3,10114,5148,3,60.8619053062998
A,FBXO5,26271,7117,3,84.1402836178974
A,BCAS2,10286,2616,3,30.9274950041337
A,CPQ,10404,5501,3,65.0352255419494
A,TEX13C,100129520,5641,3,66.6903667118954
A,RPF2,84154,5291,3,62.5525137870304
A,PRIM2,5558,5235,3,61.890457319052
A,FGF12,2257,2757,3,32.5944586110079
A,POMK,84197,5243,3,61.9850368144775
A,KATNB1,10300,4593,3,54.3004528111568
A,DOLPP1,57171,3727,3,44.062222431348
A,FAM193A,8603,7219,3,85.3461721845724
A,OR4C3,256144,7208,3,85.2161253783623
A,SP140L,93349,4573,3,54.0640040725931
A,TMEM169,92691,8154,3,96.400150712426
A,NCOA5,57727,1473,3,17.4144495952175
A,ANGPTL2,23452,5870,3,69.3977047684499
A,FAM90A1,55138,5434,3,64.2431222677609
A,GBGT1,26301,1254,3,14.8253359079448
A,YEATS2,55689,2874,3,33.9776837316056
A,SH3TC1,54436,1263,3,14.9317378402985
A,MAFF,23764,4421,3,52.2669936595089
A,ABHD2,11057,5014,3,59.277698757923
A,FAM171A1,221061,3735,3,44.1568019267735
A,SLC27A2,11001,2133,3,25.21725796782
A,MFSD5,84975,2418,3,28.586652492353
A,SPTLC3,55304,4880,3,57.6934922095461
A,DNMBP,23268,2082,3,24.6143136844826
A,P4HA2,8974,4719,3,55.7900798641082
A,RPS27,6232,4792,3,56.6531177598657
A,ANPEP,290,3550,3,41.9696510950591
A,TNS4,84951,7944,3,93.917438957507
A,FGR,2268,5148,3,60.8619053062998
A,ERVH48-1,90625,8728,3,103.186229509205
A,CALCB,797,4947,3,58.4855954837345
A,AMIGO3,386724,4950,3,58.5210627945191
A,PDLIM2,64236,5804,3,68.6174239311896
A,RAB24,53917,4529,3,53.5438168477529
A,SMIM21,284274,2856,3,33.7648798668983
A,SPRR1A,6698,4572,3,54.0521816356649
A,ZSCAN26,7741,3873,3,45.7882982228631
A,MATN4,8785,3687,3,43.5893249542206
A,VDAC2,7417,2754,3,32.5589913002233
A,WDR89,112840,5591,3,66.0992448654861
A,DMRT3,58524,1352,3,15.983934726907
A,TPPP2,122664,4551,3,53.803910460173
A,CRX,1406,7584,3,89.6613616633601
A,CCL8,6355,8448,3,99.8759471693126
A,SLTM,79811,2394,3,28.3029140060765
A,LOC100130451,100130451,5810,3,68.6883585527588
A,ZNF572,137209,4943,3,58.4383057360218
A,TIGD4,201798,4789,3,56.6176504490812
A,MKNK1,8569,2924,3,34.5688055780149
A,PRAG1,157285,5824,3,68.8538726697534
A,TLE2,7089,3171,3,37.4889474992768
A,KLHL1,57626,6222,3,73.5592025671712
A,COL8A1,1295,6435,3,76.0773816328748
A,GUCA1A,2978,4132,3,48.8503093872632
A,C20orf27,54976,3635,3,42.9745582339549
A,RNF212,285498,4478,3,52.9408725644154
A,MAPKAPK3,7867,3596,3,42.5134831937557
A,CS,1431,3539,3,41.8396042888491
A,NFKBIE,4794,2951,3,34.8880113750759
A,IL1R2,7850,5628,3,66.536675031829
A,AFAP1L2,84632,4409,3,52.1251244163706
A,ENY2,56943,3336,3,39.4396495924274
A,RPL17-C18orf32,100526842,5291,3,62.5525137870304
A,TMEM139,135932,8748,3,103.422678247768
A,HS6ST3,266722,5886,3,69.5868637593009
A,EFHC1,114327,6696,3,79.1630376711313
A,G6PD,2539,4193,3,49.5714780398825
A,RAPGEF3,10411,5585,3,66.028310243917
A,SH2D7,646892,3836,3,45.3508680565202
A,PAIP2,51247,2710,3,32.0388040753832
A,NPHP1,4867,3521,3,41.6268004241418
A,B4GALT3,8703,5595,3,66.1465346131988
A,ALYREF,10189,6667,3,78.8201870002139
A,TRAP1,10131,7521,3,88.9165481368844
A,XKR8,55113,3861,3,45.6464289797249
A,TRIAP1,51499,7844,3,92.7351952646884
A,DPEP3,64180,7754,3,91.6711759411517
A,AP3M2,10947,7306,3,86.3747241973245
A,ARHGAP40,343578,1627,3,19.2351048821581
A,ACTR6,64431,7882,3,93.1844478679595
A,ABCC6,368,1585,3,18.7385625311743
A,MYH7B,57644,6432,3,76.0419143220902
A,TPPP3,51673,8929,3,105.56253933177
A,TEX101,83639,4971,3,58.769333970011
A,PAGR1,79447,4285,3,50.6591422372756
A,SPATA22,84690,3361,3,39.735210515632
A,DYRK4,8798,3209,3,37.9382001025478
A,FGF8,2253,3586,3,42.3952588244738
A,PEX11G,92960,4065,3,48.0582061130748
A,NUDT15,55270,5532,3,65.4017210867231
A,XIAP,331,2492,3,29.4615128250387
A,URM1,81605,7203,3,85.1570131937214
A,C17orf51,339263,4805,3,56.8068094399322
A,MAB21L2,10586,3193,3,37.7490411116969
A,PRLH,51052,4577,3,54.1112938203058
A,SYPL1,6856,4851,3,57.3506415386287
A,SYNM,23336,3893,3,46.0247469614268
A,TAOK2,9344,6326,3,74.7887360077026
A,ZBTB7C,201501,4103,3,48.5074587163458
A,TMSB10,9168,6490,3,76.727615663925
A,ATP11C,286410,5870,3,69.3977047684499
A,RIOX2,84864,2643,3,31.2467008011947
A,IQGAP1,8826,3373,3,39.8770797587703
A,LRRN1,57633,4019,3,47.5143740143782
A,SPIN1,10927,4365,3,51.6049371915305
A,FBP1,2203,2655,3,31.388570044333
A,NEK8,284086,6954,3,82.2132263986032
A,ACAP3,116983,2370,3,28.0191755198
A,SCRIB,23513,6542,3,77.3423823841907
A,MCUB,55013,5331,3,63.0254112641578
A,MGLL,11343,4201,3,49.666057535308
A,CHRNA5,1138,5174,3,61.1692886664327
A,CACNG3,10368,4623,3,54.6551259190024
A,ADH5,128,4909,3,58.0363428804635
A,ERLIN2,11160,4667,3,55.1753131438425
A,C12orf65,91574,5659,3,66.9031705766027
A,SPAG8,26206,5524,3,65.3071415912977
A,ZRANB3,84083,6806,3,80.4635057332317
A,RAB11FIP1,80223,2834,3,33.5047862544782
A,YDJC,150223,2438,3,28.8231012309167
A,CHM,1121,6797,3,80.357103800878
A,SNRPC,6631,5321,3,62.907186894876
A,RELB,5971,3604,3,42.6080626891812
A,C17orf100,388327,6405,3,75.7227085250292
A,GLYAT,10249,7922,3,93.6573453450869
A,RYK,6259,7144,3,84.4594894149584
A,CEP135,9662,2603,3,30.7738033240673
A,STRAP,11171,3629,3,42.9036236123858
A,ZFAND2A,90637,2215,3,26.1866977959313
A,GFRA3,2676,5678,3,67.1277968782383
A,SLC27A6,28965,1529,3,18.0765060631959
A,ANKS1A,23294,2597,3,30.7028687024982
A,ZNF296,162979,5048,3,59.6796616134813
A,ZNF589,51385,3833,3,45.3154007457357
A,CSAD,51380,2651,3,31.3412802966202
A,C5orf66,100996485,8047,3,95.1351499611101
A,RRAD,6236,4712,3,55.7073228056109
A,PRKAG3,53632,5114,3,60.4599424507415
A,FRMD3,257019,4545,3,53.7329758386039
A,NAIF1,203245,3666,3,43.3410537787287
A,CCS,9973,4158,3,49.157692747396
A,SPINK1,6690,7819,3,92.4396343414837
A,ASGR1,432,7153,3,84.5658913473121
A,GFRA2,2675,4652,3,54.9979765899197
A,WDR41,55255,4236,3,50.0798428277945
A,ZNF497,162968,6531,3,77.2123355779806
A,ATP1B4,23439,8847,3,104.593099503659
A,DAAM2,23500,1560,3,18.4430016079696
A,GADD45GIP1,90480,6212,3,73.4409781978894
A,FANCB,2187,4691,3,55.459051630119
A,MCCC1,56922,3059,3,36.16483456332
A,SEC31A,22872,2778,3,32.8427297864998
A,SRSF10,10772,3872,3,45.7764757859349
A,MAGED2,10916,3488,3,41.2366600055116
A,RGPD3,653489,2352,3,27.8063716550927
A,FECH,2235,8309,3,98.2326284362947
A,NLRC3,197358,5121,3,60.5426995092388
A,POLR2C,5432,5587,3,66.0519551177734
A,NACC2,138151,2103,3,24.8625848599745
A,SPAG9,9043,3279,3,38.7657706875208
A,TFB2M,64216,2484,3,29.3669333296132
A,LMTK2,22853,6044,3,71.4548087939542
A,SETX,23064,4079,3,48.2237202300694
A,PEPD,5184,1842,3,21.776928821718
A,RSPH9,221421,4734,3,55.967416418031
A,ETNPPL,64850,8732,3,103.233519256917
A,CPLX3,594855,2857,3,33.7767023038265
A,CCER2,643669,5030,3,59.4668577487739
A,VWA5B2,90113,2495,3,29.4969801358233
A,SPATA31A7,26165,6788,3,80.2507018685243
A,DPM2,8818,3561,3,42.0996979012692
A,ECEL1,9427,2205,3,26.0684734266494
A,MFAP3L,9848,2456,3,29.035905095624
A,ZBTB42,100128927,3089,3,36.5195076711655
A,TCTE3,6991,2151,3,25.4300618325274
A,FAM9C,171484,3207,3,37.9145552286914
A,CMTM2,146225,1790,3,21.1621621014524
A,FBLN2,2199,4740,3,56.0383510396001
A,STK26,51765,2372,3,28.0428203936564
A,PDZD11,51248,5502,3,65.0470479788776
A,DIS3L,115752,7982,3,94.366691560778
A,RNF6,6049,523,3,6.18313451344111
A,HERPUD1,9709,3542,3,41.8750715996337
A,ACTRT3,84517,5010,3,59.2304090102102
A,SMYD4,114826,1958,3,23.1483315053875
A,PTPRZ1,5803,3978,3,47.0296541003226
A,ODC1,4953,3842,3,45.4218026780894
A,MRPL20,55052,5313,3,62.8126073994505
A,E2F8,79733,1940,3,22.9355276406802
A,HOXA1,3198,4515,3,53.3783027307583
A,CREBZF,58487,5491,3,64.9170011726675
A,ZNF512,84450,8925,3,105.515249584057
A,CACYBP,27101,1586,3,18.7503849681025
A,SRRM2,23524,5599,3,66.1938243609116
A,POLR3A,11128,3221,3,38.0800693456861
A,FLVCR2,55640,3483,3,41.1775478208707
A,NPBWR1,2831,4970,3,58.7575115330828
A,S100B,6285,8205,3,97.0030949957634
A,UFSP2,55325,4414,3,52.1842366010116
A,CD244,51744,3756,3,44.4050731022654
A,UFL1,23376,5745,3,67.9199001524267
A,LIM2,3982,2893,3,34.2023100332412
A,ZNF154,7710,3990,3,47.1715233434608
A,ALB,213,3301,3,39.0258642999409
A,RASA4,10156,9739,3,115.1387132436
A,F13A1,2162,3202,3,37.8554430440505
A,RPN2,6185,6719,3,79.4349537204795
A,RRN3,54700,4507,3,53.2837232353328
A,BZW2,28969,5714,3,67.5534046076529
A,COG6,57511,5385,3,63.6638228582798
A,CCDC185,164127,1746,3,20.6419748766122
A,NOTCH3,4854,5720,3,67.6243392292221
A,MUS81,80198,1479,3,17.4853842167866
A,SCCPDH,51097,2766,3,32.7008605433616
A,HMGN4,10473,2573,3,30.4191302162217
A,NBPF15,284565,7021,3,83.0053296727916
A,PRRT3,285368,3500,3,41.3785292486499
A,ZNF384,171017,4840,3,57.2205947324187
A,NELFB,25920,1276,3,15.0854295203649
A,PQLC1,80148,2580,3,30.501887274719
A,BVES,11149,1213,3,14.3406159938892
A,STAG2,10735,5599,3,66.1938243609116
A,TRMT2A,27037,4626,3,54.6905932297869
A,HIST2H2AB,317772,4595,3,54.3240976850132
A,FAM122B,159090,5371,3,63.4983087412853
A,SNCA,6622,4014,3,47.4552618297373
A,TKT,7086,6542,3,77.3423823841907
A,HSPA12A,259217,2624,3,31.0220744995592
A,SIVA1,10572,4542,3,53.6975085278193
A,APP,351,1680,3,19.8616940393519
A,HIST1H2AD,3013,3168,3,37.4534801884922
A,TNFSF9,8744,2677,3,31.648663656753
A,ORAI2,80228,2636,3,31.1639437426974
A,SLC25A15,10166,3453,3,40.8228747130251
A,RAPGEFL1,51195,3685,3,43.5656800803642
A,ACVR2A,92,3036,3,35.8929185139717
A,C2CD4C,126567,2444,3,28.8940358524858
A,ZDHHC8,29801,2881,3,34.0604407901029
A,THAP9,79725,2056,3,24.3069303243497
A,USP45,85015,4022,3,47.5498413251628
A,LMNB1,4001,4411,3,52.148769290227
A,COL4A2,1284,4690,3,55.4472291931908
A,TACSTD2,4070,4234,3,50.0561979539381
A,ADCY2,108,2790,3,32.984599029638
A,METAP1,23173,5498,3,64.9997582311648
A,PFAS,5198,5169,3,61.1101764817917
A,EPOP,100170841,4427,3,52.337928281078
A,WBSCR17,64409,2463,3,29.1186621541213
A,VAPB,9217,3804,3,44.9725500748183
A,PLEKHO2,80301,1334,3,15.7711308621997
A,DDX21,9188,1547,3,18.2893099279032
A,LRRC71,149499,1640,3,19.3887965622245
A,XPNPEP3,63929,5398,3,63.8175145383462
A,C17orf107,100130311,3948,3,46.674980992477
A,TTLL11,158135,6808,3,80.4871506070881
A,POMZP3,22932,1708,3,20.1927222733411
A,SLC30A5,64924,5122,3,60.554521946167
A,KIAA1468,57614,8101,3,95.7735615552321
A,MED23,9439,6368,3,75.2852783586864
A,SPATS2,65244,6638,3,78.4773363292965
A,ICA1,3382,1917,3,22.6636115913319
A,ATG10,83734,4211,3,49.7842819045899
A,CHRM2,1129,6577,3,77.7561676766772
A,ZNF823,55552,4449,3,52.5980218934981
A,MRPL34,64981,3618,3,42.7735768061758
A,ZNF564,163050,2053,3,24.2714630135652
A,TAF12,6883,8724,3,103.138939761492
A,LRRC61,65999,3010,3,35.5855351538389
A,FBXO18,84893,1503,3,17.7691227030631
A,TRMT10B,158234,6054,3,71.5730331632361
A,CENPK,64105,8949,3,105.798988070334
A,NAGA,4668,2026,3,23.9522572165042
A,GP2,2813,4254,3,50.2926466925019
A,SETDB1,9869,4237,3,50.0916652647227
A,URB1,9875,7785,3,92.0376714859255
A,FBXL16,146330,3225,3,38.1273590933988
A,FGF3,2248,7088,3,83.79743294698
A,FAM160A2,84067,2914,3,34.4505812087331
A,GIGYF2,26058,3871,3,45.7646533490067
A,FUCA2,2519,3175,3,37.5362372469895
A,LOC285556,285556,6811,3,80.5226179178726
A,DNAJB14,79982,4737,3,56.0028837288155
A,FRMD4B,23150,3448,3,40.7637625283842
A,KHDRBS2,202559,5930,3,70.107050984141
A,PLAA,9373,7782,3,92.0022041751409
A,ZFYVE28,57732,3958,3,46.7932053617589
A,CCT8L2,150160,5030,3,59.4668577487739
A,TSC22D4,81628,2820,3,33.3392721374836
A,ZNF251,90987,2558,3,30.2417936622989
A,C1QTNF6,114904,3701,3,43.7548390712152
A,MSANTD3,91283,2115,3,25.0044541031127
A,NLRP6,171389,3026,3,35.7746941446898
A,KCNIP4,80333,4701,3,55.5772759994008
A,ATP1A3,478,3745,3,44.2750262960553
A,ZBTB46,140685,2829,3,33.4456740698373
A,RPS9,6203,5701,3,67.3997129275865
A,TYW3,127253,8581,3,101.448331280761
A,SLC25A11,8402,6518,3,77.0586438979142
A,ULK1,8408,1607,3,18.9986561435944
A,HOXC11,3227,3405,3,40.2553977404722
A,ABT1,29777,5003,3,59.1476519517129
A,PRR14L,253143,4449,3,52.5980218934981
A,CDCA5,113130,5286,3,62.4934016023895
A,EIF4E,1977,4799,3,56.735874818363
A,ULBP1,80329,7082,3,83.7264983254109
A,GPRIN3,285513,3607,3,42.6435299999657
A,C1QBP,708,5238,3,61.9259246298366
A,SLCO5A1,81796,3278,3,38.7539482505926
A,FEM1A,55527,3172,3,37.500769936205
A,PGBD4,161779,1990,3,23.5266494870895
A,CCR10,2826,6218,3,73.5119128194585
A,KHDRBS1,10657,2723,3,32.1924957554496
A,ATP6V0A4,50617,7074,3,83.6319188299854
A,NACAD,23148,4462,3,52.7517135735645
A,COPG1,22820,952,3,11.2549599556328
A,DRAM1,55332,5133,3,60.6845687523771
A,LRRC63,220416,3096,3,36.6022647296628
A,CIDEA,1149,3223,3,38.1037142195424
A,NPL,80896,4850,3,57.3388191017005
A,PHLDA1,22822,2228,3,26.3403894759977
A,TMEM55B,90809,5404,3,63.8884491599154
A,FAM84B,157638,3965,3,46.8759624202562
A,ERP44,23071,3419,3,40.4209118574668
A,ALG6,29929,4157,3,49.1458703104678
A,TCF21,6943,7422,3,87.746126880994
A,FOSB,2354,3107,3,36.7323115358729
A,PNKP,11284,2156,3,25.4891740171683
A,MGAT2,4247,2963,3,35.0298806182141
A,SERBP1,26135,2693,3,31.837822647604
A,MTFP1,51537,3336,3,39.4396495924274
A,NAALAD2,10003,4727,3,55.8846593595337
A,SLC25A20,788,5325,3,62.9544766425887
A,NARFL,64428,2723,3,32.1924957554496
A,RTKN2,219790,4589,3,54.2531630634441
A,SFT2D1,113402,2354,3,27.8300165289491
A,CLEC4F,165530,5611,3,66.3356936040498
A,RRP1,8568,2513,3,29.7097840005306
A,NID2,22795,4892,3,57.8353614526843
A,ITGB5,3693,4681,3,55.3408272608371
A,THOP1,7064,3314,3,39.1795559800073
A,UBE2Q2,92912,1464,3,17.3080476628638
A,PHLPP1,23239,7239,3,85.5826209231361
A,NDUFC1,4717,5503,3,65.0588704158058
A,EXO1,9156,7120,3,84.175750928682
A,ANKDD1A,348094,3132,3,37.0278724590775
A,APCDD1L,164284,4128,3,48.8030196395505
A,PIGZ,80235,1315,3,15.5465045605642
A,SESN2,83667,3342,3,39.5105842139965
A,AKR7A3,22977,3931,3,46.4739995646979
A,PIWIL4,143689,3548,3,41.9460062212028
A,CCER1,196477,5480,3,64.7869543664575
A,IRS2,8660,669,3,7.90921030495621
A,PRKCQ,5588,2472,3,29.225064086475
A,NIPSNAP1,8508,5647,3,66.7613013334645
A,ABHD12B,145447,3600,3,42.5607729414684
A,GRASP,160622,1347,3,15.9248225422661
A,TBX1,6899,4494,3,53.1300315552664
A,IRF8,3394,7901,3,93.409074169595
A,CAMSAP1,157922,2967,3,35.0771703659269
A,EOGT,285203,4267,3,50.4463383725683
A,LAYN,143903,2354,3,27.8300165289491
A,CHCHD2,51142,1911,3,22.5926769697628
A,SFRP2,6423,3244,3,38.3519853950343
A,PCDHGA2,56113,6241,3,73.7838288688068
A,TEF,7008,2693,3,31.837822647604
A,HK1,3098,2428,3,28.7048768616348
A,ZNF514,84874,4473,3,52.8817603797745
A,HIST1H3E,8353,3190,3,37.7135738009123
A,IFNL4,101180976,4860,3,57.4570434709824
A,PPIL2,23759,7095,3,83.8801900054773
A,ASB3,51130,3619,3,42.7853992431039
A,NTRK1,4914,2043,3,24.1532386442833
A,EMD,2010,2671,3,31.5777290351839
A,NUP93,9688,1540,3,18.2065528694059
A,FAM50B,26240,4211,3,49.7842819045899
A,ANKRD18A,253650,4031,3,47.6562432575164
A,FANCD2,2177,5557,3,65.6972820099278
A,MSN,4478,5889,3,69.6223310700854
A,GEMIN5,25929,6184,3,73.1099499639002
A,ST3GAL2,6483,4763,3,56.3102670889484
A,RMND5A,64795,2664,3,31.4949719766866
A,ZNF559,84527,5307,3,62.7416727778814
A,FEV,54738,5387,3,63.6874677321362
A,KIAA1614,57710,6760,3,79.9196736345351
A,SLC25A24,29957,4565,3,53.9694245771676
A,WFS1,7466,3243,3,38.3401629581061
A,PRDM9,56979,5066,3,59.8924654781886
A,GSAP,54103,3086,3,36.484040360381
A,SLC25A6,293,3246,3,38.3756302688907
A,MRPL24,79590,2705,3,31.9796918907422
A,KIAA1324L,222223,2366,3,27.9718857720873
A,SIRPB1,10326,6630,3,78.382756833871
A,C14orf80,283643,938,3,11.0894458386382
A,OGDH,4967,4613,3,54.5369015497205
A,EVA1B,55194,2675,3,31.6250187828967
A,LIN28A,79727,3616,3,42.7499319323194
A,BTBD6,90135,1099,3,12.9928581840761
A,GOLGB1,2804,6681,3,78.9857011172085
A,LFNG,3955,1538,3,18.1829079955496
A,TMEM127,55654,3612,3,42.7026421846066
A,SNRPA1,6627,3259,3,38.5293219489571
A,FAM71E1,112703,6251,3,73.9020532380886
A,OLFML2B,25903,6260,3,74.0084551704423
A,SLCO4A1,28231,3672,3,43.4119884002978
A,FAM92A,137392,2837,3,33.5402535652628
A,C1orf64,149563,4566,3,53.9812470140958
A,FKBP7,51661,2801,3,33.1146458358481
A,TM9SF3,56889,4289,3,50.7064319849884
A,KCNG1,3755,2937,3,34.7224972580813
A,ETFA,2108,3155,3,37.2997885084258
A,PNPLA5,150379,2410,3,28.4920729969275
A,ZNF653,115950,4091,3,48.3655894732076
A,AOC3,8639,4275,3,50.5409178679938
A,ATP5I,521,4755,3,56.2156875935229
A,LYSMD3,116068,4050,3,47.880869559152
A,MRPS26,64949,1664,3,19.672535048501
A,TSGA10IP,254187,3469,3,41.0120337038761
A,POT1,25913,3898,3,46.0838591460677
A,DHX34,9704,4957,3,58.6038198530164
A,KRT9,3857,8428,3,99.6394984307488
A,MCM4,4173,1766,3,20.8784236151759
A,SHOC2,8036,4569,3,54.0167143248803
A,OAT,4942,3269,3,38.647546318239
A,DCP2,167227,4207,3,49.7369921568771
A,HHLA2,11148,6658,3,78.7137850678602
A,CWF19L1,55280,5133,3,60.6845687523771
A,SMOX,54498,2017,3,23.8458552841505
A,RRP7A,27341,3058,3,36.1530121263918
A,ITPKB,3707,4234,3,50.0561979539381
A,ADD3,120,3325,3,39.3096027862174
A,C20orf173,140873,7173,3,84.8023400858758
A,UQCRB,7381,1889,3,22.3325833573427
A,GTF2H3,2967,5485,3,64.8460665510984
A,TGM6,343641,4521,3,53.4492373523274
A,ZMYND10,51364,2396,3,28.3265588799329
A,CDR2,1039,2881,3,34.0604407901029
A,KANSL1,284058,1491,3,17.6272534599248
A,TUSC1,286319,4119,3,48.6966177071968
A,TRIM37,4591,2475,3,29.2605313972595
A,RTL4,340595,6295,3,74.4222404629288
A,ZNF333,84449,3177,3,37.5598821208459
A,HOXA13,3209,4062,3,48.0227388022902
A,SERINC3,10955,4186,3,49.4887209813852
A,DMRTC2,63946,4853,3,57.3742864124851
A,DCST2,127579,3328,3,39.3450700970019
A,OR51E1,143503,6833,3,80.7827115302927
A,BRF2,55290,5427,3,64.1603652092636
A,USP30,84749,3443,3,40.7046503437433
A,ATXN7L3B,552889,3036,3,35.8929185139717
A,PLS3,5358,6567,3,77.6379433073953
A,CD302,9936,3124,3,36.933292963652
A,ZNF521,25925,2934,3,34.6870299472968
A,SERTAD2,9792,3253,3,38.458387327388
A,YIF1B,90522,3014,3,35.6328249015516
A,MRPL13,28998,4470,3,52.84629306899
A,CA12,771,5476,3,64.7396646187447
A,ZNF730,100129543,2937,3,34.7224972580813
A,NAT10,55226,4936,3,58.3555486775245
A,PNPLA6,10908,5019,3,59.3368109425639
A,ZCCHC17,51538,4581,3,54.1585835680186
A,TBC1D23,55773,6463,3,76.408409866864
A,NLRP8,126205,3542,3,41.8750715996337
A,PRR15L,79170,2899,3,34.2732446548103
A,HHIPL2,79802,5598,3,66.1820019239834
A,FBXL5,26234,4207,3,49.7369921568771
A,CCDC102A,92922,1022,3,12.0825305406058
A,RSPO4,343637,2534,3,29.9580551760225
A,SFSWAP,6433,5187,3,61.3229803464991
A,PNMA3,29944,4226,3,49.9616184585127
A,MRPL54,116541,3028,3,35.7983390185462
A,NNT,23530,3550,3,41.9696510950591
A,RARRES2,5919,5060,3,59.8215308566195
A,UBR7,55148,4493,3,53.1182091183382
A,CNOT2,4848,2597,3,30.7028687024982
A,CHPF,79586,4922,3,58.1900345605299
A,IGHMBP2,3508,2799,3,33.0910009619917
A,ACSF2,80221,4410,3,52.1369468532988
A,ZNF780A,284323,6786,3,80.227056994668
A,ATG4C,84938,4950,3,58.5210627945191
A,TEK,7010,4682,3,55.3526496977653
A,PGRMC2,10424,7690,3,90.9145399777478
A,WDSUB1,151525,3238,3,38.2810507734652
A,LRRC37A3,374819,2939,3,34.7461421319377
A,FOXM1,2305,3855,3,45.5754943581558
A,SLC16A1,6566,6194,3,73.228174333182
A,ELP2,55250,5466,3,64.6214402494629
A,MRPL19,9801,6977,3,82.4851424479514
A,PKHD1,5314,3767,3,44.5351199084754
A,ALPK3,57538,6438,3,76.1128489436594
A,TMEM132E,124842,3951,3,46.7104483032616
A,C8orf59,401466,3764,3,44.4996525976909
A,HIVEP1,3096,2205,3,26.0684734266494
A,TTC34,100287898,5834,3,68.9720970390352
A,IL12RB2,3595,1985,3,23.4675373024486
A,CNTD1,124817,7844,3,92.7351952646884
A,ARMCX5,64860,3943,3,46.6158688078361
A,ASCL1,429,5530,3,65.3780762128668
A,PPP1CB,5500,4542,3,53.6975085278193
A,MRPL3,11222,3697,3,43.7075493235024
A,RAB33A,9363,4565,3,53.9694245771676
A,EEF1AKMT2,399818,4102,3,48.4956362794176
A,WDR46,9277,2334,3,27.5935677903854
A,HIST1H2AM,8336,6987,3,82.6033668172333
A,DHX33,56919,2611,3,30.8683828194928
A,XAGE2,9502,4720,3,55.8019023010364
A,PRLHR,2834,4348,3,51.4039557637513
A,CXorf40A,91966,3320,3,39.2504906015764
A,STX18,53407,4915,3,58.1072775020326
A,EXOSC5,56915,3890,3,45.9892796506423
A,DNAJC25,548645,3291,3,38.907639930659
A,UFC1,51506,3284,3,38.8248828721618
A,TFDP3,51270,4322,3,51.0965724036185
A,MROH9,80133,6676,3,78.9265889325676
A,PIP5KL1,138429,5952,3,70.3671445965611
A,ZNF836,162962,7561,3,89.3894456140119
A,EIF4EBP3,8637,9166,3,108.36445688375
A,P2RY4,5030,3208,3,37.9263776656196
A,CLCN7,1186,550,3,6.50234031050212
A,C12orf40,283461,3759,3,44.4405404130499
A,TMEM30B,161291,6141,3,72.6015851759882
A,PTH,5741,5298,3,62.6352708455277
A,MAP3K19,80122,5672,3,67.0568622566691
A,IQCF5,389124,3820,3,45.1617090656693
A,CCR3,1232,4836,3,57.1733049847059
A,NOBOX,135935,6084,3,71.9277062710816
A,IQCJ-SCHIP1,100505385,5803,3,68.6056014942615
A,RHOA,387,8439,3,99.7695452369589
A,IRS4,8471,5147,3,60.8500828693717
A,CST8,10047,5749,3,67.9671899001394
A,BAZ2B,29994,6615,3,78.2054202799482
A,LENG1,79165,6961,3,82.2959834571005
A,TAS2R7,50837,5054,3,59.7505962350504
A,OR52A5,390054,4073,3,48.1527856085002
A,ZSCAN10,84891,5082,3,60.0816244690396
A,PSMA2,5683,3219,3,38.0564244718297
A,ZBTB3,79842,4657,3,55.0570887745607
A,GCDH,2639,5425,3,64.1367203354073
A,GPR152,390212,5568,3,65.8273288161378
A,SSX7,280658,4792,3,56.6531177598657
A,DPH5,51611,4494,3,53.1300315552664
A,PMS1,5378,4234,3,50.0561979539381
A,OR2T34,127068,8441,3,99.7931901108153
A,FBXO8,26269,6836,3,80.8181788410773
A,KRTAP6-2,337967,4371,3,51.6758718130996
A,PDE6G,5148,4478,3,52.9408725644154
A,OR2T35,403244,5271,3,62.3160650484667
A,SULT1C2,6819,5281,3,62.4342894177485
A,ASCC1,51008,6517,3,77.046821460986
A,C10orf111,221060,2215,3,26.1866977959313
A,BEST4,266675,3634,3,42.9627357970267
A,C5orf51,285636,4390,3,51.9004981147351
A,C17orf78,284099,4786,3,56.5821831382966
A,DDX46,9879,5891,3,69.6459759439418
A,ESRP1,54845,11371,3,134.432930310399
A,CABLES1,91768,4861,3,57.4688659079106
A,LGALS4,3960,5475,3,64.7278421818166
A,BCAS3,54828,2537,3,29.9935224868071
A,LGALS9,3965,4638,3,54.8324624729252
A,ST6GAL1,6480,6142,3,72.6134076129164
A,BNIP3L,665,8381,3,99.0838438951241
A,CNGA4,1262,5643,3,66.7140115857517
A,NLRP10,338322,5067,3,59.9042879151168
A,USP29,57663,6661,3,78.7492523786448
A,COL11A2,1302,4388,3,51.8768532408787
A,RFX3,5991,8916,3,105.408847651703
A,BTN3A1,11119,3463,3,40.941099082307
A,SKA2,348235,5856,3,69.2321906514553
A,NUP50,10762,4504,3,53.2482559245483
A,DVL2,1856,4081,3,48.2473651039257
A,ZNF619,285267,5797,3,68.5346668726923
A,TMEM155,132332,5099,3,60.2826058968187
A,NVL,4931,4265,3,50.4226934987119
A,CCKAR,886,3993,3,47.2069906542454
A,PAGE4,9506,8037,3,95.0169255918282
A,EDNRB,1910,3041,3,35.9520306986126
A,CPXM1,56265,3670,3,43.3883435264414
A,ASCL4,121549,3394,3,40.1253509342622
A,RRP15,51018,1452,3,17.1661784197256
A,PHGDH,26227,6751,3,79.8132717021815
A,SDR42E1,93517,6841,3,80.8772910257182
A,WFDC1,58189,3622,3,42.8208665538885
A,OR1D5,8386,4918,2,58.1427448128171
A,MAK16,84549,4032,3,47.6680656944446
A,TMEM43,79188,3496,3,41.3312395009371
A,HMGCS1,3157,4802,3,56.7713421291476
A,CYP26C1,340665,4121,3,48.7202625810532
A,CALM3,808,2880,3,34.0486183531747
A,CSF3,1440,4324,3,51.1202172774748
A,RPS8,6202,4146,3,49.0158235042578
A,SNRNP27,11017,3801,3,44.9370827640337
A,SCGB1D2,10647,5267,3,62.2687753007539
A,CTRB2,440387,3351,3,39.6169861463502
A,MYNN,55892,5143,3,60.8027931216589
A,LY6E,4061,3092,3,36.5549749819501
A,MLPH,79083,3099,3,36.6377320404474
A,HRH1,3269,3286,3,38.8485277460181
A,NAA25,80018,4273,3,50.5172729941374
A,TREX1,11277,1298,3,15.345523132785
A,GUK1,2987,4949,3,58.5092403575909
A,ZNF232,7775,2692,3,31.8260002106758
A,TMEM213,155006,5380,3,63.6047106736389
A,ANO9,338440,4154,3,49.1104029996833
A,SCAMP5,192683,714,3,8.44121996672457
A,SPRR3,6707,3641,3,43.045492855524
A,ADAL,161823,5362,3,63.3919068089316
A,SMIM19,114926,2389,3,28.2438018214356
A,SERPINA4,5267,7357,3,86.977668480662
A,NOL3,8996,3961,3,46.8286726725434
A,EIF3G,8666,4664,3,55.139845833058
A,LIN9,286826,4402,3,52.0423673578733
A,AGXT2,64902,11790,3,139.386531383309
A,C19orf54,284325,5204,3,61.5239617742782
A,LHX8,431707,4863,3,57.4925107817669
A,ANXA9,8416,5196,3,61.4293822788528
A,STAM2,10254,2650,3,31.329457859692
A,CELSR1,9620,4360,3,51.5458250068895
A,ARHGAP36,158763,1995,3,23.5857616717304
A,USP5,8078,3906,3,46.1784386414932
A,HLA-F,3134,5025,3,59.407745564133
A,ITGB8,3696,2435,3,28.7876339201321
A,POLDIP3,84271,3466,3,40.9765663930915
A,RBBP9,10741,7261,3,85.8427145355562
A,BFSP1,631,5014,3,59.277698757923
A,RILPL2,196383,5705,3,67.4470026752993
A,GLMP,112770,1854,3,21.9187980648562
A,FDFT1,2222,4937,3,58.3673711144527
A,SAP30L,79685,4689,3,55.4354067562626
A,FAM136A,84908,4930,3,58.2846140559554
A,IL31RA,133396,7065,3,83.5255168976318
A,ZFHX2,85446,2929,3,34.6279177626558
A,ZDHHC6,64429,3797,3,44.889793016321
A,PDZD9,255762,4557,3,53.8748450817421
A,TMEM14A,28978,4539,3,53.6620412170348
A,SORCS1,114815,3432,3,40.5746035375332
A,KIF17,57576,4671,3,55.2226028915553
A,MRPL39,54148,6212,3,73.4409781978894
A,GJA10,84694,5174,3,61.1692886664327
A,GRK7,131890,3865,3,45.6937187274376
A,GDNF-AS1,100861519,4021,3,47.5380188882346
A,HPGDS,27306,4945,3,58.4619506098782
A,CNKSR2,22866,4500,3,53.2009661768355
A,BRK1,55845,4081,3,48.2473651039257
A,CNP,1267,2649,3,31.3176354227638
A,SORL1,6653,8345,3,98.6582361657094
A,LRRC18,474354,5030,3,59.4668577487739
A,SDK2,54549,5373,3,63.5219536151416
A,RBM24,221662,5191,3,61.3702700942118
A,SCAF11,9169,5602,3,66.2292916716961
A,SLC44A4,80736,4823,3,57.0196133046395
A,SLFN11,91607,7067,3,83.5491617714881
A,C10orf120,399814,4665,3,55.1516682699862
A,HEBP2,23593,3759,3,44.4405404130499
A,PLEKHH1,57475,2468,3,29.1777743387622
A,OSGIN2,734,1993,3,23.562116797874
A,CRBN,51185,3198,3,37.8081532963378
A,LCE1D,353134,5147,3,60.8500828693717
A,ATP5SL,55101,4557,3,53.8748450817421
A,C10orf142,100130539,4735,3,55.9792388549592
A,NAT6,24142,3571,3,42.217922270551
A,BBOX1,8424,4515,3,53.3783027307583
A,C12orf45,121053,1296,3,15.3218782589286
A,C10orf113,387638,6414,3,75.8291104573829
A,SNAP23,8773,5274,3,62.3515323592512
A,TAGLN,6876,5540,3,65.4963005821486
A,ELL3,80237,3708,3,43.8375961297125
A,SDHAF3,57001,2250,3,26.6004830884178
A,SPRR2B,6701,5880,3,69.5159291377318
A,COL5A1,1289,5084,3,60.105269342896
A,MYF6,4618,4800,3,56.7476972552912
A,FRS2,10818,4491,3,53.0945642444819
A,VCPKMT,79609,3161,3,37.3707231299949
A,TK2,7084,4887,3,57.7762492680434
A,SLC17A5,26503,1456,3,17.2134681674383
A,DDX24,57062,3671,3,43.4001659633696
A,ELP4,26610,4383,3,51.8177410562378
A,MAN1A1,4121,2438,3,28.8231012309167
A,SMPDL3A,10924,3210,3,37.950022539476
A,SLX4IP,128710,7227,3,85.4407516799978
A,OXSR1,9943,4584,3,54.1940508788031
A,TTLL1,25809,1740,3,20.5710402550431
A,RPE,6120,2214,3,26.1748753590031
A,RHOB,388,4340,3,51.3093762683258
A,FIG4,9896,2139,3,25.2881925893892
A,MRPL17,63875,5660,3,66.9149930135309
A,NOL9,79707,2501,3,29.5679147573924
A,SIPA1L3,23094,5039,3,59.5732596811276
A,YTHDC1,91746,5183,3,61.2756905987863
A,LRP5,4041,3730,3,44.0976897421326
A,PACRGL,133015,3292,3,38.9194623675872
A,PPFIBP1,8496,5354,3,63.2973273135061
A,MAGEB16,139604,4921,3,58.1782121236017
A,C5AR2,27202,4665,3,55.1516682699862
A,OR1M1,125963,6769,3,80.0260755668888
A,TUBB1,81027,3787,3,44.7715686470391
A,SYTL2,54843,2308,3,27.2861844302525
A,RDH10,157506,3050,3,36.0584326309663
A,FILIP1L,11259,2132,3,25.2054355308919
A,LBX1,10660,4572,3,54.0521816356649
A,ZNF608,57507,5494,3,64.9524684834521
A,ITPRIP,85450,4774,3,56.4403138951584
A,ALPK1,80216,7211,3,85.2515926891469
A,GIMD1,100507096,4613,3,54.5369015497205
A,MORN2,729967,2557,3,30.2299712253708
A,PRR4,11272,3984,3,47.1005887218917
A,PSMF1,9491,3910,3,46.225728389206
A,LRRC34,151827,3989,3,47.1597009065326
A,OSBPL1A,114876,5169,3,61.1101764817917
A,DAAM1,23002,6422,3,75.9236899528084
A,IGFL4,444882,5143,3,60.8027931216589
A,TPBG,7162,3860,3,45.6346065427967
A,RSC1A1,6248,3703,3,43.7784839450715
A,AMER3,205147,3408,3,40.2908650512568
A,CDC37,11140,3048,3,36.0347877571099
A,NKG7,4818,5320,3,62.8953644579478
A,ENTPD7,57089,4044,3,47.8099349375829
A,SLC4A10,57282,5682,3,67.175086625951
A,VHLL,391104,4840,3,57.2205947324187
A,HIST1H2BA,255626,5739,3,67.8489655308576
A,HPD,3242,5425,3,64.1367203354073
A,NRL,4901,4614,3,54.5487239866487
A,MFAP4,4239,7777,3,91.9430919905
A,SPTY2D1,144108,4243,3,50.1625998862918
A,RGN,9104,4899,3,57.9181185111816
A,AMY2A,279,2542,3,30.052634671448
A,MINK1,50488,3294,3,38.9431072414436
A,HTR3C,170572,5496,3,64.9761133573085
A,HECTD4,283450,4527,3,53.5201719738965
A,KRT72,140807,3488,3,41.2366600055116
A,DCTN5,84516,4280,3,50.6000300526347
A,MAPK1IP1L,93487,4224,3,49.9379735846563
A,MRAS,22808,1717,3,20.2991242056948
A,SLAMF9,89886,8085,3,95.5844025643812
A,PSMD1,5707,3731,3,44.1095121790607
A,OR5F1,338674,3226,3,38.139181530327
A,HUWE1,10075,4142,3,48.9685337565451
A,AP3M1,26985,6749,3,79.7896268283251
A,CDH1,999,4611,3,54.5132566758641
A,NUDT2,318,4948,3,58.4974179206627
A,MTMR10,54893,3731,3,44.1095121790607
A,PF4,5196,3624,3,42.8445114277449
A,NDNF,79625,6158,3,72.8025666037674
A,VSIG10L,147645,6406,3,75.7345309619574
A,KDM4E,390245,8214,3,97.1094969281171
A,ITGA9,3680,6123,3,72.3887813112809
A,ZNF891,101060200,5361,3,63.3800843720034
A,L1TD1,54596,4805,3,56.8068094399322
A,ZNF569,148266,1747,3,20.6537973135404
A,EIF2B4,8890,6859,3,81.0900948904255
A,SH3BP5L,80851,4393,3,51.9359654255197
A,GPX2,2877,3636,3,42.9863806708831
A,UTP23,84294,2726,3,32.2279630662341
A,PYGM,5837,7976,3,94.2957569392089
A,PHC3,80012,5312,3,62.8007849625223
A,CHN1,1123,5518,3,65.2362069697285
A,ACTL8,81569,2346,3,27.7354370335236
A,PDE6A,5145,6615,3,78.2054202799482
A,GPX8,493869,5977,3,70.6627055197658
A,PIK3IP1,113791,5381,3,63.6165331105671
A,PLET1,349633,3511,3,41.5085760548599
A,XIRP2,129446,2691,3,31.8141777737476
A,HIST1H3G,8355,3395,3,40.1371733711904
A,PDIA6,10130,5007,3,59.1949416994257
A,LSS,4047,4391,3,51.9123205516633
A,FKBP10,60681,2143,3,25.3354823371019
A,KCTD2,23510,3448,3,40.7637625283842
A,PI16,221476,3625,3,42.8563338646731
A,PLD4,122618,3903,3,46.1429713307087
A,BTNL2,56244,5457,3,64.5150383171092
A,AKAP4,8852,5267,3,62.2687753007539
A,MTHFSD,64779,5246,3,62.020504125262
A,MTTP,4547,5139,3,60.7555033739462
A,OR2L13,284521,2615,3,30.9156725672055
A,CLLU1OS,574016,4592,3,54.2886303742286
A,SLC8A2,6543,3727,3,44.062222431348
A,BCO2,83875,4195,3,49.5951229137389
A,RDH14,57665,3126,3,36.9569378375084
A,ALG10,84920,4234,3,50.0561979539381
A,HHATL,57467,2341,3,27.6763248488827
A,ARPC1B,10095,5218,3,61.6894758912728
A,NRGN,4900,2833,3,33.49296381755
A,SENP8,123228,3993,3,47.2069906542454
A,PGLYRP2,114770,4539,3,53.6620412170348
A,STK32C,282974,2395,3,28.3147364430047
A,TREML2,79865,3839,3,45.3863353673048
A,MCOLN1,57192,3877,3,45.8355879705758
A,MAPK14,1432,2040,3,24.1177713334988
A,HS1BP3,64342,5746,3,67.9317225893549
A,NHLRC2,374354,4236,3,50.0798428277945
A,THEGL,100506564,1107,3,13.0874376795015
A,GALT,2592,4006,3,47.3606823343118
A,HIST3H3,8290,6819,3,80.6171974132981
A,TSPY2,64591,2981,3,35.2426844829215
A,ZXDC,79364,5284,3,62.4697567285331
A,RCOR3,55758,2581,3,30.5137097116472
A,RAP1GAP2,23108,4793,3,56.6649401967939
A,DHTKD1,55526,3205,3,37.8909103548351
A,CHKA,1119,3602,3,42.5844178153248
A,RWDD2A,112611,3090,3,36.5313301080937
A,TPRG1L,127262,3112,3,36.7914237205138
A,SSUH2,51066,2105,3,24.8862297338308
A,ZYG11B,79699,6311,3,74.6113994537798
A,SRP14,6727,3055,3,36.1175448156072
A,CCHCR1,54535,4571,3,54.0403591987367
A,NEK1,4750,5734,3,67.7898533462166
A,ATXN7L3,56970,4181,3,49.4296087967443
A,HOXB3,3213,8341,3,98.6109464179967
A,HIST1H3A,8350,6342,3,74.9778949985535
A,FOS,2353,2868,3,33.9067491100365
A,MYT1,4661,3418,3,40.4090894205386
A,EID1,23741,6235,3,73.7128942472377
A,MAGEE1,57692,4370,3,51.6640493761714
A,LRRC4,64101,6495,3,76.7867278485659
A,AUP1,550,3555,3,42.0287632797001
A,STK24,8428,6206,3,73.3700435763203
A,SLC4A7,9497,3349,3,39.5933412724938
A,HBD,3045,5642,3,66.7021891488236
A,STAT6,6778,6263,3,74.0439224812269
A,DPP6,1804,3543,3,41.8868940365618
A,PAX8,7849,2930,3,34.639740199584
A,VPS54,51542,3729,3,44.0858673052044
A,MLIP,90523,5950,3,70.3434997227048
A,KRT25,147183,5257,3,62.1505509314721
A,RIT1,6016,1102,3,13.0283254948606
A,CIR1,9541,7477,3,88.3963609120443
A,TEX48,100505478,5493,3,64.9406460465239
A,STPG3,441476,10341,3,122.255820274368
A,TRAPPC6B,122553,4445,3,52.5507321457853
A,CCIN,881,4084,3,48.2828324147103
A,KRTAP10-8,386681,7478,3,88.4081833489725
A,HMGCR,3156,3435,3,40.6100708483178
A,ZNF281,23528,2019,3,23.8695001580069
A,CXCL10,3627,5855,3,69.2203682145271
A,KPRP,448834,8191,3,96.8375808787688
A,SLC12A4,6560,6316,3,74.6705116384207
A,DAPL1,92196,5176,3,61.1929335402891
A,HIST1H1T,3010,5349,3,63.2382151288652
A,DPYD,1806,8962,3,105.9526797504
A,RGCC,28984,5067,3,59.9042879151168
A,RGR,5995,3453,3,40.8228747130251
A,HIF1A,3091,4068,3,48.0936734238593
A,ABI3,51225,6153,3,72.7434544191264
A,SGCG,6445,6815,3,80.5699076655854
A,MAN2C1,4123,3626,3,42.8681563016013
A,OSBPL6,114880,2826,3,33.4102067590527
A,TRMU,55687,2521,3,29.8043634959561
A,GMNC,647309,4730,3,55.9201266703182
A,LONP1,9361,6206,3,73.3700435763203
A,PDK1,5163,4223,3,49.9261511477281
A,CMTR2,55783,2333,3,27.5817453534572
A,DIXDC1,85458,3443,3,40.7046503437433
A,BRCA1,672,6498,3,76.8221951593505
A,ZNF629,23361,3536,3,41.8041369780645
A,PLIN2,123,3760,3,44.4523628499781
A,AHSA2,130872,1690,3,19.9799184086338
A,ANKRD18B,441459,3605,3,42.6198851261093
A,TCEANC2,127428,4243,3,50.1625998862918
A,CARD14,79092,7787,3,92.0613163597818
A,C11orf70,85016,6161,3,72.8380339145519
A,COX5B,1329,2498,3,29.5324474466078
A,CCDC102B,79839,6735,3,79.6241127113305
A,DOC2A,8448,2454,3,29.0122602217676
A,ZNF599,148103,3484,3,41.1893702577989
A,CDH7,1005,3241,3,38.3165180842498
A,TICAM1,148022,2374,3,28.0664652675128
A,SPDEF,25803,9541,3,112.79787073182
A,SLC5A11,115584,6854,3,81.0309827057846
A,CLEC4G,339390,4158,3,49.157692747396
A,NDUFAF2,91942,4937,3,58.3673711144527
A,SAMD3,154075,3946,3,46.6513361186207
A,OR5AU1,390445,7753,3,91.6593535042235
A,TAS2R50,259296,8577,3,101.401041533049
A,FIBP,9158,5438,3,64.2904120154737
A,CLDN4,1364,4125,3,48.7675523287659
A,GRP,2922,2627,3,31.0575418103438
A,C4orf33,132321,3917,3,46.3084854477033
A,PRAMEF17,391004,5686,3,67.2223763736637
A,KIAA1024L,100127206,9276,3,109.66492494585
A,CBY3,646019,8405,3,99.3675823814006
A,SLC9C1,285335,8860,3,104.746791183725
A,TGM3,7053,5868,3,69.3740598945935
A,N4BP2L1,90634,5209,3,61.5830739589192
A,MYO1D,4642,853,3,10.0845386997424
A,PHACTR1,221692,5235,3,61.890457319052
A,SERPINB7,8710,6037,3,71.3720517354569
A,ANKRD66,100287718,7983,3,94.3785139977062
A,DCDC1,341019,4533,3,53.5911065954657
A,IVL,3713,4434,3,52.4206853395753
A,CAMK2G,818,2817,3,33.303804826699
A,ALG1L,200810,3975,3,46.994186789538
A,AMPD1,270,5206,3,61.5476066481346
A,LCE3B,353143,11256,3,133.073350063658
A,LCE3A,353142,7966,3,94.1775325699271
A,OSCAR,126014,7979,3,94.3312242499935
A,NEIL3,55247,7021,3,83.0053296727916
A,PTDSS1,9791,5257,3,62.1505509314721
A,BCAP31,10134,3046,3,36.0111428832536
A,DDX25,29118,6970,3,82.4023853894541
A,CPSF2,53981,2071,3,24.4842668782725
A,GPR31,2853,2804,3,33.1501131466326
A,DUXA,503835,4982,3,58.899380776221
A,SERPINA5,5104,6098,3,72.0932203880762
A,DDX18,8886,3447,3,40.751940091456
A,BCKDK,10295,889,3,10.5101464291571
A,PRAC2,360205,6148,3,72.6843422344855
A,MYCT1,80177,2802,3,33.1264682727763
A,SSX2,6757,7190,3,85.003321513655
A,GRIK5,2901,4310,3,50.9547031604803
A,SELENOP,6414,10373,3,122.63413825607
A,STOX2,56977,5172,3,61.1456437925763
A,MRPL33,9553,4384,3,51.829563493166
A,SPRR4,163778,5137,3,60.7318585000898
A,NAT1,9,3550,3,41.9696510950591
A,LOR,4014,6128,3,72.4478934959218
A,PNMA2,10687,5213,3,61.6303637066319
A,CENPU,79682,6071,3,71.7740145910152
A,SLC17A3,10786,2962,3,35.018058181286
A,RPL27,6155,4366,3,51.6167596284586
A,PNPLA1,285848,5983,3,70.7336401413349
A,PRR11,55771,4746,3,56.1092856611692
A,ZBTB20,26137,5316,3,62.848074710235
A,EIF3F,8665,3746,3,44.2868487329835
A,NAT2,10,6555,3,77.4960740642571
A,DGUOK,1716,5661,3,66.9268154504591
A,TRIM48,79097,8796,3,103.990155220321
A,INSC,387755,4346,3,51.3803108898949
A,HSFY2,159119,5998,2,70.9109766952577
A,PCDHGB1,56104,5100,3,60.2944283337469
A,CACNA1E,777,3090,3,36.5313301080937
A,C10orf55,414236,5676,3,67.1041520043819
A,ODF2,4957,6991,3,82.650656564946
A,TIMM23B,100652748,6595,3,77.9689715413845
A,USP34,9736,3472,3,41.0475010146607
A,IDH1,3417,3951,3,46.7104483032616
A,NIPSNAP3B,55335,2335,3,27.6053902273135
A,PPP2R5C,5527,6531,3,77.2123355779806
A,HTN3,3347,5741,3,67.8726104047139
A,DNAI1,27019,4984,3,58.9230256500774
A,TM4SF18,116441,2695,3,31.8614675214604
A,RPL24,6152,6555,3,77.4960740642571
A,EMP1,2012,3610,3,42.6789973107503
A,EEA1,8411,5879,3,69.5041067008036
A,CHRNA9,55584,6030,3,71.2892946769596
A,PYROXD1,79912,2147,3,25.3827720848146
A,LSM2,57819,5077,3,60.0225122843987
A,RPL36A-HNRNPH2,100529097,1837,3,21.7178166370771
A,IDH3B,3420,5596,3,66.158357050127
A,EIF4H,7458,2259,3,26.7068850207714
A,C11orf86,254439,3478,3,41.1184356362298
A,RFXAP,5994,7891,3,93.2908498003131
A,VSX2,338917,4245,3,50.1862447601482
A,SIN3B,23309,6134,3,72.5188281174909
A,KIF2A,3796,3889,3,45.9774572137141
A,TSPYL5,85453,4139,3,48.9330664457605
A,HHIPL1,84439,4829,3,57.0905479262086
A,CCDC13,152206,4903,3,57.9654082588944
A,FAM220A,84792,5950,3,70.3434997227048
A,ESX1,80712,7035,3,83.1708437897862
A,DPT,1805,5420,3,64.0776081507663
A,PIAS3,10401,5147,3,60.8500828693717
A,NKPD1,284353,5744,3,67.9080777154985
A,PHF23,79142,3248,3,38.3992751427471
A,FASLG,356,8709,3,102.961603207569
A,DRP2,1821,10091,3,119.300211042322
A,RND1,27289,4468,3,52.8226481951336
A,LRRC28,123355,4075,3,48.1764304823566
A,PPIH,10465,3944,3,46.6276912447643
A,HACD2,201562,7607,3,89.9332777127084
A,LOC286238,286238,4508,3,53.295545672261
A,KRTDAP,388533,7201,3,85.133368319865
A,TMEM262,100130348,6519,3,77.0704663348424
A,SPRR2E,6704,5821,3,68.8184053589688
A,DCAF12,25853,9301,3,109.960485869055
A,TCTN3,26123,4443,3,52.5270872719289
A,OXLD1,339229,4486,3,53.0354520598409
A,SDHAF4,135154,5839,3,69.0312092236761
A,PRRT2,112476,2803,3,33.1382907097044
A,NCKAP5,344148,3163,3,37.3943680038513
A,MZB1,51237,5497,3,64.9879357942366
A,C2orf82,389084,6902,3,81.5984596783375
A,SLC14A2,8170,6298,3,74.4577077737134
A,SLITRK3,22865,9344,3,110.468850656967
A,HIST1H4G,8369,3224,3,38.1155366564706
A,ANKRD61,100310846,7953,3,94.0238408898606
A,BRD3,8019,4918,3,58.1427448128171
A,ECI2,10455,3202,3,37.8554430440505
A,WNT5B,81029,5116,3,60.4835873245979
A,SLU7,10569,8777,3,103.765528918686
A,EIF6,3692,4478,3,52.9408725644154
A,KCNJ4,3761,6124,3,72.4006037482091
A,C6orf10,10665,8242,3,97.4405251621063
A,BAK1,578,6241,3,73.7838288688068
A,RGPD1,400966,6562,3,77.5788311227544
A,FLG2,388698,3795,3,44.8661481424646
A,ABCC2,1244,3952,3,46.7222707401898
A,SYT12,91683,4973,3,58.7929788438673
A,SLCO1B1,10599,8719,3,103.079827576851
A,MARCO,8685,5864,3,69.3267701468808
A,ABCB1,5243,4692,3,55.4708740670472
A,OR56A4,120793,8710,3,102.973425644497
A,FGF10,2255,2095,3,24.768005364549
A,CFB,629,4957,3,58.6038198530164
A,WDFY3,23001,5096,3,60.2471385860342
A,FOXD3,27022,3716,3,43.932175625138
A,ZNF75D,7626,7503,3,88.7037442721771
A,LRRC4C,57689,4512,3,53.3428354199738
A,FHL5,9457,4991,3,59.0057827085747
A,SCD,6319,3720,3,43.9794653728507
A,YIPF4,84272,5379,3,63.5928882367107
A,IGF1,3479,3689,3,43.6129698280769
A,NUP210L,91181,4559,3,53.8984899555985
A,PRPF38A,84950,7171,3,84.7786952120194
A,RFX4,5992,7311,3,86.4338363819655
A,SAMD13,148418,4022,3,47.5498413251628
A,CCDC178,374864,6451,3,76.2665406237258
A,AP2B1,163,5407,3,63.9239164706999
A,NSA2,10412,7895,3,93.3381395480259
A,STK32A,202374,5266,3,62.2569528638258
A,SERF2,10169,7936,3,93.8228594620815
A,SFTA2,389376,5875,3,69.4568169530908
A,PHKA2,5256,4328,3,51.1675070251876
A,ZMYM4,9202,5087,3,60.1407366536805
A,ZNF350,59348,7565,3,89.4367353617246
A,OR1A2,26189,8195,3,96.8848706264816
A,NUP43,348995,4549,3,53.7802655863166
A,TNRC6A,27327,4219,3,49.8788614000154
A,TAF1,6872,5273,3,62.3397099223231
A,ANXA10,11199,3890,3,45.9892796506423
A,C2orf27A,29798,4002,3,47.3133925865991
A,SPIC,121599,5335,3,63.0727010118706
A,C9orf170,401535,6020,3,71.1710703076777
A,STARD6,147323,3952,3,46.7222707401898
A,C17orf47,284083,5655,3,66.85588082889
A,CACNA1C,775,3406,3,40.2672201774004
A,ZNF474,133923,4892,3,57.8353614526843
A,CDH5,1003,4923,3,58.2018569974581
A,VWA3A,146177,7970,3,94.2248223176398
A,FBXL12,54850,7155,3,84.5895362211685
A,PLAC8L1,153770,8174,3,96.6365994509897
A,CCL7,6354,5073,3,59.9752225366859
A,PEG10,23089,4427,3,52.337928281078
A,GZMA,3001,7005,3,82.8161706819406
A,STARD7,56910,7382,3,87.2732294038666
A,GLOD4,51031,8583,3,101.471976154618
A,AGA,175,5267,3,62.2687753007539
A,OR11A1,26531,8567,3,101.282817163767
A,NARS2,79731,6820,3,80.6290198502263
A,OR2M2,391194,7795,3,92.1558958552073
A,CRNN,49860,5385,3,63.6638228582798
A,RABAC1,10567,6673,3,78.891121621783
A,THSD7B,80731,9067,3,107.19403562786
A,OR6X1,390260,6620,3,78.2645324645891
A,LOXL2,4017,4599,3,54.3713874327259
A,ARL11,115761,7727,3,91.3519701440907
A,DLG3,1741,8250,3,97.5351046575318
A,KBTBD4,55709,6704,3,79.2576171665568
A,TBC1D24,57465,3916,3,46.2966630107751
A,PKD2,5311,2597,3,30.7028687024982
A,ZNF579,163033,9059,3,107.099456132434
A,PGAP3,93210,6488,3,76.7039707900686
A,MYL7,58498,7760,3,91.7421105627208
A,KRBA2,124751,9638,3,113.944647113854
A,APOBEC1,339,7896,3,93.3499619849541
A,CYP1A2,1544,7427,3,87.805239065635
A,MTFR1L,56181,8140,3,96.2346365954314
A,INTS6,26512,2434,3,28.7758114832039
A,METTL7A,25840,8707,3,102.937958333713
A,NOTCH2,4853,2906,3,34.3560017133076
A,ADAMTS12,81792,8126,3,96.0691224784368
A,HGC6.3,100128124,7081,3,83.7146758884827
A,TSHR,7253,4745,3,56.097463224241
A,RSPH4A,345895,3100,3,36.6495544773756
A,OR51B2,79345,3625,3,42.8563338646731
A,CSTL1,128817,5075,3,59.9988674105423
A,ZNF223,7766,6144,3,72.6370524867728
A,C1R,715,7384,3,87.296874277723
A,ZNF705D,728957,3085,3,36.4722179234528
A,OR5W2,390148,4458,3,52.7044238258517
A,SREK1IP1,285672,6957,3,82.2486937093877
A,LYZL6,57151,9194,3,108.695485117739
A,RDH16,8608,4878,3,57.6698473356897
A,KCNK5,8645,7083,3,83.7383207623391
A,GADL1,339896,8943,3,105.728053448764
A,P2RY12,64805,7401,3,87.4978557055021
A,NME8,51314,8619,3,101.897583884032
A,CLDN24,100132463,4381,3,51.7940961823814
A,SRL,6345,7873,3,93.0780459356058
A,ATP13A5,344905,7041,3,83.2417784113553
A,FAHD1,81889,8248,3,97.5114597836754
A,C5AR1,728,6689,3,79.080280612634
A,PGK2,5232,5121,3,60.5426995092388
A,STAR,6770,7747,3,91.5884188826544
A,HTR1A,3350,9700,3,114.677638203401
A,PSG3,5671,1957,3,23.1365090684594
A,B4GALT6,9331,5038,3,59.5614372441994
A,RPUSD3,285367,3668,3,43.364698652585
A,DUS2,54920,6213,3,73.4528006348176
A,CRABP2,1382,5939,3,70.2134529164947
A,MRPS16,51021,5479,3,64.7751319295293
A,TENM1,10178,2854,3,33.7412349930419
A,CDH10,1008,7008,3,82.8516379927252
A,MEMO1,51072,6369,3,75.2971007956145
A,GIN1,54826,5676,3,67.1041520043819
A,GDE1,51573,9449,3,111.710206534426
A,GPHN,10243,5516,3,65.2125620958722
A,RGPD8,727851,2156,2,25.4891740171683
A,HYAL3,8372,4426,3,52.3261058441498
A,IFT57,55081,5848,3,69.1376111560298
A,NFYC,4802,5343,3,63.167280507296
A,CAPNS1,826,5132,3,60.6727463154489
A,PHC1,1911,6014,3,71.1001356861086
A,FDCSP,260436,6665,3,78.7965421263575
A,IFIH1,64135,4326,3,51.1438621513312
A,CD226,10666,5363,3,63.4037292458598
A,RPL4,6124,3793,3,44.8425032686083
A,ACTL7A,10881,4298,3,50.812833917342
A,KRT27,342574,5060,3,59.8215308566195
A,NOS1AP,9722,7884,3,93.2080927418158
A,DEFB108B,245911,5035,3,59.5259699334149
A,DNAH8,1769,7638,3,90.2997732574822
A,ADAM21,8747,8071,3,95.4188884473866
A,LOC285423,285423,6332,3,74.8596706292717
A,POLR2A,5430,8320,3,98.3626752425048
A,ADAMTS6,11174,7638,3,90.2997732574822
A,ANKZF1,55139,5069,3,59.9279327889732
A,ONECUT2,9480,4220,3,49.8906838369435
A,ICOS,29851,6943,3,82.0831795923931
A,CPB2,1361,6358,3,75.1670539894045
A,NEUROG3,50674,7844,3,92.7351952646884
A,KRTAP16-1,100505753,8149,3,96.3410385277851
A,POMC,5443,3671,3,43.4001659633696
A,OR2V1,26693,6788,3,80.2507018685243
A,WASHC5,9897,6245,3,73.8311186165195
A,TTC37,9652,3431,3,40.562781100605
A,OR6Q1,219952,7828,3,92.5460362738374
A,AZIN1,51582,7992,3,94.4849159300599
A,VIM,7431,6710,3,79.3285517881259
A,SSR4,6748,6870,3,81.2201416966356
A,NPDC1,56654,4779,3,56.4994260797993
A,NTN4,59277,2622,3,30.9984296257028
A,KRT3,3850,7465,3,88.254491668906
A,LIN28B,389421,7385,3,87.3086967146512
A,MYOM3,127294,6604,3,78.0753734737382
A,CAPN14,440854,6279,3,74.2330814720778
A,UQCC3,790955,8000,3,94.5794954254854
A,OR51B5,282763,7315,3,86.4811261296782
A,ASB15,142685,8852,3,104.6522116883
A,SGIP1,84251,8949,3,105.798988070334
A,PRKAA1,5562,7858,3,92.900709381683
A,LPAR3,23566,7024,3,83.0407969835762
A,TSPAN32,10077,5276,3,62.3751772331076
A,MLANA,2315,4672,3,55.2344253284835
A,HIST1H2BN,8341,5363,3,63.4037292458598
A,APCS,325,6959,3,82.2723385832441
A,GNG3,2785,8019,3,94.8041217271209
A,HDAC4,9759,8478,3,100.230620277158
A,RNF208,727800,4161,3,49.1931600581806
A,L2HGDH,79944,7144,3,84.4594894149584
A,ITGA2B,3674,4678,3,55.3053599500526
A,OR51B4,79339,7714,3,91.1982784640243
A,EXOC3L2,90332,5194,3,61.4057374049964
A,RGS9,8787,6820,3,80.6290198502263
A,MUC12,10071,5389,3,63.7111126059926
A,REV3L,5980,4472,3,52.8699379428463
A,CD300LG,146894,3061,3,36.1884794371763
A,KIAA1671,85379,4869,3,57.563445403336
A,EML1,2009,5476,3,64.7396646187447
A,SLC41A1,254428,7467,3,88.2781365427624
A,VAMP3,9341,5427,3,64.1603652092636
A,MED13L,23389,7558,3,89.3539783032273
A,UAP1L1,91373,4406,3,52.0896571055861
A,TMEM116,89894,5818,3,68.7829380481842
A,EMC8,10328,5236,3,61.9022797559802
A,SMYD2,56950,3608,3,42.6553524368939
A,RDX,5962,4369,3,51.6522269392432
A,PWWP2A,114825,5669,3,67.0213949458846
A,HK3,3101,6235,3,73.7128942472377
A,KRTAP19-8,728299,4501,3,53.2127886137637
A,POLA2,23649,5810,3,68.6883585527588
A,PGA5,5222,7565,3,89.4367353617246
A,SCG2,7857,4814,3,56.9132113722858
A,ZNF728,388523,7019,3,82.9816847989352
A,ACRV1,56,6613,3,78.1817754060918
A,GPR78,27201,6906,3,81.6457494260503
A,SRPX2,27286,4015,3,47.4670842666655
A,TPSD1,23430,8171,3,96.6011321402051
A,PANK2,80025,6707,3,79.2930844773413
A,SLC9A4,389015,8773,3,103.718239170973
A,ELOVL5,60481,4665,3,55.1516682699862
A,GLCE,26035,8173,3,96.6247770140615
A,CRELD1,78987,3839,3,45.3863353673048
A,XRCC1,7515,9393,3,111.048150066448
A,RFWD2,64326,4118,3,48.6847952702686
A,LMAN1L,79748,8228,3,97.2750110451117
A,PGM2,55276,6727,3,79.529533215905
A,ZBTB32,27033,6483,3,76.6448586054277
A,FRMPD1,22844,3319,3,39.2386681646483
A,GPRC5D,55507,10117,3,119.607594402454
A,SMG8,55181,7663,3,90.5953341806868
A,AATK,9625,3432,3,40.5746035375332
A,WDR66,144406,3764,3,44.4996525976909
A,AK7,122481,4910,3,58.0481653173916
A,SHMT2,6472,4991,3,59.0057827085747
A,SRRM1,10250,5762,3,68.1208815802059
A,HSD17B6,8630,1999,3,23.6330514194432
A,GNB1L,54584,6189,3,73.1690621485411
A,C1orf131,128061,5118,3,60.5072321984543
A,RGS5,8490,5617,3,66.4066282256189
A,SYPL2,284612,7027,3,83.0762642943607
A,KRT15,3866,6492,3,76.7512605377814
A,AGPAT1,10554,7047,3,83.3127130329244
A,RNASE9,390443,6428,3,75.9946245743775
A,HTN1,3346,6255,3,73.9493429858014
A,LBR,3930,2517,3,29.7570737482433
A,MAP9,79884,5074,3,59.9870449736141
A,SMAD7,4092,4666,3,55.1634907069143
A,ACD,65057,5336,3,63.0845234487988
A,CHML,1122,4332,3,51.2147967729003
A,PDE7B,27115,4572,3,54.0521816356649
A,CAMKV,79012,6076,3,71.8331267756561
A,RNMT,8731,3482,3,41.1657253839425
A,LIX1,167410,5568,3,65.8273288161378
A,P2RX3,5024,5464,3,64.5977953756065
A,IMP4,92856,2883,3,34.0840856639593
A,RNF144B,255488,6650,3,78.6192055724347
A,CC2D2B,387707,4728,3,55.8964817964619
A,ARHGAP22,58504,4786,3,56.5821831382966
A,LIPJ,142910,7028,3,83.0880867312889
A,ANTXRL,195977,3942,3,46.6040463709079
A,SLC13A1,6561,6344,3,75.0015398724099
A,CCNG1,900,3710,3,43.8612410035688
A,MAMDC2,256691,4480,3,52.9645174382718
A,TMCO5A,145942,7925,3,93.6928126558714
A,TRIM39-RPP21,202658,5218,3,61.6894758912728
A,OTOS,150677,8234,3,97.3459456666808
A,NOC3L,64318,6136,3,72.5424729913473
A,CSNK2A1,1457,6423,3,75.9355123897366
A,TTC21B,79809,4386,3,51.8532083670224
A,PYGO1,26108,6849,3,80.9718705211437
A,UGT1A9,54600,10972,3,129.715777976053
A,CYP2C8,1558,7300,3,86.3037895757554
A,OR2B11,127623,7679,3,90.7844931715378
A,SLN,6588,4847,3,57.303351790916
A,PCDH18,54510,7748,3,91.6002413195826
A,GRHL2,79977,11533,3,136.348165092765
A,ACP5,54,4522,3,53.4610597892556
A,AMOTL2,51421,3227,3,38.1510039672552
A,TP53TG3,24150,6074,3,71.8094819017998
A,ARHGEF40,55701,6083,3,71.9158838341534
A,NKX2-1,7080,9141,3,108.068895960545
A,ZSCAN16,80345,4959,3,58.6274647268727
A,GATAD2B,57459,5185,3,61.2993354726427
A,TMEM253,643382,6161,3,72.8380339145519
A,PRCP,5547,7150,3,84.5304240365276
A,RTKN,6242,5605,3,66.2647589824807
A,AHDC1,27245,10774,3,127.374935464272
A,GSTA4,2941,9777,3,115.587965846871
A,IFT122,55764,6444,3,76.1837835652285
A,UNC93A,54346,6919,3,81.7994411061167
A,ADAMTS4,9507,7042,3,83.2536008482835
A,TAS2R5,54429,9119,3,107.808802348125
A,RORC,6097,6212,3,73.4409781978894
A,TFPI,7035,5768,3,68.191816201775
A,SLC16A9,220963,3336,3,39.4396495924274
A,MRPS35,60488,5160,3,61.0037745494381
A,C14orf132,56967,5053,3,59.7387737981222
A,COL4A2-AS2,100129836,6070,3,71.762192154087
A,SHB,6461,10574,3,125.010448078635
A,LRRC56,115399,5920,3,69.9888266148592
A,TMEM234,56063,4921,3,58.1782121236017
A,TMEM242,729515,2715,3,32.0979162600241
A,ATXN3,4287,7271,3,85.960938904838
A,URB2,9816,6579,3,77.7798125505335
A,GP9,2815,6903,3,81.6102821152657
A,LAIR1,3903,2960,3,34.9944133074296
A,OR10H3,26532,4286,3,50.6709646742038
A,C2orf27B,408029,5411,3,63.9712062184127
A,ZNF534,147658,6880,3,81.3383660659174
A,KDM4C,23081,7001,3,82.7688809342279
A,OR2H1,26716,3167,3,37.441657751564
A,SLC3A1,6519,3367,3,39.8061451372012
A,AWAT2,158835,6995,3,82.6979463126588
A,TMED8,283578,5046,3,59.6560167396249
A,KRT84,3890,6099,3,72.1050428250044
A,LIN7A,8825,4550,3,53.7920880232448
A,LILRB5,10990,10679,3,126.251803956095
A,LILRA2,11027,2263,2,26.7541747684842
A,OR10Z1,128368,5904,3,69.7996676240082
A,NANOGNB,360030,6200,3,73.2991089547512
A,ANKRD34B,340120,4953,3,58.5565301053036
A,TOR2A,27433,4231,3,50.0207306431536
A,COL7A1,1294,4275,3,50.5409178679938
A,DLEC1,9940,3872,3,45.7764757859349
A,FLRT1,23769,5352,3,63.2736824396497
A,LRAT,9227,6795,3,80.3334589270216
A,IRF3,3661,6111,3,72.2469120681426
A,TMEM141,85014,1967,3,23.2547334377412
A,STRA6,64220,6939,3,82.0358898446804
A,CLDN15,24146,6233,3,73.6892493733813
A,TTLL2,83887,5801,3,68.5819566204051
A,IFNA6,3443,5194,3,61.4057374049964
A,HMGN1,3150,1401,3,16.5632341363881
A,CHIT1,1118,5423,3,64.1130754615509
A,KRT36,8689,8572,3,101.341929348408
A,AMPD2,271,1284,3,15.1800090157904
A,DYNLRB2,83657,3189,3,37.7017513639841
A,TM9SF1,10548,7539,3,89.1293520015918
A,ICAM4,3386,4501,3,53.2127886137637
A,CPOX,1371,4279,3,50.5882076157065
A,GTF2H1,2965,4046,3,47.8335798114392
A,LZTS3,9762,2048,3,24.2123508289243
A,VPS51,738,5368,3,63.4628414305007
A,ZNF155,7711,7403,3,87.5215005793585
A,MAP3K3,4215,3742,3,44.2395589852708
A,COL9A1,1297,5042,3,59.6087269919122
A,ZNF528,84436,4371,3,51.6758718130996
A,ZNF160,90338,7448,3,88.0535102411269
A,CTBS,1486,3584,3,42.3716139506174
A,MAGEB5,347541,6057,3,71.6085004740206
A,CNRIP1,25927,6050,3,71.5257434155233
A,MGP,4256,4717,3,55.7664349902518
A,SEC11C,90701,5299,3,62.6470932824559
A,GATB,5188,5703,3,67.4233578014429
A,PIGO,84720,10760,3,127.209421347278
A,WDYHV1,55093,4663,3,55.1280233961298
A,SPATA32,124783,5735,3,67.8016757831448
A,DOHH,83475,1913,3,22.6163218436192
A,PIGL,9487,7011,3,82.8871053035097
A,PDCD6IP,10015,2978,3,35.2072171721369
A,MAPRE3,22924,1545,3,18.2656650540469
A,FAM53B,9679,2916,3,34.4742260825894
A,PSPC1,55269,5108,3,60.3890078291724
A,SYT15,83849,4000,3,47.2897477127427
A,GPR89B,51463,3746,3,44.2868487329835
A,MS4A4A,51338,6907,3,81.6575718629784
A,DNAJC24,120526,11175,3,132.115732672475
A,RNF187,149603,2021,3,23.8931450318632
A,TIMP4,7079,4041,3,47.7744676267983
A,LDHB,3945,7823,3,92.4869240891965
A,ZNF829,374899,5684,3,67.1987314998074
A,MCHR2,84539,4936,3,58.3555486775245
A,MRNIP,51149,3956,3,46.7695604879025
A,BAD,572,4313,3,50.9901704712648
A,KRT28,162605,6485,3,76.6685034792841
A,CCL16,6360,5945,3,70.2843875380638
A,HES3,390992,7346,3,86.847621674452
A,MED7,9443,4843,3,57.2560620432032
A,FBXO6,26270,3000,3,35.467310784557
A,CUL2,8453,3819,3,45.1498866287411
A,TSPAN7,7102,3413,3,40.3499772358977
A,NDUFA5,4698,1482,3,17.5208515275712
A,UHRF2,115426,2153,3,25.4537067063838
A,FSD1L,83856,4333,3,51.2266192098285
A,KIF11,3832,2818,3,33.3156272636272
A,C7orf65,401335,5548,3,65.5908800775741
A,NKIRAS1,28512,2757,3,32.5944586110079
A,NDUFB2,4708,2459,3,29.0713724064086
A,SLC35B1,10237,2091,3,24.7207156168362
A,SMYD3,64754,4876,3,57.6462024618333
A,FZD4,8322,1927,3,22.7818359606138
A,RLF,6018,3243,3,38.3401629581061
A,PDGFC,56034,1563,3,18.4784689187542
A,FBXO11,80204,946,3,11.1840253340636
A,MLYCD,23417,1314,3,15.534682123636
A,ZNF597,146434,5285,3,62.4815791654613
A,FAM120B,84498,4897,3,57.8944736373252
A,RAB14,51552,4315,3,51.0138153451212
A,PDIA3,2923,4380,3,51.7822737454532
A,CCDC88A,55704,3280,3,38.777593124449
A,PRAP1,118471,3568,3,42.1824549597665
A,KRTAP10-12,386685,4140,3,48.9448888826887
A,KRTAP10-6,386674,4561,3,53.9221348294549
A,KRTAP10-4,386672,5813,3,68.7238258635433
A,RPS20,6224,2567,3,30.3481955946526
A,VMO1,284013,3909,3,46.2139059522778
A,CTSF,8722,2476,3,29.2723538341877
A,BMT2,154743,879,3,10.3919220598752
A,SAP30,8819,5509,3,65.1298050373749
A,MOSPD1,56180,2546,3,30.0999244191607
A,HNRNPA1L2,144983,2093,3,24.7443604906926
A,CALML5,51806,2669,3,31.5540841613276
A,MOB4,25843,7492,3,88.5736974659671
A,C2CD2L,9854,453,3,5.35556392846811
A,GRPR,2925,2357,3,27.8654838397336
A,CD46,4179,4403,3,52.0541897948015
A,MTMR4,9110,1778,3,21.0202928583141
A,PAG1,55824,1849,3,21.8596858802153
A,TM2D1,83941,2676,3,31.6368412198249
A,ITGBL1,9358,3660,3,43.2701191571596
A,EWSR1,2130,3155,3,37.2997885084258
A,COA1,55744,3562,3,42.1115203381974
A,GAB1,2549,2657,3,31.4122149181893
A,TMEM64,169200,6260,3,74.0084551704423
A,LMF2,91289,1414,3,16.7169258164545
A,USP27X,389856,6389,3,75.5335495341783
A,IRS1,3667,2213,3,26.1630529220749
A,LTBP2,4053,3786,3,44.759746210111
A,TRMT10A,93587,3068,3,36.2712364956736
A,PGM5,5239,1293,3,15.2864109481441
A,GAPDH,2597,2361,3,27.9127735874464
A,APLNR,187,3027,3,35.786516581618
A,MRPL57,78988,952,3,11.2549599556328
A,CCDC38,120935,1777,3,21.0084704213859
A,PRKAG1,5571,4579,3,54.1349386941622
A,ANKRD11,29123,3082,3,36.4367506126682
A,NLGN4Y,22829,1710,3,20.2163671471975
A,CTC1,80169,5053,3,59.7387737981222
A,FOXF2,2295,1794,3,21.2094518491651
A,YWHAQ,10971,1710,3,20.2163671471975
A,KRTAP10-3,386682,2783,3,32.9018419711407
A,RAB38,23682,3466,3,40.9765663930915
A,C3orf58,205428,958,3,11.3258945772019
A,CDC42SE1,56882,3929,3,46.4503546908415
A,OVCH2,341277,4654,3,55.0216214637761
A,GRIK1,2897,10653,3,125.944420595962
A,OR6K3,391114,5539,3,65.4844781452204
A,APEH,327,3442,3,40.6928279068151
A,FAM200A,221786,8873,3,104.900482863791
A,C15orf48,84419,6268,3,74.1030346658678
A,LST1,7940,4036,3,47.7153554421574
A,ERMAP,114625,1965,3,23.2310885638848
A,UBTD1,80019,2557,3,30.2299712253708
A,SLC25A48,153328,3680,3,43.5065678957233
A,GOLGA7B,401647,1772,3,20.949358236745
A,AKAP2,11217,2612,2,30.880205256421
A,SOX9,6662,4669,3,55.1989580176989
A,EXT2,2132,6364,3,75.2379886109736
A,OR8H3,390152,4655,3,55.0334439007043
A,C2orf83,56918,4679,3,55.3171823869808
A,CCL3L3,414062,5472,3,64.692374871032
A,NAP1L2,4674,2577,3,30.4664199639345
A,ERCC1,2067,7582,3,89.6377167895038
A,CENPN,55839,5162,3,61.0274194232944
A,SEC14L1,6397,3356,3,39.6760983309911
A,SNX1,6642,5307,3,62.7416727778814
A,SYBU,55638,3717,3,43.9439980620661
A,GRIA4,2893,5491,3,64.9170011726675
A,TPK1,27010,5262,3,62.209663116113
A,FAR2,55711,5045,3,59.6441943026967
A,WDR74,54663,5344,3,63.1791029442242
A,GCLC,2729,7275,3,86.0082286525508
A,PI4K2B,55300,3879,3,45.8592328444322
A,SELP,6403,1728,3,20.4291710119048
A,FIS1,51024,4169,3,49.2877395536061
A,FAM76A,199870,4109,3,48.5783933379149
A,SEC24C,9632,4608,3,54.4777893650796
A,RPL21,6144,7577,3,89.5786046048628
A,C16orf47,388289,7047,3,83.3127130329244
A,C3orf20,84077,4616,3,54.5723688605051
A,ABCF3,55324,5995,3,70.8755093844731
A,CCR8,1237,8903,3,105.255155971637
A,ALDH3A1,218,5038,3,59.5614372441994
A,OR6C3,254786,5764,3,68.1445264540622
A,MRPS28,28957,6002,3,70.9582664429704
A,LIPI,149998,4354,3,51.4748903853204
A,ACTG1,71,2046,3,24.1887059550679
A,ZNF692,55657,7097,3,83.9038348793337
A,LTB,4050,6921,3,81.823085979973
A,ATAD2B,54454,5657,3,66.8795257027464
A,PEX2,5828,6348,3,75.0488296201227
A,PALMD,54873,6510,3,76.9640644024887
A,PTPN4,5775,4337,3,51.2739089575413
A,DUSP28,285193,5330,3,63.0135888272296
A,MRPL45,84311,6470,3,76.4911669253613
A,NDUFA4,4697,7934,3,93.7992145882251
A,SDHAF2,54949,3379,3,39.9480143803394
A,OR5M3,219482,4755,3,56.2156875935229
A,NTF3,4908,7419,3,87.7106595702095
A,C17orf105,284067,6861,3,81.1137397642819
A,BTBD8,284697,3902,3,46.1311488937805
A,GPR1,2825,5405,3,63.9002715968436
A,ATP1A4,480,4223,3,49.9261511477281
A,ZNF100,163227,3431,3,40.562781100605
A,DDX39B,7919,6961,3,82.2959834571005
A,TSSK3,81629,4786,3,56.5821831382966
A,FBXO15,201456,5547,3,65.5790576406459
A,TTC25,83538,7090,3,83.8210778208364
A,STAG3,10734,3622,3,42.8208665538885
A,NPPA,4878,7038,3,83.2063111005708
A,AGGF1,55109,5167,3,61.0865316079354
A,FFAR3,2865,6706,3,79.2812620404131
A,CLSPN,63967,5777,3,68.2982181341286
A,SPATC1,375686,3259,3,38.5293219489571
A,TCP10,6953,9557,3,112.98702972267
A,SPATA6L,55064,3853,3,45.5518494842994
A,BAGE2,85319,3081,1,36.4249281757401
A,RBM5,10181,7089,3,83.8092553839082
A,CNKSR1,10256,4371,3,51.6758718130996
A,HINFP,25988,8346,3,98.6700586026376
A,ACMSD,130013,6818,3,80.6053749763699
A,CNOT4,4850,4116,3,48.6611503964122
A,TMEM68,137695,6460,3,76.3729425560794
A,NRN1,51299,7961,3,94.1184203852861
A,RNF146,81847,7000,3,82.7570584972997
A,HAUS1,115106,4509,3,53.3073681091892
A,KRT18,3875,4196,3,49.6069453506671
A,SYF2,25949,5730,3,67.7425635985039
A,OR5D16,390144,6026,3,71.2420049292469
A,KLF4,9314,5211,3,61.6067188327755
A,MT1F,4494,7854,3,92.8534196339703
A,KIAA1755,85449,6583,3,77.8271022982463
A,QKI,9444,5177,3,61.2047559772172
A,PECAM1,5175,6164,3,72.8735012253365
A,HSD17B14,51171,6241,3,73.7838288688068
A,GNGT1,2792,6081,3,71.8922389602971
A,MBD5,55777,7214,3,85.2870599999314
A,MAST1,22983,5114,3,60.4599424507415
A,JAZF1,221895,5273,3,62.3397099223231
A,CFAP58,159686,7832,3,92.5933260215502
A,PRND,23627,6650,3,78.6192055724347
A,VEPH1,79674,4524,3,53.484704663112
A,UBXN1,51035,2688,3,31.7787104629631
A,SLBP,7884,7081,3,83.7146758884827
A,NR3C1,2908,4481,3,52.9763398752
A,EXOSC4,54512,6449,3,76.2428957498694
A,SDC1,6382,5107,3,60.3771853922442
A,FAM180A,389558,5690,3,67.2696661213765
A,PLA2G15,23659,4473,3,52.8817603797745
A,TTLL8,164714,7479,3,88.4200057859006
A,DYNC1I1,1780,7594,3,89.779586032642
A,NREP,9315,5104,3,60.3417180814597
A,SYNCRIP,10492,5295,3,62.5998035347431
A,KCTD8,386617,3740,3,44.2159141114144
A,C1orf54,79630,4182,3,49.4414312336725
A,ZBTB43,23099,4450,3,52.6098443304262
A,ZNF8,7554,5093,3,60.2116712752496
A,ISG20,3669,10096,3,119.359323226963
A,SERPINB3,6317,4804,3,56.794987003004
A,GRAMD1B,57476,6852,3,81.0073378319282
A,GDAP1,54332,3538,3,41.8277818519209
A,LPAR4,2846,7988,3,94.4376261823471
A,SLC6A8,6535,5024,3,59.3959231272048
A,CT55,54967,8126,3,96.0691224784368
A,LMF1,64788,4255,3,50.30446912943
A,OR1L4,254973,6052,3,71.5493882893797
A,KIRREL,55243,4695,3,55.5063413778317
A,ZNF444,55311,5426,3,64.1485427723355
A,FAM237A,200726,4836,3,57.1733049847059
A,DEFB110,245913,3869,3,45.7410084751504
A,OR6N1,128372,9413,3,111.284598805012
A,CDRT1,374286,5339,3,63.1199907595833
A,ANKUB1,389161,6060,3,71.6439677848052
A,WTH3DI,150786,6800,3,80.3925711116626
A,RAB6C,84084,6115,3,72.2942018158554
A,GGTLC2,91227,5466,3,64.6214402494629
A,TXNL1,9352,6776,3,80.1088326253861
A,TAF2,6873,6167,3,72.908968536121
A,XPA,7507,3853,3,45.5518494842994
A,GPRC5B,51704,5165,3,61.062886734079
A,ISL2,64843,6905,3,81.6339269891221
A,ARHGEF7,8874,5409,3,63.9475613445563
A,BNIP1,662,4608,3,54.4777893650796
A,TLL1,7092,8054,3,95.2179070196074
A,SERPINA11,256394,9248,3,109.333896711861
A,MCMDC2,157777,5270,3,62.3042426115385
A,KRTAP10-5,386680,6929,3,81.9176654753985
A,ZNF675,171392,4534,3,53.6029290323938
A,LOC284108,284108,5453,3,64.4677485693965
A,PATE2,399967,7854,3,92.8534196339703
A,CCL24,6369,5562,3,65.7563941945687
A,CELF3,11189,1952,3,23.0773968838184
A,ZCRB1,85437,6716,3,79.399486409695
A,OR13J1,392309,3126,3,36.9569378375084
A,RIPOR3,140876,5183,3,61.2756905987863
A,DNASE1L3,1776,3402,3,40.2199304296877
A,SOGA1,140710,4117,3,48.6729728333404
A,RBFOX3,146713,7015,3,82.9343950512225
A,DRC7,84229,4154,3,49.1104029996833
A,FAM49A,81553,3747,3,44.2986711699117
A,APOA5,116519,6495,3,76.7867278485659
A,ZNF99,7652,5443,3,64.3495242001146
A,ZNF680,340252,6968,3,82.3787405155978
A,ZNF506,440515,8016,3,94.7686544163363
A,ZNF92,168374,6682,3,78.9975235541367
A,ZNF493,284443,5125,3,60.5899892569516
A,ZNF91,7644,5229,3,61.8195226974829
A,KALRN,8997,4947,3,58.4855954837345
A,ARMC12,221481,3851,3,45.528204610443
A,IGFL3,388555,5263,3,62.2214855530412
A,AIM2,9447,5925,3,70.0479387995001
A,ITIH1,3697,6242,3,73.795651305735
A,PRKCG,5582,4350,3,51.4276006376077
A,ADSSL1,122622,5052,3,59.726951361194
A,ABCA13,154664,4483,3,52.9999847490564
A,SLIT1,6585,3432,3,40.5746035375332
A,CHL1,10752,3525,3,41.6740901718545
A,RGS7,6000,3739,3,44.2040916744862
A,THUMPD2,80745,4946,3,58.4737730468063
A,PPM1L,151742,5787,3,68.4164425034105
A,CEMIP,57214,2237,3,26.4467914083513
A,SYNPR,132204,2897,3,34.2495997809539
A,STX17,55014,2069,3,24.4606220044162
A,RHEBL1,121268,6520,3,77.0822887717706
A,KCNIP1,30820,8921,3,105.467959836344
A,ARID2,196528,4960,3,58.6392871638009
A,B4GALNT3,283358,4359,3,51.5340025699613
A,ENTPD5,957,3412,3,40.3381547989695
A,ANXA8,653145,4126,3,48.7793747656941
A,POLB,5423,4165,3,49.2404498058933
A,FAXC,84553,2614,3,30.9038501302774
A,FAM159B,100132916,5071,3,59.9515776628295
A,HRASLS,57110,2610,3,30.8565603825646
A,PRKN,5071,6379,3,75.4153251648964
A,ARID5A,10865,6146,3,72.6606973606291
A,CCT3,7203,4208,3,49.7488145938053
A,RUNDC1,146923,5043,3,59.6205494288403
A,MSI2,124540,4627,3,54.7024156667151
A,ELOA2,51224,4347,3,51.3921333268231
A,DNAH12,201625,4581,3,54.1585835680186
A,ARHGEF28,64283,2755,3,32.5708137371515
A,SET,6418,4970,3,58.7575115330828
A,PROSER3,148137,3814,3,45.0907744441002
A,C10orf128,170371,4511,3,53.3310129830456
A,GGA2,23062,4491,3,53.0945642444819
A,DDX60,55601,4403,3,52.0541897948015
A,RABL2B,11158,3686,3,43.5775025172924
A,C19orf57,79173,6531,3,77.2123355779806
A,GYG2,8908,6512,3,76.9877092763451
A,ZNF430,80264,4056,3,47.9518041807211
A,HYLS1,219844,3056,3,36.1293672525354
A,CCDC60,160777,5980,3,70.6981728305503
A,FLNC,2318,3296,3,38.9667521153
A,PGM1,5236,8399,3,99.2966477598315
A,PGGT1B,5229,6344,3,75.0015398724099
A,NUP107,57122,5317,3,62.8598971471632
A,MARC2,54996,5217,3,61.6776534543446
A,LDAH,60526,5212,3,61.6185412697037
A,FYTTD1,84248,4839,3,57.2087722954905
A,CAVIN3,112464,4997,3,59.0767173301438
A,CDK16,5127,4807,3,56.8304543137885
A,ACSL5,51703,3140,3,37.122451954503
A,TRIM73,375593,5432,3,64.2194773939046
A,NOS3,4846,5315,3,62.8362522733069
A,TESK2,10420,2349,3,27.7709043443081
A,TP53RK,112858,4937,3,58.3673711144527
A,CNTNAP4,85445,5342,3,63.1554580703679
A,MAFB,9935,5928,3,70.0834061102847
A,SMARCA1,6594,6657,3,78.701962630932
A,SMIM10L1,100129361,4569,3,54.0167143248803
A,IL22,50616,7271,3,85.960938904838
A,ZNF720,124411,5074,3,59.9870449736141
A,CTR9,9646,3773,3,44.6060545300445
A,LINC01862,105372267,8655,3,102.323191613447
A,MMACHC,25974,3627,3,42.8799787385294
A,KRTAP4-5,85289,3423,3,40.4682016051796
A,KRT6A,3853,5116,3,60.4835873245979
A,CHRNG,1146,3688,3,43.6011473911488
A,SRGAP2B,647135,5445,3,64.373169073971
A,GALK1,2584,2894,3,34.2141324701693
A,LRGUK,136332,2959,3,34.9825908705014
A,HPS5,11234,8309,3,98.2326284362947
A,HTR1B,3351,4475,3,52.9054052536309
A,ZKSCAN2,342357,1697,3,20.0626754671311
A,BLZF1,8548,7753,3,91.6593535042235
A,PYGL,5836,4121,3,48.7202625810532
A,PYDC2,152138,3807,3,45.0080173856029
A,CASQ2,845,7706,3,91.1036989685988
A,USP14,9097,6291,3,74.3749507152161
A,SPATA16,83893,4421,3,52.2669936595089
A,HSD11B2,3291,5631,3,66.5721423426135
A,EMC2,9694,6116,3,72.3060242527836
A,RS1,6247,5768,3,68.191816201775
A,EGFLAM,133584,7001,3,82.7688809342279
A,RAF1,5894,6893,3,81.4920577459838
A,INSM2,84684,5857,3,69.2440130883835
A,PTGES3,10728,7550,3,89.2593988078018
A,OR2A12,346525,4867,3,57.5398005294797
A,PTGER4,5734,3503,3,41.4139965594344
A,H2BFM,286436,4397,3,51.9832551732324
A,ARHGAP30,257106,4648,3,54.950686842207
A,NTMT1,28989,4520,3,53.4374149153992
A,FUBP1,8880,6192,3,73.2045294593257
A,VCX3A,51481,5549,3,65.6027025145023
A,MPP7,143098,5229,3,61.8195226974829
A,ZNF431,170959,2641,3,31.2230559273384
A,BTBD16,118663,5757,3,68.0617693955649
A,EPPIN,57119,6882,3,81.3620109397738
A,NKAIN4,128414,4514,3,53.3664802938301
A,SUMF1,285362,2954,3,34.9234786858605
A,PMM1,5372,3305,3,39.0731540476537
A,ZNF148,7707,5792,3,68.4755546880514
A,KIF24,347240,6077,3,71.8449492125843
A,PRPF31,26121,7311,3,86.4338363819655
A,CD1A,909,5814,3,68.7356483004715
A,CER1,9350,8960,3,105.929034876544
A,IDO1,3620,5704,3,67.4351802383711
A,IL27RA,9466,3356,3,39.6760983309911
A,PPP1R17,10842,8900,3,105.219688660852
A,FRMD4A,55691,5913,3,69.9060695563619
A,EVX1,2128,2931,3,34.6515626365122
A,ADPRHL1,113622,5475,3,64.7278421818166
A,SMG9,56006,6435,3,76.0773816328748
A,UBXN2B,137886,6218,3,73.5119128194585
A,PIM1,5292,6151,3,72.7198095452701
A,HYOU1,10525,7287,3,86.150097895689
A,SLC22A18AS,5003,4229,3,49.9970857692972
A,SNUPN,10073,4332,3,51.2147967729003
A,MESDC2,23184,4914,3,58.0954550651044
A,RASL10A,10633,3044,3,35.9874980093972
A,GAST,2520,3647,3,43.1164274770932
A,RXFP4,339403,6878,3,81.3147211920611
A,AR,367,2808,3,33.1974028943454
A,MATN2,4147,5057,3,59.7860635458349
A,ABI1,10006,4064,3,48.0463836761466
A,TMPRSS4,56649,9654,3,114.133806104704
A,SLC4A5,57835,7295,3,86.2446773911145
A,UBE2A,7319,4887,3,57.7762492680434
A,KRT85,3891,8241,3,97.4287027251781
A,FNDC11,79025,8585,3,101.495621028474
A,TRIM4,89122,6247,3,73.8547634903759
A,C10orf88,80007,5801,3,68.5819566204051
A,HERC2,8924,3593,3,42.4780158829711
A,HLA-C,3107,4059,3,47.9872714915056
A,ZNF628,89887,5073,3,59.9752225366859
A,SLC10A3,8273,3944,3,46.6276912447643
A,CAB39L,81617,4940,3,58.4028384252372
A,SLC25A33,84275,2710,3,32.0388040753832
A,WFIKKN1,117166,4988,3,58.9703153977901
A,ENHO,375704,3784,3,44.7361013362546
A,MMP16,4325,11842,3,140.001298103575
A,CHMP4A,29082,3260,3,38.5411443858853
A,PPIB,5479,4496,3,53.1536764291228
A,H1FX,8971,4759,3,56.2629773412356
A,KRTCAP2,200185,5136,3,60.7200360631616
A,LMCD1,29995,2352,3,27.8063716550927
A,TRPC1,7220,4263,3,50.3990486248555
A,CTNNA2,1496,4358,3,51.5221801330332
A,BMP6,654,5057,3,59.7860635458349
A,BAZ1A,11177,2881,3,34.0604407901029
A,INSIG2,51141,4097,3,48.4365240947767
A,NFATC1,4772,3417,3,40.3972669836104
A,PLEKHA1,59338,2911,3,34.4151138979485
A,HS3ST4,9951,3919,3,46.3321303215597
A,SALL2,6297,6628,3,78.3591119600146
A,IQSEC3,440073,4686,3,55.3999394454781
A,PROM2,150696,4751,3,56.1683978458101
A,UBXN2A,165324,2898,3,34.2614222178821
A,KDM1B,221656,4315,3,51.0138153451212
A,POMP,51371,4903,3,57.9654082588944
A,CDC123,8872,6542,3,77.3423823841907
A,GAD1,2571,5962,3,70.485368965843
A,QRFP,347148,6493,3,76.7630829747096
A,EREG,2069,3492,3,41.2839497532244
A,SLC15A3,51296,5044,3,59.6323718657685
A,FBXO16,157574,4853,3,57.3742864124851
A,SSTR3,6753,7791,3,92.1086061074946
A,TPX2,22974,5459,3,64.5386831909656
A,SCAP,22937,3970,3,46.9350746048971
A,R3HCC1L,27291,6873,3,81.2556090074201
A,SFTPD,6441,6647,3,78.5837382616502
A,OR1L3,26735,3285,3,38.8367053090899
A,BIN2,51411,5722,3,67.6479841030784
A,SGK2,10110,6597,3,77.9926164152409
A,STXBP5L,9515,4049,3,47.8690471222238
A,MFN2,9927,5423,3,64.1130754615509
A,DIO3,1735,4198,3,49.6305902245235
A,DNAJC5,80331,3192,3,37.7372186747687
A,FAM183A,440585,4188,3,49.5123658552416
A,HOXD13,3239,7605,3,89.909632838852
A,CREB3,10488,3847,3,45.4809148627303
A,TBC1D10B,26000,4454,3,52.657134078139
A,OR9I1,219954,5556,3,65.6854595729996
A,THOC3,84321,5016,3,59.3013436317793
A,PRR14,78994,5182,3,61.2638681618581
A,SWI5,375757,5926,3,70.0597612364283
A,FRMPD3,84443,4197,3,49.6187677875953
A,SLFN13,146857,5900,3,69.7523778762955
A,REM2,161253,6457,3,76.3374752452949
A,KRTAP4-12,83755,3023,3,35.7392268339053
A,GPR158,57512,4863,3,57.4925107817669
A,SGO2,151246,5347,3,63.2145702550088
A,TMEM100,55273,7096,3,83.8920124424055
A,XRCC4,7518,6074,3,71.8094819017998
A,TEX45,374877,5949,3,70.3316772857766
A,PLCZ1,89869,6473,3,76.5266342361459
A,RAB6A,5870,6886,3,81.4093006874865
A,IGF2BP1,10642,5160,3,61.0037745494381
A,PP2D1,151649,10851,3,128.285263107743
A,MDH1,4190,4482,3,52.9881623121282
A,LUZP1,7798,7805,3,92.2741202244891
A,DEFB127,140850,7459,3,88.1835570473369
A,TACR1,6869,4955,3,58.58017497916
A,CCDC180,100499483,4433,3,52.4088629026471
A,CCDC82,79780,6782,3,80.1797672469552
A,ADAM11,4185,8086,3,95.5962250013093
A,CLIP4,79745,6838,3,80.8418237149336
A,TAX1BP1,8887,4359,3,51.5340025699613
A,DECR1,1666,6372,3,75.3325681063991
A,SULT1B1,27284,4559,3,53.8984899555985
A,DNAJB13,374407,5551,3,65.6263473883587
A,DEFB136,613210,6429,3,76.0064470113057
A,PPID,5481,6595,3,77.9689715413845
A,RBM42,79171,8350,3,98.7173483503503
A,ADGRF2,222611,6026,3,71.2420049292469
A,DNTTIP1,116092,5346,3,63.2027478180806
A,PITX3,5309,6313,3,74.6350443276362
A,SERPINA7,6906,6011,3,71.0646683753241
A,ESYT3,83850,5202,3,61.5003169004219
A,CIAO1,9391,4053,3,47.9163368699365
A,ZNF705G,100131980,4003,3,47.3252150235272
A,RECQL,5965,6599,3,78.0162612890972
A,GPATCH2L,55668,3434,3,40.5982484113896
A,HOOK3,84376,3848,3,45.4927372996585
A,PRKCA,5578,6447,3,76.219250876013
A,TCERG1,10915,3268,3,38.6357238813108
A,C3orf36,80111,5091,3,60.1880264013933
A,KCMF1,56888,2297,3,27.1561376240425
A,LAMC2,3918,6084,3,71.9277062710816
A,PAX6,5080,4771,3,56.4048465843738
A,PPARG,5468,4535,3,53.614751469322
A,HSPH1,10808,6976,3,82.4733200110232
A,PLA2G4F,255189,4308,3,50.9310582866239
A,AQP2,359,3383,3,39.9953041280521
A,CATSPERB,79820,3885,3,45.9301674660013
A,ZFP42,132625,2823,3,33.3747394482682
A,LOC100506514,100506514,4927,3,58.2491467451708
A,OR8D2,283160,4284,3,50.6473198003474
A,SST,6750,5487,3,64.8697114249548
A,DVL3,1857,4734,3,55.967416418031
A,KRTAP4-1,85285,4038,3,47.7390003160137
A,PLA2G4A,5321,8610,3,101.791181951679
A,C4BPB,725,9814,3,116.025396013214
A,TMCO1,54499,4792,3,56.6531177598657
A,DEFB115,245929,5222,3,61.7367656389856
A,ITM2A,9452,5397,3,63.8056921014181
A,GYPA,2993,6874,3,81.2674314443483
A,SSX4,6759,5979,3,70.6863503936221
A,TFAP2D,83741,3734,3,44.1449794898453
A,BUD13,84811,4123,3,48.7439074549095
A,ACSM6,142827,4551,3,53.803910460173
A,SDS,10993,7151,3,84.5422464734557
A,OSBPL11,114885,4630,3,54.7378829774997
A,C11orf1,64776,8944,3,105.739875885693
A,MRPL52,122704,4285,3,50.6591422372756
A,C1RL,51279,10153,3,120.033202131869
A,ZNF827,152485,3883,3,45.906522592145
A,CYTIP,9595,6029,3,71.2774722400314
A,COG2,22796,2577,3,30.4664199639345
A,ZNF195,7748,3700,3,43.743016634287
A,AEN,64782,5878,3,69.4922842638754
A,BCO1,53630,6361,3,75.2025213001891
A,CFAP36,112942,2467,3,29.1659519018341
A,VMP1,81671,2729,3,32.2634303770187
A,CCP110,9738,4869,3,57.563445403336
A,EIF2S3,1968,3873,3,45.7882982228631
A,ACAT2,39,4097,3,48.4365240947767
A,SYTL4,94121,5981,3,70.7099952674785
A,CCDC126,90693,2899,3,34.2732446548103
A,AGAP4,119016,6075,3,71.821304338728
A,FAM71D,161142,5976,3,70.6508830828376
A,LRRC37A,9884,8915,3,105.397025214775
A,C1QC,714,10643,3,125.82619622668
A,TRIM71,131405,4348,3,51.4039557637513
A,SMPD3,55512,3840,3,45.398157804233
A,HNRNPCL2,440563,4686,3,55.3999394454781
A,PCDHGB2,56103,8763,3,103.600014801691
A,SHKBP1,92799,2916,3,34.4742260825894
A,FAM155A,728215,2602,3,30.7619808871391
A,POU2F1,5451,5776,3,68.2863956972004
A,CNIH4,29097,6675,3,78.9147664956394
A,TSPAN16,26526,4734,3,55.967416418031
A,CHRND,1144,1784,3,21.0912274798832
A,CUX2,23316,3720,3,43.9794653728507
A,BTK,695,4229,3,49.9970857692972
A,A1BG,1,4679,3,55.3171823869808
A,RGS11,8786,3189,3,37.7017513639841
A,WDR63,126820,3637,3,42.9982031078113
A,RLN3,117579,7003,3,82.7925258080843
A,GHRHR,2692,7467,3,88.2781365427624
A,TM7SF2,7108,3347,3,39.5696963986374
A,ADAMTSL5,339366,5312,3,62.8007849625223
A,NFAM1,150372,4309,3,50.9428807235521
A,FAM122C,159091,7669,3,90.6662688022559
A,HDAC5,10014,3493,3,41.2957721901526
A,GINM1,116254,3327,3,39.3332476600737
A,GCC2,9648,5377,3,63.5692433628544
A,SPATA24,202051,3936,3,46.5331117493388
A,ZCCHC10,54819,4785,3,56.5703607013684
A,RBPJ,3516,8247,3,97.4996373467472
A,RPS11,6205,7565,3,89.4367353617246
A,PCIF1,63935,4395,3,51.959610299376
A,NEURL4,84461,4575,3,54.0876489464495
A,NFU1,27247,2842,3,33.5993657499037
A,MED16,10025,1890,3,22.3444057942709
A,YARS2,51067,3977,3,47.0178316633944
A,MRPL46,26589,3628,3,42.8918011754576
A,INO80,54617,2871,3,33.9422164208211
A,GPR27,2850,3506,3,41.449463870219
A,OIP5,11339,6144,3,72.6370524867728
A,PRDX3,10935,3887,3,45.9538123398577
A,GLYR1,84656,5600,3,66.2056467978398
A,UBE2V2,7336,2160,3,25.5364637648811
A,LSM7,51690,2305,3,27.250717119468
A,DERL2,51009,3576,3,42.277034455192
A,TBC1D22B,55633,3403,3,40.2317528666158
A,LPCAT3,10162,4321,3,51.0847499666903
A,MRPS27,23107,4255,3,50.30446912943
A,FUT9,10690,5859,3,69.2676579622398
A,PRAMEF8,391002,8162,3,96.4947302078514
A,CLDN23,137075,6810,3,80.5107954809444
A,SLAMF8,56833,4600,3,54.3832098696541
A,RPS15,6209,4552,3,53.8157328971012
A,UBE3A,7337,4663,3,55.1280233961298
A,TNFRSF10A,8797,5630,3,66.5603199056853
A,PEG3,5178,4293,3,50.7537217327011
A,OR2AP1,121129,5256,3,62.1387284945439
A,UBTFL1,642623,5704,3,67.4351802383711
A,LOC100132813,100132813,4694,3,55.4945189409035
A,CEACAM19,56971,4851,3,57.3506415386287
A,HIBCH,26275,7352,3,86.9185562960211
A,ATXN3L,92552,5293,3,62.5761586608868
A,BTF3,689,5404,3,63.8884491599154
A,NPIPB5,100132247,5791,3,68.4637322511232
A,GNAI1,2770,3093,3,36.5667974188783
A,OR51Q1,390061,5333,3,63.0490561380142
A,NRXN2,9379,5933,3,70.1425182949256
A,OR8H1,219469,5173,3,61.1574662295045
A,HDHD3,81932,5748,3,67.9553674632112
A,RPS15A,6210,8000,3,94.5794954254854
A,TLK2,11011,5024,3,59.3959231272048
A,C10orf107,219621,4624,3,54.6669483559306
A,NDUFB3,4709,5112,3,60.4362975768852
A,GTPBP6,8225,8396,3,99.2611804490469
A,ZSCAN4,201516,3483,3,41.1775478208707
A,F7,2155,4802,3,56.7713421291476
A,NR2C2AP,126382,1293,3,15.2864109481441
A,SLC16A14,151473,3645,3,43.0927826032368
A,HIST1H2BM,8342,4300,3,50.8364787911984
A,ARHGAP29,9411,2767,3,32.7126829802898
A,TNRC18,84629,6286,3,74.3158385305751
A,NKAP,79576,4415,3,52.1960590379397
A,VPS45,11311,5450,3,64.4322812586119
A,PSMA1,5682,2387,3,28.2201569475792
A,VNN1,8876,5990,3,70.8163971998322
A,LMOD3,56203,5798,3,68.5464893096205
A,OR4K13,390433,4356,3,51.4985352591768
A,ANKRD28,23243,4598,3,54.3595649957977
A,TSNAXIP1,55815,8783,3,103.836463540255
A,TFAP2A,7020,5670,3,67.0332173828128
A,FAXDC2,10826,5298,3,62.6352708455277
A,CNOT10,25904,3479,3,41.130258073158
A,CYP26B1,56603,2875,3,33.9895061685338
A,CCSER2,54462,9148,3,108.151653019043
A,FAM198B,51313,7859,3,92.9125318186112
A,C10orf95,79946,5723,3,67.6598065400066
A,RNF10,9921,3879,3,45.8592328444322
A,RPGRIP1L,23322,4433,3,52.4088629026471
A,TRAF1,7185,4602,3,54.4068547435105
A,TNFSF13,8741,8599,3,101.661135145469
A,GPRC6A,222545,3535,3,41.7923145411363
A,CLSTN1,22883,3895,3,46.0483918352832
A,STMN1,3925,4416,3,52.2078814748679
A,RNF148,378925,4323,3,51.1083948405467
A,RGS7BP,401190,4230,3,50.0089082062254
A,RERG,85004,3990,3,47.1715233434608
A,ADAM15,8751,3911,3,46.2375508261342
A,HOXC12,3228,3502,3,41.4021741225062
A,TCEAL8,90843,4769,3,56.3812017105175
A,TAS2R20,259295,4651,3,54.9861541529916
A,CCDC179,100500938,5980,3,70.6981728305503
A,CPLX4,339302,6627,3,78.3472895230865
A,POSTN,10631,5275,3,62.3633547961794
A,TET2,54790,6553,3,77.4724291904007
A,TMPRSS11E,28983,7432,3,87.8643512502759
A,RFX8,731220,6458,3,76.3492976822231
A,OR10A5,144124,5536,3,65.4490108344359
A,ATPIF1,93974,3491,3,41.2721273162962
A,TNFSF14,8740,4059,3,47.9872714915056
A,CLEC16A,23274,4905,3,57.9890531327507
A,RPL31,6160,5734,3,67.7898533462166
A,VSTM5,387804,5072,3,59.9634000997577
A,KIR3DL3,115653,5032,2,59.4905026226303
A,APOC4,346,7733,3,91.4229047656598
A,PRR23D1,100131608,4854,3,57.3861088494132
A,B3GALNT1,8706,5322,3,62.9190093318042
A,SERPINA2,390502,8282,3,97.9134226392337
A,MS4A7,58475,3871,3,45.7646533490067
A,CASC3,22794,2821,3,33.3510945744118
A,METTL7B,196410,5724,3,67.6716289769348
A,EPHA1,2041,4375,3,51.7231615608123
A,VEGFA,7422,4238,3,50.1034877016509
A,GSTM2,2946,8812,3,104.179314211172
A,SH3RF3,344558,1894,3,22.3916955419837
A,TMEM62,80021,4279,3,50.5882076157065
A,PHF11,51131,4438,3,52.467975087288
A,COG7,91949,5106,3,60.365362955316
A,PRKDC,5591,5922,3,70.0124714887156
A,TTLL7,79739,2755,3,32.5708137371515
A,WDFY1,57590,2061,3,24.3660425089907
A,C6orf132,647024,3324,3,39.2977803492892
A,SLC30A4,7782,2477,3,29.2841762711159
A,ATP2A3,489,7423,3,87.7579493179223
A,PRDM12,59335,3522,3,41.6386228610699
A,ABCB6,10058,2861,3,33.8239920515392
A,GPR160,26996,2745,3,32.4525893678697
A,TMEM178B,100507421,4534,3,53.6029290323938
A,PTPN13,5783,5858,3,69.2558355253117
A,ZNF662,389114,4008,3,47.3843272081682
A,TBX5,6910,4206,3,49.7251697199489
A,UBE2Z,65264,4462,3,52.7517135735645
A,DCLK1,9201,5412,3,63.9830286553409
A,POR,5447,4324,3,51.1202172774748
A,COMMD9,29099,5159,3,60.9919521125099
A,TRAPPC3L,100128327,6098,3,72.0932203880762
A,SLC14A1,6563,7729,3,91.3756150179471
A,GCA,25801,2182,3,25.7965573773011
A,FRG2B,441581,8730,3,103.209874383061
A,CXCR3,2833,5048,3,59.6796616134813
A,C9orf172,389813,5328,3,62.9899439533733
A,PRR20A,122183,2060,3,24.3542200720625
A,FMO4,2329,6436,3,76.089204069803
A,JARID2,3720,4100,3,48.4719914055613
A,TGFB2,7042,5477,3,64.7514870556729
A,TAP2,6891,6371,3,75.3207456694709
A,ADNP,23394,6856,3,81.054627579641
A,OR10G2,26534,6408,3,75.7581758358138
A,RSF1,51773,7432,3,87.8643512502759
A,ZNF761,388561,7372,3,87.1550050345848
A,NANOS3,342977,7985,3,94.4021588715626
A,LOC284570,284570,3648,3,43.1282499140213
A,PPOX,5498,4418,3,52.2315263487243
A,MMP21,118856,6472,3,76.5148117992177
A,ITIH3,3699,5345,3,63.1909253811524
A,C10orf105,414152,4263,3,50.3990486248555
A,POLR3F,10621,6292,3,74.3867731521443
A,MED9,55090,3462,3,40.9292766453788
A,ENTHD1,150350,9532,3,112.691468799466
A,CRYBA2,1412,3608,3,42.6553524368939
A,NCKAP1L,3071,6752,3,79.8250941391097
A,FOLR3,2352,6100,3,72.1168652619326
A,RAMP3,10268,3763,3,44.4878301607627
A,LMAN1,3998,8862,3,104.770436057581
A,UGT1A8,54576,4683,3,55.3644721346935
A,MGEA5,10724,4009,3,47.3961496450964
A,TACC1,6867,6039,3,71.3956966093133
A,PCDH19,57526,4184,3,49.4650761075289
A,SCFD1,23256,4324,3,51.1202172774748
A,SMG6,23293,3752,3,44.3577833545526
A,FAM102A,399665,4743,3,56.0738183503846
A,NPAS3,64067,6542,3,77.3423823841907
A,TBCC,6903,3898,3,46.0838591460677
A,CAMSAP3,57662,3464,3,40.9529215192352
A,LY6G6C,80740,7321,3,86.5520607512473
A,THSD7A,221981,6135,3,72.5306505544191
A,TYROBP,7305,3005,3,35.5264229691979
A,HPSE,10855,4066,3,48.0700285500029
A,SLC38A6,145389,8128,3,96.0927673522932
A,PSME2,5721,5955,3,70.4026119073457
A,SIGLEC8,27181,3512,3,41.5203984917881
A,CNTN3,5067,7305,3,86.3629017603963
A,ERBB3,2065,6174,3,72.9917255946183
A,GRIA2,2891,3050,3,36.0584326309663
A,RIT2,6014,3876,3,45.8237655336477
A,WSCD1,23302,5481,3,64.7987768033857
A,CHRD,8646,4620,3,54.6196586082178
A,SYT17,51760,1561,3,18.4548240448978
A,OPRK1,4986,6231,3,73.6656044995249
A,FARP2,9855,3219,3,38.0564244718297
A,ELL2,22936,3965,3,46.8759624202562
A,SMS,6611,3466,3,40.9765663930915
A,NDRG2,57447,4659,3,55.0807336484171
A,C5orf58,133874,6870,3,81.2201416966356
A,CTSV,1515,3509,3,41.4849311810035
A,CCDC85A,114800,2328,3,27.5226331688162
A,ZSWIM6,57688,2753,3,32.5471688632952
A,TTC9,23508,6012,3,71.0764908122523
A,DEPDC7,91614,4386,3,51.8532083670224
A,NUP133,55746,6359,3,75.1788764263327
A,MAPK4,5596,1775,3,20.9848255475296
A,VAMP5,10791,8267,3,97.736086085311
A,C11orf65,160140,4629,3,54.7260605405715
A,HEXB,3074,6243,3,73.8074737426632
A,FDXR,2232,3045,3,35.9993204463254
A,PIK3R1,5295,7486,3,88.5027628443979
A,BACH2,60468,3055,3,36.1175448156072
A,SDCCAG3,10807,5818,3,68.7829380481842
A,FBXL17,64839,2060,3,24.3542200720625
A,MYO9B,4650,2106,3,24.898052170759
A,COG8,84342,2560,3,30.2654385361553
A,FXR2,9513,4639,3,54.8442849098533
A,PANO1,101927423,5237,3,61.9141021929084
A,HSD17B10,3028,9033,3,106.792072772301
A,SCIMP,388325,8624,3,101.956696068673
A,TMA16,55319,4317,3,51.0374602189776
A,WFDC10B,280664,3931,3,46.4739995646979
A,ZAP70,7535,3033,3,35.8574512031871
A,DNMT3B,1789,4064,3,48.0463836761466
A,KIF19,124602,4952,3,58.5447076683755
A,MYLK,4638,4766,3,56.3457343997329
A,C11orf58,10944,3264,3,38.588434133598
A,CTTNBP2,83992,6674,3,78.9029440587112
A,NLGN4X,57502,5115,3,60.4717648876697
A,ASH2L,9070,5724,3,67.6716289769348
A,SHISA3,152573,5134,3,60.6963911893053
A,MAIP1,79568,4903,3,57.9654082588944
A,SLC39A2,29986,6060,3,71.6439677848052
A,MT1X,4501,6922,3,81.8349084169012
A,TNFRSF14,8764,6161,3,72.8380339145519
A,LRP1B,53353,6799,3,80.3807486747344
A,RNF150,57484,3403,3,40.2317528666158
A,PSME3,10197,5423,3,64.1130754615509
A,PLXNA4,91584,2109,3,24.9335194815436
A,POLK,51426,4330,3,51.191151899044
A,TSSK1B,83942,4468,3,52.8226481951336
A,TMEM179,388021,6028,3,71.2656498031032
A,IBSP,3381,6431,3,76.0300918851621
A,TMEM92,162461,7969,3,94.2129998807116
A,C3,718,6229,3,73.6419596256686
A,MIPEP,4285,5493,3,64.9406460465239
A,PIGG,54872,1397,3,16.5159443886754
A,FXYD1,5348,7133,3,84.3294426087484
A,PTPDC1,138639,2216,3,26.1985202328594
A,NUP153,9972,4888,3,57.7880717049716
A,NAPSA,9476,6050,3,71.5257434155233
A,NPPC,4880,3322,3,39.2741354754328
A,EHD4,30844,6393,3,75.580839281891
A,RPTN,126638,5388,3,63.6992901690644
A,CYP11A1,1583,5314,3,62.8244298363787
A,CD300LF,146722,6162,3,72.8498563514801
A,UNC93B1,81622,3761,3,44.4641852869063
A,SLC40A1,30061,4365,3,51.6049371915305
A,USP38,84640,3852,3,45.5400270473712
A,GPR17,2840,3775,3,44.6296994039009
A,PNCK,139728,3356,3,39.6760983309911
A,COCH,1690,5946,3,70.296209974992
A,TRAPPC13,80006,3057,3,36.1411896894636
A,CRCT1,54544,5168,3,61.0983540448636
A,EPS8L3,79574,2972,3,35.1362825505678
A,RPS21,6227,4565,3,53.9694245771676
A,UGT1A7,54577,7327,3,86.6229953728164
A,SIGLEC12,89858,5542,3,65.519945456005
A,GLB1L,79411,8835,3,104.45123026052
A,FBXO21,23014,5448,3,64.4086363847555
A,PGS1,9489,4541,3,53.6856860908911
A,AMY1C,278,4929,2,58.2727916190272
A,CES3,23491,4471,3,52.8581155059181
A,LAIR2,3904,4148,3,49.0394683781142
A,PDGFA,5154,4437,3,52.4561526503598
A,LGI1,9211,4669,3,55.1989580176989
A,ZNF683,257101,2943,3,34.7934318796504
A,TRAF6,7189,4755,3,56.2156875935229
A,AGBL3,340351,6694,3,79.1393927972749
A,MAGI2,9863,5130,3,60.6491014415925
A,GOSR1,9527,5366,3,63.4391965566443
A,CHADL,150356,8431,3,99.6749657415334
A,LOC285500,285500,4944,3,58.45012817295
A,ERCC8,1161,3098,3,36.6259096035192
A,SYNGR3,9143,4169,3,49.2877395536061
A,HFE,3077,5373,3,63.5219536151416
A,IFNA8,3445,4232,3,50.0325530800818
A,SLC22A20,440044,4015,3,47.4670842666655
A,ZNF180,7733,3039,3,35.9283858247563
A,ATP8A2,51761,4217,3,49.855216526159
A,SCIN,85477,3808,3,45.019839822531
A,IFNA13,3447,7282,3,86.0909857110481
A,UGT2A2,574537,5596,3,66.158357050127
A,FITM2,128486,5125,3,60.5899892569516
A,WNT9A,7483,4447,3,52.5743770196417
A,NAGK,55577,3055,3,36.1175448156072
A,TSPAN2,10100,4148,3,49.0394683781142
A,SLC18A3,6572,3878,3,45.847410407504
A,GSTA5,221357,8935,3,105.633473953339
A,DDC,1644,8185,3,96.7666462571997
A,PPIL3,53938,7080,3,83.7028534515546
A,RPS17,6218,3988,3,47.1478784696045
A,HOXB2,3212,4472,3,52.8699379428463
A,ATP6V0A1,535,5164,3,61.0510642971508
A,PHGR1,644844,7012,3,82.8989277404379
A,FKBP15,23307,1373,3,16.2322059023989
A,LRRC37B,114659,6822,3,80.6526647240827
A,LOC100129083,100129083,5210,3,61.5948963958473
A,SLC37A3,84255,3070,3,36.29488136953
A,PROCA1,147011,3923,3,46.3794200692724
A,ANP32B,10541,2272,3,26.8605767008379
A,ALDH3A2,224,9094,3,107.51324142492
A,WBP2NL,164684,4116,3,48.6611503964122
A,C3orf35,339883,4991,3,59.0057827085747
A,ECM1,1893,6202,3,73.3227538286075
A,XPNPEP1,7511,3863,3,45.6700738535812
A,CASKIN2,57513,3005,3,35.5264229691979
A,CYP17A1,1586,3359,3,39.7115656417757
A,TMEM126A,84233,4234,3,50.0561979539381
A,RAP1A,5906,3860,3,45.6346065427967
A,SLC7A8,23428,5705,3,67.4470026752993
A,PPP5D1,100506012,6040,3,71.4075190462415
A,RPL23,9349,3992,3,47.1951682173172
A,SLC13A2,9058,6372,3,75.3325681063991
A,ELOVL3,83401,5443,3,64.3495242001146
A,PPP1R2,5504,4315,3,51.0138153451212
A,ALG12,79087,4291,3,50.7300768588447
A,ST6GALNAC2,10610,4761,3,56.286622215092
A,STARD8,9754,3871,3,45.7646533490067
A,ABLIM2,84448,2791,3,32.9964214665662
A,NECAP1,25977,5741,3,67.8726104047139
A,SLC24A4,123041,3662,3,43.2937640310159
A,HCLS1,3059,3731,3,44.1095121790607
A,PDE3A,5139,2316,3,27.380763925678
A,IL18,3606,6224,3,73.5828474410276
A,CCDC27,148870,3228,3,38.1628264041833
A,ADAMTS13,11093,3196,3,37.7845084224814
A,TRIM2,23321,2719,3,32.1452060077368
A,LMNTD1,160492,7882,3,93.1844478679595
A,YWHAH,7533,3024,3,35.7510492708335
A,OXSM,54995,6425,3,75.9591572635929
A,DMRT2,10655,3573,3,42.2415671444074
A,ACKR3,57007,3480,3,41.1420805100861
A,MIS12,79003,2768,3,32.7245054172179
A,B4GALT4,8702,5127,3,60.6136341308079
A,TCF23,150921,4165,3,49.2404498058933
A,BEX5,340542,7449,3,88.0653326780551
A,PLCD4,84812,5178,3,61.2165784141454
A,PRRG2,5639,4671,3,55.2226028915553
A,RBM20,282996,5403,3,63.8766267229872
A,AKR1C1,1645,6601,3,78.0399061629536
A,C1orf115,79762,4176,3,49.3704966121034
A,ZNF500,26048,5221,3,61.7249432020574
A,DIO1,1733,4561,3,53.9221348294549
A,KRCC1,51315,1754,3,20.7365543720377
A,ADAMTS1,9510,4628,3,54.7142381036433
A,TMEM25,84866,1905,3,22.5217423481937
A,VTCN1,79679,5649,3,66.7849462073209
A,PTPRQ,374462,7634,3,90.2524835097694
A,CDH16,1014,6513,3,76.9995317132733
A,PODXL,5420,6044,3,71.4548087939542
A,PLA2G12B,84647,4648,3,54.950686842207
A,KRTAP25-1,100131902,6415,3,75.8409328943111
A,MGAM,8972,5945,3,70.2843875380638
A,C9orf106,414318,3425,3,40.4918464790359
A,MYPN,84665,3786,3,44.759746210111
A,LRRC8C,84230,3730,3,44.0976897421326
A,PGRMC1,10857,3623,3,42.8326889908167
A,THAP8,199745,4378,3,51.7586288715969
A,TMEM214,54867,6286,3,74.3158385305751
A,DEXI,28955,4751,3,56.1683978458101
A,VAT1,10493,5652,3,66.8204135181054
A,ZBED1,9189,4174,3,49.346851738247
A,LYZL2,119180,6823,3,80.6644871610108
A,ZNF124,7678,4727,3,55.8846593595337
A,SAPCD1,401251,4808,3,56.8422767507167
A,IL26,55801,4496,3,53.1536764291228
A,GLRA4,441509,5539,3,65.4844781452204
A,OR6N2,81442,4606,3,54.4541444912232
A,CSPG5,10675,2653,3,31.3649251704766
A,ACTA2,59,5367,3,63.4510189935725
A,IGDCC4,57722,2720,3,32.157028444665
A,SERPINH1,871,4438,3,52.467975087288
A,NRBP2,340371,6673,3,78.891121621783
A,SAV1,60485,3051,3,36.0702550678945
A,SERINC5,256987,4288,3,50.6946095480602
A,LAMTOR2,28956,3809,3,45.0316622594592
A,MKRN3,7681,3550,3,41.9696510950591
A,OPN3,23596,3932,3,46.4858220016261
A,DLGAP3,58512,3459,3,40.8938093345942
A,RAB3A,5864,6225,3,73.5946698779558
A,LBH,81606,3487,3,41.2248375685834
A,CYP4A22,284541,4204,3,49.7015248460926
A,MPZ,4359,7296,3,86.2564998280427
A,PIR,8544,3328,3,39.3450700970019
A,KRTAP5-5,439915,3450,3,40.7874074022406
A,STARD10,10809,2835,3,33.5166086914064
A,ZNF747,65988,2750,3,32.5117015525106
A,SUGP1,57794,3774,3,44.6178769669727
A,ILDR2,387597,1549,3,18.3129548017596
A,ARTN,9048,2889,3,34.1550202855284
A,EBNA1BP2,10969,4035,3,47.7035330052292
A,SIGLEC5,8778,3936,3,46.5331117493388
A,ANKRD53,79998,2387,3,28.2201569475792
A,CLDN6,9074,4209,3,49.7606370307335
A,MPDZ,8777,2457,3,29.0477275325522
A,C15orf52,388115,5779,3,68.321863007985
A,REPIN1,29803,3355,3,39.6642758940629
A,PTGR1,22949,3212,3,37.9736674133324
A,CDK7,1022,2252,3,26.6241279622741
A,CTNNBIP1,56998,2309,3,27.2980068671807
A,PIK3AP1,118788,2492,3,29.4615128250387
A,NAAA,27163,3429,3,40.5391362267487
A,ASPHD2,57168,2724,3,32.2043181923778
A,CCDC87,55231,4309,3,50.9428807235521
A,LINGO1,84894,1510,3,17.8518797615604
A,EPHB4,2050,3477,3,41.1066131993016
A,NTRK3,4916,8858,3,104.723146309869
A,KRTAP12-1,353332,5472,3,64.692374871032
A,KTI12,112970,2501,3,29.5679147573924
A,NAXE,128240,1817,3,21.4813678985134
A,SLC39A1,27173,6492,3,76.7512605377814
A,SDK1,221935,2500,3,29.5560923204642
A,L1CAM,3897,1764,3,20.8547787413195
A,LINGO3,645191,4396,3,51.9714327363042
A,SSBP4,170463,4068,3,48.0936734238593
A,NPAS2,4862,3828,3,45.2562885610948
A,MTCL1,23255,5000,3,59.1121846409284
A,C21orf58,54058,3924,3,46.3912425062006
A,LINC01750,643355,3296,3,38.9667521153
A,USF2,7392,1958,3,23.1483315053875
A,RRNAD1,51093,3918,3,46.3203078846315
A,PTMS,5763,1983,3,23.4438924285922
A,KTN1,3895,2096,3,24.7798278014772
A,SH3GL3,6457,1126,3,13.3120639811371
A,RSAD1,55316,1522,3,17.9937490046986
A,MFHAS1,9258,2616,3,30.9274950041337
A,AZIN2,113451,3995,3,47.2306355281018
A,ABHD6,57406,4121,3,48.7202625810532
A,SRSF2,6427,2868,3,33.9067491100365
A,LTC4S,4056,2948,3,34.8525440642914
A,TNIP1,10318,2273,3,26.872399137766
A,LRRC58,116064,5021,3,59.3604558164203
A,NUCKS1,64710,6434,3,76.0655591959466
A,ACTRT2,140625,4618,3,54.5960137343614
A,SSC5D,284297,5251,3,62.079616309903
A,TMEM246,84302,4636,3,54.8088175990688
A,GNPDA1,10007,4333,3,51.2266192098285
A,NUP160,23279,2068,3,24.448799567488
A,CHST14,113189,4950,3,58.5210627945191
A,MESP2,145873,5980,3,70.6981728305503
A,RGS19,10287,2797,3,33.0673560881353
A,MYL2,4633,4783,3,56.5467158275121
A,PHF13,148479,3650,3,43.1518947878777
A,CPNE5,57699,3774,3,44.6178769669727
A,GPAM,57678,7699,3,91.0209419101015
A,ZNF771,51333,4299,3,50.8246563542702
A,PSMB1,5689,3465,3,40.9647439561634
A,NAGPA,51172,3839,3,45.3863353673048
A,CBLL1,79872,6622,3,78.2881773384455
A,ISCA1,81689,4176,3,49.3704966121034
A,SSR1,6745,2612,3,30.880205256421
A,GPLD1,2822,7073,3,83.6200963930573
A,SPANXN2,494119,5139,3,60.7555033739462
A,ADGRG5,221188,3972,3,46.9587194787535
A,HECW2,57520,4422,3,52.278816096437
A,EPHX1,2052,3830,3,45.2799334349511
A,CAMKK2,10645,4202,3,49.6778799722362
A,IFT74,80173,7293,3,86.2210325172581
A,UBE2G1,7326,4250,3,50.2453569447891
A,HCRTR1,3061,2151,3,25.4300618325274
A,VAMP4,8674,8870,3,104.865015553007
A,ZBTB21,49854,6640,3,78.5009812031529
A,CDK6,1021,3648,3,43.1282499140213
A,C21orf2,755,2508,3,29.6506718158897
A,ZWINT,11130,9078,3,107.32408243407
A,UTP20,27340,6837,3,80.8300012780054
A,SNX29,92017,1434,3,16.9533745550183
A,BCAT1,586,2288,3,27.0497356916888
A,AKAP7,9465,1905,3,22.5217423481937
A,UBE2E1,7324,2634,3,31.1402988688411
A,TRIM33,51592,2611,3,30.8683828194928
A,COMMD5,28991,6494,3,76.7749054116378
A,COPB1,1315,3900,3,46.1075040199241
A,LYPD1,116372,3361,3,39.735210515632
A,FUZ,80199,6952,3,82.1895815247468
A,CTSH,1512,3331,3,39.3805374077865
A,DIABLO,56616,3815,3,45.1025968810283
A,ADAMTS2,9509,2845,3,33.6348330606882
A,ZDHHC24,254359,1804,3,21.327676218447
A,XPO6,23214,4397,3,51.9832551732324
A,NKX2-4,644524,4948,3,58.4974179206627
A,RETREG2,79137,2093,3,24.7443604906926
A,SETD7,80854,2316,3,27.380763925678
A,ZFAND6,54469,4199,3,49.6424126614516
A,CHORDC1,26973,3570,3,42.2060998336228
A,C5orf38,153571,2140,3,25.3000150263173
A,WAC,51322,2586,3,30.5728218962881
A,GIT1,28964,2921,3,34.5333382672303
A,BACE1,23621,4834,3,57.1496601108495
A,MAP3K7,6885,4288,3,50.6946095480602
A,IVNS1ABP,10625,2264,3,26.7659972054124
A,FAM81A,145773,3937,3,46.544934186267
A,NKAPL,222698,4277,3,50.5645627418501
A,APLP2,334,2134,3,25.2290804047482
A,CRMP1,1400,4316,3,51.0256377820494
A,ANKRD9,122416,2003,3,23.6803411671559
A,NCKAP5L,57701,3854,3,45.5636719212276
A,NCR3LG1,374383,4731,3,55.9319491072464
A,THEMIS2,9473,3042,3,35.9638531355408
A,KATNAL2,83473,2580,3,30.501887274719
A,SYN1,6853,3989,3,47.1597009065326
A,EIF2AK2,5610,2196,3,25.9620714942957
A,DUSP15,128853,3135,3,37.0633397698621
A,SUMO1,7341,4410,3,52.1369468532988
A,VARS,7407,4064,3,48.0463836761466
A,NPY4R,5540,4231,3,50.0207306431536
A,BAG1,573,2898,3,34.2614222178821
A,CNTN2,6900,3069,3,36.2830589326018
A,HSD17B4,3295,2319,3,27.4162312364626
A,MICALL1,85377,1035,3,12.2362222206722
A,ZNF549,256051,2014,3,23.8103879733659
A,MRPS18A,55168,6161,3,72.8380339145519
A,PRR35,146325,2695,3,31.8614675214604
A,OST4,100128731,2693,3,31.837822647604
A,BORCS8-MEF2B,4207,4789,3,56.6176504490812
A,CRELD2,79174,2282,3,26.9788010701197
A,ZNF407,55628,5679,3,67.1396193151664
A,DCAF4,26094,5205,3,61.5357842112064
A,CHST8,64377,3665,3,43.3292313418005
A,SLC2A11,66035,3334,3,39.416004718571
A,UBE2D4,51619,1354,3,16.0075796007634
A,SCN2B,6327,5113,3,60.4481200138133
A,YJEFN3,374887,1660,3,19.6252453007882
A,FHOD1,29109,3816,3,45.1144193179565
A,WNT10B,7480,5671,3,67.0450398197409
A,CHRNA7,1139,4125,3,48.7675523287659
A,TRPM4,54795,4144,3,48.9921786304014
A,GKAP1,80318,2196,3,25.9620714942957
A,CLDN10,9071,2768,3,32.7245054172179
A,SCO2,9997,2970,3,35.1126376767114
A,LIN52,91750,2580,3,30.501887274719
A,INHBA,3624,3031,3,35.8338063293308
A,CLMP,79827,4518,3,53.4137700415429
A,FAM117A,81558,1433,3,16.9415521180901
A,SERINC2,347735,2143,3,25.3354823371019
A,EIF1B,10289,6427,3,75.9828021374493
A,SELENOI,85465,5257,3,62.1505509314721
A,CCDC114,93233,6694,3,79.1393927972749
A,TRIM46,80128,2585,3,30.56099945936
A,CLTB,1212,1747,3,20.6537973135404
A,DUOXA1,90527,5526,3,65.330786465154
A,SSX2IP,117178,1406,3,16.6223463210291
A,P2RY2,5029,5900,3,69.7523778762955
A,IL6R,3570,4297,3,50.8010114804138
A,CAB39,51719,2366,3,27.9718857720873
A,RHOBTB2,23221,3161,3,37.3707231299949
A,LRRC8D,55144,4036,3,47.7153554421574
A,RAB4B,53916,6944,3,82.0950020293213
A,ZNF33B,7582,3943,3,46.6158688078361
A,TMEM55A,55529,2649,3,31.3176354227638
A,LYPD6B,130576,3794,3,44.8543257055364
A,ZFP69B,65243,1602,3,18.9395439589534
A,PCDHAC2,56134,3906,3,46.1784386414932
A,UBE2H,7328,2693,3,31.837822647604
A,MTG2,26164,3441,3,40.6810054698869
A,ZNF71,58491,1153,3,13.6312697781981
A,ATP9A,10079,4718,3,55.77825742718
A,ALDH1A3,220,3189,3,37.7017513639841
A,AP3S2,10239,4951,3,58.5328852314473
A,CHFR,55743,2766,3,32.7008605433616
A,PSG4,5672,4244,3,50.17442232322
A,ZER1,10444,3190,3,37.7135738009123
A,ZNF101,94039,3965,3,46.8759624202562
A,HAPLN3,145864,3183,3,37.630816742415
A,CHST9,83539,2332,3,27.569922916529
A,PCSK2,5126,5434,3,64.2431222677609
A,PSG9,5678,4651,3,54.9861541529916
A,PSG7,5676,5406,3,63.9120940337718
A,PSG11,5680,5911,3,69.8824246825055
A,LCN15,389812,5480,3,64.7869543664575
A,DHDDS,79947,4794,3,56.6767626337221
A,PCGF2,7703,2297,3,27.1561376240425
A,VCPIP1,80124,6497,3,76.8103727224223
A,AKT2,208,2092,3,24.7325380537644
A,HNRNPH2,3188,4575,3,54.0876489464495
A,LAPTM4A,9741,5255,3,62.1269060576157
A,ALOX15B,247,3693,3,43.6602595757897
A,ATXN10,25814,4204,3,49.7015248460926
A,EP300,2033,3381,3,39.9716592541958
A,NUTM2A,728118,8217,3,97.1449642389017
A,SASH3,54440,2438,3,28.8231012309167
A,ATR,545,2979,3,35.2190396090651
A,KRTAP19-6,337973,6019,3,71.1592478707496
A,SPIB,6689,4119,3,48.6966177071968
A,FERMT1,55612,893,3,10.5574361768698
A,AGO1,26523,4589,3,54.2531630634441
A,SP4,6671,2453,3,29.0004377848395
A,ONECUT3,390874,2189,3,25.8793144357984
A,CSRP2,1466,2225,3,26.3049221652131
A,OXT,5020,5148,3,60.8619053062998
A,EGFL6,25975,2720,3,32.157028444665
A,NCOA2,10499,4005,3,47.3488598973836
A,P2RX5,5026,4112,3,48.6138606486995
A,EMG1,10436,1683,3,19.8971613501365
A,UNC5CL,222643,2760,3,32.6299259217925
A,OAZ1,4946,5156,3,60.9564848017253
A,ARF1,375,4448,3,52.5861994565699
A,SELL,6402,5214,3,61.6421861435601
A,SNAI3,333929,1542,3,18.2301977432623
A,MAP3K15,389840,3932,3,46.4858220016261
A,DNAJB7,150353,3615,3,42.7381094953912
A,ENDOD1,23052,1990,3,23.5266494870895
A,COL12A1,1303,4335,3,51.2502640836849
A,CDS1,1040,3053,3,36.0938999417509
A,TPRKB,51002,4262,3,50.3872261879273
A,PNN,5411,6389,3,75.5335495341783
A,TFG,10342,3726,3,44.0503999944198
A,SERPINB9,5272,3885,3,45.9301674660013
A,GBP5,115362,3121,3,36.8978256528675
A,TCEB3C,162699,6978,3,82.4969648848796
A,MAP3K12,7786,4409,3,52.1251244163706
A,DPH6,89978,3211,3,37.9618449764042
A,DUS4L,11062,3339,3,39.475116903212
A,RBAK,57786,3252,3,38.4465648904598
A,ZNF12,7559,4068,3,48.0936734238593
A,PLEKHG6,55200,4182,3,49.4414312336725
A,CD9,928,4365,3,51.6049371915305
A,PLLP,51090,5561,3,65.7445717576405
A,PTK6,5753,2616,3,30.9274950041337
A,TMEM63C,57156,2845,3,33.6348330606882
A,LYRM1,57149,1915,3,22.6399667174756
A,RHCE,6006,1786,3,21.1148723537396
A,NAV2,89797,5663,3,66.9504603243155
A,FCGR2B,2213,3564,3,42.1351652120537
A,PSMC5,5705,4198,3,49.6305902245235
A,ZNF197,10168,3234,3,38.2337610257525
A,IFNB1,3456,5306,3,62.7298503409532
A,SDHAF1,644096,6273,3,74.1621468505087
A,FOSL2,2355,1799,3,21.268564033806
A,MERTK,10461,1412,3,16.6932809425982
A,PTK2,5747,9141,3,108.068895960545
A,ACOX1,51,1313,3,15.5228596867078
A,ZNF440,126070,3303,3,39.0495091737973
A,AP1G2,8906,5844,3,69.0903214083171
A,ACY1,95,5095,3,60.235316149106
A,KLHL28,54813,5856,3,69.2321906514553
A,DMKN,93099,7457,3,88.1599121734806
A,HEBP1,50865,6870,3,81.2201416966356
A,TAC1,6863,3697,3,43.7075493235024
A,ROMO1,140823,1847,3,21.8360410063589
A,HYKK,123688,4681,3,55.3408272608371
A,ZCCHC12,170261,2590,3,30.6201116440009
A,ATG9A,79065,4241,3,50.1389550124354
A,IFNGR1,3459,2373,3,28.0546428305846
A,CSNK2B,1460,3117,3,36.8505359051547
A,CDK14,5218,4938,3,58.3791935513808
A,CNOT7,29883,3281,3,38.7894155613772
A,CPNE3,8895,5259,3,62.1741958053284
A,SNAP47,116841,1585,3,18.7385625311743
A,KNDC1,85442,4071,3,48.1291407346439
A,METTL15,196074,4644,3,54.9033970944943
A,PHRF1,57661,2788,3,32.9609541557817
A,TLR2,7097,2800,3,33.1028233989199
A,MCCC2,64087,2373,3,28.0546428305846
A,UBE2R2,54926,1311,3,15.4992148128514
A,ZEB1,6935,5111,3,60.424475139957
A,CDH22,64405,4625,3,54.6787707928587
A,ADAD1,132612,9978,3,117.964275669437
A,FOXB2,442425,8402,3,99.332115070616
A,MLLT3,4300,5954,3,70.3907894704175
A,FADS2,9415,4257,3,50.3281140032864
A,NPM2,10361,3483,3,41.1775478208707
A,RPS6KA5,9252,5073,3,59.9752225366859
A,SEMA3F,6405,3509,3,41.4849311810035
A,SP5,389058,1943,3,22.9709949514648
A,FSTL1,11167,4467,3,52.8108257582054
A,ABCF2,10061,7347,3,86.8594441113801
A,MAGEA8,4107,5008,3,59.2067641363538
A,GMCL1,64395,6022,3,71.1947151815341
A,CELF4,56853,3234,3,38.2337610257525
A,HIST1H2AG,8969,4669,3,55.1989580176989
A,FAR1,84188,5922,3,70.0124714887156
A,RABIF,5877,5411,3,63.9712062184127
A,LEO1,123169,7303,3,86.33925688654
A,CKLF,51192,5763,3,68.132704017134
A,SCARA5,286133,8927,3,105.538894457913
A,FANCF,2188,4593,3,54.3004528111568
A,PPP6R2,9701,1719,3,20.3227690795512
A,RAB36,9609,7399,3,87.4742108316458
A,TUBA8,51807,6672,3,78.8792991848548
A,OR5C1,392391,4425,3,52.3142834072216
A,TIGD2,166815,6689,3,79.080280612634
A,TBX19,9095,4096,3,48.4247016578485
A,NOVA1,4857,2677,3,31.648663656753
A,LYPLA1,10434,2762,3,32.6535707956488
A,IL17RD,54756,2820,3,33.3392721374836
A,FAM84A,151354,4034,3,47.691710568301
A,KCTD16,57528,2223,3,26.2812772913568
A,CNKSR3,154043,1108,3,13.0992601164297
A,TMEM8B,51754,3200,3,37.8317981701942
A,VEGFB,7423,474,3,5.60383510396001
A,HTR1E,3354,4262,3,50.3872261879273
A,NCAN,1463,1596,3,18.8686093373843
A,DPP4,1803,5924,3,70.0361163625719
A,DAZ2,57055,1143,1,13.5130454089162
A,CYB5RL,606495,2514,3,29.7216064374588
A,APOA4,337,2298,3,27.1679600609707
A,STMND1,401236,5215,3,61.6540085804883
A,CCDC63,160762,4756,3,56.2275100304511
A,MTHFS,10588,3849,3,45.5045597365867
A,FREM3,166752,2062,3,24.3778649459189
A,IPO7,10527,3762,3,44.4760077238345
A,TIMP1,7076,3275,3,38.7184809398081
A,ST6GAL2,84620,306,3,3.61766570002482
A,PI4K2A,55361,3326,3,39.3214252231455
A,SEPT4,5414,1985,3,23.4675373024486
A,RASAL1,8437,1369,3,16.1849161546862
A,SMARCD3,6604,2420,3,28.6102973662093
A,SIPA1L1,26037,3561,3,42.0996979012692
A,TMEM95,339168,2728,3,32.2516079400905
A,TMPRSS2,7113,984,3,11.6332779373347
A,TBCA,6902,4641,3,54.8679297837097
A,GPR157,80045,2299,3,27.1797824978989
A,POU4F1,5457,1345,3,15.9011776684097
A,LDLRAD3,143458,1706,3,20.1690773994848
A,PGBD5,79605,3917,3,46.3084854477033
A,POLR2M,81488,3268,3,38.6357238813108
A,DAP,1611,2865,3,33.871281799252
A,TMEM178A,130733,1733,3,20.4882831965458
A,HSPA4,3308,2819,3,33.3274497005554
A,ST8SIA6,338596,2228,3,26.3403894759977
A,KIAA1841,84542,2866,3,33.8831042361801
A,CMTM5,116173,6500,3,76.8458400332069
A,GYPC,2995,2920,3,34.5215158303022
A,PA2G4,5036,3718,3,43.9558204989943
A,UBALD2,283991,4868,3,57.5516229664079
A,CEP89,84902,7837,3,92.6524382061911
A,METTL18,92342,4399,3,52.0069000470888
A,LRRC75A,388341,2595,3,30.6792238286418
A,USP47,55031,5228,3,61.8077002605547
A,PHLDA3,23612,3266,3,38.6120790074544
A,SUSD3,203328,2187,3,25.8556695619421
A,TEX261,113419,1655,3,19.5661331161473
A,LEXM,163747,6480,3,76.6093912946432
A,CORO2B,10391,1859,3,21.9779102494972
A,GCGR,2642,3656,3,43.2228294094468
A,NMB,4828,1562,3,18.466646481826
A,TMEM44,93109,2598,3,30.7146911394264
A,DPY19L3,147991,2060,3,24.3542200720625
A,MFSD6,54842,2372,3,28.0428203936564
A,EPHB2,2048,2524,3,29.8398308067406
A,DNAJC10,54431,854,3,10.0963611366706
A,FAM151B,167555,2724,3,32.2043181923778
A,PSMD5,5711,3453,3,40.8228747130251
A,ATG16L2,89849,3028,3,35.7983390185462
A,SLC17A9,63910,5691,3,67.2814885583047
A,WDR5,11091,4572,3,54.0521816356649
A,UBQLN2,29978,3682,3,43.5302127695796
A,WNK1,65125,5192,3,61.38209253114
A,OCLN,100506658,6068,3,71.7385472802307
A,MXRA7,439921,2209,3,26.1157631743622
A,ING5,84289,3077,3,36.3776384280273
A,CABYR,26256,1823,3,21.5523025200825
A,CCNF,899,3773,3,44.6060545300445
A,COTL1,23406,2715,3,32.0979162600241
A,FMNL1,752,1410,3,16.6696360687418
A,NCAPG,64151,4554,3,53.8393777709576
A,ARIH2,10425,2591,3,30.6319340809291
A,GK,2710,2015,3,23.8222104102941
A,PURB,5814,2026,3,23.9522572165042
A,GTF2I,2969,2642,3,31.2348783642665
A,NEDD9,4739,5183,3,61.2756905987863
A,INTS3,65123,7993,3,94.4967383669881
A,CDH8,1006,4235,3,50.0680203908663
A,DNAH5,1767,1826,3,21.587769830867
A,TNFRSF13B,23495,3874,3,45.8001206597913
A,SH3BP2,6452,2595,3,30.6792238286418
A,SEMA5A,9037,1503,3,17.7691227030631
A,SELENOO,83642,3052,3,36.0820775048227
A,TSPAN15,23555,5089,3,60.1643815275369
A,DCC,1630,4180,3,49.4177863598161
A,LUZP2,338645,6478,3,76.5857464207868
A,GPC2,221914,3387,3,40.0425938757649
A,SYS1,90196,9156,3,108.246232514468
A,SLC5A5,6528,3161,3,37.3707231299949
A,SGSM1,129049,4415,3,52.1960590379397
A,KRTAP10-11,386678,7609,3,89.9569225865648
A,KRTAP10-9,386676,7475,3,88.3727160381879
A,P4HA3,283208,6804,3,80.4398608593753
A,AAMDC,28971,3877,3,45.8355879705758
A,CETN1,1068,3539,3,41.8396042888491
A,TMBIM6,7009,4837,3,57.1851274216341
A,GRM1,2911,3746,3,44.2868487329835
A,CLASP1,23332,4457,3,52.6926013889235
A,TMEM108,66000,3761,3,44.4641852869063
A,PRPS1,5631,5351,3,63.2618600027215
A,CEP112,201134,4090,3,48.3537670362794
A,ZNF850,342892,3998,3,47.2661028388863
A,GMFG,9535,3129,3,36.992405148293
A,FYCO1,79443,5140,3,60.7673258108744
A,H3F3C,440093,2188,3,25.8674919988703
A,FAM103A1,83640,4228,3,49.985263332369
A,RTN4RL2,349667,6409,3,75.769998272742
A,GZF1,64412,3180,3,37.5953494316304
A,SNX30,401548,6336,3,74.9069603769844
A,RASSF2,9770,3840,3,45.398157804233
A,AKIRIN1,79647,4410,3,52.1369468532988
A,PPHLN1,51535,4442,3,52.5152648350008
A,DKK3,27122,8690,3,102.736976905933
A,VPS29,51699,2698,3,31.8969348322449
A,B3GALT4,8705,4929,3,58.2727916190272
A,ING3,54556,1984,3,23.4557148655204
A,HES6,55502,1537,3,18.1710855586214
A,TWF2,11344,1777,3,21.0084704213859
A,DNAJA2,10294,2419,3,28.5984749292811
A,ADCY4,196883,6426,3,75.9709797005211
A,WDR26,80232,5556,3,65.6854595729996
A,VPS37D,155382,4432,3,52.3970404657189
A,DENND4A,10260,3791,3,44.8188583947519
A,ZNF578,147660,5689,3,67.2578436844483
A,C11orf80,79703,3367,3,39.8061451372012
A,KIAA0391,9692,5962,3,70.485368965843
A,MAP3K8,1326,5739,3,67.8489655308576
A,CHCHD5,84269,5582,3,65.9928429331324
A,NPNT,255743,3474,3,41.071145888517
A,MBD3,53615,5387,3,63.6874677321362
A,CNR1,1268,3721,3,43.9912878097789
A,GNG4,2786,590,3,6.97523778762955
A,SPOCK1,6695,1004,3,11.8697266758984
A,MOXD1,26002,3910,3,46.225728389206
A,PIGA,5277,2807,3,33.1855804574172
A,CACNA2D3,55799,4611,3,54.5132566758641
A,ANKRD13B,124930,4630,3,54.7378829774997
A,ZNF32,7580,2021,3,23.8931450318632
A,GATA4,2626,1015,3,11.9997734821085
A,APLN,8862,3151,3,37.2524987607131
A,TMEM121,80757,3653,3,43.1873620986623
A,ABCB9,23457,5042,3,59.6087269919122
A,C12orf29,91298,4751,3,56.1683978458101
A,HP1BP3,50809,1601,3,18.9277215220253
A,MAPKAPK5,8550,3880,3,45.8710552813604
A,CDHR3,222256,2514,3,29.7216064374588
A,ADCY5,111,4153,3,49.0985805627551
A,HTRA1,5654,4342,3,51.3330211421822
A,WSCD2,9671,5354,3,63.2973273135061
A,TIMP2,7077,1922,3,22.7227237759729
A,ANXA5,308,5685,3,67.2105539367355
A,ITM2C,81618,2647,3,31.2939905489075
A,SYT3,84258,3378,3,39.9361919434112
A,BRPF1,7862,5379,3,63.5928882367107
A,HNRNPDL,9987,3997,3,47.2542804019581
A,EIF5A,1984,5404,3,63.8884491599154
A,OTUD1,220213,3446,3,40.7401176545278
A,ATP13A1,57130,3354,3,39.6524534571347
A,DGKQ,1609,1788,3,21.138517227596
A,SLC44A1,23446,1520,3,17.9701041308422
A,PGLYRP1,8993,4968,3,58.7338666592264
A,TNFAIP2,7127,3799,3,44.9134378901774
A,MGAT4A,11320,3617,3,42.7617543692476
A,MTOR,2475,5111,3,60.424475139957
A,CHIC2,26511,4550,3,53.7920880232448
A,ARAF,369,3104,3,36.6968442250883
A,LRCH4,4034,655,3,7.74369618796161
A,ADRB1,153,2973,3,35.148104987496
A,GAS1,2619,3101,3,36.6613769143038
A,ERI2,112479,3630,3,42.915446049314
A,SLC35D1,23169,2053,3,24.2714630135652
A,KIAA1549,57670,1424,3,16.8351501857364
A,MAD1L1,8379,5577,3,65.9337307484915
A,CAP1,10487,5767,3,68.1799937648468
A,RSL1D1,26156,4454,3,52.657134078139
A,RND2,8153,2730,3,32.2752528139469
A,KCTD11,147040,5475,3,64.7278421818166
A,NCOA3,8202,2054,3,24.2832854504934
A,PDZD4,57595,3160,3,37.3589006930667
A,DNAJB5,25822,3623,3,42.8326889908167
A,SLC26A5,375611,2605,3,30.7974481979237
A,RABL3,285282,3960,3,46.8168502356153
A,SFXN1,94081,3864,3,45.6818962905094
A,TRAPPC9,83696,1606,3,18.9868337066662
A,FRMD8,83786,3336,3,39.4396495924274
A,GNB1,2782,6079,3,71.8685940864407
A,UBE2O,63893,1345,3,15.9011776684097
A,FASN,2194,3862,3,45.6582514166531
A,SORBS1,10580,1926,3,22.7700135236856
A,HEG1,57493,2599,3,30.7265135763546
A,FAM222A,84915,1528,3,18.0646836262677
A,GRB7,2886,4595,3,54.3240976850132
A,DSC2,1824,1589,3,18.785852278887
A,RNF213,57674,3422,3,40.4563791682514
A,ZBTB11,27107,7793,3,92.1322509813509
A,RSPO3,84870,2401,3,28.3856710645738
A,GABRA5,2558,3159,3,37.3470782561385
A,SRPX,8406,1432,3,16.9297296811619
A,SMC6,79677,3283,3,38.8130604352336
A,KIF3B,9371,5334,3,63.0608785749424
A,TMEM185A,84548,7179,3,84.8732747074449
A,KIAA1257,57501,4924,3,58.2136794343863
A,BCKDHB,594,7062,3,83.4900495868472
A,TCIRG1,10312,4574,3,54.0758265095213
A,KDM4B,23030,3742,3,44.2395589852708
A,SOX12,6666,4654,3,55.0216214637761
A,RBM44,375316,2430,3,28.7285217354912
A,UPF3B,65109,6375,3,75.3680354171837
A,ATP5D,513,2178,3,25.7492676295884
A,PLCL1,5334,2866,3,33.8831042361801
A,MAFA,389692,2098,3,24.8034726753335
A,SLC35A3,23443,1287,3,15.215476326575
A,TFAP2C,7022,2076,3,24.5433790629135
A,TCN2,6948,2834,3,33.5047862544782
A,BLVRA,644,1783,3,21.0794050429551
A,RSBN1,54665,3252,3,38.4465648904598
A,KCNK17,89822,2112,3,24.9689867923281
A,RRAS,6237,4790,3,56.6294728860094
A,ELF5,2001,3871,3,45.7646533490067
A,TRIM62,55223,5198,3,61.4530271527091
A,DCTPP1,79077,3614,3,42.726287058463
A,CNNM1,26507,2921,3,34.5333382672303
A,LRRC47,57470,3798,3,44.9016154532492
A,MRPS14,63931,3712,3,43.8848858774252
A,YBEY,54059,4550,3,53.7920880232448
A,CENPS,378708,4983,3,58.9112032131492
A,CTSB,1508,4256,3,50.3162915663582
A,TRIM28,10155,2850,3,33.6939452453292
A,TOE1,114034,4234,3,50.0561979539381
A,RGS4,5999,3994,3,47.2188130911736
A,SNRPD2,6633,7247,3,85.6772004185616
A,METTL16,79066,4158,3,49.157692747396
A,WBP1L,54838,5979,3,70.6863503936221
A,WDR6,11180,2100,3,24.8271175491899
A,TRIML1,339976,4166,3,49.2522722428215
A,GPSM2,29899,3399,3,40.1844631189031
A,PEA15,8682,4594,3,54.312275248085
A,SOCS6,9306,1351,3,15.9721122899788
A,HORMAD2,150280,3672,3,43.4119884002978
A,YTHDF3,253943,8477,3,100.21879784023
A,BPIFB1,92747,4621,3,54.631481045146
A,MARVELD2,153562,6473,3,76.5266342361459
A,CARD10,29775,5694,3,67.3169558690892
A,RUVBL1,8607,2138,3,25.276370152461
A,UCP2,7351,5129,3,60.6372790046643
A,CCDC73,493860,4889,3,57.7998941418997
A,HEXA,3073,3807,3,45.0080173856029
A,PFKM,5213,8578,3,101.412863969977
A,HSFX2,100130086,4421,3,52.2669936595089
A,PSENEN,55851,3043,3,35.975675572469
A,OR56B4,196335,4779,3,56.4994260797993
A,INPP4B,8821,4095,3,48.4128792209203
A,CEACAM21,90273,4375,3,51.7231615608123
A,PEBP4,157310,3974,3,46.9823643526099
A,MBL2,4153,3853,3,45.5518494842994
A,RC3H2,54542,4304,3,50.8837685389111
A,C10orf90,118611,5160,3,61.0037745494381
A,MBD1,4152,3990,3,47.1715233434608
A,PGF,5228,3798,3,44.9016154532492
A,KRTAP20-3,337985,4058,3,47.9754490545775
A,MEOX2,4223,5649,3,66.7849462073209
A,FAM196A,642938,6090,3,71.9986408926507
A,RTP4,64108,7038,3,83.2063111005708
A,TXNDC9,10190,4163,3,49.216804932037
A,MPV17L,255027,2804,3,33.1501131466326
A,PARN,5073,5156,3,60.9564848017253
A,GPR182,11318,4677,3,55.2935375131244
A,EFCAB13,124989,3824,3,45.208998813382
A,PREP,5550,7210,3,85.2397702522187
A,NOP2,4839,4371,3,51.6758718130996
A,ZNF44,51710,7147,3,84.494956725743
A,ATP6AP1L,92270,5836,3,68.9957419128916
A,BICDL1,92558,3283,3,38.8130604352336
A,LAMA2,3908,3724,3,44.0267551205634
A,MCCD1,401250,1318,3,15.5819718713487
A,HRNR,388697,6545,3,77.3778496949752
A,ADGRG1,9289,4190,3,49.536010729098
A,KLK5,25818,4837,3,57.1851274216341
A,ZNF547,284306,8069,3,95.3952435735302
A,TRPM6,140803,2152,3,25.4418842694556
A,SPDL1,54908,3684,3,43.553857643436
A,SULT1A2,6799,2633,3,31.1284764319129
A,TMEM170B,100113407,3693,3,43.6602595757897
A,SSBP3,23648,3282,3,38.8012379983054
A,TNNI1,7135,5395,3,63.7820472275617
A,ASB4,51666,4681,3,55.3408272608371
A,CMPK2,129607,4647,3,54.9388644052788
A,PDZK1IP1,10158,2758,3,32.6062810479361
A,LRP1,4035,2842,3,33.5993657499037
A,SH3PXD2B,285590,1417,3,16.7523931272391
A,THBS4,7060,2242,3,26.5059035929923
A,PRDM2,7799,3290,3,38.8958174937309
A,C7orf57,136288,2030,3,23.9995469642169
A,KIF13A,63971,2097,3,24.7916502384054
A,CMSS1,84319,2796,3,33.0555336512071
A,LRRC8E,80131,3700,3,43.743016634287
A,TMEM132C,92293,3106,3,36.7204890989447
A,HELZ,9931,4026,3,47.5971310728755
A,PALM3,342979,1393,3,16.4686546409626
A,KCNJ12,3768,3588,3,42.4189036983302
A,TTC22,55001,2234,3,26.4113240975668
A,ENPP2,5168,4738,3,56.0147061657437
A,KRTAP27-1,643812,6837,3,80.8300012780054
A,IFI6,2537,10144,3,119.926800199515
A,LOC100996693,100996693,3670,3,43.3883435264414
A,HELZ2,85441,3833,3,45.3154007457357
A,TMEM144,55314,2234,3,26.4113240975668
A,COX14,84987,5311,3,62.7889625255941
A,ERVW-1,30816,3112,3,36.7914237205138
A,CDK19,23097,3630,3,42.915446049314
A,SAC3D1,29901,2556,3,30.2181487884426
A,NT5C,30833,5000,3,59.1121846409284
A,COBLL1,22837,5722,3,67.6479841030784
A,TCTEX1D2,255758,5796,3,68.5228444357642
A,HOXC13,3229,3222,3,38.0918917826142
A,RPL18,6141,3739,3,44.2040916744862
A,BCOR,54880,5199,3,61.4648495896373
A,PPP1R14B,26472,2685,3,31.7432431521785
A,ARID4B,51742,3880,3,45.8710552813604
A,IZUMO1R,390243,2728,3,32.2516079400905
A,TARBP2,6895,2320,3,27.4280536733908
A,SF3A1,10291,3960,3,46.8168502356153
A,PAQR8,85315,2456,3,29.035905095624
A,AKR1C4,1109,3941,3,46.5922239339797
A,DQX1,165545,7410,3,87.6042576378558
A,EIF2AK4,440275,3680,3,43.5065678957233
A,TBRG1,84897,3138,3,37.0988070806466
A,SGMS2,166929,2163,3,25.5719310756656
A,MAN1B1,11253,4966,3,58.7102217853701
A,ACSM2A,123876,6850,3,80.9836929580719
A,DIRAS2,54769,3901,3,46.1193264568523
A,GSTP1,2950,4635,3,54.7969951621406
A,G3BP1,10146,2760,3,32.6299259217925
A,SMIM17,147670,2899,3,34.2732446548103
A,NPSR1,387129,3954,3,46.7459156140462
A,METRNL,284207,2292,3,27.0970254394016
A,OR10AD1,121275,6145,3,72.648874923701
A,M6PR,4074,6509,3,76.9522419655605
A,MICAL2,9645,4759,3,56.2629773412356
A,CYP2C19,1557,2817,3,33.303804826699
A,CST2,1470,5112,3,60.4362975768852
A,MBLAC2,153364,5436,3,64.2667671416173
A,PCED1B,91523,4118,3,48.6847952702686
A,CDK5RAP2,55755,4019,3,47.5143740143782
A,ESR1,2099,4799,3,56.735874818363
A,EIF5A2,56648,8216,3,97.1331418019735
A,DCAF8L2,347442,5674,3,67.0805071305255
A,ACAD8,27034,2531,3,29.9225878652379
A,PTGS2,5743,5940,3,70.2252753534229
A,MOCS3,27304,4426,3,52.3261058441498
A,CCDC186,55088,6465,3,76.4320547407204
A,LOC650293,650293,5988,3,70.7927523259758
A,DMC1,11144,5252,3,62.0914387468311
A,NEMP2,100131211,1560,3,18.4430016079696
A,MEOX1,4222,2022,3,23.9049674687914
A,CCDC151,115948,6912,3,81.7166840476194
A,DUSP12,11266,2186,3,25.8438471250139
A,PMS2,5395,1714,3,20.2636568949102
A,CSF1R,1436,5283,3,62.4579342916049
A,GPR61,83873,4253,3,50.2808242555737
A,CIDEB,27141,4200,3,49.6542350983798
A,CCR5,1234,4121,3,48.7202625810532
A,MYL6,4637,6519,3,77.0704663348424
A,NDEL1,81565,4528,3,53.5319944108247
A,XPO4,64328,4851,3,57.3506415386287
A,SLC16A13,201232,6468,3,76.4675220515049
A,MDN1,23195,2253,3,26.6359503992023
A,TENM2,57451,4542,3,53.6975085278193
A,SNX8,29886,6432,3,76.0419143220902
A,MFNG,4242,2286,3,27.0260908178324
A,ECD,11319,3174,3,37.5244148100613
A,USP51,158880,5198,3,61.4530271527091
A,ZFP69,339559,5770,3,68.2154610756313
A,THRAP3,9967,4116,3,48.6611503964122
A,CYP2F1,1572,3444,3,40.7164727806715
A,GINS2,51659,3006,3,35.5382454061261
A,RASSF3,283349,2654,3,31.3767476074048
A,SOST,50964,4170,3,49.2995619905343
A,PCDHB10,56126,6047,3,71.4902761047388
A,LYST,1130,4569,3,54.0167143248803
A,NPC2,10577,3319,3,39.2386681646483
A,RFC3,5983,3620,3,42.7972216800321
A,VCAN,1462,3838,3,45.3745129303766
A,ADCK1,57143,2347,3,27.7472594704518
A,FAM3B,54097,3603,3,42.596240252253
A,FAM49B,51571,3800,3,44.9252603271056
A,SNX4,8723,1269,3,15.0026724618676
A,ADGRE2,30817,4734,3,55.967416418031
A,ADGRE5,976,2074,3,24.5197341890571
A,C22orf46,79640,7285,3,86.1264530218326
A,PLEC,5339,2572,3,30.4073077792935
A,IMMP2L,83943,4080,3,48.2355426669975
A,APBA3,9546,1165,3,13.7731390213363
A,CXorf67,340602,5031,3,59.4786801857021
A,FDX1,2230,2493,3,29.4733352619669
A,CYC1,1537,3795,3,44.8661481424646
A,GDA,9615,2681,3,31.6959534044658
A,FAM162B,221303,3219,3,38.0564244718297
A,PLOD2,5352,2053,3,24.2714630135652
A,HPRT1,3251,3921,3,46.355775195416
A,SLC39A4,55630,2876,3,34.001328605462
A,ATP6V1G1,9550,5850,3,69.1612560298862
A,ZBTB49,166793,5776,3,68.2863956972004
A,ATL3,25923,4147,3,49.027645941186
A,AMER1,139285,4130,3,48.8266645134068
A,STAM,8027,6306,3,74.5522872691389
A,B3GALT6,126792,2753,3,32.5471688632952
A,FOLR1,2348,6922,3,81.8349084169012
A,RORA,6095,6318,3,74.6941565122771
A,MCMBP,79892,1734,3,20.500105633474
A,NME1,4830,5842,3,69.0666765344607
A,SLC9B2,133308,4924,3,58.2136794343863
A,RPS6,6194,4173,3,49.3350293013188
A,ACY3,91703,2616,3,30.9274950041337
A,CYP4F11,57834,4017,3,47.4907291405218
A,N4BP2,55728,4234,3,50.0561979539381
A,OR6Y1,391112,4460,3,52.7280686997081
A,USH1C,10083,3874,3,45.8001206597913
A,DUSP19,142679,4649,3,54.9625092791352
A,MASP2,10747,4720,3,55.8019023010364
A,API5,8539,4101,3,48.4838138424894
A,CENPX,201254,3907,3,46.1902610784214
A,GPR155,151556,2530,3,29.9107654283098
A,MIA3,375056,2854,3,33.7412349930419
A,RBM33,155435,3826,3,45.2326436872384
A,C5orf22,55322,3225,3,38.1273590933988
A,PDCL2,132954,4550,3,53.7920880232448
A,ARHGAP18,93663,4861,3,57.4688659079106
A,ID2,3398,953,3,11.2667823925609
A,NXT2,55916,6254,3,73.9375205488732
A,RANBP10,57610,2559,3,30.2536160992271
A,MKL2,57496,5043,3,59.6205494288403
A,HOGA1,112817,5439,3,64.3022344524019
A,RASL11A,387496,5206,3,61.5476066481346
A,CEBPE,1053,7457,3,88.1599121734806
A,S100A10,6281,6399,3,75.6517739034601
A,PRKCB,5579,1809,3,21.3867884030879
A,CDKN1A,1026,3336,3,39.4396495924274
A,TMED9,54732,1141,3,13.4894005350599
A,SLC16A2,6567,2537,3,29.9935224868071
A,TDRKH,11022,4722,3,55.8255471748927
A,SLC2A9,56606,3008,3,35.5618902799825
A,RECK,8434,3332,3,39.3923598447147
A,BBS10,79738,5875,3,69.4568169530908
A,PCDHGA3,56112,5333,3,63.0490561380142
A,IRGM,345611,3855,3,45.5754943581558
A,CBX6,23466,6367,3,75.2734559217582
A,CCPG1,9236,5175,3,61.1811111033608
A,LINC02312,100132612,4654,3,55.0216214637761
A,XKR6,286046,4631,3,54.7497054144278
A,PLSCR1,5359,7640,3,90.3234181313385
A,PSG8,440533,3131,3,37.0160500221493
A,SERPINB11,89778,3425,3,40.4918464790359
A,POU3F4,5456,3236,3,38.2574058996088
A,ST5,6764,3925,3,46.4030649431288
A,MLF2,8079,7002,3,82.7807033711561
A,GNAT3,346562,4602,3,54.4068547435105
A,ZFAND5,7763,3459,3,40.8938093345942
A,FATE1,89885,6482,3,76.6330361684995
A,TACO1,51204,6449,3,76.2428957498694
A,RNF186,54546,4208,3,49.7488145938053
A,TOX,9760,3726,3,44.0503999944198
A,CFAP20,29105,4744,3,56.0856407873128
A,PCDH15,65217,4502,3,53.2246110506919
A,SIGLEC7,27036,6590,3,77.9098593567436
A,PANX3,116337,6563,3,77.5906535596826
A,ALS2,57679,2415,3,28.5511851815684
A,NMRK2,27231,2627,3,31.0575418103438
A,VPS9D1,9605,1819,3,21.5050127723697
A,FABP9,646480,5203,3,61.5121393373501
A,TRIM29,23650,3376,3,39.9125470695548
A,ZDHHC4,55146,2299,3,27.1797824978989
A,RSAD2,91543,2205,3,26.0684734266494
A,SCAI,286205,4143,3,48.9803561934732
A,BARD1,580,5096,3,60.2471385860342
A,MIEF2,125170,2931,3,34.6515626365122
A,SEZ6L,23544,2297,3,27.1561376240425
A,RGS9BP,388531,1910,3,22.5808545328346
A,ABHD15,116236,2684,3,31.7314207152503
A,CYP4X1,260293,3857,3,45.5991392320121
A,DAG1,1605,1657,3,19.5897779900037
A,PTGR2,145482,3944,3,46.6276912447643
A,KCNH3,23416,4988,3,58.9703153977901
A,UBR5,51366,3897,3,46.0720367091396
A,ACOT1,641371,2711,3,32.0506265123114
A,GAPT,202309,2644,3,31.2585232381229
A,MAGEB18,286514,5539,3,65.4844781452204
A,OLFML1,283298,5817,3,68.7711156112561
A,PAX4,5078,5114,3,60.4599424507415
A,LENG9,94059,6455,3,76.3138303714385
A,SPRYD3,84926,5785,3,68.3927976295541
A,EIF2B3,8891,4153,3,49.0985805627551
A,SLC25A18,83733,4080,3,48.2355426669975
A,CDY1,9085,4948,3,58.4974179206627
A,SCGN,10590,6043,3,71.442986357026
A,SDR42E2,100288072,4221,3,49.9025062738717
A,COL25A1,84570,5148,3,60.8619053062998
A,ARHGEF9,23229,6246,3,73.8429410534477
A,GEMIN8,54960,3503,3,41.4139965594344
A,ZNF438,220929,2539,3,30.0171673606634
A,ZC3H3,23144,2728,3,32.2516079400905
A,FPR2,2358,4274,3,50.5290954310656
A,MS4A12,54860,3999,3,47.2779252758145
A,SCARB2,950,4600,3,54.3832098696541
A,SRSF3,6428,4877,3,57.6580248987615
A,ASF1A,25842,3710,3,43.8612410035688
A,GJA1,2697,6379,3,75.4153251648964
A,SRF,6722,4780,3,56.5112485167275
A,YAP1,10413,1716,3,20.2873017687666
A,KRTAP5-9,3846,3802,3,44.9489052009619
A,FAM166B,730112,4292,3,50.7418992957729
A,BAZ1B,9031,1559,3,18.4311791710415
A,ZNF789,285989,3564,3,42.1351652120537
A,FRK,2444,5418,3,64.05396327691
A,SPSB1,80176,3954,3,46.7459156140462
A,GLA,2717,3639,3,43.0218479816677
A,GRK1,6011,3513,3,41.5322209287163
A,TRAPPC5,126003,4521,3,53.4492373523274
A,LNX1,84708,5543,3,65.5317678929332
A,CD63,967,3769,3,44.5587647823318
A,RPS4Y1,6192,4227,3,49.9734408954408
A,SLIT2,9353,3231,3,38.1982937149679
A,C9orf152,401546,4165,3,49.2404498058933
A,RGS10,6001,2971,3,35.1244601136396
A,SMCO1,255798,5735,3,67.8016757831448
A,SAE1,10055,5083,3,60.0934469059678
A,HTR2A,3356,5407,3,63.9239164706999
A,SLC25A44,9673,6052,3,71.5493882893797
A,FAF1,11124,4249,3,50.2335345078609
A,NFKBIA,4792,5200,3,61.4766720265655
A,FERMT3,83706,2560,3,30.2654385361553
A,ZNF689,115509,3307,3,39.09679892151
A,FAM206A,54942,2289,3,27.061558128617
A,POLE4,56655,3962,3,46.8404951094716
A,RPLP1,6176,4947,3,58.4855954837345
A,PAFAH2,5051,4858,3,57.433398597126
A,HAND2,9464,4712,3,55.7073228056109
A,GSKIP,51527,5303,3,62.6943830301686
A,KIAA1210,57481,6554,3,77.4842516273289
A,TMEM249,340393,3424,3,40.4800240421077
A,WDR83,84292,2989,3,35.337263978347
A,PPFIA3,8541,7422,3,87.746126880994
A,PAPPA,5069,2571,3,30.3954853423654
A,FZD1,8321,4015,3,47.4670842666655
A,TICRR,90381,3177,3,37.5598821208459
A,TRIOBP,11078,3575,3,42.2652120182638
A,AMOT,154796,5861,3,69.2913028360962
A,T,6862,3226,3,38.139181530327
A,LMNTD2,256329,4879,3,57.6816697726179
A,GNA15,2769,5104,3,60.3417180814597
A,PLEKHA3,65977,6599,3,78.0162612890972
A,NDFIP2,54602,2777,3,32.8309073495716
A,IL2RG,3561,5117,3,60.4954097615261
A,PRPF6,24148,7033,3,83.1471989159298
A,INTU,27152,4033,3,47.6798881313728
A,OR51F1,256892,3144,3,37.1697417022157
A,ABCB5,340273,2907,3,34.3678241502358
A,SF3B6,51639,4166,3,49.2522722428215
A,NTM,50863,7010,3,82.8752828665816
A,ABCG4,64137,3605,3,42.6198851261093
A,LCE1E,353135,5015,3,59.2895211948511
A,MKRN1,23608,2384,3,28.1846896367946
A,GSC,145258,4437,3,52.4561526503598
A,SLC38A8,146167,4857,3,57.4215761601978
A,DIP2A,23181,3257,3,38.5056770751007
A,MYO9A,4649,5706,3,67.4588251122274
A,INS,3630,3565,3,42.1469876489819
A,ZNF385D,79750,5042,3,59.6087269919122
A,SLC22A2,6582,2790,3,32.984599029638
A,OR3A2,4995,5356,3,63.3209721873625
A,KLRC4-KLRK1,100528032,2811,3,33.2328702051299
A,KLRC2,3822,4161,3,49.1931600581806
A,SERTAD3,29946,2043,3,24.1532386442833
A,PTAFR,5724,5838,3,69.019386786748
A,TRIM60,166655,3944,3,46.6276912447643
A,FKBP8,23770,1742,3,20.5946851288994
A,TMEM74B,55321,2271,3,26.8487542639097
A,MAGEB2,4113,5313,3,62.8126073994505
A,IKZF4,64375,4945,3,58.4619506098782
A,IGFLR1,79713,3818,3,45.1380641918129
A,MCF2L2,23101,2264,3,26.7659972054124
A,MRPS12,6183,3773,3,44.6060545300445
A,KRT79,338785,5608,3,66.3002262932653
A,INO80B,83444,4529,3,53.5438168477529
A,SLC9C2,284525,7255,3,85.771779913987
A,DNM3,26052,2908,3,34.3796465871639
A,ATXN1,6310,6474,3,76.538456673074
A,IGBP1,3476,3865,3,45.6937187274376
A,RPS4Y2,140032,4065,3,48.0582061130748
A,C12orf74,338809,4683,3,55.3644721346935
A,NXPH2,11249,5344,3,63.1791029442242
A,CRYL1,51084,7482,3,88.4554730966852
A,NCAPH2,29781,3415,3,40.3736221097541
A,RBM28,55131,2299,3,27.1797824978989
A,AMIGO2,347902,3708,3,43.8375961297125
A,GDF6,392255,6431,3,76.0300918851621
A,TFRC,7037,5819,3,68.7947604851124
A,FOXB1,27023,2134,3,25.2290804047482
A,MED21,9412,3187,3,37.6781064901277
A,GOT2,2806,4596,3,54.3359201219414
A,WDR47,22911,7516,3,88.8574359522435
A,KRT86,3892,3602,3,42.5844178153248
A,MAPT,4137,4800,3,56.7476972552912
A,ADGRG2,10149,2109,3,24.9335194815436
A,ELAVL2,1993,6285,3,74.3040160936469
A,TNFRSF12A,51330,6837,3,80.8300012780054
A,INSL6,11172,3175,3,37.5362372469895
A,SPATA25,128497,3751,3,44.3459609176245
A,KIRREL2,84063,2415,3,28.5511851815684
A,ANKRD2,26287,2939,3,34.7461421319377
A,SLC6A3,6531,2738,3,32.3698323093724
A,METTL2A,339175,3969,3,46.9232521679689
A,ESF1,51575,6489,3,76.7157932269968
A,CCDC33,80125,6110,3,72.2350896312145
A,AKAIN1,642597,3717,3,43.9439980620661
A,DNMT3L,29947,3749,3,44.3223160437681
A,TMEM72,643236,5258,3,62.1623733684003
A,ACSM1,116285,6087,3,71.9631735818662
A,TRIM66,9866,6289,3,74.3513058413597
A,CPEB1,64506,6606,3,78.0990183475946
A,ELAVL3,1995,9140,3,108.057073523617
A,EME2,197342,4130,3,48.8266645134068
A,CHN2,1124,2877,3,34.0131510423902
A,C7orf76,401388,5832,3,68.9484521651788
A,KCNJ9,3765,6337,3,74.9187828139126
A,HEPHL1,341208,5274,3,62.3515323592512
A,GRIP1,23426,7067,3,83.5491617714881
A,GH2,2689,8972,3,106.070904119682
A,TP53I13,90313,7797,3,92.1795407290637
A,MTMR11,10903,5249,3,62.0559714360466
A,NXF3,56000,6811,3,80.5226179178726
A,NRTN,4902,5695,3,67.3287783060174
A,LOC101929926,101929926,3114,3,36.8150685943702
A,TRPC4AP,26133,3605,3,42.6198851261093
A,TPP2,7174,4806,3,56.8186318768603
A,FAM118B,79607,4424,3,52.3024609702934
A,HNRNPA0,10949,2352,3,27.8063716550927
A,SOD3,6649,4273,3,50.5172729941374
A,KIF5A,3798,2998,3,35.4436659107006
A,NKAIN1,79570,2889,3,34.1550202855284
A,LETM1,3954,3162,3,37.3825455669231
A,GPRASP1,9737,4036,3,47.7153554421574
A,GPRASP2,114928,8085,3,95.5844025643812
A,ZFYVE1,53349,4188,3,49.5123658552416
A,SH3BP1,23616,4799,3,56.735874818363
A,ZHX1-C8orf76,100533106,3237,3,38.269228336537
A,C16orf45,89927,4396,3,51.9714327363042
A,ZNF664,144348,4648,3,54.950686842207
A,TJP3,27134,5323,3,62.9308317687323
A,SDR9C7,121214,8374,3,99.0010868366268
A,DCUN1D5,84259,4092,3,48.3774119101358
A,TGS1,96764,4485,3,53.0236296229127
A,RPAIN,84268,6275,3,74.1857917243651
A,ANXA8L1,728113,2932,3,34.6633850734404
A,ARHGEF26,26084,3180,3,37.5953494316304
A,SYNGAP1,8831,3449,3,40.7755849653124
A,CNOT8,9337,1953,3,23.0892193207466
A,HIST1H2BO,8348,3382,3,39.9834816911239
A,ZBTB37,84614,5108,3,60.3890078291724
A,CERCAM,51148,2070,3,24.4724444413443
A,TBC1D21,161514,6451,3,76.2665406237258
A,PDIA4,9601,4748,3,56.1329305350256
A,TGIF1,7050,5873,3,69.4331720792344
A,CLEC5A,23601,6213,3,73.4528006348176
A,SOX11,6664,4115,3,48.649327959484
A,ITGAM,3684,4979,3,58.8639134654365
A,GYPE,2996,4694,3,55.4945189409035
A,PLXND1,23129,4050,3,47.880869559152
A,C1QL2,165257,3404,3,40.243575303544
A,CARD8,22900,9170,3,108.411746631463
A,DDN,23109,1923,3,22.7345462129011
A,KCNK7,10089,3050,3,36.0584326309663
A,AP4B1,10717,3132,3,37.0278724590775
A,NDP,4693,5966,3,70.5326587135557
A,DDAH1,23576,2317,3,27.3925863626062
A,SRP19,6728,4838,3,57.1969498585623
A,ANKRD31,256006,5003,3,59.1476519517129
A,NPHS1,4868,5161,3,61.0155969863663
A,SUGP2,10147,3041,3,35.9520306986126
A,TMC5,79838,3721,3,43.9912878097789
A,NCAM2,4685,4529,3,53.5438168477529
A,SIK2,23235,2719,3,32.1452060077368
A,RASSF8,11228,4480,3,52.9645174382718
A,SGPP1,81537,6424,3,75.9473348266648
A,GABRA2,2555,5118,3,60.5072321984543
A,FGFR4,2264,5085,3,60.1170917798241
A,TCTN1,79600,2323,3,27.4635209841753
A,PRIMA1,145270,6350,3,75.072474493979
A,TFIP11,24144,4251,3,50.2571793817173
A,GSG1L,146395,2143,3,25.3354823371019
A,ABCA2,20,1668,3,19.7198247962137
A,HIST1H1B,3009,4264,3,50.4108710617837
A,CCDC124,115098,4888,3,57.7880717049716
A,ABHD13,84945,5408,3,63.9357389076281
A,BMP10,27302,4329,3,51.1793294621158
A,FAM221B,392307,3777,3,44.6533442777573
A,AMN1,196394,2482,3,29.3432884557568
A,LIMK2,3985,7117,3,84.1402836178974
A,TTC7A,57217,7246,3,85.6653779816334
A,KIFAP3,22920,3697,3,43.7075493235024
A,LETM2,137994,3089,3,36.5195076711655
A,CDH15,1013,2806,3,33.173758020489
A,MBD3L2,125997,4178,3,49.3941414859597
A,PSAT1,29968,4010,3,47.4079720820245
A,RNF25,64320,4797,3,56.7122299445067
A,PPP2R1B,5519,2877,3,34.0131510423902
A,PAPOLA,10914,3878,3,45.847410407504
A,FGF18,8817,4000,3,47.2897477127427
A,DMRTA1,63951,2795,3,33.043711214279
A,FNDC3B,64778,4748,3,56.1329305350256
A,WNT11,7481,5086,3,60.1289142167523
A,PPIL4,85313,7056,3,83.4191149652781
A,TPD52,7163,5592,3,66.1110673024143
A,TIMM8A,1678,4844,3,57.2678844801314
A,MFSD1,64747,7768,3,91.8366900581463
A,TPGS2,25941,3555,3,42.0287632797001
A,SORT1,6272,4245,3,50.1862447601482
A,FAM60A,58516,10603,3,125.353298749553
A,ARF6,382,4760,3,56.2747997781638
A,KRT32,3882,4477,3,52.9290501274873
A,MANF,7873,6202,3,73.3227538286075
A,DZANK1,55184,6536,3,77.2714477626216
A,AZGP1,563,6738,3,79.6595800221151
A,HAS2,3037,4843,3,57.2560620432032
A,ANKRD35,148741,5561,3,65.7445717576405
A,RFT1,91869,4992,3,59.0176051455029
A,PECR,55825,5303,3,62.6943830301686
A,RASGRP4,115727,4091,3,48.3655894732076
A,ZNF615,284370,5097,3,60.2589610229624
A,CGB3,1082,3144,3,37.1697417022157
A,PPM1N,147699,4993,3,59.0294275824311
A,C12orf56,115749,3332,3,39.3923598447147
A,BPGM,669,3652,3,43.1755396617341
A,RABEP1,9135,4557,3,53.8748450817421
A,RAD51D,5892,4299,3,50.8246563542702
A,CCL27,10850,9288,3,109.806794188989
A,SYT10,341359,3038,3,35.9165633878281
A,UBR1,197131,5311,3,62.7889625255941
A,SYT8,90019,6770,3,80.037898003817
A,MTUS1,57509,2656,3,31.4003924812611
A,C11orf87,399947,4432,3,52.3970404657189
A,PRKAB2,5565,4939,3,58.391015988309
A,C18orf63,644041,3473,3,41.0593234515888
A,LRRN2,10446,6082,3,71.9040613972253
A,ADNP2,22850,2968,3,35.0889928028551
A,SRD5A1,6715,2853,3,33.7294125561137
A,CCDC51,79714,4465,3,52.787180884349
A,HOXB1,3211,5833,3,68.960274602107
A,CCDC61,729440,8147,3,96.3173936539287
A,ADGRL1,22859,6144,3,72.6370524867728
A,KRTAP21-2,337978,4754,3,56.2038651565947
A,NFKB1,4790,1174,3,13.87954095369
A,TRIP11,9321,4470,3,52.84629306899
A,TMEM164,84187,3177,3,37.5598821208459
A,TIMM17A,10440,6504,3,76.8931297809196
A,TIMM17B,10245,3954,3,46.7459156140462
A,ISL1,3670,6607,3,78.1108407845227
A,AGRP,181,4585,3,54.2058733157313
A,DRC1,92749,4998,3,59.088539767072
A,MSMB,4477,4586,3,54.2176957526595
A,NUDT1,4521,3346,3,39.5578739617093
A,YIPF6,286451,6344,3,75.0015398724099
A,NETO2,81831,6756,3,79.8723838868224
A,OR2B6,26212,4232,3,50.0325530800818
A,IQCA1L,392843,6903,3,81.6102821152657
A,TPD52L1,7164,6450,3,76.2547181867976
A,TMEM31,203562,5875,3,69.4568169530908
A,SMPDL3B,27293,4345,3,51.3684884529667
A,UBE2W,55284,8193,3,96.8612257526252
A,CDK11A,728642,4708,3,55.6600330578981
A,CD36,948,6981,3,82.5324321956642
A,GZMK,3003,5324,3,62.9426542056605
A,OPTC,26254,4577,3,54.1112938203058
A,PGLYRP4,57115,5878,3,69.4922842638754
A,WISP1,8840,3168,3,37.4534801884922
A,NAA35,60560,6421,3,75.9118675158802
A,C10orf91,170393,7515,3,88.8456135153153
A,RUFY3,22902,7464,3,88.2426692319779
A,IGSF5,150084,2722,3,32.1806733185214
A,CCL19,6363,7891,3,93.2908498003131
A,ULK3,25989,3572,3,42.2297447074792
A,DPEP1,1800,6579,3,77.7798125505335
A,LALBA,3906,6813,3,80.546262791729
A,GLB1,2720,5397,3,63.8056921014181
A,CYP2J2,1573,6933,3,81.9649552231113
A,CD3EAP,10849,4233,3,50.04437551701
A,IKBKAP,8518,3336,3,39.4396495924274
A,TSPY1,7258,5353,3,63.2855048765779
A,RPL7A,6130,7708,3,91.1273438424552
A,POGK,57645,4724,3,55.8491920487491
A,RPL17,6139,5373,3,63.5219536151416
A,TRIM41,90933,8418,3,99.521274061467
A,KCNA10,3744,6048,3,71.5020985416669
A,GSC2,2928,6133,3,72.5070056805627
A,IL2RA,3559,5530,3,65.3780762128668
A,RPL9,6133,4838,3,57.1969498585623
A,PRICKLE3,4007,6879,3,81.3265436289892
A,BCL2L15,440603,5196,3,61.4293822788528
A,IST1,9798,6236,3,73.7247166841658
A,GPR141,353345,6247,3,73.8547634903759
A,GZMB,3002,8621,3,101.921228757889
A,METTL11B,149281,1876,3,22.1788916772763
A,DUSP22,56940,4149,3,49.0512908150424
A,KLRC4,8302,9130,3,107.938849154335
A,OR6F1,343169,3218,3,38.0446020349015
A,LRRC10B,390205,2844,3,33.6230106237601
A,GBP6,163351,5199,3,61.4648495896373
A,PLK2,10769,3281,3,38.7894155613772
A,PFKFB1,5207,6372,3,75.3325681063991
A,ZNF735,730291,4519,3,53.4255924784711
A,SIK1,150094,4325,3,51.132039714403
A,TIAL1,7073,6842,3,80.8891134626464
A,PARP9,83666,4515,3,53.3783027307583
A,HMX2,3167,7288,3,86.1619203326172
A,ZNF433,163059,6863,3,81.1373846381383
A,SMKR1,100287482,2125,3,25.1226784723946
A,PHYKPL,85007,4211,3,49.7842819045899
A,BTRC,8945,5408,3,63.9357389076281
A,DDO,8528,5681,3,67.1632641890228
A,SPOCD1,90853,3845,3,45.4572699888739
A,IFITM10,402778,3703,3,43.7784839450715
A,RAB41,347517,3598,3,42.537128067612
A,C3orf22,152065,3205,3,37.8909103548351
A,SPP1,6696,3206,3,37.9027327917633
A,SV2B,9899,2156,3,25.4891740171683
A,OLFML2A,169611,7616,3,90.0396796450621
A,PAGE5,90737,5580,3,65.969198059276
A,GJA5,2702,5015,3,59.2895211948511
A,MYC,4609,2856,3,33.7648798668983
A,F9,2158,5413,3,63.994851092269
A,ASMT,438,5342,3,63.1554580703679
A,ADAMDEC1,27299,5148,3,60.8619053062998
A,ANKRD42,338699,3120,3,36.8860032159393
A,RHD,6007,3678,3,43.4829230218669
A,FERMT2,10979,2209,3,26.1157631743622
A,ZNF576,79177,3171,3,37.4889474992768
A,TRIM67,440730,3368,3,39.8179675741293
A,AGTRAP,57085,1740,3,20.5710402550431
A,ARID3C,138715,3636,3,42.9863806708831
A,TNRC6C,57690,4862,3,57.4806883448387
A,INPP5F,22876,3312,3,39.1559111061509
A,LEMD1,93273,8144,3,96.2819263431441
A,ST6GALNAC1,55808,3485,3,41.2011926947271
A,STX19,415117,2909,3,34.3914690240921
A,ADAMTS8,11095,8698,3,102.831556401359
A,MAPK1,5594,8275,3,97.8306655807364
A,ELOVL1,64834,2620,3,30.9747847518465
A,AXL,558,6251,3,73.9020532380886
A,TYMS,7298,6139,3,72.5779403021318
A,RTP2,344892,7330,3,86.658462683601
A,HNF1A,6927,1244,3,14.707111538663
A,FSCN2,25794,2416,3,28.5630076184966
A,TMEM125,128218,4327,3,51.1556845882594
A,OIT3,170392,5364,3,63.415551682788
A,FAM20A,54757,5086,3,60.1289142167523
A,MAP3K11,4296,5690,3,67.2696661213765
A,C1orf35,79169,5033,3,59.5023250595585
A,C17orf112,100506650,8017,3,94.7804768532645
A,P2RY11,5032,5957,3,70.4262567812021
A,MAGEL2,54551,5415,3,64.0184959661254
A,PIAS4,51588,6196,3,73.2518192070384
A,C16orf97,388276,8385,3,99.1311336428369
A,RAD18,56852,2593,3,30.6555789547854
A,ZNF57,126295,2851,3,33.7057676822574
A,SOX10,6663,3595,3,42.5016607568275
A,ATG9B,285973,5412,3,63.9830286553409
A,EVC,2121,7564,3,89.4249129247964
A,TRPV6,55503,5231,3,61.8431675713393
A,ATP12A,479,1878,3,22.2025365511327
A,HGFAC,3083,3897,3,46.0720367091396
A,PEBP1,5037,2825,3,33.3983843221245
A,ABCC8,6833,3588,3,42.4189036983302
A,WFDC6,140870,8931,3,105.586184205626
A,SLC25A34,284723,7358,3,86.9894909175902
A,CHRNB2,1141,3724,3,44.0267551205634
A,IL13,3596,4411,3,52.148769290227
A,MTHFR,4524,8989,3,106.271885547461
A,MMS19,64210,3606,3,42.6317075630375
A,FAU,2197,2761,3,32.6417483587206
A,GOLGA8B,440270,4585,3,54.2058733157313
A,TRIM56,81844,7512,3,88.8101462045308
A,DTNB,1838,1522,3,17.9937490046986
A,DXO,1797,4667,3,55.1753131438425
A,SPATA2L,124044,3877,3,45.8355879705758
A,SPEN,23013,6873,3,81.2556090074201
A,GATS,352954,2394,3,28.3029140060765
A,ELAC1,55520,4520,3,53.4374149153992
A,LARP4,113251,2007,3,23.7276309148686
A,HAUS3,79441,3254,3,38.4702097643162
A,BAG4,9530,5819,3,68.7947604851124
A,CDKL1,8814,1049,3,12.4017363376668
A,ENDOU,8909,1249,3,14.7662237233039
A,ZNF792,126375,2833,3,33.49296381755
A,RBM4,5936,4863,3,57.4925107817669
A,ZNF341,84905,5063,3,59.8569981674041
A,CCDC91,55297,3051,3,36.0702550678945
A,TSGA10,80705,6833,3,80.7827115302927
A,RASA3,22821,4839,3,57.2087722954905
A,TMEM261,90871,9244,3,109.286606964148
A,ZNF280D,54816,5260,3,62.1860182422566
A,PKDCC,91461,1764,3,20.8547787413195
A,TOGARAM1,23116,5978,3,70.6745279566939
A,WDR45B,56270,3718,3,43.9558204989943
A,CRTC2,200186,5440,3,64.3140568893301
A,NDUFB10,4716,4302,3,50.8601236650548
A,IFT52,51098,2813,3,33.2565150789863
A,ATAD3C,219293,4473,3,52.8817603797745
A,KCNJ8,3764,4930,3,58.2846140559554
A,MORC4,79710,3698,3,43.7193717604306
A,EBF1,1879,4374,3,51.7113391238841
A,ZNF254,9534,1643,3,19.4242638730091
A,GTF2H2C,728340,3914,3,46.2730181369187
A,TSPAN3,10099,3546,3,41.9223613473464
A,PLXNA3,55558,6235,3,73.7128942472377
A,YPEL1,29799,3512,3,41.5203984917881
A,CRYZL1,9946,3785,3,44.7479237731828
A,HADHA,3030,2960,3,34.9944133074296
A,LOC100130880,100130880,2918,3,34.4978709564458
A,PAPD5,64282,5208,3,61.571251521991
A,BBS7,55212,2900,3,34.2850670917384
A,ZNF132,7691,6307,3,74.564109706067
A,FBXL15,79176,3742,3,44.2395589852708
A,PADI6,353238,6501,3,76.8576624701351
A,ACADSB,36,3995,3,47.2306355281018
A,ATP6V1B1,525,2443,3,28.8822134155576
A,CD81,975,6561,3,77.5670086858262
A,HSPA8,3312,5414,3,64.0066735291972
A,APOBR,55911,4690,3,55.4472291931908
A,ITIH4,3700,2596,3,30.69104626557
A,FAT1,2195,4973,3,58.7929788438673
A,TLE3,7090,4791,3,56.6412953229376
A,DYSF,8291,4628,3,54.7142381036433
A,PPME1,51400,7744,3,91.5529515718698
A,HERPUD2,64224,9911,3,117.172172395248
A,ANKIB1,54467,6236,3,73.7247166841658
A,IL13RA1,3597,3369,3,39.8297900110575
A,H2AFJ,55766,3069,3,36.2830589326018
A,FNTA,2339,5004,3,59.1594743886411
A,KBTBD6,89890,3318,3,39.2268457277201
A,PDE10A,10846,5635,3,66.6194320903263
A,SNRK,54861,4180,3,49.4177863598161
A,GPRC5A,9052,4462,3,52.7517135735645
A,EGR4,1961,972,3,11.4914086941965
A,QDPR,5860,1884,3,22.2734711727018
A,MTRNR2L1,100462977,5118,3,60.5072321984543
A,MTRNR2L2,100462981,3906,3,46.1784386414932
A,SPIRE2,84501,4166,3,49.2522722428215
A,MTFMT,123263,3525,3,41.6740901718545
A,SUFU,51684,6174,3,72.9917255946183
A,KLHL3,26249,1430,3,16.9060848073055
A,DBF4,10926,3048,3,36.0347877571099
A,WDR43,23160,3772,3,44.5942320931164
A,BAALC,79870,1787,3,21.1266947906678
A,AMIGO1,57463,3471,3,41.0356785777325
A,HMCN2,256158,1648,3,19.48337605765
A,IER3IP1,51124,2232,3,26.3876792237104
A,DYNLL2,140735,7827,3,92.5342138369093
A,ZNF22,7570,2978,3,35.2072171721369
A,SYT6,148281,5245,3,62.0086816883338
A,F3,2152,2667,3,31.5304392874712
A,STXBP5,134957,5381,3,63.6165331105671
A,RNF182,221687,2206,3,26.0802958635776
A,SMC3,9126,3976,3,47.0060092264662
A,ADAM30,11085,4168,3,49.2759171166779
A,MNAT1,4331,2260,3,26.7187074576996
A,C5orf42,65250,4878,3,57.6698473356897
A,C1QL1,10882,2467,3,29.1659519018341
A,TMED4,222068,6289,3,74.3513058413597
A,CYP27A1,1593,5089,3,60.1643815275369
A,C1GALT1C1L,728819,3306,3,39.0849764845818
A,CHRNA4,1137,5110,3,60.4126527030288
A,TMEM19,55266,4101,3,48.4838138424894
A,ZNF594,84622,4477,3,52.9290501274873
A,WDR60,55112,2192,3,25.914781746583
A,LRCH1,23143,4178,3,49.3941414859597
A,EIF3A,8661,4840,3,57.2205947324187
A,ASTE1,28990,4936,3,58.3555486775245
A,PGAM1,5223,3621,3,42.8090441169603
A,GLDN,342035,4485,3,53.0236296229127
A,NFASC,23114,4743,3,56.0738183503846
A,DHRS13,147015,6903,3,81.6102821152657
A,AGTR1,185,4444,3,52.5389097088571
A,CENPBD1,92806,2513,3,29.7097840005306
A,RANBP2,5903,3007,3,35.5500678430543
A,ETV1,2115,3341,3,39.4987617770683
A,HIST1H4C,8364,7104,3,83.986591937831
A,STRADA,92335,2112,3,24.9689867923281
A,KCP,375616,5146,3,60.8382604324435
A,RHOT1,55288,3979,3,47.0414765372508
A,PYGB,5834,2883,3,34.0840856639593
A,CTHRC1,115908,11176,3,132.127555109403
A,DSG2,1829,5772,3,68.2391059494877
A,LAGE3,8270,2828,3,33.4338516329091
A,ZC3H7A,29066,4658,3,55.0689112114889
A,EIF1AX,1964,4225,3,49.9497960215845
A,MYSM1,114803,5653,3,66.8322359550336
A,CYB5D2,124936,5808,3,68.6647136789024
A,PRDM5,11107,3554,3,42.0169408427719
A,TMEM176A,55365,2120,3,25.0635662877536
A,PRKD1,5587,3707,3,43.8257736927843
A,SUMO2,6613,6280,3,74.244903909006
A,TDP2,51567,4736,3,55.9910612918873
A,RBM10,8241,3909,3,46.2139059522778
A,GUCA2A,2980,5406,3,63.9120940337718
A,FBXO4,26272,4050,3,47.880869559152
A,PTPRN2,5799,2460,3,29.0831948433368
A,SLC16A3,9123,2629,3,31.0811866842001
A,RABGAP1,23637,3723,3,44.0149326836353
A,TBC1D13,54662,4947,3,58.4855954837345
A,HIBADH,11112,2463,3,29.1186621541213
A,UBXN10,127733,3815,3,45.1025968810283
A,BRAP,8315,7262,3,85.8545369724844
A,RNF4,6047,6228,3,73.6301371887404
A,YBX3,8531,1632,3,19.294217066799
A,GALNT13,114805,4397,3,51.9832551732324
A,AGPS,8540,3319,3,39.2386681646483
A,CMPK1,51727,1117,3,13.2056620487834
A,PRR13,54458,4263,3,50.3990486248555
A,OSTM1,28962,4243,3,50.1625998862918
A,ZFYVE21,79038,2723,3,32.1924957554496
A,FHDC1,85462,3272,3,38.6830136290235
A,HAGH,3029,4479,3,52.9526950013436
A,AJAP1,55966,5677,3,67.1159744413101
A,AGFG2,3268,7356,3,86.9658460437338
A,TPST1,8460,3578,3,42.3006793290483
A,JMJD7-PLA2G4B,8681,5848,3,69.1376111560298
A,PPAN-P2RY11,692312,5552,3,65.6381698252869
A,RERE,473,3499,3,41.3667068117217
A,SLC9A6,10479,5690,3,67.2696661213765
A,ACVRL1,94,5862,3,69.3031252730244
A,MRPL10,124995,4139,3,48.9330664457605
A,HIST1H4B,8366,9070,3,107.229502938644
A,ZNF33A,7581,7499,3,88.6564545244644
A,FAM98C,147965,3918,3,46.3203078846315
A,FRMD5,84978,4160,3,49.1813376212524
A,TRAPPC12,51112,4068,3,48.0936734238593
A,NBPF1,55672,8186,3,96.7784686941279
A,ZNF706,51123,4442,3,52.5152648350008
A,DSN1,79980,6558,3,77.5315413750416
A,SYCP2,10388,3752,3,44.3577833545526
A,KIFC3,3801,2833,3,33.49296381755
A,ZNF625,90589,3741,3,44.2277365483426
A,EXOC3L1,283849,4884,3,57.7407819572588
A,COX8C,341947,4952,3,58.5447076683755
A,FAM227A,646851,3185,3,37.6544616162714
A,CCDC12,151903,5789,3,68.4400873772669
A,COMMD3,23412,6246,3,73.8429410534477
A,ATXN7L1,222255,3499,3,41.3667068117217
A,EIF3K,27335,4240,3,50.1271325755072
A,ATF5,22809,6471,3,76.5029893622895
A,TRMT12,55039,5065,3,59.8806430412604
A,DAW1,164781,657,3,7.76734106181799
A,CCDC47,57003,8428,3,99.6394984307488
A,GSTA1,2938,8752,3,103.469967995481
A,TPD52L3,89882,7374,3,87.1786499084411
A,TTLL5,23093,2820,3,33.3392721374836
A,CXCL6,6372,6675,3,78.9147664956394
A,CCL1,6346,7934,3,93.7992145882251
A,SMAD1,4086,4831,3,57.114192800065
A,VANGL2,57216,4907,3,58.0126980066071
A,LRRC15,131578,5970,3,70.5799484612685
A,PILRA,29992,5475,3,64.7278421818166
A,RIMS4,140730,2898,3,34.2614222178821
A,CACNA1H,8912,2091,3,24.7207156168362
A,NPAS4,266743,5382,3,63.6283555474953
A,NAB2,4665,4528,3,53.5319944108247
A,SLC5A2,6524,5351,3,63.2618600027215
A,HS3ST5,222537,2717,3,32.1215611338805
A,ABHD17B,51104,4867,3,57.5398005294797
A,RGL2,5863,3787,3,44.7715686470391
A,PRLR,5618,3481,3,41.1539029470143
A,BPY2,9083,5896,3,69.7050881285827
A,MAGEA2B,266740,7349,3,86.8830889852365
A,C1orf158,93190,7097,3,83.9038348793337
A,IL17B,27190,5214,3,61.6421861435601
A,RACGAP1,29127,11475,3,135.662463750931
A,MTRNR2L6,100463482,5521,3,65.2716742805131
A,ACAD9,28976,6500,3,76.8458400332069
A,LYN,4067,3184,3,37.6426391793432
A,WFDC5,149708,8044,3,95.0996826503255
A,IGFL1,374918,5335,3,63.0727010118706
A,FDX1L,112812,2629,3,31.0811866842001
A,GLOD5,392465,7130,3,84.2939752979638
A,SCLT1,132320,2441,3,28.8585685417012
A,DBH,1621,5875,3,69.4568169530908
A,VAV1,7409,3871,3,45.7646533490067
A,ZFYVE9,9372,6247,3,73.8547634903759
A,MAT2B,27430,3620,3,42.7972216800321
A,EBAG9,9166,4775,3,56.4521363320866
A,EIF4EBP2,1979,4824,3,57.0314357415677
A,LIN37,55957,3432,3,40.5746035375332
A,ERICH4,100170765,2777,3,32.8309073495716
A,NPBWR2,2832,1874,3,22.1552468034199
A,SPATA12,353324,6388,3,75.5217270972501
A,RSPH1,89765,6689,3,79.080280612634
A,KIF21A,55605,5092,3,60.1998488383214
A,NUB1,51667,4107,3,48.5547484640586
A,ARFIP1,27236,4895,3,57.8708287634689
A,EPHA10,284656,5395,3,63.7820472275617
A,PROC,5624,6824,3,80.676309597939
A,MTX1,4580,6877,3,81.3028987551329
A,SKA3,221150,5841,3,69.0548540975325
A,SLC35F3,148641,5599,3,66.1938243609116
A,EML5,161436,2811,3,33.2328702051299
A,ZNF595,152687,7109,3,84.0457041224719
A,TOP1,7150,5645,3,66.7376564596081
A,ATP5J2,9551,7342,3,86.8003319267392
A,CLCN1,1180,8198,3,96.9203379372661
A,MUC3A,4584,5368,3,63.4628414305007
A,AIF1L,83543,4969,3,58.7456890961546
A,SEC24A,10802,3938,3,46.5567566231952
A,MB21D2,151963,4715,3,55.7427901163954
A,C17orf98,388381,6633,3,78.4182241446556
A,THEM5,284486,3744,3,44.2632038591272
A,GFI1B,8328,6485,3,76.6685034792841
A,ZNF507,22847,8330,3,98.4808996117867
A,CHD2,1106,7738,3,91.4820169503007
A,LY6G5C,80741,5655,3,66.85588082889
A,PIDD1,55367,4633,3,54.7733502882842
A,ZNF366,167465,3395,3,40.1371733711904
A,ATP2A1,487,5021,3,59.3604558164203
A,PMEL,6490,6445,3,76.1956060021566
A,C6orf15,29113,5939,3,70.2134529164947
A,KLRK1,22914,10409,3,123.059745985485
A,DCP1B,196513,6525,3,77.1414009564115
A,SPATA2,9825,9501,3,112.324973254692
A,TMEM252,169693,6958,3,82.2605161463159
A,IRGC,56269,6845,3,80.9245807734309
A,ABCA7,10347,5668,3,67.0095725089564
A,MMP8,4317,7791,3,92.1086061074946
A,CTNNBL1,56259,8029,3,94.9223460964028
A,MCM9,254394,4231,3,50.0207306431536
A,EIF2D,1939,2889,3,34.1550202855284
A,UBA1,7317,4854,3,57.3861088494132
A,DDB1,1642,9493,3,112.230393759267
A,EEF1AKMT3,25895,2832,3,33.4811413806218
A,SSC4D,136853,6546,3,77.3896721319034
A,FCGR3A,2214,4933,3,58.3200813667399
A,SHE,126669,5986,3,70.7691074521194
A,TNFAIP8L2,79626,4873,3,57.6107351510488
A,TMEM170A,124491,4430,3,52.3733955918625
A,NFATC2,4773,3014,3,35.6328249015516
A,HM13,81502,6490,3,76.727615663925
A,STKLD1,169436,3565,3,42.1469876489819
A,HES7,84667,6451,3,76.2665406237258
A,PLVAP,83483,3095,3,36.5904422927347
A,OR1N1,138883,3675,3,43.4474557110823
A,PDILT,204474,7099,3,83.9274797531901
A,LCMT1,51451,6502,3,76.8694849070633
A,KLHL31,401265,2716,3,32.1097386969523
A,KCNC4,3749,2791,3,32.9964214665662
A,CFDP1,10428,4358,3,51.5221801330332
A,FRA10AC1,118924,4073,3,48.1527856085002
A,RBFOX2,23543,4946,3,58.4737730468063
A,CELA3B,23436,5779,3,68.321863007985
A,CELA3A,10136,7654,3,90.4889322483331
A,AQP10,89872,7078,3,83.6792085776982
A,C4orf17,84103,3970,3,46.9350746048971
A,CCDC166,100130274,5851,3,69.1730784668144
A,SPRED3,399473,2601,3,30.7501584502109
A,MGAT1,4245,3873,3,45.7882982228631
A,MSRB3,253827,6807,3,80.4753281701599
A,MON1A,84315,6367,3,75.2734559217582
A,CCNB2,9133,7250,3,85.7126677293461
A,COLEC12,81035,3335,3,39.4278271554992
A,ZC3H10,84872,5245,3,62.0086816883338
A,FOXD4,2298,3581,3,42.3361466398329
A,BECN2,441925,6680,3,78.9738786802803
A,PTH1R,5745,3710,3,43.8612410035688
A,CTIF,9811,2737,3,32.3580098724442
A,GABBR1,2550,2939,3,34.7461421319377
A,MEIKIN,728637,6608,3,78.1226632214509
A,ANAPC11,51529,6441,3,76.1483162544439
A,TMEM221,100130519,6982,3,82.5442546325924
A,DCLRE1A,9937,4359,3,51.5340025699613
A,ARR3,407,4739,3,56.0265286026719
A,KCNS3,3790,4864,3,57.5043332186951
A,NXPE3,91775,1743,3,20.6065075658276
A,TMCO3,55002,1380,3,16.3149629608962
A,OR51G2,81282,5468,3,64.6450851233193
A,IGFBP3,3486,7557,3,89.3421558662991
A,B3GNT6,192134,7175,3,84.8259849597322
A,CDC37L1,55664,7689,3,90.9027175408196
A,ALAS1,211,4643,3,54.8915746575661
A,C8orf87,389676,7218,3,85.3343497476442
A,NLGN2,57555,7346,3,86.847621674452
A,CAVIN2,8436,2380,3,28.1373998890819
A,ZKSCAN1,7586,6214,3,73.4646230717458
A,MYH9,4627,6180,3,73.0626602161875
A,WAS,7454,6177,3,73.0271929054029
A,ALPP,250,6162,3,72.8498563514801
A,FKBPL,63943,4980,3,58.8757359023646
A,IKBIP,121457,4765,3,56.3339119628047
A,PEX16,9409,4994,3,59.0412500193592
A,GGA3,23163,4201,3,49.666057535308
A,CPNE6,9362,6100,3,72.1168652619326
A,SKOR2,652991,5883,3,69.5513964485163
A,RPS6KA1,6195,4182,3,49.4414312336725
A,EXOSC10,5394,3089,3,36.5195076711655
A,TDRD5,163589,6071,3,71.7740145910152
A,ALPI,248,8207,3,97.0267398696198
A,CDK5,1020,1870,3,22.1079570557072
A,KRBA1,84626,2764,3,32.6772156695052
A,CD151,977,2425,3,28.6694095508503
A,POMGNT1,55624,5617,3,66.4066282256189
A,RAB4A,5867,4748,3,56.1329305350256
A,CCNA2,890,3871,3,45.7646533490067
A,ARFGAP1,55738,6177,3,73.0271929054029
A,TCF20,6942,5034,3,59.5141474964867
A,JUND,3727,3584,3,42.3716139506174
A,THAP4,51078,3920,3,46.3439527584878
A,DIS3L2,129563,2655,3,31.388570044333
A,GAGE12E,729431,4534,3,53.6029290323938
A,CRP,1401,5224,3,61.7604105128419
A,PITRM1,10531,5127,3,60.6136341308079
A,LAMB1,3912,4715,3,55.7427901163954
A,TGFA,7039,4387,3,51.8650308039505
A,PRR23A,729627,2838,3,33.5520760021909
A,AFAP1L1,134265,1595,3,18.8567869004561
A,LSM3,27258,5587,3,66.0519551177734
A,MAGEB1,4112,2051,3,24.2478181397088
A,TDRD1,56165,7114,3,84.1048163071129
A,REEP3,221035,2106,3,24.898052170759
A,SAP25,100316904,1774,3,20.9730031106014
A,ELMO2,63916,6307,3,74.564109706067
A,CHCHD4,131474,3036,3,35.8929185139717
A,GLDC,2731,8453,3,99.9350593539535
A,C16orf52,730094,4075,3,48.1764304823566
A,SNCB,6620,4845,3,57.2797069170596
A,ANXA2,302,3965,3,46.8759624202562
A,MFSD12,126321,5299,3,62.6470932824559
A,ARFRP1,10139,3548,3,41.9460062212028
A,CDHR1,92211,6229,3,73.6419596256686
A,PIANP,196500,3456,3,40.8583420238097
A,SMDT1,91689,3492,3,41.2839497532244
A,ALDH6A1,4329,3200,3,37.8317981701942
A,TMEM107,84314,5302,3,62.6825605932404
A,SLC9B1,150159,5868,3,69.3740598945935
A,EGLN2,112398,3531,3,41.7450247934236
A,EBI3,10148,5084,3,60.105269342896
A,PPM1E,22843,2371,3,28.0309979567282
A,CCDC130,81576,3493,3,41.2957721901526
A,OXCT2,64064,3830,3,45.2799334349511
A,HIF1AN,55662,2556,3,30.2181487884426
A,NCK1,4690,2712,3,32.0624489492395
A,C11orf53,341032,2602,3,30.7619808871391
A,LCORL,254251,3239,3,38.2928732103934
A,STN1,79991,3433,3,40.5864259744614
A,PFN2,5217,3626,3,42.8681563016013
A,TVP23B,51030,5848,3,69.1376111560298
A,JAK3,3718,5467,3,64.6332626863911
A,ZGLP1,100125288,4533,3,53.5911065954657
A,FBP2,8789,8898,3,105.196043786996
A,NCAPD3,23310,6482,3,76.6330361684995
A,CALB1,793,4376,3,51.7349839977405
A,FMNL2,114793,5335,3,63.0727010118706
A,FOXE1,2304,3814,3,45.0907744441002
A,FAM69C,125704,4809,3,56.8540991876449
A,MMD,23531,2549,3,30.1353917299453
A,ANKEF1,63926,4171,3,49.3113844274624
A,PLA2G4C,8605,3628,3,42.8918011754576
A,C7orf49,78996,6010,3,71.0528459383959
A,PSAP,5660,1845,3,21.8123961325026
A,KRT6B,3854,5527,3,65.3426089020822
A,HOXB5,3215,5074,3,59.9870449736141
A,TCP10L,140290,5713,3,67.5415821707247
A,NDUFS2,4720,4744,3,56.0856407873128
A,AHCTF1,25909,5242,3,61.9732143775493
A,DENND5A,23258,4996,3,59.0648948932156
A,KDM8,79831,3453,3,40.8228747130251
A,FXYD6,53826,2759,3,32.6181034848643
A,XPOT,11260,6964,3,82.331450767885
A,PDE5A,8654,6128,3,72.4478934959218
A,UNC45B,146862,5040,3,59.5850821180558
A,CMTM3,123920,2935,3,34.6988523842249
A,CTDSP1,58190,5811,3,68.7001809896869
A,WDR93,56964,4245,3,50.1862447601482
A,UPF1,5976,4764,3,56.3220895258765
A,C22orf15,150248,5346,3,63.2027478180806
A,ZNF425,155054,5582,3,65.9928429331324
A,MIR1-1HG,128826,3289,3,38.8839950568027
A,SLC22A16,85413,4994,3,59.0412500193592
A,U2SURP,23350,5641,3,66.6903667118954
A,DCAF10,79269,2774,3,32.7954400387871
A,NPAS1,4861,2289,3,27.061558128617
A,KLC4,89953,4489,3,53.0709193706255
A,GCSH,2653,5588,3,66.0637775547015
A,C12orf75,387882,5251,3,62.079616309903
A,CLTC,1213,4031,3,47.6562432575164
A,ACVR2B,93,5828,3,68.9011624174661
A,CEP295NL,100653515,3516,3,41.5676882395008
A,APOBEC3B,9582,3927,3,46.4267098169851
A,TMUB1,83590,5237,3,61.9141021929084
A,SYT11,23208,4907,3,58.0126980066071
A,DLK2,65989,3557,3,42.0524081535564
A,SLC6A16,28968,6135,3,72.5306505544191
A,CYFIP2,26999,4482,3,52.9881623121282
A,RNF217,154214,2212,3,26.1512304851467
A,FKBP11,51303,4134,3,48.8739542611196
A,FAM118A,55007,2874,3,33.9776837316056
A,C2CD2,25966,2702,3,31.9442245799577
A,SLC9A3R2,9351,2001,3,23.6566962932995
A,TNFAIP1,7126,3253,3,38.458387327388
A,HDAC6,10013,4262,3,50.3872261879273
A,PLXDC1,57125,3066,3,36.2475916218173
A,TPCN2,219931,5092,3,60.1998488383214
A,TNNT1,7138,2664,3,31.4949719766866
A,GPR62,118442,5867,3,69.3622374576653
A,NDUFS5,4725,5667,3,66.9977500720282
A,SLC26A1,10861,4232,3,50.0325530800818
A,MICU3,286097,6748,3,79.7778043913969
A,ELOC,6921,10247,3,121.144511203119
A,CCNK,8812,3098,3,36.6259096035192
A,LYPLA2,11313,6967,3,82.3669180786696
A,ATL2,64225,3309,3,39.1204437953664
A,CLDN19,149461,8153,3,96.3883282754978
A,ZNF432,9668,9057,3,107.075811258578
A,SSRP1,6749,6792,3,80.2979916162371
A,RBM7,10179,6321,3,74.7296238230616
A,TEN1,100134934,6614,3,78.19359784302
A,CGB2,114336,5365,3,63.4273741197161
A,C7orf34,135927,5666,3,66.9859276351
A,RPS6KC1,26750,4492,3,53.10638668141
A,ARL2,402,6030,3,71.2892946769596
A,MOB3B,79817,6031,3,71.3011171138878
A,METTL9,51108,4225,3,49.9497960215845
A,ANKRD55,79722,5710,3,67.5061148599402
A,SFMBT1,51460,4955,3,58.58017497916
A,CACNG8,59283,4003,3,47.3252150235272
A,ADRB3,155,2614,3,30.9038501302774
A,CACNG2,10369,6311,3,74.6113994537798
A,TRIM21,6737,4399,3,52.0069000470888
A,TBC1D2,55357,6984,3,82.5678995064487
A,FAM92B,339145,3324,3,39.2977803492892
A,NUDT22,84304,2514,3,29.7216064374588
A,PUS10,150962,3458,3,40.8819868976661
A,OR5B17,219965,4396,3,51.9714327363042
A,LTB4R2,56413,5806,3,68.641068805046
A,FAM186B,84070,4750,3,56.1565754088819
A,TMEM42,131616,4365,3,51.6049371915305
A,MPC2,25874,6441,3,76.1483162544439
A,CARHSP1,23589,5259,3,62.1741958053284
A,SPATA4,132851,4012,3,47.4316169558809
A,TBC1D4,9882,3988,3,47.1478784696045
A,AURKAIP1,54998,3571,3,42.217922270551
A,SLC25A39,51629,3537,3,41.8159594149927
A,LRPAP1,4043,4545,3,53.7329758386039
A,GRIN2D,2906,5633,3,66.5957872164699
A,MAP1LC3B,81631,1938,3,22.9118827668238
A,C1orf194,127003,3951,3,46.7104483032616
A,REM1,28954,3222,3,38.0918917826142
A,MEIS3,56917,1871,3,22.1197794926354
A,C20orf203,284805,1119,3,13.2293069226398
A,SHISA7,729956,7221,3,85.3698170584287
A,CAMK2N1,55450,8895,3,105.160576476212
A,STYX,6815,5448,3,64.4086363847555
A,ATP5H,10476,5717,3,67.5888719184375
A,RFC5,5985,7331,3,86.6702851205292
A,BAMBI,25805,4123,3,48.7439074549095
A,TGM2,7052,2843,3,33.6111881868319
A,CACUL1,143384,7078,3,83.6792085776982
A,BCKDHA,593,3599,3,42.5489505045402
A,CYP24A1,1591,4049,3,47.8690471222238
A,POLR3G,10622,4539,3,53.6620412170348
A,OARD1,221443,5218,3,61.6894758912728
A,ZBED5,58486,5187,3,61.3229803464991
A,PLCB2,5330,6885,3,81.3974782505584
A,AUTS2,26053,2453,3,29.0004377848395
A,VPS41,27072,5177,3,61.2047559772172
A,UQCR11,10975,4738,3,56.0147061657437
A,TPR,7175,5713,3,67.5415821707247
A,GAGE12J,729396,6074,3,71.8094819017998
A,SEC61B,10952,4777,3,56.475781205943
A,INTS8,55656,4324,3,51.1202172774748
A,ZAR1L,646799,3666,3,43.3410537787287
A,FAM168A,23201,4343,3,51.3448435791104
A,MPPE1,65258,3920,3,46.3439527584878
A,MTFR1,9650,3803,3,44.9607276378901
A,CX3CL1,6376,1544,3,18.2538426171187
A,XPNPEP2,7512,5126,3,60.6018116938798
A,ZNF165,7718,4708,3,55.6600330578981
A,PSORS1C2,170680,3717,3,43.9439980620661
A,ADGRD2,347088,4668,3,55.1871355807707
A,TRAPPC8,22878,4367,3,51.6285820653868
A,CLVS2,134829,2333,3,27.5817453534572
A,AQR,9716,3155,3,37.2997885084258
A,SNCG,6623,6032,3,71.312939550816
A,SPATA21,374955,4618,3,54.5960137343614
A,PDE1C,5137,4155,3,49.1222254366115
A,HTT,3064,6057,3,71.6085004740206
A,KIR3DL1,3811,2262,1,26.742352331556
A,UBAP2L,9898,2614,3,30.9038501302774
A,KANK3,256949,6888,3,81.4329455613429
A,COX7B2,170712,6258,3,73.9848102965859
A,C9orf84,158401,2849,3,33.682122808401
A,MYH6,4624,7097,3,83.9038348793337
A,OTOP3,347741,4084,3,48.2828324147103
A,GTSF1,121355,3571,3,42.217922270551
A,IRF6,3664,5693,3,67.305133432161
A,RAB3GAP2,25782,7229,3,85.4643965538542
A,ALDH1A1,216,7700,3,91.0327643470297
A,SYT14,255928,8503,3,100.526181200363
A,CAP2,10486,3228,3,38.1628264041833
A,APOC3,345,7144,3,84.4594894149584
A,C12orf76,400073,4198,3,49.6305902245235
A,ARHGAP20,57569,3778,3,44.6651667146855
A,CCL5,6352,3306,3,39.0849764845818
A,LMBR1,64327,3292,3,38.9194623675872
A,SYP,6855,5098,3,60.2707834598906
A,SLC11A1,6556,6408,3,75.7581758358138
A,EFCAB3,146779,7250,3,85.7126677293461
A,CARTPT,9607,4312,3,50.9783480343366
A,RESP18,389075,4493,3,53.1182091183382
A,GLUD2,2747,3706,3,43.8139512558561
A,NFATC2IP,84901,4028,3,47.6207759467319
A,OGFOD1,55239,6932,3,81.9531327861831
A,PLXNB3,5365,5323,3,62.9308317687323
A,DDX6,1656,2450,3,28.9649704740549
A,MEX3C,51320,6523,3,77.1177560825551
A,GRHL3,57822,3481,3,41.1539029470143
A,MAGEB4,4115,6218,3,73.5119128194585
A,TMEM106A,113277,6192,3,73.2045294593257
A,RFPL4B,442247,3209,3,37.9382001025478
A,BANF1,8815,2310,3,27.3098293041089
A,C1orf189,388701,9619,3,113.720020812218
A,TDRD10,126668,3834,3,45.3272231826639
A,AMY1A,276,6292,3,74.3867731521443
A,TRPC5OS,100329135,6458,3,76.3492976822231
A,DEFB114,245928,4052,3,47.9045144330083
A,RPS27A,6233,5463,3,64.5859729386783
A,DNAJC21,134218,6729,3,79.5531780897614
A,KRTAP1-5,83895,2005,1,23.7039860410123
A,ACTN1,87,4169,3,49.2877395536061
A,SPTBN2,6712,5556,3,65.6854595729996
A,RAB7A,7879,5156,3,60.9564848017253
A,ZNF530,348327,3227,3,38.1510039672552
A,ABCC4,10257,4670,3,55.2107804546271
A,TRANK1,9881,4711,3,55.6955003686827
A,CXCR5,643,2913,3,34.4387587718049
A,HDGFL1,154150,4416,3,52.2078814748679
A,XCL2,6846,5306,3,62.7298503409532
A,SLC22A8,9376,3881,3,45.8828777182886
A,TSR3,115939,4444,3,52.5389097088571
A,GPATCH4,54865,3574,3,42.2533895813356
A,FAM57B,83723,4589,3,54.2531630634441
A,PDP2,57546,5392,3,63.7465799167771
A,TYK2,7297,4914,3,58.0954550651044
A,FOXI1,2299,5448,3,64.4086363847555
A,KIR2DL1,3802,8935,3,105.633473953339
A,RGPD4,285190,2653,3,31.3649251704766
A,FAM46C,54855,3495,3,41.3194170640089
A,CHD4,1108,3194,3,37.760863548625
A,PRKAR2A,5576,5568,3,65.8273288161378
A,SGMS1,259230,6275,3,74.1857917243651
A,ARHGEF1,9138,1776,3,20.9966479844578
A,GLB1L3,112937,5173,3,61.1574662295045
A,IRAK2,3656,3753,3,44.3696057914808
A,GALK2,2585,5418,3,64.05396327691
A,ZNF469,84627,5325,3,62.9544766425887
A,GAS8,2622,5023,3,59.3841006902766
A,EXOC2,55770,2318,3,27.4044087995344
A,FADD,8772,4549,3,53.7802655863166
A,PLA2G2F,64600,5784,3,68.3809751926259
A,MAL,4118,8438,3,99.7577228000307
A,CRISP2,7180,5769,3,68.2036386387031
A,MRPL37,51253,5441,3,64.3258793262582
A,SLC15A2,6565,6612,3,78.1699529691637
A,ASIP,434,5182,3,61.2638681618581
A,SYNJ2BP,55333,5956,3,70.4144343442739
A,CDHR5,53841,3736,3,44.1686243637017
A,HLA-DQB1,3119,5284,3,62.4697567285331
A,SLC35A1,10559,5807,3,68.6528912419742
A,S100A7A,338324,5554,3,65.6618146991432
A,GNAT2,2780,4613,3,54.5369015497205
A,OXGR1,27199,2289,3,27.061558128617
A,MORN3,283385,4761,3,56.286622215092
A,EPS8L2,64787,4290,3,50.7182544219165
A,RHCG,51458,2403,3,28.4093159384302
A,PLSCR3,57048,4742,3,56.0619959134565
A,EME1,146956,3396,3,40.1489958081185
A,FAM204A,63877,5701,3,67.3997129275865
A,EIF5,1983,5012,3,59.2540538840666
A,WDR3,10885,5586,3,66.0401326808452
A,ACSL1,2180,7218,3,85.3343497476442
A,MGST3,4259,5029,3,59.4550353118457
A,TRIM22,10346,5501,3,65.0352255419494
A,ZNF34,80778,5215,3,61.6540085804883
A,STPG2,285555,4300,3,50.8364787911984
A,GPR173,54328,6909,3,81.6812167368348
A,VTI1A,143187,4619,3,54.6078361712896
A,SLX4,84464,2849,3,33.682122808401
A,LOC389895,389895,4476,3,52.9172276905591
A,KDELR1,10945,6048,3,71.5020985416669
A,GP5,2814,4914,3,58.0954550651044
A,SIDT2,51092,4877,3,57.6580248987615
A,FAM122A,116224,3637,3,42.9982031078113
A,BANF2,140836,4276,3,50.5527403049219
A,GALNTL6,442117,4276,3,50.5527403049219
A,CCDC169,728591,5288,3,62.5170464762458
A,VKORC1,79001,3522,3,41.6386228610699
A,CT45A10,102723631,2642,3,31.2348783642665
A,TBC1D10C,374403,5700,3,67.3878904906583
A,KHDRBS3,10656,4083,3,48.2710099777821
A,ZC3H12C,85463,5700,3,67.3878904906583
A,SRMS,6725,3522,3,41.6386228610699
A,HIST1H4H,8365,9491,3,112.20674888541
A,BMP5,653,3844,3,45.4454475519457
A,SYT4,6860,5271,3,62.3160650484667
A,EIF4G2,1982,6247,3,73.8547634903759
A,TBX20,57057,6081,3,71.8922389602971
A,SNAPC3,6619,4353,3,51.4630679483922
A,NCOR1,9611,3165,3,37.4180128777076
A,THY1,7070,2450,3,28.9649704740549
A,KLK14,43847,6556,3,77.5078965011853
A,C2orf76,130355,4792,3,56.6531177598657
A,CDC7,8317,5539,3,65.4844781452204
A,RPS28,6234,4339,3,51.2975538313976
A,DCTN3,11258,6501,3,76.8576624701351
A,HIST1H4F,8361,7015,3,82.9343950512225
A,CEP162,22832,3603,3,42.596240252253
A,KRT14,3861,8643,3,102.181322370309
A,KRT16,3868,6517,3,77.046821460986
A,TXNRD1,7296,5666,3,66.9859276351
A,KISS1,3814,4248,3,50.2217120709327
A,DUSP23,54935,5624,3,66.4893852841162
A,RNF121,55298,5863,3,69.3149477099526
A,NCF1,653361,2521,3,29.8043634959561
A,RAX2,84839,1757,3,20.7720216828222
A,AHNAK2,113146,5826,3,68.8775175436097
A,MOGS,7841,2408,3,28.4684281230711
A,BIRC3,330,3521,3,41.6268004241418
A,ERVFRD-1,405754,5293,3,62.5761586608868
A,CHRM4,1132,9209,3,108.872821671662
A,CEMP1,752014,7127,3,84.2585079871793
A,PRSS36,146547,9333,3,110.338803850757
A,SLC25A19,60386,2991,3,35.3609088522033
A,DTNA,1837,6960,3,82.2841610201723
A,PFDN6,10471,4312,3,50.9783480343366
A,RAB25,57111,5004,3,59.1594743886411
A,SLC28A1,9154,4019,3,47.5143740143782
A,KAZALD1,81621,3180,3,37.5953494316304
A,ZNF227,7770,3504,3,41.4258189963626
A,RRM1,6240,6241,3,73.7838288688068
A,AP3B1,8546,3275,3,38.7184809398081
A,FAM181A,90050,3057,3,36.1411896894636
A,PDGFRL,5157,5285,3,62.4815791654613
A,MARCH5,54708,2580,3,30.501887274719
A,HSPA1B,3304,4809,3,56.8540991876449
A,PARP2,10038,5156,3,60.9564848017253
A,IER5L,389792,4912,3,58.071810191248
A,MTRR,4552,5960,3,70.4617240919866
A,ZNF613,79898,3013,3,35.6210024646234
A,RUSC1-AS1,284618,6062,3,71.6676126586615
A,MFSD11,79157,5038,3,59.5614372441994
A,KCNA5,3741,7695,3,90.9736521623887
A,ITGAL,3683,6633,3,78.4182241446556
A,VIL1,7429,5737,3,67.8253206570012
A,ZNF791,163049,4481,3,52.9763398752
A,FAM71C,196472,8060,3,95.2888416411765
A,HEXIM1,10614,7272,3,85.9727613417662
A,PPP1R8,5511,9657,3,114.169273415489
A,TMC3,342125,5305,3,62.718027904025
A,MOB1A,55233,3743,3,44.251381422199
A,ITGA2,3673,4478,3,52.9408725644154
A,ITGA1,3672,3955,3,46.7577380509743
A,DKK4,27121,5416,3,64.0303184030536
A,CLCN6,1185,7817,3,92.4159894676274
A,CDC5L,988,5938,3,70.2016304795665
A,PCMT1,5110,5230,3,61.8313451344111
A,BTN1A1,696,6972,3,82.4260302633105
A,MDC1,9656,5717,3,67.5888719184375
A,NDUFB6,4712,7702,3,91.056409220886
A,TP53I3,9540,5334,3,63.0608785749424
A,OMD,4958,5160,3,61.0037745494381
A,FCER1G,2207,5330,3,63.0135888272296
A,RRAGA,10670,4832,3,57.1260152369932
A,TREM2,54209,5996,3,70.8873318214013
A,RNF216,54476,4135,3,48.8857766980478
A,CEP70,80321,6752,3,79.8250941391097
A,PRPF4B,8899,5105,3,60.3535405183879
A,OR10A2,341276,6417,3,75.8645777681675
A,EAF2,55840,8953,3,105.846277818046
A,GPR119,139760,6957,3,82.2486937093877
A,CSRNP3,80034,6615,3,78.2054202799482
A,COX7A2L,9167,6659,3,78.7256075047884
A,DENND1A,57706,8448,3,99.8759471693126
A,ANKRD1,27063,6693,3,79.1275703603467
A,PARP4,143,5204,3,61.5239617742782
A,ZNF624,57547,7954,3,94.0356633267888
A,C9orf57,138240,2667,3,31.5304392874712
A,LMO1,4004,2491,3,29.4496903881105
A,SLC25A31,83447,6545,3,77.3778496949752
A,CFP,5199,6542,3,77.3423823841907
A,ROM1,6094,10261,3,121.310025320113
A,MRPL22,29093,6907,3,81.6575718629784
A,PLEKHS1,79949,4835,3,57.1614825477777
A,OR2S2,56656,10069,3,119.040117429902
A,VPREB1,7441,3737,3,44.1804468006299
A,ZNF704,619279,7496,3,88.6209872136798
A,AADACL2,344752,8419,3,99.5330964983952
A,ZMAT4,79698,5186,3,61.3111579095709
A,MUC3B,57876,6847,3,80.9482256472873
A,SIGLEC15,284266,4974,3,58.8048012807955
A,METTL12,751071,7384,3,87.296874277723
A,ERC1,23085,4811,3,56.8777440615013
A,CCNL1,57018,5562,3,65.7563941945687
A,TMEM38B,55151,4431,3,52.3852180287907
A,USO1,8615,7411,3,87.616080074784
A,DAB1,1600,5573,3,65.8864410007788
A,USP37,57695,3966,3,46.8877848571844
A,TCEA3,6920,3775,3,44.6296994039009
A,HSD17B7,51478,4641,3,54.8679297837097
A,STXBP3,6814,9161,3,108.305344699109
A,HDAC1,3065,7910,3,93.5154761019487
A,RNF183,138065,5454,3,64.4795710063247
A,JAKMIP2,9832,7311,3,86.4338363819655
A,TRIM31,11074,2263,3,26.7541747684842
A,CEP83,51134,5401,3,63.8529818491308
A,PRSS8,5652,4815,3,56.925033809214
A,ZFPM2,23414,2991,3,35.3609088522033
A,EXOG,9941,5319,3,62.8835420210196
A,TPSB2,64499,6657,3,78.701962630932
A,HIST1H1D,3007,8844,3,104.557632192874
A,IFNA1,3439,7033,3,83.1471989159298
A,ZC2HC1B,153918,9010,3,106.520156722953
A,NAP1L1,4673,4261,3,50.3754037509992
A,SPRR1B,6699,4199,3,49.6424126614516
A,TRIM39,56658,4822,3,57.0077908677113
A,PLGLB2,5342,3509,2,41.4849311810035
A,LPA,4018,8220,3,97.1804315496862
A,CBX8,57332,3875,3,45.8119430967195
A,DNAJC5G,285126,1664,3,19.672535048501
A,SLCO1B3,28234,3672,3,43.4119884002978
A,KIF9,64147,6459,3,76.3611201191513
A,SCG3,29106,3420,3,40.432734294395
A,MDM4,4194,7765,3,91.8012227473617
A,ALS2CR12,130540,4899,3,57.9181185111816
A,NMUR2,56923,4880,3,57.6934922095461
A,ATP7A,538,3814,3,45.0907744441002
A,TACR3,6870,6064,3,71.6912575325179
A,ZNF479,90827,5681,3,67.1632641890228
A,OR6B1,135946,5117,3,60.4954097615261
A,LRRC20,55222,4228,3,49.985263332369
A,NR2E1,7101,4200,3,49.6542350983798
A,PSMC1,5700,3165,3,37.4180128777076
A,PGD,5226,7814,3,92.3805221568428
A,RAPH1,65059,3307,3,39.09679892151
A,ARIH1,25820,4886,3,57.7644268311152
A,S100PBP,64766,3779,3,44.6769891516137
A,ZSWIM7,125150,2051,3,24.2478181397088
A,S100A3,6274,7019,3,82.9816847989352
A,HMGN5,79366,5078,3,60.0343347213268
A,RARRES3,5920,6141,3,72.6015851759882
A,TCEANC,170082,9401,3,111.142729561874
A,SDAD1,55153,2307,3,27.2743619933243
A,FMC1,154791,4196,3,49.6069453506671
A,KIF27,55582,1373,3,16.2322059023989
A,SEC24D,9871,5094,3,60.2234937121778
A,MRM1,79922,5123,3,60.5663443830952
A,NCALD,83988,4744,3,56.0856407873128
A,UGT2B7,7364,4938,3,58.3791935513808
A,RAP2A,5911,1365,3,16.1376264069734
A,TCHH,7062,7990,3,94.4612710562035
A,AMH,268,3034,3,35.8692736401153
A,LOC283454,283454,5890,3,69.6341535070136
A,SLC29A1,2030,2796,3,33.0555336512071
A,POU3F3,5455,5342,3,63.1554580703679
A,DHODH,1723,5652,3,66.8204135181054
A,UHMK1,127933,5781,3,68.3455078818414
A,TMEM106B,54664,3449,3,40.7755849653124
A,CMAS,55907,5179,3,61.2284008510736
A,EEF1E1,9521,6910,3,81.693039173763
A,PLOD3,8985,6017,3,71.1356029968932
A,WDR36,134430,4285,3,50.6591422372756
A,CMTM6,54918,3528,3,41.7095574826391
A,FEM1C,56929,3664,3,43.3174089048723
A,CCND1,595,4488,3,53.0590969336973
A,AP5S1,55317,2024,3,23.9286123426478
A,TOM1L2,146691,8066,3,95.3597762627456
A,TGFBR2,7048,2180,3,25.7729125034448
A,MEX3A,92312,2096,3,24.7798278014772
A,WHRN,25861,4274,3,50.5290954310656
A,PGAP1,80055,3539,3,41.8396042888491
A,MS4A6A,64231,4771,3,56.4048465843738
A,COX20,116228,4732,3,55.9437715441746
A,C7orf55-LUC7L2,100996928,5720,3,67.6243392292221
A,SLC25A32,81034,7709,3,91.1391662793833
A,PARD6A,50855,2775,3,32.8072624757152
A,ESPL1,9700,3005,3,35.5264229691979
A,TRIM42,287015,4093,3,48.389234347064
A,SPDYE16,102723555,4993,3,59.0294275824311
A,RNF149,284996,5608,3,66.3002262932653
A,INPP5E,56623,7027,3,83.0762642943607
A,ANKRD46,157567,3873,3,45.7882982228631
A,CDCA8,55143,3231,3,38.1982937149679
A,SRP72,6731,5445,3,64.373169073971
A,GXYLT1,283464,2347,3,27.7472594704518
A,ZNF221,7638,5376,3,63.5574209259262
A,BDKRB2,624,4280,3,50.6000300526347
A,CUL4B,8450,6311,3,74.6113994537798
A,BECN1,8678,3485,3,41.2011926947271
A,DBNDD1,79007,3447,3,40.751940091456
A,PHF8,23133,6074,3,71.8094819017998
A,RNF41,10193,6142,3,72.6134076129164
A,CEPT1,10390,3175,3,37.5362372469895
A,PAM16,51025,4114,3,48.6375055225559
A,TAPBPL,55080,8259,3,97.6415065898855
A,QTRT1,81890,2641,3,31.2230559273384
A,PCDH11X,27328,4317,3,51.0374602189776
A,PCDH11Y,83259,4848,3,57.3151742278441
A,CPSF1,29894,3395,3,40.1371733711904
A,SIGLECL1,284369,5397,3,63.8056921014181
A,MT2A,4502,4440,3,52.4916199611444
A,KRT73,319101,8095,3,95.702626933663
A,EIF2B5,8893,7949,3,93.9765511421479
A,FAM213B,127281,4600,3,54.3832098696541
A,POPDC2,64091,4429,3,52.3615731549343
A,PFKP,5214,2700,3,31.9205797061013
A,TTC23,64927,6645,3,78.5600933877938
A,B3GALT2,8707,7906,3,93.4681863542359
A,LOC101927572,101927572,5649,3,66.7849462073209
A,OR10K2,391107,7733,3,91.4229047656598
A,MROH7,374977,5180,3,61.2402232880018
A,NEO1,4756,4120,3,48.708440144125
A,VTN,7448,5709,3,67.494292423012
A,ZNHIT3,9326,3407,3,40.2790426143286
A,GPATCH8,23131,3354,3,39.6524534571347
A,KRTAP2-2,728279,4443,3,52.5270872719289
A,CBR1,873,6911,3,81.7048616106912
A,OR56A3,390083,5883,3,69.5513964485163
A,HMBOX1,79618,6287,3,74.3276609675033
A,RAD23B,5887,5976,3,70.6508830828376
A,HBB,3043,6076,3,71.8331267756561
A,RRM2B,50484,1739,3,20.5592178181149
A,IDH3G,3421,6190,3,73.1808845854693
A,CLDN1,9076,5845,3,69.1021438452453
A,VPS39,23339,5557,3,65.6972820099278
A,SRRM3,222183,5061,3,59.8333532935477
A,ZBTB33,10009,4152,3,49.0867581258269
A,PLN,5350,4989,3,58.9821378347183
A,OR10K1,391109,8736,3,103.28080900463
A,TMSB15A,11013,4371,3,51.6758718130996
A,NEK11,79858,5461,3,64.562328064822
A,TSHZ1,10194,5838,3,69.019386786748
A,FOXN1,8456,7511,3,88.7983237676026
A,ARHGEF38,54848,4726,3,55.8728369226055
A,TNFAIP6,7130,7526,3,88.9756603215254
A,FAM153B,202134,6440,3,76.1364938175157
A,CREB3L1,90993,5941,3,70.2370977903511
A,OR14I1,401994,7608,3,89.9451001496366
A,SERHL2,253190,6268,3,74.1030346658678
A,ENDOV,284131,3031,3,35.8338063293308
A,NT5C1B,93034,7071,3,83.5964515192009
A,EPX,8288,5504,3,65.070692852734
A,C11orf44,283171,4213,3,49.8079267784462
A,PLCG2,5336,5363,3,63.4037292458598
A,RXFP3,51289,4687,3,55.4117618824062
A,ATG13,9776,3626,3,42.8681563016013
A,DLAT,1737,6498,3,76.8221951593505
A,GPN2,54707,4226,3,49.9616184585127
A,KRTAP6-1,337966,5632,3,66.5839647795417
A,TAS2R30,259293,6618,3,78.2408875907328
A,FAM111A,63901,4968,3,58.7338666592264
A,NME9,347736,3893,3,46.0247469614268
A,PUF60,22827,3567,3,42.1706325228383
A,C18orf54,162681,4507,3,53.2837232353328
A,TNS1,7145,3356,3,39.6760983309911
A,ZBTB44,29068,5117,3,60.4954097615261
A,SBNO2,22904,4353,3,51.4630679483922
A,S100A9,6280,5178,3,61.2165784141454
A,FCHSD1,89848,6134,3,72.5188281174909
A,C16orf89,146556,5751,3,67.9908347739958
A,MRAP,56246,4558,3,53.8866675186703
A,CACNG7,59284,3410,3,40.3145099251131
A,ATP6V0E1,8992,8935,3,105.633473953339
A,TMEM187,8269,5402,3,63.864804286059
A,ZNF391,346157,6086,3,71.951351144938
A,OR51E2,81285,5745,3,67.9199001524267
A,ZNF215,7762,6668,3,78.8320094371421
A,NEUROD1,4760,10487,3,123.981896065883
A,CORO1A,11151,6176,3,73.0153704684747
A,MKRN2,23609,6923,3,81.8467308538294
A,THG1L,54974,5387,3,63.6874677321362
A,FASTKD3,79072,2002,3,23.6685187302277
A,ITFG1,81533,3167,3,37.441657751564
A,TARM1,441864,7449,3,88.0653326780551
A,KCNJ3,3760,4440,3,52.4916199611444
A,SEPT9,10801,4380,3,51.7822737454532
A,DNAAF3,352909,5233,3,61.8668124451956
A,HCAR3,8843,5863,3,69.3149477099526
A,NUDT13,25961,6936,3,82.0004225338958
A,TTC12,54970,3442,3,40.6928279068151
A,ADAM17,6868,4382,3,51.8059186193096
A,COMMD7,149951,4607,3,54.4659669281514
A,TRIM43,129868,5558,3,65.709104446856
A,RNF224,643596,4166,3,49.2522722428215
A,CNTN5,53942,4476,3,52.9172276905591
A,SPRED1,161742,4093,3,48.389234347064
A,PADI1,29943,5956,3,70.4144343442739
A,ZNF555,148254,5649,3,66.7849462073209
A,ACTL6B,51412,4611,3,54.5132566758641
A,MANBAL,63905,2995,3,35.4081985999161
A,CD300A,11314,5625,3,66.5012077210444
A,MARK2,2011,5886,3,69.5868637593009
A,CAPN3,825,5302,3,62.6825605932404
A,GNL2,29889,4047,3,47.8454022483674
A,TSNAX,7257,7761,3,91.753932999649
A,TTLL4,9654,6114,3,72.2823793789272
A,MCM5,4174,6823,3,80.6644871610108
A,ACOX2,8309,4463,3,52.7635360104927
A,GPT2,84706,2510,3,29.674316689746
A,EGLN3,112399,2462,3,29.1068397171931
A,CFAP61,26074,4355,3,51.4867128222486
A,UNCX,340260,4149,3,49.0512908150424
A,DENND3,22898,5606,3,66.2765814194089
A,PML,5371,7725,3,91.3283252702343
A,ELMO1,9844,8949,3,105.798988070334
A,CD2AP,23607,7770,3,91.8603349320027
A,CLTCL1,8218,4902,3,57.9535858219662
A,PSG5,5673,7151,3,84.5422464734557
A,CHGA,1113,5184,3,61.2875130357145
A,PKIA,5569,3064,3,36.2239467479609
A,CSPP1,79848,5735,3,67.8016757831448
A,SUOX,6821,5291,3,62.5525137870304
A,NT5DC1,221294,6106,3,72.1877998835017
A,NIPSNAP2,2631,3141,3,37.1342743914312
A,FAM170A,340069,4336,3,51.2620865206131
A,LRRC55,219527,4837,3,57.1851274216341
A,MAGEB6,158809,4207,3,49.7369921568771
A,NOD2,64127,3168,3,37.4534801884922
A,UGT2A1,10941,3987,3,47.1360560326763
A,BUB3,9184,5205,3,61.5357842112064
A,DIRC1,116093,3958,3,46.7932053617589
A,RBMS1,5937,6035,3,71.3484068616005
A,HSPB3,8988,5347,3,63.2145702550088
A,CASQ1,844,7053,3,83.3836476544935
A,SMIM23,644994,7436,3,87.9116409979886
A,TBC1D32,221322,3711,3,43.873063440497
A,NPFFR2,10886,5886,3,69.5868637593009
A,ZC3H12D,340152,5940,3,70.2252753534229
A,PES1,23481,3947,3,46.6631585555488
A,CDKN2AIPNL,91368,5211,3,61.6067188327755
A,NAP1L3,4675,8962,3,105.9526797504
A,CDK20,23552,7807,3,92.2977650983455
A,KRT7,3855,13033,3,154.081820485044
A,GHRL,51738,5220,3,61.7131207651292
A,PLA2G4D,283748,6878,3,81.3147211920611
A,ZNF587,84914,6914,3,81.7403289214757
A,ZDHHC18,84243,2650,3,31.329457859692
A,COX6B2,125965,2288,3,27.0497356916888
A,PRDM14,63978,3383,3,39.9953041280521
A,MCTP2,55784,5837,3,69.0075643498198
A,WNT1,7471,4802,3,56.7713421291476
A,HPGD,3248,4124,3,48.7557298918377
A,KRAS,3845,5917,3,69.9533593040746
A,RBMX,27316,3122,3,36.9096480897957
A,CBX1,10951,3005,3,35.5264229691979
A,TPRG1,285386,4296,3,50.7891890434857
A,TAOK1,57551,5868,3,69.3740598945935
A,NDUFB8,4714,6360,3,75.1906988632609
A,TNFRSF21,27242,2430,3,28.7285217354912
A,ATF7IP2,80063,5904,3,69.7996676240082
A,USP41,373856,6151,3,72.7198095452701
A,CRYZ,1429,4322,3,51.0965724036185
A,PEX14,5195,5619,3,66.4302730994753
A,C15orf57,90416,7058,3,83.4427598391345
A,TMLHE,55217,8159,3,96.4592628970669
A,PPP1R16A,84988,4366,3,51.6167596284586
A,CNDP2,55748,2567,3,30.3481955946526
A,TMEM54,113452,3543,3,41.8868940365618
A,AQP5,362,7144,3,84.4594894149584
A,TFAP2E,339488,3793,3,44.8425032686083
A,ITGA4,3676,5783,3,68.3691527556977
A,LEFTY2,7044,3988,3,47.1478784696045
A,LRRC31,79782,7196,3,85.0742561352241
A,ODF2L,57489,6785,3,80.2152345577398
A,TKTL1,8277,4941,3,58.4146608621654
A,LCAT,3931,5595,3,66.1465346131988
A,MAPK9,5601,5202,3,61.5003169004219
A,TULP4,56995,7377,3,87.2141172192257
A,LACRT,90070,5291,3,62.5525137870304
A,RAB11A,8766,6175,3,73.0035480315465
A,CT47A11,255313,5489,3,64.8933562988112
A,HAX1,10456,3756,3,44.4050731022654
A,TLN2,83660,2180,3,25.7729125034448
A,FAM25A,643161,5528,3,65.3544313390104
A,RPS6KA6,27330,4812,3,56.8895664984295
A,DCUN1D3,123879,9419,3,111.355533426581
A,LTK,4058,1860,3,21.9897326864254
A,ZFYVE26,23503,3129,3,36.992405148293
A,UBE2T,29089,7016,3,82.9462174881507
A,ANKRD62,342850,7735,3,91.4465496395162
A,TRIM55,84675,2911,3,34.4151138979485
A,ZNF577,84765,4896,3,57.882651200397
A,MS4A3,932,5880,3,69.5159291377318
A,RPL38,6169,5931,3,70.1188734210692
A,SPP2,6694,6895,3,81.5157026198402
A,MKL1,57591,4626,3,54.6905932297869
A,CPT2,1376,4318,3,51.0492826559057
A,COL1A1,1277,6078,3,71.8567716495125
A,NPR1,4881,4724,3,55.8491920487491
A,PEX7,5191,2802,3,33.1264682727763
A,CCDC97,90324,3466,3,40.9765663930915
A,MAB21L1,4081,7018,3,82.969862362007
A,FTSJ3,117246,6390,3,75.5453719711064
A,PANK4,55229,7837,3,92.6524382061911
A,RAB3C,115827,5872,3,69.4213496423063
A,SLC2A13,114134,3758,3,44.4287179761218
A,MEN1,4221,2790,3,32.984599029638
A,EPOR,2057,4268,3,50.4581608094965
A,HKDC1,80201,4287,3,50.682787111132
A,CA8,767,1818,3,21.4931903354416
A,ZNF501,115560,4769,3,56.3812017105175
A,CREB1,1385,7405,3,87.5451454532149
A,ENDOG,2021,5593,3,66.1228897393425
A,GPR183,1880,3515,3,41.5558658025726
A,POC1B-GALNT4,100528030,6329,3,74.8242033184871
A,NEUROG2,63973,6533,3,77.235980451837
A,MDM1,56890,4602,3,54.4068547435105
A,LRRC39,127495,6548,3,77.4133170057598
A,MYO16,23026,5079,3,60.046157158255
A,COL13A1,1305,6756,3,79.8723838868224
A,RPL7L1,285855,4298,3,50.812833917342
A,MUC7,4589,5597,3,66.1701794870552
A,TTC27,55622,4037,3,47.7271778790856
A,NUDT9,53343,4827,3,57.0669030523522
A,PCP4,5121,6474,3,76.538456673074
A,TMEM35A,59353,4715,3,55.7427901163954
A,OR10J5,127385,5421,3,64.0894305876945
A,GINS3,64785,8103,3,95.7972064290885
A,TAS2R10,50839,9413,3,111.284598805012
A,CNGA1,1259,5830,3,68.9248072913225
A,TEX9,374618,4376,3,51.7349839977405
A,CENPE,1062,5581,3,65.9810204962042
A,P2RY1,5028,4851,3,57.3506415386287
A,AXDND1,126859,1163,3,13.7494941474799
A,PRM1,5619,6276,3,74.1976141612933
A,ZFYVE16,9765,2732,3,32.2988976878032
A,INHA,3623,3281,3,38.7894155613772
A,IZUMO3,100129669,3932,3,46.4858220016261
A,PDE1A,5136,7043,3,83.2654232852117
A,SWT1,54823,4478,3,52.9408725644154
A,SNX32,254122,2989,3,35.337263978347
A,MC2R,4158,3811,3,45.0553071333156
A,COL10A1,1300,6626,3,78.3354670861583
A,ZNF581,51545,3417,3,40.3972669836104
A,MUSK,4593,4184,3,49.4650761075289
A,KEL,3792,6738,3,79.6595800221151
A,RFX2,5990,4220,3,49.8906838369435
A,AKR1A1,10327,3870,3,45.7528309120786
A,CNIH3,149111,4486,3,53.0354520598409
A,ROBO3,64221,6604,3,78.0753734737382
A,CFD,1675,4354,3,51.4748903853204
A,TMEM182,130827,5594,3,66.1347121762707
A,C8orf22,492307,5060,3,59.8215308566195
A,TPI1,7167,7725,3,91.3283252702343
A,CCL14,6358,5674,3,67.0805071305255
A,TSC22D3,1831,2395,3,28.3147364430047
A,C7orf66,154907,7650,3,90.4416425006204
A,RPS12,6206,6105,3,72.1759774465735
A,CCDC25,55246,2207,3,26.0921183005058
A,GCSAM,257144,5369,3,63.4746638674289
A,NCEH1,57552,6091,3,72.0104633295789
A,TEX35,84066,5613,3,66.3593384779062
A,IER2,9592,2314,3,27.3571190518216
A,FAM26F,441168,7542,3,89.1648193123763
A,PXN,5829,3176,3,37.5480596839177
A,PTPRB,5787,6469,3,76.4793444884331
A,CDADC1,81602,6238,3,73.7483615580222
A,OR7C2,26658,4477,3,52.9290501274873
A,CILP2,148113,2072,3,24.4960893152007
A,NRAP,4892,4823,3,57.0196133046395
A,CCDC129,223075,5335,3,63.0727010118706
A,ABHD1,84696,2150,3,25.4182393955992
A,CIB1,10519,4462,3,52.7517135735645
A,TAS2R38,5726,6191,3,73.1927070223975
A,TUBA3D,113457,6000,2,70.934621569114
A,KRTAP26-1,388818,8639,3,102.134032622596
A,SLC30A9,10463,4526,3,53.5083495369684
A,UPF2,26019,3601,3,42.5725953783966
A,ZNRD1,30834,7153,3,84.5658913473121
A,ITGA7,3679,4286,3,50.6709646742038
A,ZP3,7784,4434,3,52.4206853395753
A,ZMYM5,9205,8558,3,101.176415231413
A,CARD17,440068,3454,3,40.8346971499533
A,MYOM1,8736,4960,3,58.6392871638009
A,EMP3,2014,2731,3,32.2870752508751
A,KLHL32,114792,3379,3,39.9480143803394
A,FCRL5,83416,4341,3,51.321198705254
A,NR1H3,10062,2313,3,27.3452966148935
A,SIGLEC11,114132,2080,3,24.5906688106262
A,CCDC107,203260,1134,3,13.4066434765626
A,CCDC77,84318,2500,3,29.5560923204642
A,FAM3D,131177,3540,3,41.8514267257773
A,DMBX1,127343,3234,3,38.2337610257525
A,FAM169B,283777,7634,3,90.2524835097694
A,IL27,246778,4663,3,55.1280233961298
A,ADGRG7,84873,7599,3,89.8386982172829
A,CACNG4,27092,3361,3,39.735210515632
A,PITPNC1,26207,3381,3,39.9716592541958
A,DNA2,1763,3208,3,37.9263776656196
A,SALL3,27164,5673,3,67.0686846935973
A,C9orf92,100129385,5871,3,69.4095272053781
A,CLP1,10978,2933,3,34.6752075103686
A,CEACAM20,125931,10177,3,120.316940618146
A,H3F3A,3020,7656,3,90.5125771221895
A,CYP2C18,1562,5122,3,60.554521946167
A,TGFB3,7043,8306,3,98.1971611255102
A,CLRN3,119467,7344,3,86.8239768005956
A,DEFB105A,245908,3987,3,47.1360560326763
A,EQTN,54586,5672,3,67.0568622566691
A,NKX2-8,26257,2903,3,34.320534402523
A,ORM2,5005,4648,3,54.950686842207
A,MROH2B,133558,6388,3,75.5217270972501
A,ERLEC1,27248,2559,3,30.2536160992271
A,C6orf120,387263,4292,3,50.7418992957729
A,CTLA4,1493,5764,3,68.1445264540622
A,PPP1R3E,90673,4773,3,56.4284914582302
A,ANKRD49,54851,3523,3,41.6504452979981
A,RGS18,64407,5920,3,69.9888266148592
A,OC90,729330,3918,3,46.3203078846315
A,KIAA0556,23247,4540,3,53.673863653963
A,EIF4A2,1974,4327,3,51.1556845882594
A,MAGI1,9223,4081,3,48.2473651039257
A,MAMDC4,158056,7412,3,87.6279025117122
A,CLEC12B,387837,5928,3,70.0834061102847
A,SYNC,81493,3314,3,39.1795559800073
A,SHH,6469,3265,3,38.6002565705262
A,CLCA4,22802,3966,3,46.8877848571844
A,FNDC7,163479,6129,3,72.45971593285
A,KIAA1107,23285,3451,3,40.7992298391688
A,AQP8,343,9544,3,112.833338042604
A,OR2T1,26696,7010,3,82.8752828665816
A,ZIC5,85416,5440,3,64.3140568893301
A,C12orf10,60314,4247,3,50.2098896340046
A,TGIF2LX,90316,4489,3,53.0709193706255
A,SLC10A6,345274,4477,3,52.9290501274873
A,CRIPAK,285464,3143,3,37.1579192652876
A,ADAMTS9,56999,3576,3,42.277034455192
A,ERMN,57471,6319,3,74.7059789492053
A,ARL13B,200894,5859,3,69.2676579622398
A,TNC,3371,2256,3,26.6714177099869
A,HAL,3034,2770,3,32.7481502910743
A,KCNE1,3753,5877,3,69.4804618269472
A,C4A,720,7695,3,90.9736521623887
A,ZNF705B,100132396,5019,3,59.3368109425639
A,OTOR,56914,5393,3,63.7584023537053
A,AHSP,51327,4776,3,56.4639587690148
A,SLC22A13,9390,5017,3,59.3131660687075
A,IFRD1,3475,1286,3,15.2036538896468
A,SPINK14,408187,2653,3,31.3649251704766
A,DAZ1,1617,6637,3,78.4655138923683
A,F8A2,474383,2052,3,24.259640576637
A,TMEM156,80008,5465,3,64.6096178125347
A,HEATR1,55127,9310,3,110.066887801409
A,TMEM208,29100,7078,3,83.6792085776982
A,DEPDC5,9681,3539,3,41.8396042888491
A,STAP1,26228,4721,3,55.8137247379646
A,SPACA9,11092,2614,3,30.9038501302774
A,ACCSL,390110,5347,3,63.2145702550088
A,ECT2,1894,4562,3,53.933957266383
A,OTUD6B,51633,7500,3,88.6682769613925
A,PDLIM7,9260,5019,3,59.3368109425639
A,FAM156B,727866,5707,3,67.4706475491556
A,RARS2,57038,8317,3,98.3272079317202
A,RRAGB,10325,2521,3,29.8043634959561
A,DCDC5,100506627,5590,3,66.0874224285579
A,RPS24,6229,4669,3,55.1989580176989
A,SULT1A3,6818,7372,3,87.1550050345848
A,SLC36A1,206358,6743,3,79.718692206756
A,PPP1R12A,4659,2629,3,31.0811866842001
A,SNRNP40,9410,4523,3,53.4728822261838
A,SUSD6,9766,3251,3,38.4347424535316
A,FSIP2,401024,6338,3,74.9306052508408
A,NASP,4678,6892,3,81.4802353090557
A,PTTG1IP,754,5305,3,62.718027904025
A,MMP3,4314,7109,3,84.0457041224719
A,TMEM225,338661,5940,3,70.2252753534229
A,FABP4,2167,6632,3,78.4064017077274
A,MEF2C,4208,5003,3,59.1476519517129
A,CECR2,27443,4771,3,56.4048465843738
A,PCDHGA9,56107,6121,3,72.3651364374245
A,GRIK3,2899,1186,3,14.0214101968282
A,PCDHB15,56121,5685,3,67.2105539367355
A,EDN2,1907,2024,3,23.9286123426478
A,TRIM50,135892,6189,3,73.1690621485411
A,ZNF268,10795,4007,3,47.37250477124
A,ZNF345,25850,5993,3,70.8518645106167
A,RP1,6101,3259,3,38.5293219489571
A,OR5K3,403277,5944,3,70.2725651011356
A,KRTAP19-4,337971,9842,3,116.356424247203
A,MAST4,375449,7742,3,91.5293066980135
A,NT5E,4907,3214,3,37.9973122871888
A,OPN5,221391,6916,3,81.7639737953321
A,TNP2,7142,4989,3,58.9821378347183
A,HDAC3,8841,5484,3,64.8342441141702
A,LACTB2,51110,7790,3,92.0967836705664
A,DSCR4,10281,3336,3,39.4396495924274
A,SEC22B,9554,5413,3,63.994851092269
A,CXorf65,158830,7086,3,83.7737880731237
A,C9orf24,84688,6371,3,75.3207456694709
A,DYDC2,84332,6170,3,72.9444358469056
A,CCDC62,84660,2598,3,30.7146911394264
A,KLHL21,9903,4083,3,48.2710099777821
A,TIMM10,26519,4475,3,52.9054052536309
A,ZNF200,7752,4106,3,48.5429260271304
A,TRIM77,390231,7338,3,86.7530421790265
A,PGAP2,27315,5317,3,62.8598971471632
A,KRTAP22-2,100288287,3732,3,44.1213346159889
A,OLAH,55301,7923,3,93.6691677820151
A,S100A14,57402,6980,3,82.520609758736
A,MAML3,55534,10846,3,128.226150923102
A,RFPL4AL1,729974,7602,3,89.8741655280675
A,HTR5A,3361,3322,3,39.2741354754328
A,CINP,51550,8202,3,96.9676276849789
A,MT1B,4490,8639,3,102.134032622596
A,TAF1A,9015,6391,3,75.5571944080346
A,IL20RB,53833,7040,3,83.2299559744271
A,NSUN4,387338,3745,3,44.2750262960553
A,CLEC12A,160364,5515,3,65.200739658944
A,BAAT,570,5044,3,59.6323718657685
A,BRWD3,254065,5495,3,64.9642909203803
A,ACSM2B,348158,4593,3,54.3004528111568
A,ADAM20,8748,8117,3,95.9627205460831
A,IMPG1,3617,8109,3,95.8681410506576
A,GADD45B,4616,4407,3,52.1014795425143
A,CDKN1B,1027,3198,3,37.8081532963378
A,PFN3,345456,4466,3,52.7990033212772
A,DEFB4B,100289462,4864,3,57.5043332186951
A,POF1B,79983,3748,3,44.3104936068399
A,SCG5,6447,7584,3,89.6613616633601
A,RPS6KB2,6199,2989,3,35.337263978347
A,SPDYE2,441273,6781,3,80.167944810027
A,ADGRA1,84435,5381,3,63.6165331105671
A,HTR3B,9177,6415,3,75.8409328943111
A,ZNF213,7760,4584,3,54.1940508788031
A,IFNG,3458,4976,3,58.8284461546519
A,UPK2,7379,4373,3,51.6995166869559
A,HIST1H4I,8294,4560,3,53.9103123925267
A,NPR3,4883,8299,3,98.1144040670129
A,FBXO24,26261,5600,3,66.2056467978398
A,GVQW1,101362076,2923,3,34.5569831410867
A,DSG4,147409,4124,3,48.7557298918377
A,MFN1,55669,4267,3,50.4463383725683
A,ZNF732,654254,5156,3,60.9564848017253
A,NPIPB4,440345,4464,3,52.7753584474208
A,PRDX6,9588,4195,3,49.5951229137389
A,TAC4,255061,10052,3,118.839136002122
A,PRL,5617,6033,3,71.3247619877442
A,ARHGAP25,9938,4021,3,47.5380188882346
A,KRT76,51350,6310,3,74.5995770168516
A,CH17-360D5.1,100996758,4731,3,55.9319491072464
A,SLC7A7,9056,5846,3,69.1139662821734
A,AWAT1,158833,4877,3,57.6580248987615
A,OR2A4,79541,9340,3,110.421560909254
A,TGM4,7047,5012,3,59.2540538840666
A,SSX5,6758,4763,3,56.3102670889484
A,CNBD2,140894,4098,3,48.4483465317049
A,IL24,11009,4481,3,52.9763398752
A,HCK,3055,5859,3,69.2676579622398
A,SPRY1,10252,4261,3,50.3754037509992
A,ABRA,137735,3669,3,43.3765210895132
A,TREML4,285852,6881,3,81.3501885028456
A,FTH1P18,441490,4172,3,49.3232068643906
A,NCAM1,4684,1578,3,18.655805472677
A,PDE12,201626,4506,3,53.2719007984046
A,MIGA1,374986,2587,3,30.5846443332163
A,GUCA1B,2979,6649,3,78.6073831355065
A,SOX3,6658,4915,3,58.1072775020326
A,MYH13,8735,4295,3,50.7773666065575
A,ABCE1,6059,2167,3,25.6192208233784
A,HOXA2,3199,4184,3,49.4650761075289
A,EIF3L,51386,3907,3,46.1902610784214
A,ACSBG2,81616,3723,3,44.0149326836353
A,NUSAP1,51203,1913,3,22.6163218436192
A,SPATA19,219938,8284,3,97.9370675130901
A,LRRC49,54839,3515,3,41.5558658025726
A,NAIP,4671,4864,3,57.5043332186951
A,SERPINA3,12,2557,3,30.2299712253708
A,OR52E2,119678,4863,3,57.4925107817669
A,RPS18,6222,4240,3,50.1271325755072
A,ABCD2,225,5314,3,62.8244298363787
A,OAS1,4938,5907,3,69.8351349347928
A,MYBPH,4608,4377,3,51.7468064346687
A,ACOD1,730249,4215,3,49.8315716523026
A,MC3R,4159,3539,3,41.8396042888491
A,PCDHB14,56122,3730,3,44.0976897421326
A,ETV3,2117,2618,3,30.9511398779901
A,OR2T29,343563,3998,3,47.2661028388863
A,ADH7,131,5804,3,68.6174239311896
A,FCMR,9214,2632,3,31.1166539949847
A,CLEC4D,338339,4368,3,51.640404502315
A,LRRN4CL,221091,2967,3,35.0771703659269
A,TSPAN18,90139,3310,3,39.1322662322946
A,MPP4,58538,4620,3,54.6196586082178
A,ANGPTL1,9068,6080,3,71.8804165233689
A,UGT1A1,54658,5829,3,68.9129848543943
A,COX11,1353,2642,3,31.2348783642665
A,RAPGEF4,11069,9399,3,111.119084688017
A,INSRR,3645,2602,3,30.7619808871391
A,EDRF1,26098,3468,3,41.0002112669479
A,RNASE1,6035,5758,3,68.0735918324931
A,C17orf75,64149,4640,3,54.8561073467815
A,DOK1,1796,4912,3,58.071810191248
A,HNRNPUL1,11100,2119,3,25.0517438508254
A,KLHL41,10324,6284,3,74.2921936567188
A,MT1A,4489,5469,3,64.6569075602474
A,REG3A,5068,4670,3,55.2107804546271
A,LAMTOR5,10542,4784,3,56.5585382644403
A,SLC35G3,146861,6495,3,76.7867278485659
A,EDNRA,1909,4901,3,57.941763385038
A,PCDH7,5099,5164,3,61.0510642971508
A,PRAMEF11,440560,4217,2,49.855216526159
A,WASHC2C,253725,3228,3,38.1628264041833
A,C4orf32,132720,4588,3,54.2413406265159
A,METTL26,84326,5589,3,66.0755999916297
A,FUT5,2527,3054,3,36.105722378679
A,ODF3L1,161753,4428,3,52.3497507180062
A,KRT82,3888,3575,3,42.2652120182638
A,CCDC157,550631,3344,3,39.5342290878529
A,AFF4,27125,3631,3,42.9272684862422
A,MAFG,4097,1106,3,13.0756152425734
A,ITSN1,6453,2519,3,29.7807186220997
A,AFM,173,8929,3,105.56253933177
A,PKIB,5570,2142,3,25.3236599001737
A,ART5,116969,2667,3,31.5304392874712
A,FAT3,120114,1296,3,15.3218782589286
A,SEMA6B,10501,5396,3,63.7938696644899
A,BLOC1S4,55330,3577,3,42.2888568921201
A,GRXCR1,389207,2569,3,30.371840468509
A,SKA1,220134,4634,3,54.7851727252124
A,ABR,29,2538,3,30.0053449237352
A,SYT5,6861,4011,3,47.4197945189527
A,PABPC1L2A,340529,6284,3,74.2921936567188
A,ITGB3BP,23421,2737,3,32.3580098724442
A,FCGR2C,9103,850,1,10.0490713889578
A,USP9X,8239,4402,3,52.0423673578733
A,NDRG1,10397,2832,3,33.4811413806218
A,ST6GALNAC4,27090,4662,3,55.1162009592016
A,MTHFD2L,441024,2397,3,28.3383813168611
A,ARL15,54622,2403,3,28.4093159384302
A,CDR1,1038,4646,3,54.9270419683506
A,LHX5,64211,2910,3,34.4032914610203
A,OTULIN,90268,3338,3,39.4632944662838
A,TMEM50A,23585,8178,3,96.6838891987024
A,TRIM64,120146,5021,3,59.3604558164203
A,TAGAP,117289,1784,3,21.0912274798832
A,NIP7,51388,1211,3,14.3169711200328
A,YWHAE,7531,5530,3,65.3780762128668
A,CRYGC,1420,4733,3,55.9555939811028
A,TCERG1L,256536,3521,3,41.6268004241418
A,KLHL30,377007,5258,3,62.1623733684003
A,PSG6,5675,6057,3,71.6085004740206
A,EP400,57634,5766,3,68.1681713279186
A,CD44,960,8053,3,95.2060845826792
A,GBP7,388646,5335,3,63.0727010118706
A,CNIH2,254263,3593,3,42.4780158829711
A,PATE1,160065,5742,3,67.8844328416421
A,RAB11FIP3,9727,1242,3,14.6834666648066
A,COA7,65260,2616,3,30.9274950041337
A,GPC6,10082,5536,3,65.4490108344359
A,METTL3,56339,6493,3,76.7630829747096
A,FAM71F2,346653,5636,3,66.6312545272545
A,DEFB116,245930,8670,3,102.50052816737
A,CCDC122,160857,3508,3,41.4731087440753
A,PDGFRB,5159,6851,3,80.995515395
A,G2E3,55632,3493,3,41.2957721901526
A,RAB40A,142684,5330,3,63.0135888272296
A,CNTNAP2,26047,3888,3,45.9656347767859
A,ADAMTSL1,92949,5844,3,69.0903214083171
A,YBX1,4904,6045,3,71.4666312308824
A,OLIG2,10215,4258,3,50.3399364402146
A,AKIRIN2,55122,5142,3,60.7909706847307
A,NMBR,4829,7033,3,83.1471989159298
A,GOLGA8M,653720,4262,3,50.3872261879273
A,KCND2,3751,3611,3,42.6908197476785
A,KIT,3815,3930,3,46.4621771277697
A,LAMTOR4,389541,7596,3,89.8032309064984
A,BTBD1,53339,3357,3,39.6879207679193
A,ADAP2,55803,2004,3,23.6921636040841
A,SNN,8303,3446,3,40.7401176545278
A,CCM2,83605,3407,3,40.2790426143286
A,CENPC,1060,5718,3,67.6006943553657
A,TP53INP2,58476,2245,3,26.5413709037768
A,SP3,6670,1638,3,19.3651516883681
A,HSPA9,3313,6825,3,80.6881320348672
A,CUL3,8452,3920,3,46.3439527584878
A,CREBBP,1387,4236,3,50.0798428277945
A,EPB41L4B,54566,1226,3,14.4943076739556
A,BIRC5,332,3322,3,39.2741354754328
A,SPTSSA,171546,5926,3,70.0597612364283
A,PPIF,10105,2167,3,25.6192208233784
A,ERICH6B,220081,2449,3,28.9531480371267
A,PRPS1L1,221823,3018,3,35.6801146492644
A,CNGB3,54714,4720,3,55.8019023010364
A,COX15,1355,5356,3,63.3209721873625
A,CDC45,8318,4982,3,58.899380776221
A,SLC25A14,9016,5822,3,68.830227795897
A,ZNF382,84911,2234,3,26.4113240975668
A,ARHGEF18,23370,4906,3,58.0008755696789
A,SULF1,23213,4750,3,56.1565754088819
A,OR1S1,219959,6969,3,82.3905629525259
A,SHANK2,22941,2240,3,26.4822587191359
A,COX16,51241,3629,3,42.9036236123858
A,DDX47,51202,4382,3,51.8059186193096
A,APEX1,328,2396,3,28.3265588799329
A,HDGF,3068,2763,3,32.665393232577
A,DAGLA,747,5824,3,68.8538726697534
A,SLC39A5,283375,6076,3,71.8331267756561
A,C22orf29,79680,3862,3,45.6582514166531
A,FBXO3,26273,4905,3,57.9890531327507
A,ERAL1,26284,2963,3,35.0298806182141
A,ACTR1A,10121,6354,3,75.1197642416918
A,UBC,7316,5070,3,59.9397552259014
A,RPS6KA4,8986,1444,3,17.0715989243001
A,OR2T5,401993,3949,2,46.6868034294052
A,BARHL1,56751,5418,3,64.05396327691
A,HSFY1,86614,4364,3,51.5931147546023
A,UTS2B,257313,6190,3,73.1808845854693
A,SPICE1,152185,2602,3,30.7619808871391
A,GOLGA8H,728498,3871,2,45.7646533490067
A,C9orf139,401563,4331,3,51.2029743359722
A,REG3G,130120,5743,3,67.8962552785703
A,PASK,23178,3344,3,39.5342290878529
A,TBX10,347853,6189,3,73.1690621485411
A,SEMA3C,10512,3803,3,44.9607276378901
A,RNF151,146310,4947,3,58.4855954837345
A,ZNF488,118738,2719,3,32.1452060077368
A,RALA,5898,2296,3,27.1443151871143
A,PXT1,222659,5198,3,61.4530271527091
A,IGSF23,147710,4629,3,54.7260605405715
A,PCNT,5116,4431,3,52.3852180287907
A,AGBL1,123624,6285,3,74.3040160936469
A,CENPJ,55835,5775,3,68.2745732602723
A,SIGLEC10,89790,10503,3,124.171055056734
A,LCN1,3933,3388,3,40.0544163126931
A,EFCAB8,388795,5871,3,69.4095272053781
A,SPECC1L,23384,3530,3,41.7332023564954
A,NR2C1,7181,3479,3,41.130258073158
A,LRRC38,126755,4046,3,47.8335798114392
A,XRRA1,143570,4715,3,55.7427901163954
A,HINT1,3094,4454,3,52.657134078139
A,VEGFD,2277,9573,3,113.176188713521
A,MICALCL,84953,6337,3,74.9187828139126
A,RNASE8,122665,4162,3,49.2049824951088
A,ZG16,653808,3840,3,45.398157804233
A,CDH12,1010,5085,3,60.1170917798241
A,DCSTAMP,81501,6185,3,73.1217724008284
A,OR2A5,393046,6495,3,76.7867278485659
A,PPP1R3A,5506,5950,3,70.3434997227048
A,ZNF235,9310,5579,3,65.9573756223479
A,TERB2,145645,8940,3,105.69258613798
A,DHX35,60625,2744,3,32.4407669309415
A,PLEK,5341,4570,3,54.0285367618085
A,ISG15,9636,5177,3,61.2047559772172
A,NDST3,9348,2526,3,29.863475680597
A,ZFAT,57623,3171,3,37.4889474992768
A,SPAG4,6676,6925,3,81.8703757276858
A,BRF1,2972,5032,3,59.4905026226303
A,AKAP14,158798,9273,3,109.629457635066
A,GDF3,9573,5065,3,59.8806430412604
A,PARP3,10039,4597,3,54.3477425588695
A,IGH,3492,6645,3,78.5600933877938
A,LAMB4,22798,5479,3,64.7751319295293
A,MPPED2,744,5276,3,62.3751772331076
A,ANGPT2,285,7760,3,91.7421105627208
A,COQ9,57017,2603,3,30.7738033240673
A,SLC25A5,292,6166,3,72.8971460991929
A,MYCN,4613,6296,3,74.434062899857
A,FAP,2191,1363,3,16.1139815331171
A,FRRS1L,23732,3969,3,46.9232521679689
A,ARL14EPL,644100,8071,3,95.4188884473866
A,C4orf36,132989,1771,3,20.9375357998168
A,MRPL35,51318,5279,3,62.4106445438922
A,STC1,6781,5075,3,59.9988674105423
A,RHOF,54509,2100,3,24.8271175491899
A,DEFB112,245915,4363,3,51.5812923176741
A,HEATR5B,54497,4891,3,57.8235390157561
A,BTG1,694,6370,3,75.3089232325427
A,TAS2R60,338398,2457,3,29.0477275325522
A,CRTC1,23373,7105,3,83.9984143747592
A,TRIM40,135644,5464,3,64.5977953756065
A,APOL1,8542,8616,3,101.862116573248
A,POTEI,653269,4304,3,50.8837685389111
A,POTEB2,100287399,8056,3,95.2415518934638
A,CYP4Z1,199974,8096,3,95.7144493705912
A,BTF3L4,91408,5189,3,61.3466252203555
A,OR2C3,81472,3811,3,45.0553071333156
A,GNL3,26354,5507,3,65.1061601635185
A,C2CD3,26005,4807,3,56.8304543137885
A,SKIDA1,387640,4105,3,48.5311035902022
A,MRPL47,57129,1923,3,22.7345462129011
A,SIMC1,375484,7119,3,84.1639284917538
A,C1QTNF9,338872,9515,3,112.490487371687
A,CXCL13,10563,7038,3,83.2063111005708
A,CCR7,1236,3001,3,35.4791332214852
A,ATG16L1,55054,6000,3,70.934621569114
A,UQCRC2,7385,7993,3,94.4967383669881
A,INMT,11185,5295,3,62.5998035347431
A,RAD9A,5883,7396,3,87.4387435208612
A,SOSTDC1,25928,6692,3,79.1157479234185
A,LTV1,84946,5526,3,65.330786465154
A,CD72,971,9371,3,110.788056454028
A,SERPINE3,647174,3478,3,41.1184356362298
A,TEX44,165100,3885,3,45.9301674660013
A,GPN3,51184,6523,3,77.1177560825551
A,KLK4,9622,5255,3,62.1269060576157
A,SPATC1L,84221,6336,3,74.9069603769844
A,STATH,6779,6924,3,81.8585532907576
A,PTPRJ,5795,4745,3,56.097463224241
A,LIPC,3990,9596,3,113.44810476287
A,OR11G2,390439,4090,3,48.3537670362794
A,MTMR8,55613,3699,3,43.7311941973588
A,CAV1,857,5044,3,59.6323718657685
A,C9orf153,389766,4615,3,54.5605464235769
A,C6orf106,64771,6955,3,82.2250488355313
A,MARS,4141,6328,3,74.8123808815589
A,RCOR1,23186,5383,3,63.6401779844235
A,TAAR5,9038,4994,3,59.0412500193592
A,DDR1,780,7297,3,86.2683222649708
A,TMPRSS11D,9407,5259,3,62.1741958053284
A,PIK3C2G,5288,5872,3,69.4213496423063
A,CAPZA3,93661,5952,3,70.3671445965611
A,GRM3,2913,6486,3,76.6803259162123
A,TEAD3,7005,4189,3,49.5241882921698
A,SRPK3,26576,4650,3,54.9743317160634
A,KRT24,192666,8969,3,106.035436808897
A,TREM1,54210,6209,3,73.4055108871048
A,PLA2G5,5322,3095,3,36.5904422927347
A,RGPD2,729857,3608,3,42.6553524368939
A,PSMB10,5699,4089,3,48.3419445993512
A,BPIFC,254240,6990,3,82.6388341280179
A,PLK1,5347,6699,3,79.1985049819158
A,FAM177B,400823,6746,3,79.7541595175405
A,USP49,25862,4704,3,55.6127433101854
A,MS4A6E,245802,6401,3,75.6754187773165
A,SNX6,58533,4878,3,57.6698473356897
A,ACTN3,89,9393,3,111.048150066448
A,RPA3,6119,6258,3,73.9848102965859
A,S100G,795,5779,3,68.321863007985
A,ABI3BP,25890,7703,3,91.0682316578142
A,NLRP12,91662,8699,3,102.843378838287
A,ERP27,121506,5221,3,61.7249432020574
A,FAHD2A,51011,6434,3,76.0655591959466
A,TK1,7083,4649,3,54.9625092791352
A,SCN5A,6331,2978,3,35.2072171721369
A,ZNF483,158399,3098,3,36.6259096035192
A,OR5H14,403273,5273,2,62.3397099223231
A,OR5H6,79295,7959,3,94.0947755114298
A,A4GNT,51146,4603,3,54.4186771804387
A,HTR3A,3359,3828,3,45.2562885610948
A,C12orf80,283403,4343,3,51.3448435791104
A,DNAJC5B,85479,4680,3,55.3290048239089
A,SERPINA12,145264,1739,3,20.5592178181149
A,PPIG,9360,6350,3,75.072474493979
A,LOC100506422,100506422,5597,3,66.1701794870552
A,UPK1A,11045,6866,3,81.1728519489228
A,OR2AT4,341152,5685,3,67.2105539367355
A,GPR101,83550,7001,3,82.7688809342279
A,BARX1,56033,1020,3,12.0588856667494
A,NEURL1B,54492,3755,3,44.3932506653372
A,PRSS42,339906,4005,3,47.3488598973836
A,LDB1,8861,3048,3,36.0347877571099
A,SPACA6,147650,2085,3,24.6497809952671
A,NOP53,29997,5203,3,61.5121393373501
A,C1orf52,148423,2962,3,35.018058181286
A,EIF2B2,8892,4526,3,53.5083495369684
A,PAPOLG,64895,4930,3,58.2846140559554
A,SNRPN,6638,3657,3,43.234651846375
A,IGDCC3,9543,3586,3,42.3952588244738
A,SETD9,133383,2255,3,26.6595952730587
A,SPTBN5,51332,9383,3,110.929925697166
A,ABCF1,23,5672,3,67.0568622566691
A,BTD,686,5325,3,62.9544766425887
A,B9D2,80776,6117,3,72.3178466897118
A,PIN1,5300,3881,3,45.8828777182886
A,ZXDB,158586,4684,3,55.3762945716217
A,RASL10B,91608,2884,3,34.0959081008875
A,INAFM1,255783,3811,3,45.0553071333156
A,MTRF1L,54516,4788,3,56.605828012153
A,BTNL9,153579,4154,3,49.1104029996833
A,TRMT61B,55006,4759,3,56.2629773412356
A,CXorf40B,541578,3502,3,41.4021741225062
A,MS4A1,931,5149,3,60.873727743228
A,LHB,3972,8925,3,105.515249584057
A,UHRF1BP1L,23074,3394,3,40.1253509342622
A,MARCH8,220972,6107,3,72.1996223204299
A,SAP18,10284,6042,3,71.4311639200978
A,TEX14,56155,5329,3,63.0017663903015
A,ADAMTSL2,9719,4668,3,55.1871355807707
A,FAH,2184,3971,3,46.9468970418253
A,RAD9B,144715,7839,3,92.6760830800475
A,C20orf141,128653,8906,3,105.290623282422
A,BRD2,6046,4235,3,50.0680203908663
A,MST1L,11223,3418,3,40.4090894205386
A,PSTK,118672,5143,3,60.8027931216589
A,DNLZ,728489,5754,3,68.0263020847804
A,FAM57A,79850,2889,3,34.1550202855284
A,PDE3B,5140,6059,3,71.632145347877
A,TRPC3,7222,3405,3,40.2553977404722
A,OR5H1,26341,6554,3,77.4842516273289
A,CD40LG,959,5920,3,69.9888266148592
A,NSUN6,221078,5685,3,67.2105539367355
A,DCD,117159,6737,3,79.6477575851869
A,LDHAL6A,160287,6282,3,74.2685487828624
A,KLRF2,100431172,10191,3,120.48245473514
A,OPN1MW,2652,7235,3,85.5353311754234
A,SERPINB2,5055,8183,3,96.7430013833433
A,PLA2G2D,26279,8124,3,96.0454776045804
A,GPM6A,2823,4977,3,58.8402685915801
A,ADGRL2,23266,9279,3,109.700392256635
A,PODN,127435,5530,3,65.3780762128668
A,COPS7B,64708,6728,3,79.5413556528332
A,AMHR2,269,5552,3,65.6381698252869
A,SMCP,4184,5883,3,69.5513964485163
A,IPO8,10526,8935,3,105.633473953339
A,ZNHIT2,741,2187,3,25.8556695619421
A,FCN2,2220,10717,3,126.701056559366
A,SLC25A41,284427,4615,3,54.5605464235769
A,BCL2L1,598,5676,3,67.1041520043819
A,CYTH1,9267,4335,3,51.2502640836849
A,TNRC6B,23112,4017,3,47.4907291405218
A,GNG8,94235,7965,3,94.1657101329989
A,RFC2,5982,4527,3,53.5201719738965
A,AAMP,14,7445,3,88.0180429303423
A,C17orf50,146853,9453,3,111.757496282139
A,ASIC1,41,5401,3,63.8529818491308
A,ST3GAL6,10402,2974,3,35.1599274244242
A,RYBP,23429,4405,3,52.0778346686579
A,G6PC2,57818,5574,3,65.8982634377069
A,RUVBL2,10856,11684,3,138.133353068921
A,SLC4A11,83959,3876,3,45.8237655336477
A,TNFRSF18,8784,5820,3,68.8065829220406
A,DEFB124,245937,7258,3,85.8072472247716
A,GANC,2595,4506,3,53.2719007984046
A,SPAG17,200162,4509,3,53.3073681091892
A,CACNA2D1,781,7590,3,89.7322962849292
A,SPACA7,122258,6806,3,80.4635057332317
A,RUSC2,9853,8786,3,103.871930851039
A,MDH1B,130752,4928,3,58.260969182099
A,LYVE1,10894,11514,3,136.12353879113
A,FRY,10129,6595,3,77.9689715413845
A,KRTAP1-4,728255,6290,3,74.3631282782879
A,S1PR1,1901,3117,3,36.8505359051547
A,ZSCAN31,64288,6254,3,73.9375205488732
A,MYCBP,26292,6890,3,81.4565904351993
A,CABLES2,81928,726,3,8.5830892098628
A,SERPINC1,462,5931,3,70.1188734210692
A,GPR107,57720,3310,3,39.1322662322946
A,DNMT1,1786,4115,3,48.649327959484
A,ADAM8,101,2070,3,24.4724444413443
A,MRPL15,29088,2557,3,30.2299712253708
A,C16orf62,57020,2239,3,26.4704362822077
A,WSB2,55884,3334,3,39.416004718571
A,NEFH,4744,3921,3,46.355775195416
A,YEATS4,8089,3384,3,40.0071265649803
A,PCDHGA11,56105,5039,3,59.5732596811276
A,FAM219B,57184,2048,3,24.2123508289243
A,TBL1Y,90665,8594,3,101.602022960828
A,CYB5B,80777,5808,3,68.6647136789024
A,FBL,2091,4505,3,53.2600783614765
A,OXA1L,5018,7509,3,88.7746788937462
A,AGRN,375790,3995,3,47.2306355281018
A,HBS1L,10767,4054,3,47.9281593068647
A,QRICH1,54870,5796,3,68.5228444357642
A,PSMB8,5696,5590,3,66.0874224285579
A,SLC9A8,23315,5201,3,61.4884944634937
A,RANBP3,8498,7657,3,90.5243995591177
A,VEZT,55591,5193,3,61.3939149680682
A,NDST2,8509,3717,3,43.9439980620661
A,MAP7,9053,4873,3,57.6107351510488
A,HAUS8,93323,4240,3,50.1271325755072
A,RANBP6,26953,4525,3,53.4965271000402
A,NLE1,54475,2665,3,31.5067944136148
A,PELP1,27043,7465,3,88.254491668906
A,E2F1,1869,1626,3,19.2232824452299
A,VENTX,27287,7630,3,90.2051937620567
A,SLIRP,81892,6391,3,75.5571944080346
A,MRPS24,64951,4425,3,52.3142834072216
A,ASZ1,136991,4907,3,58.0126980066071
A,LARS2,23395,4272,3,50.5054505572092
A,MRPS15,64960,4687,3,55.4117618824062
A,PGP,283871,2670,3,31.5659065982557
A,GORASP2,26003,4696,3,55.5181638147599
A,MAP2K4,6416,5603,3,66.2411141086243
A,BABAM1,29086,4089,3,48.3419445993512
A,RNF212B,100507650,4731,3,55.9319491072464
A,CENPO,79172,7596,3,89.8032309064984
A,IFNLR1,163702,3556,3,42.0405857166282
A,MON2,23041,3576,3,42.277034455192
A,ONECUT1,3175,3698,3,43.7193717604306
A,FHL1,2273,7888,3,93.2553824895286
A,ANK3,288,4732,3,55.9437715441746
A,AGER,177,8656,3,102.335014050375
A,DLG5,9231,2006,3,23.7158084779405
A,SGSM2,9905,3898,3,46.0838591460677
A,SSH1,54434,4370,3,51.6640493761714
A,LDHAL6B,92483,5830,3,68.9248072913225
A,CRYGD,1421,2298,3,27.1679600609707
A,RSPH10B,222967,3792,3,44.8306808316801
A,PTGIS,5740,3610,3,42.6789973107503
A,TMPRSS3,64699,5361,3,63.3800843720034
A,STX4,6810,4183,3,49.4532536706007
A,MRPL27,51264,5965,3,70.5208362766275
A,UTS2,10911,3689,3,43.6129698280769
A,FUT3,2525,7808,3,92.3095875352737
A,CD33,945,9505,3,112.372263002405
A,ARV1,64801,7364,3,87.0604255391593
A,SIRPD,128646,7623,3,90.1224367035594
A,TMUB2,79089,5765,3,68.1563488909904
A,NDUFA13,51079,2183,3,25.8083798142293
A,DDAH2,23564,5832,3,68.9484521651788
A,FBXO27,126433,2702,3,31.9442245799577
A,MOS,4342,3761,3,44.4641852869063
A,ZBTB18,10472,4166,3,49.2522722428215
A,FOXP3,50943,5035,3,59.5259699334149
A,PROM1,8842,4227,3,49.9734408954408
A,PON2,5445,3303,3,39.0495091737973
A,CXCL3,2921,7066,3,83.53733933456
A,MS4A10,341116,6508,3,76.9404195286324
A,EML2,24139,5876,3,69.468639390019
A,PIGQ,9091,2019,3,23.8695001580069
A,MRPL1,65008,8895,3,105.160576476212
A,HLA-DMA,3108,6764,3,79.9669633822479
A,MYO1F,4542,5367,3,63.4510189935725
A,PRPF40B,25766,4608,3,54.4777893650796
A,ICK,22858,5798,3,68.5464893096205
A,SEC22C,9117,5921,3,70.0006490517874
A,MAP3K21,84451,4228,3,49.985263332369
A,TBATA,219793,4512,3,53.3428354199738
A,RPL35,11224,5594,3,66.1347121762707
A,FAM209A,200232,8782,3,103.824641103327
A,PCBD1,5092,4783,3,56.5467158275121
A,PCDHA12,56137,7083,3,83.7383207623391
A,CSAG3,389903,5837,3,69.0075643498198
A,GAK,2580,2716,3,32.1097386969523
A,HCAR2,338442,3117,3,36.8505359051547
A,INHBB,3625,1968,3,23.2665558746694
A,SHCBP1L,81626,4992,3,59.0176051455029
A,TFB1M,51106,4018,3,47.50255157745
A,IFRD2,7866,5752,3,68.002657210924
A,USP46,64854,2507,3,29.6388493789615
A,WDR54,84058,6201,3,73.3109313916794
A,KRTAP20-1,337975,7859,3,92.9125318186112
A,MED13,9969,3746,3,44.2868487329835
A,MUCL1,118430,6043,3,71.442986357026
A,HOXC4,3221,9191,3,108.660017806955
A,FAM110B,90362,5656,3,66.8677032658182
A,SLC4A8,9498,6271,3,74.1385019766524
A,MS4A8,83661,11813,3,139.658447432657
A,LIPK,643414,8226,3,97.2513661712553
A,FCGR2A,2212,6451,3,76.2665406237258
A,LMTK3,114783,7739,3,91.4938393872289
A,KAT6B,23522,5137,3,60.7318585000898
A,PCBP4,57060,6204,3,73.3463987024639
A,ZNF234,10780,4803,3,56.7831645660758
A,TMEM244,253582,6613,3,78.1817754060918
A,CLGN,1047,7766,3,91.8130451842899
A,CACNA1A,773,3675,3,43.4474557110823
A,DIAPH1,1729,3693,3,43.6602595757897
A,HIST2H4A,8370,8257,3,97.6178617160291
A,HIST3H2A,92815,4853,3,57.3742864124851
A,POLR3D,661,5072,3,59.9634000997577
A,HIST1H2AL,8332,5445,3,64.373169073971
A,HIST1H2AK,8330,9631,3,113.861890055356
A,NHSL1,57224,5570,3,65.8509736899942
A,MYOG,4656,7070,3,83.5846290822727
A,RBMXL3,139804,5370,3,63.4864863043571
A,NDN,4692,3672,3,43.4119884002978
A,HLA-DQA2,3118,11227,3,132.730499392741
A,HIST1H2AA,221613,8422,3,99.5685638091797
A,HIST1H2AE,3012,9413,3,111.284598805012
A,HIST1H4D,8360,6164,3,72.8735012253365
A,PISD,23761,8395,3,99.2493580121187
A,HIST4H4,121504,10369,3,122.586848508357
A,HIST1H2AI,8329,8543,3,100.99907867749
A,HIST1H2AB,8335,7061,3,83.478227149919
A,HIST2H2AA3,8337,7275,3,86.0082286525508
A,GAS6,2621,4029,3,47.6325983836601
A,DSCAM,1826,4453,3,52.6453116412108
A,ACSM3,6296,7754,3,91.6711759411517
A,HMHB1,57824,6883,3,81.373833376702
A,FRG1,2483,5767,3,68.1799937648468
A,CBWD1,55871,4923,3,58.2018569974581
A,PILRB,29990,8391,3,99.202068264406
A,OR10J1,26476,5739,3,67.8489655308576
A,CALY,50632,5671,3,67.0450398197409
A,RXRG,6258,3718,3,43.9558204989943
A,SMIM25,100506115,3917,3,46.3084854477033
A,CLPP,8192,3309,3,39.1204437953664
A,PRKCD,5580,4240,3,50.1271325755072
A,EFCAB12,90288,7843,3,92.7233728277602
A,UBN2,254048,5537,3,65.4608332713641
A,SLC5A4,6527,6978,3,82.4969648848796
A,EIF5B,9669,3819,3,45.1498866287411
A,MAP4K2,5871,6302,3,74.5049975214261
A,OR51A4,401666,5101,3,60.3062507706751
A,GID4,79018,6138,3,72.5661178652037
A,SH3TC2,79628,5301,3,62.6707381563123
A,OR52K2,119774,5477,3,64.7514870556729
A,VILL,50853,6853,3,81.0191602688564
A,MTRNR2L3,100462983,6112,3,72.2587345050708
A,TIAF1,9220,3709,3,43.8494185666407
A,MRPL49,740,6981,3,82.5324321956642
A,KCNU1,157855,1775,3,20.9848255475296
A,KRT1,3848,7580,3,89.6140719156474
A,HIST1H1C,3006,5498,3,64.9997582311648
A,KLHL6,89857,9335,3,110.362448724613
A,A2M,2,9472,3,111.982122583775
A,RMI1,80010,8107,3,95.8444961768013
A,HNRNPLL,92906,7546,3,89.2121090600891
A,SALL1,6299,5075,3,59.9988674105423
A,MBD3L1,85509,5682,3,67.175086625951
A,VN1R5,317705,6875,3,81.2792538812765
A,SEPT14,346288,5368,3,63.4628414305007
A,ULBP2,80328,5918,3,69.9651817410028
A,JCHAIN,3512,4951,3,58.5328852314473
A,KDM4D,55693,4514,3,53.3664802938301
A,CLEC2A,387836,6168,3,72.9207909730492
A,PPARD,5467,4437,3,52.4561526503598
A,MARCH1,55016,4476,3,52.9172276905591
A,HORMAD1,84072,6212,3,73.4409781978894
A,SLFN5,162394,3661,3,43.2819415940877
A,UBAP2,55833,4347,3,51.3921333268231
A,MUM1L1,139221,8483,3,100.289732461799
A,IAPP,3375,5179,3,61.2284008510736
A,CYSLTR2,57105,6407,3,75.7463533988856
A,DAB2,1601,7146,3,84.4831342888148
A,SMTN,6525,2134,3,25.2290804047482
A,CFHR3,10878,5543,3,65.5317678929332
A,USP8,9101,6313,3,74.6350443276362
A,FANCM,57697,6154,3,72.7552768560546
A,HSPA1L,3305,3318,3,39.2268457277201
A,LOC101927844,101927844,5031,3,59.4786801857021
A,FCRL2,79368,4504,3,53.2482559245483
A,NANOG,79923,3442,3,40.6928279068151
A,OR7D4,125958,6972,3,82.4260302633105
A,OR52L1,338751,5481,3,64.7987768033857
A,C21orf140,101928147,7714,3,91.1982784640243
A,TPTE2,93492,7123,3,84.2112182394665
A,HOXB9,3219,5253,3,62.1032611837593
A,LIF,3976,7051,3,83.3600027806372
A,DDI1,414301,3747,3,44.2986711699117
A,FXYD2,486,8888,3,105.077819417714
A,WNT5A,7474,3355,3,39.6642758940629
A,LOC286068,286068,7042,3,83.2536008482835
A,TMEM81,388730,5315,3,62.8362522733069
A,CALCRL,10203,4715,3,55.7427901163954
A,COX19,90639,7578,3,89.590427041791
A,DEFB125,245938,5061,3,59.8333532935477
A,BRINP3,339479,4882,3,57.7171370834025
A,NCR3,259197,4644,3,54.9033970944943
A,FSCN3,29999,3547,3,41.9341837842746
A,MISP3,113230,9851,3,116.462826179557
A,CD2BP2,10421,6737,3,79.6477575851869
A,PCDHGB4,8641,4823,3,57.0196133046395
A,SKP2,6502,4479,3,52.9526950013436
A,GIMAP4,55303,8740,3,103.328098752343
A,PALLD,23022,4072,3,48.1409631715721
A,LOC100130597,100130597,4472,3,52.8699379428463
A,RTN4IP1,84816,2500,3,29.5560923204642
A,FBXO48,554251,2288,3,27.0497356916888
A,C3orf33,285315,1681,3,19.8735164762801
A,OR2L2,26246,4739,3,56.0265286026719
A,SLC38A1,81539,4102,3,48.4956362794176
A,NOS2,4843,8141,3,96.2464590323595
A,SUPT16H,11198,4138,3,48.9212440088323
A,ANP32C,23520,5685,3,67.2105539367355
A,TEX28,1527,5146,3,60.8382604324435
A,GGA1,26088,5655,3,66.85588082889
A,POLR2K,5440,3877,3,45.8355879705758
A,FOXRED1,55572,6441,3,76.1483162544439
A,CELF1,10658,6502,3,76.8694849070633
A,PGBD2,267002,2804,3,33.1501131466326
A,OTP,23440,3717,3,43.9439980620661
A,USP16,10600,3419,3,40.4209118574668
A,ARGFX,503582,4962,3,58.6629320376573
A,RBFOX1,54715,4936,3,58.3555486775245
A,TBX3,6926,6777,3,80.1206550623143
A,PATL2,197135,4329,3,51.1793294621158
A,LCE1C,353133,4704,3,55.6127433101854
A,ASCL3,56676,5549,3,65.6027025145023
A,CST4,1472,3072,3,36.3185262433864
A,LOC100134391,100134391,8640,3,102.145855059524
A,ADD2,119,8199,3,96.9321603741943
A,UBR3,130507,6088,3,71.9749960187944
A,ADAM7,8756,6158,3,72.8025666037674
A,C2orf54,79919,7679,3,90.7844931715378
A,ANGPTL3,27329,5144,3,60.8146155585871
A,RUNX3,864,6041,3,71.4193414831696
A,CHI3L1,1116,4985,3,58.9348480870056
A,CCDC155,147872,3328,3,39.3450700970019
A,ADIPOQ,9370,7588,3,89.7086514110729
A,GOLGA6B,55889,4226,3,49.9616184585127
A,LRTM1,57408,6469,3,76.4793444884331
A,ANP32E,81611,9961,3,117.763294241657
A,GCNT7,140687,7578,3,89.590427041791
A,BTN3A2,11118,4496,3,53.1536764291228
A,C8orf48,157773,4990,3,58.9939602716465
A,OR51M1,390059,8392,3,99.2138907013342
A,SLC1A2,6506,5853,3,69.1967233406707
A,GLI1,2735,3473,3,41.0593234515888
A,KCNE2,9992,6449,3,76.2428957498694
A,KSR2,283455,5769,3,68.2036386387031
A,GPR21,2844,4949,3,58.5092403575909
A,FABP1,2168,6696,3,79.1630376711313
A,LOC100129721,100129721,4294,3,50.7655441696293
A,ZBTB40,9923,2748,3,32.4880566786542
A,TOMM22,56993,2124,3,25.1108560354664
A,OR3A1,4994,6772,3,80.0615428776734
A,C2CD4D,100191040,5099,3,60.2826058968187
A,SGPL1,8879,2756,3,32.5826361740797
A,SMIM9,100132963,10253,3,121.215445824688
A,ARL4A,10124,3663,3,43.3055864679441
A,IL1A,3552,2493,3,29.4733352619669
A,ERBB2,2064,3225,3,38.1273590933988
A,USP10,9100,7918,3,93.6100555973741
A,PCDHGA5,56110,7344,3,86.8239768005956
A,RAET1G,353091,5435,3,64.2549447046891
A,PPP1R14D,54866,6975,3,82.4614975740951
A,RALBP1,10928,6909,3,81.6812167368348
A,SLC10A7,84068,8320,3,98.3626752425048
A,ULBP3,79465,3497,3,41.3430619378653
A,ZBTB10,65986,3351,3,39.6169861463502
A,OR2T4,127074,5428,3,64.1721876461918
A,TRPM7,54822,6749,3,79.7896268283251
A,DERA,51071,2887,3,34.131375411672
A,AKR1D1,6718,7053,3,83.3836476544935
A,LUZP6,767558,8221,3,97.1922539866144
A,ZFP82,284406,5628,3,66.536675031829
A,SLC1A7,6512,3675,3,43.4474557110823
A,SUPV3L1,6832,5288,3,62.5170464762458
A,LOC101929372,101929372,6261,3,74.0202776073705
A,ZNF454,285676,3342,3,39.5105842139965
A,IRF2BPL,64207,4796,3,56.7004075075785
A,TIA1,7072,4337,3,51.2739089575413
A,CFC1,55997,6900,3,81.5748148044811
A,ZDHHC11B,653082,6403,3,75.6990636511729
A,CLEC6A,93978,8501,3,100.502536326506
A,PI15,51050,6951,3,82.1777590878186
A,PBOV1,59351,4862,3,57.4806883448387
A,FAM71B,153745,5721,3,67.6361616661502
A,KIF4A,24137,5129,3,60.6372790046643
A,CCDC54,84692,3365,3,39.7825002633448
A,OR7A17,26333,8677,3,102.583285225867
A,CLEC10A,10462,4900,3,57.9299409481098
A,MRPL30,51263,4047,3,47.8454022483674
A,SLC12A8,84561,4451,3,52.6216667673544
A,PHACTR4,65979,4655,3,55.0334439007043
A,NUFIP1,26747,4185,3,49.476898544457
A,MT1E,4493,5654,3,66.8440583919618
A,PEX3,8504,6232,3,73.6774269364531
A,ZC3H6,376940,4301,3,50.8483012281266
A,CXorf57,55086,3466,3,40.9765663930915
A,C22orf23,84645,3721,3,43.9912878097789
A,OR1S2,219958,4905,3,57.9890531327507
A,COL6A6,131873,7188,3,84.9796766397986
A,TM4SF4,7104,6462,3,76.3965874299358
A,EFNA5,1946,4861,3,57.4688659079106
A,XIRP1,165904,9410,3,111.249131494227
A,FAM98A,25940,8784,3,103.848285977183
A,RBM48,84060,5377,3,63.5692433628544
A,LOC284898,284898,6359,3,75.1788764263327
A,XPC,7508,3052,3,36.0820775048227
A,OR4C15,81309,6732,3,79.588645400546
A,ZNF256,10172,3732,3,44.1213346159889
A,MRPS11,64963,6612,3,78.1699529691637
A,WDCP,80304,4689,3,55.4354067562626
A,DNAJB3,414061,5196,3,61.4293822788528
A,PRSS58,136541,6575,3,77.7325228028208
A,CCDC120,90060,4361,3,51.5576474438177
A,ATP5L2,267020,5018,3,59.3249885056357
A,FOXO4,4303,7401,3,87.4978557055021
A,TSEN2,80746,2729,3,32.2634303770187
A,USP15,9958,3654,3,43.1991845355904
A,IRF2,3660,7058,3,83.4427598391345
A,ZNF600,162966,3719,3,43.9676429359225
A,TRPC4,7223,3548,3,41.9460062212028
A,PGPEP1L,145814,4496,3,53.1536764291228
A,ZW10,9183,3260,3,38.5411443858853
A,DCAF4L2,138009,3583,3,42.3597915136893
A,DEFB123,245936,4859,3,57.4452210340542
A,DHX38,9785,4356,3,51.4985352591768
A,ARRDC2,27106,4140,3,48.9448888826887
A,OR2AG1,144125,5541,3,65.5081230190768
A,MAU2,23383,3431,3,40.562781100605
A,GINS1,9837,4919,3,58.1545672497453
A,HELB,92797,6820,3,80.6290198502263
A,GPR50,9248,6656,3,78.6901401940038
A,CWC27,10283,7842,3,92.711550390832
A,SLCO2B1,11309,3709,3,43.8494185666407
A,LOC100129940,100129940,6127,3,72.4360710589936
A,HIST1H3I,8354,5146,3,60.8382604324435
A,CUZD1,50624,5170,3,61.1219989187199
A,REG4,83998,4578,3,54.123116257234
A,CELF2,10659,5426,3,64.1485427723355
A,ZNF19,7567,6883,3,81.373833376702
A,DCK,1633,5763,3,68.132704017134
A,EN1,2019,7590,3,89.7322962849292
A,C19orf53,28974,3175,3,37.5362372469895
A,CD79B,974,2353,3,27.8181940920209
A,RPRD2,23248,3323,3,39.285957912361
A,TMEM158,25907,5371,3,63.4983087412853
A,UPP1,7378,2753,3,32.5471688632952
A,TMEM159,57146,1527,3,18.0528611893395
A,ZNF283,284349,5187,3,61.3229803464991
A,GGT5,2687,6135,3,72.5306505544191
A,POLR1C,9533,7507,3,88.7510340198898
A,FOXD4L4,349334,2206,2,26.0802958635776
A,C4orf51,646603,4158,3,49.157692747396
A,EEF1G,1937,6792,3,80.2979916162371
A,DOCK5,80005,6708,3,79.3049069142695
A,NANP,140838,4549,3,53.7802655863166
A,OPRPN,58503,5455,3,64.4913934432528
A,TBC1D12,23232,2960,3,34.9944133074296
A,ZNF260,339324,6440,3,76.1364938175157
A,PEX26,55670,8032,3,94.9578134071873
A,TMEM186,25880,9647,3,114.051049046207
A,PLXDC2,84898,3127,3,36.9687602744366
A,CA4,762,2970,3,35.1126376767114
A,ZC3H11A,9877,5902,3,69.7760227501518
A,CYHR1,50626,1716,3,20.2873017687666
A,C20orf196,149840,6226,3,73.606492314884
A,SSX1,6756,6515,3,77.0231765871296
A,GPR148,344561,5858,3,69.2558355253117
A,DROSHA,29102,4553,3,53.8275553340294
A,NBAS,51594,4337,3,51.2739089575413
A,UST,10090,3065,3,36.2357691848891
A,NANS,54187,5386,3,63.675645295208
A,EFCAB9,285588,6208,3,73.3936884501767
A,SMC2,10592,4432,3,52.3970404657189
A,ANXA3,306,2920,3,34.5215158303022
A,C1orf109,54955,3659,3,43.2582967202314
A,ZNF560,147741,7792,3,92.1204285444228
A,PLA2G2E,30814,6608,3,78.1226632214509
A,BANK1,55024,3537,3,41.8159594149927
A,CLINT1,9685,4996,3,59.0648948932156
A,TSPAN1,10103,5874,3,69.4449945161626
A,SLCO1A2,6579,8063,3,95.3243089519611
A,TOP3A,7156,4323,3,51.1083948405467
A,FAM231A,729574,7104,3,83.986591937831
A,KERA,11081,2430,3,28.7285217354912
A,SCNM1,79005,4250,3,50.2453569447891
A,COA4,51287,6141,3,72.6015851759882
A,SLC22A6,9356,11060,3,130.756152425734
A,TLX3,30012,5116,3,60.4835873245979
A,CT83,203413,3022,3,35.7274043969771
A,PDE4B,5142,3383,3,39.9953041280521
A,C11orf88,399949,4504,3,53.2482559245483
A,FUT7,2529,6497,3,76.8103727224223
A,MYOD1,4654,4873,3,57.6107351510488
A,TLR3,7098,6662,3,78.761074815573
A,IFNE,338376,6742,3,79.7068697698278
A,IL5,3567,3282,3,38.8012379983054
A,CLEC7A,64581,3843,3,45.4336251150175
A,KPNB1,3837,2598,3,30.7146911394264
A,PPP1R3C,5507,6995,3,82.6979463126588
A,DPPA3,359787,3782,3,44.7124564623982
A,PARP6,56965,4718,3,55.77825742718
A,OR10X1,128367,4521,3,53.4492373523274
A,IAH1,285148,4275,3,50.5409178679938
A,EIF4E2,9470,5509,3,65.1298050373749
A,MCRS1,10445,3479,3,41.130258073158
A,ARHGAP24,83478,6823,3,80.6644871610108
A,DPYSL2,1808,6431,3,76.0300918851621
A,GSX2,170825,4045,3,47.821757374511
A,PDHA2,5161,5270,3,62.3042426115385
A,PRSS55,203074,5782,3,68.3573303187696
A,CATSPER3,347732,5842,3,69.0666765344607
A,OR6S1,341799,1774,3,20.9730031106014
A,ACBD7,414149,7818,3,92.4278119045556
A,STARD13,90627,4275,3,50.5409178679938
A,KRT81,3887,4220,3,49.8906838369435
A,FSTL4,23105,5445,3,64.373169073971
A,CREG1,8804,2608,3,30.8329155087082
A,GAPVD1,26130,3385,3,40.0189490019085
A,CIART,148523,4875,3,57.6343800249051
A,TMEM88,92162,4748,3,56.1329305350256
A,STS,412,3145,3,37.1815641391439
A,IPO5,3843,7219,3,85.3461721845724
A,CCSER1,401145,4895,3,57.8708287634689
A,PTAR1,375743,3243,3,38.3401629581061
A,FXR1,8087,4802,3,56.7713421291476
A,NBEA,26960,2930,3,34.639740199584
A,CYP20A1,57404,7696,3,90.9854745993169
A,IFNA17,3451,8908,3,105.314268156278
A,AIP,9049,3357,3,39.6879207679193
A,FBXO38,81545,2152,3,25.4418842694556
A,RUNX2,860,2850,3,33.6939452453292
A,CCL22,6367,6646,3,78.571915824722
A,TSTD3,100130890,6764,3,79.9669633822479
A,PIBF1,10464,7601,3,89.8623430911393
A,SERPINA9,327657,5354,3,63.2973273135061
A,LHX9,56956,9989,3,118.094322475647
A,PPP1R35,221908,5452,3,64.4559261324683
A,SLC25A35,399512,2993,3,35.3845537260597
A,LANCL2,55915,3486,3,41.2130151316553
A,KLF11,8462,3114,3,36.8150685943702
A,VIP,7432,5458,3,64.5268607540374
A,ZNF567,163081,4391,3,51.9123205516633
A,YLPM1,56252,1868,3,22.0843121818508
A,NECAB3,63941,2975,3,35.1717498613524
A,ZNF700,90592,2370,3,28.0191755198
A,JADE3,9767,3260,3,38.5411443858853
A,WDR12,55759,3672,3,43.4119884002978
A,LMBRD1,55788,1045,3,12.354446589954
A,GORAB,92344,3455,3,40.8465195868815
A,METTL14,57721,4511,3,53.3310129830456
A,TAF15,8148,3698,3,43.7193717604306
A,PCP2,126006,4815,3,56.925033809214
A,DGAT1,8694,2677,3,31.648663656753
A,RPAP3,79657,3130,3,37.0042275852212
A,C2orf72,257407,2628,3,31.0693642472719
A,INA,9118,4375,3,51.7231615608123
A,CD274,29126,3403,3,40.2317528666158
A,FGF9,2254,1829,3,21.6232371416516
A,MMGT1,93380,5279,3,62.4106445438922
A,CCDC40,55036,4789,3,56.6176504490812
A,KCNJ14,3770,2679,3,31.6723085306094
A,CWH43,80157,8368,3,98.9301522150577
A,ACP2,53,3648,3,43.1282499140213
A,ADORA2B,136,2729,3,32.2634303770187
A,RNF113A,7737,2852,3,33.7175901191855
A,NEFM,4741,4078,3,48.2118977931412
A,IFITM2,10581,7636,3,90.2761283836258
A,LHFPL3,375612,3743,3,44.251381422199
A,CLDN16,10686,3420,3,40.432734294395
A,SLC35F5,80255,6046,3,71.4784536678106
A,TWIST2,117581,2944,3,34.8052543165786
A,IL2,3558,5862,3,69.3031252730244
A,NBEAL2,23218,3790,3,44.8070359578237
A,CTAGE9,643854,8173,3,96.6247770140615
A,ABCG5,64240,7652,3,90.4652873744767
A,TCEAL5,340543,6055,3,71.5848556001643
A,KRT33A,3883,5494,3,64.9524684834521
A,HCFC1,3054,4054,3,47.9281593068647
A,GTPBP4,23560,2521,3,29.8043634959561
A,LOC388282,388282,4568,3,54.0048918879521
A,RFPL3,10738,6104,3,72.1641550096453
A,SNRPE,6635,7478,3,88.4081833489725
A,CTNNA3,29119,5034,3,59.5141474964867
A,MMP7,4316,6303,3,74.5168199583543
A,WFDC12,128488,6302,3,74.5049975214261
A,C12orf50,160419,3228,3,38.1628264041833
A,MED1,5469,3562,3,42.1115203381974
A,DNAJC27,51277,3717,3,43.9439980620661
A,PSMC6,5706,4032,3,47.6680656944446
A,SRGN,5552,7278,3,86.0436959633353
A,MPHOSPH6,10200,6353,3,75.1079418047636
A,SGCE,8910,2946,3,34.828899190435
A,IL10,3586,4508,3,53.295545672261
A,RPF1,80135,5358,3,63.3446170612188
A,DNAJC4,3338,4313,3,50.9901704712648
A,IFI35,3430,4659,3,55.0807336484171
A,ACSS3,79611,7172,3,84.7905176489476
A,SOX4,6659,6009,3,71.0410235014677
A,KRT5,3852,6246,3,73.8429410534477
A,S100A8,6279,4424,3,52.3024609702934
A,DYNC1H1,1778,3773,3,44.6060545300445
A,DBX1,120237,5248,3,62.0441489991184
A,HTR1F,3355,5949,3,70.3316772857766
A,PFDN2,5202,4402,3,52.0423673578733
A,CHAD,1101,6341,3,74.9660725616253
A,ELSPBP1,64100,4272,3,50.5054505572092
A,CDH17,1015,5271,3,62.3160650484667
A,FAM157A,728262,7731,3,91.3992598918034
A,EIF3D,8664,3331,3,39.3805374077865
A,EPHB3,2049,3704,3,43.7903063819997
A,POLR2L,5441,8150,3,96.3528609647132
A,OR2AG2,338755,7175,3,84.8259849597322
A,OR9G4,283189,5343,3,63.167280507296
A,COX7A2,1347,4591,3,54.2768079373004
A,COPZ1,22818,3786,3,44.759746210111
A,ELL,8178,5290,3,62.5406913501022
A,MAEA,10296,3368,3,39.8179675741293
A,TRAPPC2L,51693,1548,3,18.3011323648314
A,GEN1,348654,3180,3,37.5953494316304
A,RNF219,79596,7435,3,87.8998185610605
A,ARMC1,55156,3185,3,37.6544616162714
A,IL19,29949,4527,3,53.5201719738965
A,POP7,10248,3125,3,36.9451154005802
A,TMEM165,55858,3537,3,41.8159594149927
A,MSC,9242,4189,3,49.5241882921698
A,NHLH1,4807,4524,3,53.484704663112
A,KLHL23,151230,5879,3,69.5041067008036
A,GM2A,2760,6388,3,75.5217270972501
A,POLE2,5427,3238,3,38.2810507734652
A,MAP3K7CL,56911,1953,3,23.0892193207466
A,SLC6A20,54716,2285,3,27.0142683809043
A,EFCAB6,64800,4565,3,53.9694245771676
A,TEX22,647310,4142,3,48.9685337565451
A,CAPN7,23473,3538,3,41.8277818519209
A,PGK1,5230,1426,3,16.8587950595928
A,NRXN1,9378,5305,3,62.718027904025
A,TMEM245,23731,2034,3,24.0468367119297
A,G6PC,2538,5731,3,67.7543860354321
A,GPC3,2719,5881,3,69.5277515746599
A,CXCL14,9547,3418,3,40.4090894205386
A,MSRB1,51734,4434,3,52.4206853395753
A,SYCP3,50511,6419,3,75.8882226420238
A,F5,2153,5241,3,61.9613919406211
A,CEBPZ,10153,5164,3,61.0510642971508
A,TPRN,286262,3244,3,38.3519853950343
A,HAMP,57817,6665,3,78.7965421263575
A,MMRN2,79812,5378,3,63.5810657997825
A,CLIC3,9022,5889,3,69.6223310700854
A,CEP104,9731,4986,3,58.9466705239338
A,SLC32A1,140679,5199,3,61.4648495896373
A,LRRC46,90506,3518,3,41.5913331133572
A,LRRC52,440699,4352,3,51.4512455114641
A,NCAPH,23397,4526,3,53.5083495369684
A,SAT1,6303,5997,3,70.8991542583295
A,ZSCAN32,54925,3083,3,36.4485730495964
A,TIPRL,261726,5568,3,65.8273288161378
A,C15orf32,145858,3872,3,45.7764757859349
A,LRRIQ1,84125,4589,3,54.2531630634441
A,CCL15,6359,5976,3,70.6508830828376
A,MANEA,79694,5781,3,68.3455078818414
A,KIAA1524,57650,5463,3,64.5859729386783
A,FBXL13,222235,2223,3,26.2812772913568
A,CYSLTR1,10800,5003,3,59.1476519517129
A,RUFY4,285180,5047,3,59.6678391765531
A,PSCA,8000,5842,3,69.0666765344607
A,RGSL1,353299,5622,3,66.4657404102599
A,MAGOHB,55110,3179,3,37.5835269947023
A,CSGALNACT2,55454,3853,3,45.5518494842994
A,SOX30,11063,4155,3,49.1222254366115
A,EGFL7,51162,5770,3,68.2154610756313
A,C15orf53,400359,6341,3,74.9660725616253
A,SLC26A10,65012,4188,3,49.5123658552416
A,PKP4,8502,4303,3,50.8719461019829
A,COX7B,1349,4849,3,57.3269966647723
A,PCGF5,84333,5669,3,67.0213949458846
A,SPOCK3,50859,4805,3,56.8068094399322
A,IL1RAPL1,11141,2518,3,29.7688961851715
A,FBXO40,51725,8422,3,99.5685638091797
A,RASSF7,8045,3986,3,47.1242335957481
A,TFAP2B,7021,5366,3,63.4391965566443
A,TUBA3C,7278,7700,3,91.0327643470297
A,EPYC,1833,4899,3,57.9181185111816
A,SH2D1B,117157,5492,3,64.9288236095957
A,LOC102724265,102724265,5584,3,66.0164878069888
A,PSMB5,5693,2681,3,31.6959534044658
A,NFE2L1,4779,2416,3,28.5630076184966
A,TNFSF11,8600,1618,3,19.1287029498044
A,ANKRD60,140731,6282,3,74.2685487828624
A,NUDT7,283927,6818,3,80.6053749763699
A,DEFB104A,140596,6730,3,79.5650005266896
A,MMP23B,8510,3306,3,39.0849764845818
A,STRC,161497,2960,3,34.9944133074296
A,ZNF546,339327,3164,3,37.4061904407795
A,SATL1,340562,4764,3,56.3220895258765
A,KCTD14,65987,6668,3,78.8320094371421
A,COASY,80347,3822,3,45.1853539395256
A,IL25,64806,6068,3,71.7385472802307
A,ZSWIM2,151112,2070,3,24.4724444413443
A,B3GALT1,8708,10028,3,118.555397515846
A,IL17REL,400935,7337,3,86.7412197420983
A,INHBC,3626,6876,3,81.2910763182047
A,ARMCX5-GPRASP2,100528062,3948,3,46.674980992477
A,BGLAP,632,7550,3,89.2593988078018
A,MIER3,166968,3913,3,46.2611956999905
A,IFNA21,3452,7737,3,91.4701945133725
A,IFNA4,3441,7555,3,89.3185109924428
A,OR8K1,390157,3941,3,46.5922239339797
A,ADGRF1,266977,5827,3,68.8893399805379
A,RTBDN,83546,5819,3,68.7947604851124
A,TAS2R41,259287,5808,3,68.6647136789024
A,TMEM203,94107,3593,3,42.4780158829711
A,TTN,7273,3300,3,39.0140418630127
A,PLEKHD1,400224,3971,3,46.9468970418253
A,AMPD3,272,5806,3,68.641068805046
A,LRFN5,145581,2540,3,30.0289897975916
A,PMF1,11243,5747,3,67.9435450262831
A,LRRC69,100130742,6670,3,78.8556543109984
A,RGPD6,729540,6407,3,75.7463533988856
A,OR52J3,119679,4742,3,56.0619959134565
A,CLN8,2055,7021,3,83.0053296727916
A,PDAP1,11333,5222,3,61.7367656389856
A,FBXW9,84261,7348,3,86.8712665483083
A,HPX,3263,7606,3,89.9214552757802
A,MPI,4351,5898,3,69.7287330024391
A,OR2A25,392138,3438,3,40.6455381591023
A,LRRC36,55282,3721,3,43.9912878097789
A,ADGRE3,84658,6850,3,80.9836929580719
A,OR8B3,390271,2073,1,24.5079117521289
A,ABCA12,26154,5122,3,60.554521946167
A,FAM110D,79927,7059,3,83.4545822760627
A,IL17RE,132014,11568,3,136.761950385252
A,ASPA,443,4903,3,57.9654082588944
A,DNAJB4,11080,2368,3,27.9955306459437
A,CEP44,80817,3650,3,43.1518947878777
A,IFIT2,3433,6001,3,70.9464440060422
A,KRT35,3886,3638,3,43.0100255447395
A,TRIM69,140691,4132,3,48.8503093872632
A,VN1R1,57191,4691,3,55.459051630119
A,SSMEM1,136263,4424,3,52.3024609702934
A,TUBD1,51174,4302,3,50.8601236650548
A,FOXD4L5,653427,6157,3,72.7907441668392
A,CD96,10225,5892,3,69.65779838087
A,UQCR10,29796,7578,3,89.590427041791
A,ZBTB8OS,339487,3202,3,37.8554430440505
A,OR1E2,8388,3283,2,38.8130604352336
A,PDCL3,79031,5284,3,62.4697567285331
A,AANAT,15,6240,3,73.7720064318786
A,YIPF7,285525,3827,3,45.2444661241666
A,FGFR2,2263,3214,3,37.9973122871888
A,WTAP,9589,4845,3,57.2797069170596
A,FGL2,10875,4334,3,51.2384416467567
A,IYD,389434,6084,3,71.9277062710816
A,KLHDC1,122773,3883,3,45.906522592145
A,EMP2,2013,2035,3,24.0586591488578
A,TMPRSS15,5651,8076,3,95.4780006320275
A,EBLN1,340900,4955,3,58.58017497916
A,GADD45G,10912,2290,3,27.0733805655452
A,ARSI,340075,3792,3,44.8306808316801
A,RNPC3,55599,3359,3,39.7115656417757
A,GPM6B,2824,6029,3,71.2774722400314
A,MUSTN1,389125,7944,3,93.917438957507
A,TSHZ2,128553,4551,3,53.803910460173
A,GAGE10,102724473,6058,3,71.6203229109488
A,PTBP1,5725,2805,3,33.1619355835608
A,UGT1A10,54575,7622,3,90.1106142666312
A,INPP5D,3635,2828,3,33.4338516329091
A,CRIPT,9419,5602,3,66.2292916716961
A,C16orf92,146378,8882,3,105.006884796145
A,CD7,924,3807,3,45.0080173856029
A,ASPG,374569,4701,3,55.5772759994008
A,ZNF879,345462,3918,3,46.3203078846315
A,NEDD4L,23327,5826,3,68.8775175436097
A,LILRA4,23547,5410,3,63.9593837814845
A,NEK6,10783,2331,3,27.5581004796008
A,LILRB1,10859,5148,3,60.8619053062998
A,LARS,51520,6396,3,75.6163065926756
A,SFMBT2,57713,3395,3,40.1371733711904
A,SAR1A,56681,5776,3,68.2863956972004
A,NFE4,58160,5082,3,60.0816244690396
A,POLG2,11232,5358,3,63.3446170612188
A,PHIP,55023,5078,3,60.0343347213268
A,CEP192,55125,6895,3,81.5157026198402
A,PUS3,83480,4717,3,55.7664349902518
A,NAA40,79829,3508,3,41.4731087440753
A,MBP,4155,6333,3,74.8714930661999
A,IL1RN,3557,8485,3,100.313377335655
A,SLC45A2,51151,4912,3,58.071810191248
A,UQCC2,84300,4144,3,48.9921786304014
A,FUT10,84750,4972,3,58.7811564069392
A,FADS6,283985,5940,3,70.2252753534229
A,TOMM34,10953,5359,3,63.356439498147
A,H2AFY2,55506,5139,3,60.7555033739462
A,OR8K3,219473,2891,3,34.1786651593848
A,ACAD11,84129,3387,3,40.0425938757649
A,OTC,5009,2482,3,29.3432884557568
A,HIGD2A,192286,4783,3,56.5467158275121
A,SHARPIN,81858,2211,3,26.1394080482185
A,CDC23,8697,2621,3,30.9866071887747
A,UBE2Q2L,100505679,2011,3,23.7749206625814
A,HSF1,3297,2661,3,31.4595046659021
A,ABCG2,9429,4626,3,54.6905932297869
A,PHYHIPL,84457,1996,3,23.5975841086586
A,RRP8,23378,2395,3,28.3147364430047
A,ARID1A,8289,5047,3,59.6678391765531
A,KRTAP19-7,337974,4865,3,57.5161556556233
A,NUP88,4927,4937,3,58.3673711144527
A,KIAA2026,158358,3671,3,43.4001659633696
A,ORC5,5001,5487,3,64.8697114249548
A,CYP2B6,1555,6556,3,77.5078965011853
A,C12orf42,374470,7541,3,89.1529968754482
A,ATP4A,495,7252,3,85.7363126032025
A,SCHIP1,29970,1579,3,18.6676279096052
A,CTRC,11330,4831,3,57.114192800065
A,STX6,10228,3229,3,38.1746488411115
A,CIZ1,25792,3855,3,45.5754943581558
A,PCDH20,64881,4325,3,51.132039714403
A,TAZ,6901,3459,3,40.8938093345942
A,ALX3,257,6521,3,77.0941112086988
A,ZG16B,124220,2878,3,34.0249734793184
A,DDRGK1,65992,7459,3,88.1835570473369
A,RAB5B,5869,2606,3,30.8092706348519
A,CDC25B,994,5411,3,63.9712062184127
A,LOC100128429,100128429,1625,3,19.2114600083017
A,FAM71A,149647,6363,3,75.2261661740454
A,DCDC2,51473,6572,3,77.6970554920362
A,SLC30A10,55532,3379,3,39.9480143803394
A,DACH2,117154,2064,3,24.4015098197752
A,FAM163B,642968,5623,3,66.477562847188
A,CRYBG2,55057,6053,3,71.5612107263079
A,WDR11,55717,4946,3,58.4737730468063
A,GIMAP6,474344,4564,3,53.9576021402394
A,C12orf73,728568,6671,3,78.8674767479266
A,TNFRSF10B,8795,4639,3,54.8442849098533
A,TTC5,91875,4180,3,49.4177863598161
A,PHPT1,29085,2961,3,35.0062357443578
A,CST1,1469,7371,3,87.1431825976566
A,HDAC7,51564,3076,3,36.3658159910991
A,CEL,1056,2597,3,30.7028687024982
A,SPAG5,10615,6197,3,73.2636416439666
A,ZP4,57829,4980,3,58.8757359023646
A,OR4C16,219428,4901,3,57.941763385038
A,RIOK2,55781,9304,3,109.995953179839
A,ZNF679,168417,4172,3,49.3232068643906
A,OR4S1,256148,4668,3,55.1871355807707
A,COL26A1,136227,7507,3,88.7510340198898
A,ZNF644,84146,3504,3,41.4258189963626
A,IFNL1,282618,9675,3,114.382077280196
A,CELA2B,51032,7377,3,87.2141172192257
A,CSMD1,64478,3529,3,41.7213799195672
A,CXorf56,63932,4678,3,55.3053599500526
A,CLEC9A,283420,3406,3,40.2672201774004
A,MRPL23,6150,4101,3,48.4838138424894
A,TUBE1,51175,2758,3,32.6062810479361
A,LOC730183,730183,1179,3,13.9386531383309
A,SYT1,6857,4224,3,49.9379735846563
A,PSMG1,8624,4666,3,55.1634907069143
A,PI3,5266,4856,3,57.4097537232696
A,DTD1,92675,4265,3,50.4226934987119
A,BPIFA2,140683,2170,3,25.6546881341629
A,RENBP,5973,2313,3,27.3452966148935
A,CLDN18,51208,3771,3,44.5824096561882
A,CLEC18C,283971,5199,3,61.4648495896373
A,FKBP6,8468,3883,3,45.906522592145
A,ZNF618,114991,5492,3,64.9288236095957
A,HBQ1,3049,3457,3,40.8701644607379
A,CCDC24,149473,3991,3,47.183345780389
A,EHF,26298,5223,3,61.7485880759138
A,SPA17,53340,7471,3,88.3254262904752
A,SEPT12,124404,3817,3,45.1262417548847
A,NODAL,4838,3469,3,41.0120337038761
A,CAMP,820,5305,3,62.718027904025
A,AK2,204,5434,3,64.2431222677609
A,OCA2,4948,2751,3,32.5235239894388
A,UXS1,80146,2729,3,32.2634303770187
A,CHIC1,53344,5270,3,62.3042426115385
A,SLC22A3,6581,6403,3,75.6990636511729
A,ZCCHC14,23174,7570,3,89.4958475463655
A,C2orf70,339778,4760,3,56.2747997781638
A,VPS13C,54832,4403,3,52.0541897948015
A,CCSAP,126731,4189,3,49.5241882921698
A,MYLPF,29895,9058,3,107.087633695506
A,DLX3,1747,5663,3,66.9504603243155
A,PATE3,100169851,4269,3,50.4699832464246
A,SC5D,6309,4373,3,51.6995166869559
A,PLA2G16,11145,2856,3,33.7648798668983
A,TTLL3,26140,2625,3,31.0338969364874
A,NSG1,27065,4695,3,55.5063413778317
A,RPH3AL,9501,3602,3,42.5844178153248
A,PLEKHG2,64857,3859,3,45.6227841058685
A,AFF2,2334,1254,3,14.8253359079448
A,HGF,3082,7207,3,85.2043029414341
A,SPCS3,60559,4639,3,54.8442849098533
A,UXT,8409,2972,3,35.1362825505678
A,RHBDD3,25807,2559,3,30.2536160992271
A,GOLPH3L,55204,5394,3,63.7702247906335
A,ZNF696,79943,7610,3,89.968745023493
A,UPK3B,80761,5773,3,68.2509283864159
A,TRIP12,9320,1264,3,14.9435602772267
A,GNAQ,2776,2331,3,27.5581004796008
A,GPX4,2879,2141,3,25.3118374632455
A,BCL2L12,83596,6453,3,76.2901854975821
A,EPHX2,2053,4070,3,48.1173182977157
A,DNAH3,55567,7954,3,94.0356633267888
A,JAM3,83700,3623,3,42.8326889908167
A,DPYSL5,56896,4549,3,53.7802655863166
A,RAB39A,54734,1958,3,23.1483315053875
A,PUS1,80324,3107,3,36.7323115358729
A,SAPCD2,89958,3600,3,42.5607729414684
A,DHRS3,9249,2511,3,29.6861391266742
A,EIF3J,8669,3672,3,43.4119884002978
A,HIVEP3,59269,2061,3,24.3660425089907
A,PRKCZ,5590,6792,3,80.2979916162371
A,ENPP5,59084,5089,3,60.1643815275369
A,KRIT1,889,4576,3,54.0994713833776
A,MYO7B,4648,3978,3,47.0296541003226
A,ACRBP,84519,3706,3,43.8139512558561
A,RPL26,6154,4177,3,49.3823190490316
A,DTL,51514,8036,3,95.0051031549001
A,AEBP2,121536,2531,3,29.9225878652379
A,U2AF1L5,102724594,4412,3,52.1605917271552
A,OSBPL5,114879,1831,3,21.646882015508
A,ZFP14,57677,4024,3,47.5734861990191
A,IGFBP7,3490,2223,3,26.2812772913568
A,BCL10,8915,1769,3,20.9138909259605
A,IL5RA,3568,4306,3,50.9074134127675
A,HSBP1,3281,3977,3,47.0178316633944
A,PXYLP1,92370,5894,3,69.6814432547263
A,BRD9,65980,2743,3,32.4289444940133
A,ELAVL1,1994,3757,3,44.4168955391936
A,GNPTG,84572,3181,3,37.6071718685586
A,B4GALT5,9334,1469,3,17.3671598475048
A,ACE,1636,2639,3,31.199411053482
A,PTPN18,26469,2417,3,28.5748300554248
A,SYNJ1,8867,3685,3,43.5656800803642
A,FES,2242,2949,3,34.8643665012195
A,ERMARD,55780,6062,3,71.6676126586615
A,ARHGDIA,396,2454,3,29.0122602217676
A,KYAT3,56267,5557,3,65.6972820099278
A,SLC9A2,6549,4284,3,50.6473198003474
A,ISYNA1,51477,3644,3,43.0809601663086
A,SPATA20,64847,3103,3,36.6850217881601
A,LIMK1,3984,3391,3,40.0898836234776
A,PABPC4L,132430,1153,3,13.6312697781981
A,NAA11,84779,3683,3,43.5420352065078
A,ZNF174,7727,7816,3,92.4041670306992
A,SLC19A1,6573,4477,3,52.9290501274873
A,NQO2,4835,3973,3,46.9705419156817
A,ZSWIM5,57643,7785,3,92.0376714859255
A,PSMB2,5690,3816,3,45.1144193179565
A,PLAU,5328,1498,3,17.7100105184221
A,ZNF672,79894,4777,3,56.475781205943
A,SELPLG,6404,3387,3,40.0425938757649
A,CAMK2B,816,4060,3,47.9990939284338
A,HSF5,124535,3827,3,45.2444661241666
A,PIGC,5279,3473,3,41.0593234515888
A,IL20RA,53832,6713,3,79.3640190989104
A,TNNI2,7136,7214,3,85.2870599999314
A,GH1,2688,6239,3,73.7601839949504
A,TRAT1,50852,2881,3,34.0604407901029
A,CSH1,1442,8063,3,95.3243089519611
A,C16orf70,80262,1948,3,23.0301071361057
A,SLC52A2,79581,3442,3,40.6928279068151
A,LINGO4,339398,5912,3,69.8942471194337
A,NLRP9,338321,6659,3,78.7256075047884
A,DFFA,1676,2387,3,28.2201569475792
A,PRMT1,3276,5568,3,65.8273288161378
A,ZNF883,169834,2025,3,23.940434779576
A,DNAAF2,55172,3679,3,43.4947454587951
A,KCNF1,3754,1449,3,17.130711108941
A,TXN2,25828,3144,3,37.1697417022157
A,TCAP,8557,4667,3,55.1753131438425
A,HSBP1L1,440498,2874,3,33.9776837316056
A,PSMC3,5702,4776,3,56.4639587690148
A,GAPDHS,26330,7300,3,86.3037895757554
A,CORO7,79585,5357,3,63.3327946242907
A,PRSS48,345062,6219,3,73.5237352563867
A,CHMP2B,25978,3400,3,40.1962855558313
A,TKTL2,84076,3428,3,40.5273137898205
A,CORO2A,7464,4211,3,49.7842819045899
A,ODF3B,440836,2438,3,28.8231012309167
A,SEC23A,10484,4718,3,55.77825742718
A,MTFR2,113115,2801,3,33.1146458358481
A,STARD3,10948,3743,3,44.251381422199
A,SLC28A3,64078,4317,3,51.0374602189776
A,COPG2,26958,2063,3,24.389687382847
A,LRRC40,55631,4597,3,54.3477425588695
A,MT4,84560,4717,3,55.7664349902518
A,TRPV2,51393,1316,3,15.5583269974923
A,DGKZ,8525,2525,3,29.8516532436688
A,KLK15,55554,3847,3,45.4809148627303
A,VDR,7421,3552,3,41.9932959689155
A,PNLIPRP1,5407,3247,3,38.3874527058189
A,CCDC9,26093,3814,3,45.0907744441002
A,MYBPHL,343263,5675,3,67.0923295674537
A,CRCP,27297,6317,3,74.6823340753489
A,HADHB,3032,3392,3,40.1017060604058
A,C14orf79,122616,1815,3,21.457723024657
A,PLEKHB1,58473,5827,3,68.8893399805379
A,ARSG,22901,3100,3,36.6495544773756
A,CHIA,27159,4423,3,52.2906385333652
A,OAS3,4940,4914,3,58.0954550651044
A,GSPT2,23708,2930,3,34.639740199584
A,FLII,2314,2944,3,34.8052543165786
A,OASL,8638,7167,3,84.7314054643067
A,CYP26A1,1592,5672,3,67.0568622566691
A,CCDC112,153733,4057,3,47.9636266176493
A,HS3ST1,9957,3971,3,46.9468970418253
A,SYDE2,84144,4540,3,53.673863653963
A,DUSP8,1850,2727,3,32.2397855031623
A,GRM4,2914,3978,3,47.0296541003226
A,NSDHL,50814,3333,3,39.4041822816428
A,HNRNPK,3190,3099,3,36.6377320404474
A,MICU1,10367,7878,3,93.1371581202467
A,CXorf23,256643,4702,3,55.589098436329
A,WDR18,57418,3863,3,45.6700738535812
A,G6PC3,92579,4661,3,55.1043785222734
A,RAMP2,10266,3732,3,44.1213346159889
A,TUBB4B,10383,6173,3,72.9799031576902
A,GTPBP10,85865,5368,3,63.4628414305007
A,TPBGL,100507050,1992,3,23.5502943609459
A,KCNN4,3783,5510,3,65.1416274743031
A,CNTNAP3,79937,3025,3,35.7628717077617
A,AKT1,207,3362,3,39.7470329525602
A,USP6,9098,3469,3,41.0120337038761
A,C2orf48,348738,5608,3,66.3002262932653
A,PKDREJ,10343,1654,3,19.5543106792191
A,REPS2,9185,2728,3,32.2516079400905
A,DNASE1L2,1775,3160,3,37.3589006930667
A,SLC27A5,10998,3323,3,39.285957912361
A,FAM133B,257415,2029,3,23.9877245272887
A,IQCB1,9657,1802,3,21.3040313445906
A,ECH1,1891,4212,3,49.7961043415181
A,ITGA5,3678,1985,3,23.4675373024486
A,MIOS,54468,2741,3,32.4052996201569
A,C3orf80,401097,3578,3,42.3006793290483
A,PXDNL,137902,3183,3,37.630816742415
A,POU4F3,5459,3280,3,38.777593124449
A,DENND2D,79961,1426,3,16.8587950595928
A,CTNND2,1501,4873,3,57.6107351510488
A,PLCD3,113026,4363,3,51.5812923176741
A,RTL6,84247,3497,3,41.3430619378653
A,PPP1R21,129285,4487,3,53.0472744967691
A,MYBL2,4605,4779,3,56.4994260797993
A,MANEAL,149175,2492,3,29.4615128250387
A,MTHFD1L,25902,2234,3,26.4113240975668
A,FGFBP1,9982,4266,3,50.4345159356401
A,PDF,64146,5889,3,69.6223310700854
A,PHKB,5257,3810,3,45.0434846963874
A,FAM207A,85395,3264,3,38.588434133598
A,GTPBP2,54676,7014,3,82.9225726142943
A,IFNA10,3446,5667,3,66.9977500720282
A,CYB561D1,284613,4780,3,56.5112485167275
A,CACNB3,784,3935,3,46.5212893124106
A,MYDGF,56005,4565,3,53.9694245771676
A,C19orf71,100128569,1479,3,17.4853842167866
A,RER1,11079,2642,3,31.2348783642665
A,C1QL3,389941,4181,3,49.4296087967443
A,PARS2,25973,5572,3,65.8746185638506
A,RAD52,5893,2418,3,28.586652492353
A,DNAJC19,131118,4307,3,50.9192358496957
A,SLC26A8,116369,2319,3,27.4162312364626
A,IFT172,26160,3602,3,42.5844178153248
A,CACNA2D2,9254,2564,3,30.3127282838681
A,SHOX,6473,1543,3,18.2420201801905
A,CLCN3,1182,3927,3,46.4267098169851
A,ZNF707,286075,3063,3,36.2121243110327
A,TXNDC12,51060,1932,3,22.8409481452547
A,TPST2,8459,5352,3,63.2736824396497
A,PDE4D,5144,2293,3,27.1088478763297
A,IQCK,124152,2319,3,27.4162312364626
A,EGFR,1956,2032,3,24.0231918380733
A,ZDHHC17,23390,4178,3,49.3941414859597
A,CFAP53,220136,1894,3,22.3916955419837
A,GSTK1,373156,2646,3,31.2821681119793
A,KCNG2,26251,3291,3,38.907639930659
A,POLR3B,55703,4446,3,52.5625545827135
A,TRNAU1AP,54952,4102,3,48.4956362794176
A,CTAGE6,340307,4695,3,55.5063413778317
A,KCNV1,27012,4808,3,56.8422767507167
A,GTF3A,2971,1366,3,16.1494488439016
A,OAF,220323,2481,3,29.3314660188287
A,MTRF1,9617,7718,3,91.245568211737
A,ENPEP,2028,6337,3,74.9187828139126
A,ZNF536,9745,5353,3,63.2855048765779
A,LRRN3,54674,7096,3,83.8920124424055
A,PABPC1,26986,3055,3,36.1175448156072
A,IDI2,91734,2448,3,28.9413256001985
A,NCF2,4688,4910,3,58.0481653173916
A,KRTAP19-1,337882,3697,3,43.7075493235024
A,KRT10,3858,3382,3,39.9834816911239
A,HBE1,3046,8093,3,95.6789820598066
A,OR8J3,81168,4156,3,49.1340478735397
A,RCAN1,1827,3825,3,45.2208212503102
A,RNPEPL1,57140,6102,3,72.140510135789
A,TAAR6,319100,6324,3,74.7650911338462
A,ZFP91,80829,3826,3,45.2326436872384
A,UNC13C,440279,7618,3,90.0633245189185
A,UNC45A,55898,3870,3,45.7528309120786
A,ERVMER34-1,100288413,2935,3,34.6988523842249
A,MPEG1,219972,4917,3,58.1309223758889
A,LCE2A,353139,4305,3,50.8955909758393
A,BMP4,652,5128,3,60.6254565677361
A,ERGIC1,57222,7483,3,88.4672955336134
A,PDLIM5,10611,4154,3,49.1104029996833
A,PLEKHB2,55041,6238,3,73.7483615580222
A,PLTP,5360,3826,3,45.2326436872384
A,COL17A1,1308,5026,3,59.4195680010612
A,ZNF214,7761,3827,3,45.2444661241666
A,CD200R1L,344807,6560,3,77.555186248898
A,CTSL,1514,3018,3,35.6801146492644
A,DTWD2,285605,3437,3,40.6337157221742
A,RIMKLB,57494,6471,3,76.5029893622895
A,MUC20,200958,6966,3,82.3550956417414
A,EPO,2056,4112,3,48.6138606486995
A,LHFP,10186,1060,3,12.5317831438768
A,RHOQ,23433,2122,3,25.08721116161
A,FLT1,2321,2634,3,31.1402988688411
A,SLC35B3,51000,3019,3,35.6919370861925
A,SH2D4B,387694,5305,3,62.718027904025
A,MAN1A2,10905,3152,3,37.2643211976412
A,TYW1,55253,3132,3,37.0278724590775
A,USP17L13,100287238,6281,3,74.2567263459342
A,USP17L7,392197,7803,3,92.2504753506328
A,IGFBP2,3485,1505,3,17.7927675769194
A,CCDC80,151887,4486,3,53.0354520598409
A,TBX18,9096,5642,3,66.7021891488236
A,COQ3,51805,1810,3,21.3986108400161
A,LOC100130357,100130357,3053,3,36.0938999417509
A,TRPC7,57113,3004,3,35.5146005322698
A,ANGPTL6,83854,1649,3,19.4951984945782
A,PAQR3,152559,4183,3,49.4532536706007
A,TRIM47,91107,4065,3,48.0582061130748
A,SERPINA1,5265,5339,3,63.1199907595833
A,OVGP1,5016,2505,3,29.6152045051051
A,ADCY8,114,3908,3,46.2020835153496
A,KRT40,125115,6347,3,75.0370071831945
A,OR6A2,8590,4984,3,58.9230256500774
A,LMAN2L,81562,4667,3,55.1753131438425
A,DDX20,11218,2943,3,34.7934318796504
A,BRINP2,57795,6059,3,71.632145347877
A,STAP2,55620,4562,3,53.933957266383
A,IGSF1,3547,4473,3,52.8817603797745
A,PRDM1,639,5143,3,60.8027931216589
A,CCDC168,643677,4731,3,55.9319491072464
A,OR4M1,441670,3719,3,43.9676429359225
A,FOXI2,399823,1660,3,19.6252453007882
A,DYRK1B,9149,2590,3,30.6201116440009
A,TESC,54997,1859,3,21.9779102494972
A,SOX18,54345,2722,3,32.1806733185214
A,RPTOR,57521,4680,3,55.3290048239089
A,CLDN9,9080,2580,3,30.501887274719
A,HLA-DRB1,3123,6715,3,79.3876639727668
A,HLA-DRB5,3127,5288,3,62.5170464762458
A,ERVV-1,147664,5365,3,63.4273741197161
A,LRRC66,339977,5632,3,66.5839647795417
A,PTPRC,5788,1937,3,22.9000603298956
A,TXNDC2,84203,5456,3,64.503215880181
A,KIAA1551,55196,4391,3,51.9123205516633
A,HSP90AA1,3320,1126,3,13.3120639811371
A,ARL13A,392509,6191,3,73.1927070223975
A,ZNF45,7596,6173,3,72.9799031576902
A,FAM177A1,283635,4802,3,56.7713421291476
A,ENTPD8,377841,3014,3,35.6328249015516
A,TMEM8C,389827,3105,3,36.7086666620165
A,S100A7,6278,4612,3,54.5250791127923
A,PLCD1,5333,2430,3,28.7285217354912
A,SMARCE1,6605,3294,3,38.9431072414436
A,CRIP1,1396,4106,3,48.5429260271304
A,CLUH,23277,4861,3,57.4688659079106
A,APOBEC3F,200316,4149,3,49.0512908150424
A,OR4N2,390429,7427,3,87.805239065635
A,OR4K1,79544,3991,3,47.183345780389
A,SCN7A,6332,3978,3,47.0296541003226
A,SERPIND1,3053,4695,3,55.5063413778317
A,CPPED1,55313,4430,3,52.3733955918625
A,TMEM207,131920,5226,3,61.7840553866983
A,SDR39U1,56948,7658,3,90.5362219960459
A,NACA,4666,5512,3,65.1652723481594
A,OR8H2,390151,3569,3,42.1942773966947
A,HPS4,89781,6874,3,81.2674314443483
A,TRPS1,7227,4268,3,50.4581608094965
A,PHYH,5264,2642,3,31.2348783642665
A,ALDOC,230,4626,3,54.6905932297869
A,SLC19A2,10560,2202,3,26.0330061158649
A,ADGRE1,2015,3614,3,42.726287058463
A,EIF2A,83939,3523,3,41.6504452979981
A,RPE65,6121,6233,3,73.6892493733813
A,XBP1,7494,5496,3,64.9761133573085
A,ARHGEF6,9459,5279,3,62.4106445438922
A,ITGAD,3681,4472,3,52.8699379428463
A,ZSCAN12,9753,3877,3,45.8355879705758
A,C17orf64,124773,5700,3,67.3878904906583
A,TIMELESS,8914,4769,3,56.3812017105175
A,OVCH1,341350,4315,3,51.0138153451212
A,MPP5,64398,4159,3,49.1695151843242
A,OR51A7,119687,6514,3,77.0113541502015
A,LMOD2,442721,6511,3,76.9758868394169
A,FOCAD,54914,5731,3,67.7543860354321
A,BFSP2,8419,7661,3,90.5716893068304
A,TDGF1,6997,3476,3,41.0947907623734
A,LCE6A,448835,7036,3,83.1826662267144
A,PDE6H,5149,7162,3,84.6722932796658
A,PRMT8,56341,5342,3,63.1554580703679
A,LIPF,8513,6610,3,78.1463080953073
A,BBS12,166379,2242,3,26.5059035929923
A,TAS2R14,50840,4597,3,54.3477425588695
A,SLC34A1,6569,5494,3,64.9524684834521
A,NBPF20,100288142,3752,2,44.3577833545526
A,TMEM40,55287,7712,3,91.1746335901679
A,NRP1,8829,5202,3,61.5003169004219
A,TMEM161B,153396,3623,3,42.8326889908167
A,HNF1B,6928,3281,3,38.7894155613772
A,OR52D1,390066,9127,3,107.903381843551
A,DNASE1,1773,3382,3,39.9834816911239
A,PAQR5,54852,2561,3,30.2772609730835
A,LRG1,116844,3950,3,46.6986258663334
A,TNPO3,23534,7872,3,93.0662234986776
A,EFNA3,1944,3563,3,42.1233427751256
A,MRRF,92399,3183,3,37.630816742415
A,CFAP57,149465,4590,3,54.2649855003722
A,ALAS2,212,5417,3,64.0421408399818
A,KIAA0754,643314,2373,3,28.0546428305846
A,APOL6,80830,2243,3,26.5177260299205
A,AQP4,361,3675,3,43.4474557110823
A,S100P,6286,6141,3,72.6015851759882
A,EEPD1,80820,5878,3,69.4922842638754
A,HYDIN,54768,4198,3,49.6305902245235
A,ADPRM,56985,4797,3,56.7122299445067
A,NBPF6,653149,3758,3,44.4287179761218
A,SELENOW,6415,2205,3,26.0684734266494
A,SMAD6,4091,3843,3,45.4336251150175
A,MRS2,57380,4686,3,55.3999394454781
A,SETSIP,646817,4789,3,56.6176504490812
A,PLCH1,23007,3331,3,39.3805374077865
A,ZNF473,25888,6412,3,75.8054655835265
A,SNX16,64089,4017,3,47.4907291405218
A,RBKS,64080,6670,3,78.8556543109984
A,TNNT2,7139,3530,3,41.7332023564954
A,DBN1,1627,4032,3,47.6680656944446
A,TCHP,84260,5020,3,59.3486333794921
A,SIRT6,51548,2348,3,27.75908190738
A,INTS2,57508,5331,3,63.0254112641578
A,SRC,6714,2640,3,31.2112334904102
A,ANXA6,309,2960,3,34.9944133074296
A,UCP1,7350,3727,3,44.062222431348
A,PHF12,57649,3750,3,44.3341384806963
A,CLLU1,574028,5640,3,66.6785442749672
A,PRSS3,5646,4027,3,47.6089535098037
A,TMEM45B,120224,3757,3,44.4168955391936
A,SEMA3E,9723,3188,3,37.6899289270559
A,DTX1,1840,2985,3,35.2899742306342
A,TMEM254,80195,4530,3,53.5556392846811
A,TLR9,54106,3925,3,46.4030649431288
A,CDC42BPG,55561,1708,3,20.1927222733411
A,EIF2S1,1965,4907,3,58.0126980066071
A,NPM1,4869,4935,3,58.3437262405963
A,GTSF1L,149699,11669,3,137.956016514999
A,GYG1,2992,5191,3,61.3702700942118
A,SPEF1,25876,4453,3,52.6453116412108
A,PTCH1,5727,1834,3,21.6823493262925
A,ST7,7982,3171,3,37.4889474992768
A,SLC39A8,64116,6192,3,73.2045294593257
A,IVD,3712,3065,3,36.2357691848891
A,CD300LD,100131439,6523,3,77.1177560825551
A,ZNF701,55762,2870,3,33.9303939838929
A,LAMP5,24141,2855,3,33.7530574299701
A,ZNF878,729747,3914,3,46.2730181369187
A,PCDHGB6,56100,3678,2,43.4829230218669
A,SLC2A7,155184,2545,3,30.0881019822325
A,ZNF35,7584,6381,3,75.4389700387528
A,CTCFL,140690,4882,3,57.7171370834025
A,GPR132,29933,3321,3,39.2623130385046
A,FJX1,24147,1460,3,17.2607579151511
A,KCNB2,9312,1560,3,18.4430016079696
A,CCDC28A,25901,3767,3,44.5351199084754
A,OR8S1,341568,4394,3,51.9477878624478
A,NOC4L,79050,2079,3,24.578846373698
A,PXMP4,11264,2683,3,31.7195982783222
A,B3GALT5,10317,3111,3,36.7796012835856
A,RIC3,79608,1479,3,17.4853842167866
A,ZNF503,84858,2134,3,25.2290804047482
A,ATP6AP1,537,1855,3,21.9306205017844
A,GNE,10020,2917,3,34.4860485195176
A,CSDC2,27254,4001,3,47.3015701496709
A,XK,7504,1854,3,21.9187980648562
A,LILRB3,11025,3613,3,42.7144646215348
A,FAM96B,51647,4678,3,55.3053599500526
A,MAP2K1,5604,2559,3,30.2536160992271
A,NRF1,4899,1023,3,12.0943529775339
A,C9orf116,138162,3344,3,39.5342290878529
A,CLEC3B,7123,3615,3,42.7381094953912
A,ADGRG3,222487,3869,3,45.7410084751504
A,SP140,11262,3215,3,38.0091347241169
A,TRPV1,7442,5057,3,59.7860635458349
A,CDC34,997,1757,3,20.7720216828222
A,GAS2L2,246176,4769,3,56.3812017105175
A,ECSIT,51295,3402,3,40.2199304296877
A,PAGE2B,389860,3516,3,41.5676882395008
A,KIAA0825,285600,4696,3,55.5181638147599
A,PCYOX1,51449,3180,3,37.5953494316304
A,CNN1,1264,6835,3,80.8063564041491
A,SIRPB2,284759,6468,3,76.4675220515049
A,KRT13,3860,5063,3,59.8569981674041
A,SHANK1,50944,6063,3,71.6794350955897
A,DUOX1,53905,4401,3,52.0305449209451
A,EPN2,22905,5105,3,60.3535405183879
A,MIEF1,54471,3072,3,36.3185262433864
A,S100A5,6276,1506,3,17.8045900138476
A,F2RL1,2150,5556,3,65.6854595729996
A,GPR55,9290,1704,3,20.1454325256284
A,CASP5,838,4229,3,49.9970857692972
A,TMEM192,201931,5502,3,65.0470479788776
A,BPIFA1,51297,7834,3,92.6169708954066
A,FBLN5,10516,4492,3,53.10638668141
A,PRSS21,10942,4724,3,55.8491920487491
A,CCDC174,51244,2956,3,34.9471235597168
A,SSPO,23145,4263,3,50.3990486248555
A,LDHD,197257,5853,3,69.1967233406707
A,TLR5,7100,3375,3,39.9007246326266
A,HOXD3,3232,5342,3,63.1554580703679
A,PARL,55486,5794,3,68.4991995619078
A,PTGER3,5733,2331,3,27.5581004796008
A,OR51I2,390064,3149,3,37.2288538868567
A,LY86,9450,6201,3,73.3109313916794
A,GOLGA6L9,440295,7730,3,91.3874374548752
A,PGLYRP3,114771,3319,3,39.2386681646483
A,ALKBH1,8846,2313,3,27.3452966148935
A,GOLGA8N,643699,1468,3,17.3553374105766
A,GOLGA8O,728047,563,1,6.65603199056853
A,BST2,684,5888,3,69.6105086331572
A,HGH1,51236,2437,3,28.8112787939885
A,PRAMEF13,400736,3730,2,44.0976897421326
A,HNRNPA2B1,3181,4064,3,48.0463836761466
A,ZUFSP,221302,4377,3,51.7468064346687
A,MAGOH,4116,3818,3,45.1380641918129
A,KCNMB2,10242,7378,3,87.2259396561539
A,DEFA4,1669,6217,3,73.5000903825303
A,FCRL1,115350,6593,3,77.9453266675281
A,KRTAP1-1,81851,5811,3,68.7001809896869
A,COG1,9382,5074,3,59.9870449736141
A,TRIM7,81786,2700,3,31.9205797061013
A,ADH6,130,3060,3,36.1766570002482
A,MSI1,4440,5519,3,65.2480294066567
A,DUPD1,338599,4410,3,52.1369468532988
A,IL7,3574,4127,3,48.7911972026223
A,ALOXE3,59344,3502,3,41.4021741225062
A,CEACAM18,729767,3722,3,44.0031102467071
A,SLC51B,123264,3721,3,43.9912878097789
A,THBS3,7059,4702,3,55.589098436329
A,ZSCAN23,222696,5349,3,63.2382151288652
A,OR7G2,390882,6740,3,79.6832248959714
A,ZNF3,7551,3411,3,40.3263323620413
A,OR4K2,390431,6014,3,71.1001356861086
A,RGS17,26575,3492,3,41.2839497532244
A,MYOF,26509,6237,3,73.736539121094
A,CSMD3,114788,3139,3,37.1106295175748
A,SHBG,6462,6644,3,78.5482709508656
A,USB1,79650,3693,3,43.6602595757897
A,HEMGN,55363,6056,3,71.5966780370924
A,TRIM10,10107,4907,3,58.0126980066071
A,ARHGAP32,9743,4055,3,47.9399817437929
A,MAP2K3,5606,4233,3,50.04437551701
A,JPH3,57338,1470,3,17.3789822844329
A,SMARCA2,6595,3480,3,41.1420805100861
A,ACAT1,38,4979,3,58.8639134654365
A,SMIM24,284422,4266,3,50.4345159356401
A,TSFM,10102,3299,3,39.0022194260845
A,PVRIG,79037,4759,3,56.2629773412356
A,BRIP1,83990,2947,3,34.8407216273632
A,ASPH,444,3977,3,47.0178316633944
A,PARD6G,84552,855,3,10.1081835735988
A,CYP2D6,1565,5645,3,66.7376564596081
A,SLC6A19,340024,5071,3,59.9515776628295
A,FAM174B,400451,2336,3,27.6172126642417
A,DHDH,27294,3646,3,43.104605040165
A,RBPJL,11317,3624,3,42.8445114277449
A,TRIM68,55128,4743,3,56.0738183503846
A,SAMSN1,64092,4716,3,55.7546125533236
A,RDH12,145226,3004,3,35.5146005322698
A,HPF1,54969,6281,3,74.2567263459342
A,UBQLN1,29979,5264,3,62.2333079899694
A,ANGPT1,284,5621,3,66.4539179733317
A,NDUFA12,55967,3931,3,46.4739995646979
A,SOD2,6648,3668,3,43.364698652585
A,SCPEP1,59342,1923,3,22.7345462129011
A,INSL3,3640,5143,3,60.8027931216589
A,KCNQ5,56479,3665,3,43.3292313418005
A,TMED5,50999,4205,3,49.7133472830208
A,PDCD2L,84306,2451,3,28.9767929109831
A,GRAPL,400581,2135,3,25.2409028416764
A,LIMS2,55679,5377,3,63.5692433628544
A,TXNDC5,81567,3270,3,38.6593687551671
A,TMEM52,339456,1472,3,17.4026271582893
A,OSBPL10,114884,1980,3,23.4084251178076
A,COX8A,1351,4187,3,49.5005434183134
A,CELA2A,63036,2221,3,26.2576324175004
A,ANKS6,203286,2816,3,33.2919823897708
A,SH3KBP1,30011,4421,3,52.2669936595089
A,MMP11,4320,3761,3,44.4641852869063
A,TNK2,10188,5525,3,65.3189640282258
A,FOXF1,2294,3784,3,44.7361013362546
A,CCL2,6347,6839,3,80.8536461518618
A,NPC1L1,29881,3218,3,38.0446020349015
A,NWD2,57495,4282,3,50.6236749264911
A,LLGL2,3993,1318,3,15.5819718713487
A,TMEM150B,284417,3768,3,44.5469423454036
A,SDC4,6385,2995,3,35.4081985999161
A,HGSNAT,138050,5601,3,66.2174692347679
A,NPHS2,7827,4913,3,58.0836326281762
A,CRTAP,10491,3915,3,46.2848405738469
A,SLC13A3,64849,3307,3,39.09679892151
A,UBE2M,9040,4037,3,47.7271778790856
A,CELSR3,1951,3880,3,45.8710552813604
A,MEDAG,84935,3430,3,40.5509586636769
A,S100Z,170591,5215,3,61.6540085804883
A,PDCL,5082,2351,3,27.7945492181645
A,GOLGA7,51125,3634,3,42.9627357970267
A,KRTAP9-9,81870,5344,3,63.1791029442242
A,MCU,90550,3674,3,43.4356332741542
A,GDAP2,54834,3442,3,40.6928279068151
A,MRGPRF,116535,2247,3,26.5650157776332
A,PRSS22,64063,4002,3,47.3133925865991
A,POLH,5429,4057,3,47.9636266176493
A,NECAB2,54550,4178,3,49.3941414859597
A,C8G,733,5153,3,60.9210174909408
A,VSIG10L2,338667,4211,3,49.7842819045899
A,GSN,2934,4565,3,53.9694245771676
A,LDLR,3949,3671,3,43.4001659633696
A,PTCHD3,374308,3691,3,43.6366147019333
A,ZSCAN18,65982,2684,3,31.7314207152503
A,USP53,54532,3221,3,38.0800693456861
A,TCP1,6950,2100,3,24.8271175491899
A,SCP2,6342,5461,3,64.562328064822
A,CHRNB1,1140,4189,3,49.5241882921698
A,PGC,5225,4080,3,48.2355426669975
A,HEATR4,399671,5346,3,63.2027478180806
A,DCAF13,25879,2800,3,33.1028233989199
A,THEM4,117145,2714,3,32.0860938230959
A,POU2F2,5452,5504,3,65.070692852734
A,SNIP1,79753,3520,3,41.6149779872136
A,CANT1,124583,1934,3,22.8645930191111
A,SLAMF1,6504,4773,3,56.4284914582302
A,SLAMF6,114836,3224,3,38.1155366564706
A,CCDC144A,9720,6563,3,77.5906535596826
A,TBL3,10607,1771,3,20.9375357998168
A,CPSF3,51692,2569,3,30.371840468509
A,PRR16,51334,2478,3,29.2959987080441
A,BICC1,80114,2863,3,33.8476369253956
A,JMJD4,65094,1954,3,23.1010417576748
A,CD180,4064,6966,3,82.3550956417414
A,DBNDD2,55861,4172,3,49.3232068643906
A,MEX3B,84206,3599,3,42.5489505045402
A,WNT10A,80326,3231,3,38.1982937149679
A,DNAL4,10126,7307,3,86.3865466342527
A,RRBP1,6238,4804,3,56.794987003004
A,CNNM2,54805,8326,3,98.4336098640739
A,ISLR,3671,6887,3,81.4211231244147
A,PRSS27,83886,5124,3,60.5781668200234
A,ANKLE1,126549,4016,3,47.4789067035937
A,SEMA3D,223117,1584,3,18.7267400942461
A,CKM,1158,3044,3,35.9874980093972
A,GJB1,2705,5174,3,61.1692886664327
A,LZTR1,8216,2931,3,34.6515626365122
A,LTBP4,8425,6643,3,78.5364485139374
A,TNIP2,79155,3759,3,44.4405404130499
A,C1QA,712,4995,3,59.0530724562874
A,RAB21,23011,2233,3,26.3995016606386
A,TAMM41,132001,3451,3,40.7992298391688
A,SMIM6,100130933,3959,3,46.8050277986871
A,ADORA1,134,5057,3,59.7860635458349
A,NBL1,4681,2348,3,27.75908190738
A,UTS2R,2837,4509,3,53.3073681091892
A,KCTD6,200845,1816,3,21.4695454615852
A,FAM173A,65990,1692,3,20.0035632824902
A,SCARF1,8578,4111,3,48.6020382117713
A,SNX21,90203,3220,3,38.0682469087579
A,SMUG1,23583,2775,3,32.8072624757152
A,CLEC3A,10143,3824,3,45.208998813382
A,MBTPS1,8720,2108,3,24.9216970446154
A,TM6SF2,53345,4365,3,51.6049371915305
A,CYS1,192668,5292,3,62.5643362239586
A,CDH24,64403,1313,3,15.5228596867078
A,UBIAD1,29914,1731,3,20.4646383226894
A,PANK1,53354,2121,3,25.0753887246818
A,STK33,65975,2888,3,34.1431978486002
A,ICMT,23463,1674,3,19.7907594177828
A,ARHGAP19,84986,5171,3,61.1338213556481
A,CEBPG,1054,3442,3,40.6928279068151
A,TRAF4,9618,1098,3,12.9810357471479
A,KIAA1024,23251,3482,3,41.1657253839425
A,DACT3,147906,3182,3,37.6189943054868
A,ANXA4,307,1800,3,21.2803864707342
A,PDE6D,5147,1799,3,21.268564033806
A,ZNRF1,84937,2632,3,31.1166539949847
A,PLEKHA2,59339,6437,3,76.1010265067312
A,DYM,54808,1740,3,20.5710402550431
A,ERICH2,285141,3410,3,40.3145099251131
A,ZNF287,57336,1725,3,20.3937037011203
A,DOK6,220164,1839,3,21.7414615109335
A,MRGPRD,116512,4634,3,54.7851727252124
A,RGMB,285704,3585,3,42.3834363875456
A,DDX56,54606,2385,3,28.1965120737228
A,LSR,51599,2743,3,32.4289444940133
A,THPO,7066,4673,3,55.2462477654116
A,PROB1,389333,2599,3,30.7265135763546
A,HSD3B7,80270,4290,3,50.7182544219165
A,ELOVL6,79071,5258,3,62.1623733684003
A,LY6D,8581,2048,3,24.2123508289243
A,TPRX1,284355,5208,3,61.571251521991
A,TEX2,55852,3791,3,44.8188583947519
A,NKX1-2,390010,1215,3,14.3642608677456
A,CACNB1,782,3131,3,37.0160500221493
A,ANKRD36,375248,7046,3,83.3008905959962
A,CRB2,286204,3586,3,42.3952588244738
A,ZKSCAN5,23660,3655,3,43.2110069725186
A,TGFBI,7045,2247,3,26.5650157776332
A,PNMA5,114824,8019,3,94.8041217271209
A,CACNG1,786,3678,3,43.4829230218669
A,GTF2H2,2966,4576,3,54.0994713833776
A,CNST,163882,1964,3,23.2192661269567
A,LRBA,987,1871,3,22.1197794926354
A,ANO2,57101,4896,3,57.882651200397
A,SERPINE2,5270,1945,3,22.9946398253211
A,ENC1,8507,2759,3,32.6181034848643
A,BCAS4,55653,3245,3,38.3638078319625
A,DNM1,1759,1877,3,22.1907141142045
A,CDYL2,124359,2430,3,28.7285217354912
A,NOMO3,408050,5287,3,62.5052240393177
A,ZSCAN22,342945,5239,3,61.9377470667647
A,MFSD2A,84879,1405,3,16.6105238841009
A,PAGE2,203569,1415,3,16.7287482533827
A,SSPN,8082,2725,3,32.216140629306
A,ARRDC4,91947,1092,3,12.9101011255788
A,KLHL35,283212,1488,3,17.5917861491403
A,TMEM229A,730130,2905,3,34.3441792763794
A,NCOR2,9612,2858,3,33.7885247407547
A,MT1H,4496,5106,3,60.365362955316
A,KAT2B,8850,1600,3,18.9158990850971
A,CLDN7,1366,3295,3,38.9549296783718
A,ATP6V1D,51382,3686,3,43.5775025172924
A,TSPY8,728403,4791,3,56.6412953229376
A,C16orf71,146562,4352,3,51.4512455114641
A,NOA1,84273,2103,3,24.8625848599745
A,FRAS1,80144,2643,3,31.2467008011947
A,PTPN5,84867,970,3,11.4677638203401
A,ACHE,43,1941,3,22.9473500776084
A,JDP2,122953,3317,3,39.2150232907919
A,ZDHHC1,29800,1959,3,23.1601539423157
A,C1GALT1C1,29071,5259,3,62.1741958053284
A,SIT1,27240,7157,3,84.6131810950249
A,MPV17,4358,4789,3,56.6176504490812
A,JAK2,3717,2278,3,26.931511322407
A,AKR1B10,57016,3580,3,42.3243242029047
A,CEACAM5,1048,6943,3,82.0831795923931
A,GOT1L1,137362,6272,3,74.1503244135805
A,IFITM3,10410,1724,3,20.3818812641921
A,KCNA6,3742,5200,3,61.4766720265655
A,WDR70,55100,4317,3,51.0374602189776
A,LRRC25,126364,2231,3,26.3758567867822
A,DHRS7,51635,6681,3,78.9857011172085
A,ZNF783,100289678,4646,3,54.9270419683506
A,TMEM47,83604,2876,3,34.001328605462
A,MEX3D,399664,4500,3,53.2009661768355
A,RAB3IP,117177,4815,3,56.925033809214
A,CRISPLD2,83716,4650,3,54.9743317160634
A,TLX1,3195,4881,3,57.7053146464743
A,GPHA2,170589,6310,3,74.5995770168516
A,PRICKLE4,29964,3762,3,44.4760077238345
A,OTUD4,54726,4217,3,49.855216526159
A,MTERF3,51001,3791,3,44.8188583947519
A,CDKN3,1033,5067,3,59.9042879151168
A,ASAP1,50807,1927,3,22.7818359606138
A,WIF1,11197,3167,3,37.441657751564
A,VANGL1,81839,3648,3,43.1282499140213
A,IMPA2,3613,3547,3,41.9341837842746
A,TIGIT,201633,3048,3,36.0347877571099
A,RNF113B,140432,2417,3,28.5748300554248
A,PON1,5444,2876,3,34.001328605462
A,ALKBH7,84266,4567,3,53.993069451024
A,VWA1,64856,2632,3,31.1166539949847
A,PRDM11,56981,4583,3,54.1822284418749
A,SLC27A1,376497,5571,3,65.8627961269224
A,DHX30,22907,3995,3,47.2306355281018
A,SOS2,6655,2458,3,29.0595499694804
A,AKR1E2,83592,2934,3,34.6870299472968
A,ADIPOR1,51094,2445,3,28.905858289414
A,BRMS1,25855,4506,3,53.2719007984046
A,P2RX2,22953,2822,3,33.36291701134
A,RNF165,494470,3580,3,42.3243242029047
A,ZNF670,93474,4563,3,53.9457797033112
A,LRIG2,9860,10400,3,122.953344053131
A,CCDC148,130940,3104,3,36.6968442250883
A,PSTPIP2,9050,1531,3,18.1001509370523
A,ANKRD30A,91074,4983,3,58.9112032131492
A,VASP,7408,2839,3,33.5638984391191
A,TMEM201,199953,1110,3,13.1229049902861
A,MKNK2,2872,1414,3,16.7169258164545
A,POLM,27434,4754,3,56.2038651565947
A,CARS2,79587,3164,3,37.4061904407795
A,SOWAHC,65124,1380,3,16.3149629608962
A,FUOM,282969,3846,3,45.4690924258021
A,PHYHIP,9796,2869,3,33.9185715469647
A,ABCC1,4363,1369,3,16.1849161546862
A,NFE2,4778,3875,3,45.8119430967195
A,NSMF,26012,2615,3,30.9156725672055
A,NHLRC1,378884,4173,3,49.3350293013188
A,LMBRD2,92255,3548,3,41.9460062212028
A,CCDC152,100129792,7109,3,84.0457041224719
A,TMEM56-RWDD3,100527978,3373,3,39.8770797587703
A,REST,5978,2807,3,33.1855804574172
A,GNG13,51764,3031,3,35.8338063293308
A,ZFPL1,7542,5170,3,61.1219989187199
A,RPL14,9045,3296,3,38.9667521153
A,GDPD5,81544,2009,3,23.751275788725
A,SPNS3,201305,3848,3,45.4927372996585
A,PERP,64065,6572,3,77.6970554920362
A,ESCO1,114799,3899,3,46.0956815829959
A,LRP8,7804,2314,3,27.3571190518216
A,RRP1B,23076,2670,3,31.5659065982557
A,MAL2,114569,2834,3,33.5047862544782
A,KCNH4,23415,6689,3,79.080280612634
A,HACD1,9200,2353,3,27.8181940920209
A,BPIFB4,149954,2538,3,30.0053449237352
A,CADM4,199731,3513,3,41.5322209287163
A,BHMT2,23743,236,3,2.79009511505182
A,SIRPA,140885,1878,3,22.2025365511327
A,CLK4,57396,3519,3,41.6031555502854
A,FLT4,2324,3716,3,43.932175625138
A,POFUT1,23509,1961,3,23.1837988161721
A,PIP4K2B,8396,7117,3,84.1402836178974
A,ZNF787,126208,3439,3,40.6573605960305
A,TTBK2,146057,3006,3,35.5382454061261
A,PITPNA,5306,2154,3,25.4655291433119
A,MLNR,2862,1237,3,14.6243544801657
A,PHTF1,10745,4000,3,47.2897477127427
A,SLAIN2,57606,2987,3,35.3136191044906
A,TJAP1,93643,2863,3,33.8476369253956
A,SENP2,59343,4147,3,49.027645941186
A,SYNGR2,9144,1486,3,17.5681412752839
A,SMIM29,221491,2640,3,31.2112334904102
A,P4HTM,54681,1927,3,22.7818359606138
A,FZD9,8326,2577,3,30.4664199639345
A,KDM2A,22992,3299,3,39.0022194260845
A,ETF1,2107,1142,3,13.501222971988
A,LRRFIP2,9209,2993,3,35.3845537260597
A,NSUN3,63899,6626,3,78.3354670861583
A,GREM1,26585,2877,3,34.0131510423902
A,EPAS1,2034,2666,3,31.518616850543
A,SLC23A2,9962,2601,3,30.7501584502109
A,PCDH8,5100,2098,3,24.8034726753335
A,OPLAH,26873,1051,3,12.4253812115231
A,DENND1C,79958,3334,3,39.416004718571
A,SLC7A1,6541,5071,3,59.9515776628295
A,ZFP1,162239,1747,3,20.6537973135404
A,TIGD7,91151,4056,3,47.9518041807211
A,SIGLEC6,946,3839,3,45.3863353673048
A,FSIP1,161835,4341,3,51.321198705254
A,ZNF436,80818,3571,3,42.217922270551
A,GOLIM4,27333,2642,3,31.2348783642665
A,ZNF175,7728,5436,3,64.2667671416173
A,FIGNL1,63979,1976,3,23.3611353700949
A,MUC5B,727897,1965,3,23.2310885638848
A,ARL16,339231,5488,3,64.881533861883
A,DOK3,79930,3136,3,37.0751622067903
A,C1orf186,440712,3097,3,36.614087166591
A,NOP58,51602,4779,3,56.4994260797993
A,NWD1,284434,3763,3,44.4878301607627
A,NARR,100861437,3218,3,38.0446020349015
A,GSTA3,2940,5604,3,66.2529365455525
A,SCRN3,79634,4242,3,50.1507774493636
A,CPT1A,1374,3366,3,39.794322700273
A,PTPN23,25930,2537,3,29.9935224868071
A,FOXA2,3170,4491,3,53.0945642444819
A,HSD3B1,3283,3409,3,40.302687488185
A,MMRN1,22915,5094,3,60.2234937121778
A,ADM,133,2050,3,24.2359957027806
A,SSR3,6747,4301,3,50.8483012281266
A,SAT2,112483,7313,3,86.4574812558218
A,PRAMEF12,390999,4977,3,58.8402685915801
A,PRAMEF18,391003,2195,3,25.9502490573676
A,SEZ6L2,26470,6994,3,82.6861238757306
A,C7orf26,79034,2622,3,30.9984296257028
A,TEX30,93081,1293,3,15.2864109481441
A,STRN3,29966,6433,3,76.0537367590184
A,RAB35,11021,2950,3,34.8761889381477
A,USP28,57646,7686,3,90.8672502300351
A,ANKFY1,51479,6025,3,71.2301824923187
A,DCPS,28960,6063,3,71.6794350955897
A,ODF3L2,284451,3565,3,42.1469876489819
A,KANSL2,54934,4042,3,47.7862900637265
A,AQP3,360,3004,3,35.5146005322698
A,YES1,7525,2656,3,31.4003924812611
A,HPDL,84842,6293,3,74.3985955890724
A,RNF115,27246,4443,3,52.5270872719289
A,NRBP1,29959,3445,3,40.7282952175996
A,WDR91,29062,6730,3,79.5650005266896
A,C3orf52,79669,5528,3,65.3544313390104
A,GABARAPL1,23710,1239,3,14.647999354022
A,ARPP19,10776,3525,3,41.6740901718545
A,GNRH2,2797,5270,3,62.3042426115385
A,WDHD1,11169,4065,3,48.0582061130748
A,OR11L1,391189,5231,3,61.8431675713393
A,C16orf82,162083,5843,3,69.0784989713889
A,TFF2,7032,5987,3,70.7809298890476
A,HEATR5A,25938,4928,3,58.260969182099
A,FAM45A,404636,5961,3,70.4735465289148
A,ZNF90,7643,5291,3,62.5525137870304
A,UGT1A5,54579,4977,3,58.8402685915801
A,KISS1R,84634,4229,3,49.9970857692972
A,ADAMTS5,11096,1502,3,17.7573002661349
A,DLGAP2,9228,2902,3,34.3087119655948
A,PBK,55872,3370,3,39.8416124479857
A,FLRT3,23767,3036,3,35.8929185139717
A,SLC46A3,283537,3186,3,37.6662840531996
A,POLD4,57804,4321,3,51.0847499666903
A,DPP3,10072,4766,3,56.3457343997329
A,PCOLCE,5118,4466,3,52.7990033212772
A,MYH2,4620,3635,3,42.9745582339549
A,ELOF1,84337,9872,3,116.711097355049
A,CSRP1,1465,1980,3,23.4084251178076
A,VSTM2A,222008,7196,3,85.0742561352241
A,CD5,921,5744,3,67.9080777154985
A,MRI1,84245,5599,3,66.1938243609116
A,AAGAB,79719,3831,3,45.2917558718793
A,S1PR4,8698,3692,3,43.6484371388615
A,MBTPS2,51360,5979,3,70.6863503936221
A,PNLIPRP3,119548,4594,3,54.312275248085
A,FOXC1,2296,2159,3,25.5246413279529
A,KCTD18,130535,3148,3,37.2170314499285
A,ZNF614,80110,2833,3,33.49296381755
A,C1orf87,127795,2703,3,31.9560470168859
A,HNRNPCL3,649330,4408,3,52.1133019794424
A,PFKL,5211,4139,3,48.9330664457605
A,BTBD19,149478,4524,3,53.484704663112
A,RAB8A,4218,4849,3,57.3269966647723
A,TRDN,10345,4458,3,52.7044238258517
A,TRIM49,57093,2143,3,25.3354823371019
A,RASAL3,64926,6420,3,75.900045078952
A,ZNF329,79673,2574,3,30.4309526531499
A,CABP4,57010,5921,3,70.0006490517874
A,CYP2W1,54905,7899,3,93.3854292957386
A,KLK1,3816,4076,3,48.1882529192848
A,DEFB132,400830,5553,3,65.649992262215
A,OR10G8,219869,4744,3,56.0856407873128
A,LRRC3B,116135,5300,3,62.6589157193841
A,C16orf54,283897,4826,3,57.0550806154241
A,OR10G7,390265,6580,3,77.7916349874617
A,OR10G9,219870,4714,3,55.7309676794673
A,PREB,10113,2689,3,31.7905328998913
A,IL18R1,8809,3328,3,39.3450700970019
A,THAP11,57215,6084,3,71.9277062710816
A,PDE8A,5151,3470,3,41.0238561408043
A,NR1D1,9572,6449,3,76.2428957498694
A,ZNF622,90441,6050,3,71.5257434155233
A,TRIM38,10475,6565,3,77.6142984335389
A,HYAL4,23553,5553,3,65.649992262215
A,GGT2,728441,5301,3,62.6707381563123
A,ZCCHC4,29063,4242,3,50.1507774493636
A,C1orf127,148345,5933,3,70.1425182949256
A,OR4D1,26689,3664,3,43.3174089048723
A,FAM193B,54540,4333,3,51.2266192098285
A,COLQ,8292,5103,3,60.3298956445315
A,SCNN1A,6337,6209,3,73.4055108871048
A,SREBF1,6720,3482,3,41.1657253839425
A,CST9L,128821,3229,3,38.1746488411115
A,VSIG2,23584,3869,3,45.7410084751504
A,DRGX,644168,4674,3,55.2580702023398
A,PLIN1,5346,4549,3,53.7802655863166
A,HECTD3,79654,3047,3,36.0229653201817
A,OR52H1,390067,5994,3,70.8636869475449
A,ORAI3,93129,2577,3,30.4664199639345
A,ZC3H15,55854,5268,3,62.2805977376821
A,FAM53C,51307,4388,3,51.8768532408787
A,TF,7018,2408,3,28.4684281230711
A,BHLHA9,727857,3497,3,41.3430619378653
A,AOC2,314,7283,3,86.1028081479762
A,PPA1,5464,2869,3,33.9185715469647
A,PRKCH,5583,3666,3,43.3410537787287
A,TEX37,200523,5547,3,65.5790576406459
A,OR1D2,4991,6071,3,71.7740145910152
A,CAPS,828,3449,3,40.7755849653124
A,C12orf4,57102,3146,3,37.1933865760721
A,CSPG4,1464,4363,3,51.5812923176741
A,ZNF182,7569,2940,3,34.7579645688659
A,RTP3,83597,3232,3,38.2101161518961
A,RPN1,6184,3689,3,43.6129698280769
A,TJP2,9414,1528,3,18.0646836262677
A,TUBA1B,10376,2621,3,30.9866071887747
A,TREML1,340205,3847,3,45.4809148627303
A,ANKRD6,22881,4389,3,51.8886756778069
A,SH2D3C,10044,3682,3,43.5302127695796
A,DSP,1832,3979,3,47.0414765372508
A,PCDHAC1,56135,3653,3,43.1873620986623
A,MROH5,389690,2837,3,33.5402535652628
A,VCAM1,7412,2390,3,28.2556242583638
A,CA11,770,4832,3,57.1260152369932
A,CHRM3,1131,10321,3,122.019371535804
A,PTPN21,11099,3026,3,35.7746941446898
A,ELN,2006,3355,3,39.6642758940629
A,TRIM24,8805,5366,3,63.4391965566443
A,SPANXD,64648,7808,3,92.3095875352737
A,SPANXB1,728695,7838,3,92.6642606431193
A,CLN5,1203,5097,3,60.2589610229624
A,UTP3,57050,4638,3,54.8324624729252
A,MYLK3,91807,3991,3,47.183345780389
A,ZNF727,442319,5686,3,67.2223763736637
A,TNFSF10,8743,7371,3,87.1431825976566
A,VEGFC,7424,2656,3,31.4003924812611
A,IL1F10,84639,3922,3,46.3675976323442
A,OR6B3,150681,4188,3,49.5123658552416
A,OR6B2,389090,6444,3,76.1837835652285
A,CD207,50489,4361,3,51.5576474438177
A,ATP6V0E2,155066,6817,3,80.5935525394417
A,MYO1C,4641,1299,3,15.3573455697132
A,MRPL21,219927,3103,3,36.6850217881601
A,GCN1,10985,4370,3,51.6640493761714
A,MORN4,118812,6482,3,76.6330361684995
A,TEX19,400629,7438,3,87.935285871845
A,NAMPT,10135,3099,3,36.6377320404474
A,KAT7,11143,3443,3,40.7046503437433
A,ANKRD36B,57730,7097,3,83.9038348793337
A,CAPG,822,1558,3,18.4193567341133
A,ASPDH,554235,4379,3,51.7704513085251
A,ZNF114,163071,3821,3,45.1735315025975
A,C1orf53,388722,5075,3,59.9988674105423
A,CYP2U1,113612,3986,3,47.1242335957481
A,GGH,8836,2882,3,34.0722632270311
A,PPIP5K1,9677,6201,3,73.3109313916794
A,TDRD12,91646,3166,3,37.4298353146358
A,CNPY3,10695,1477,3,17.4617393429302
A,TTC30B,150737,5003,3,59.1476519517129
A,RASGRP2,10235,7216,3,85.3107048737878
A,POLQ,10721,5531,3,65.389898649795
A,ZCCHC13,389874,3006,3,35.5382454061261
A,PAQR6,79957,1925,3,22.7581910867574
A,HCFC1R1,54985,5865,3,69.338592583809
A,COQ2,27235,1879,3,22.2143589880609
A,GOLGA1,2800,5818,3,68.7829380481842
A,ZMYND11,10771,4913,3,58.0836326281762
A,GSTZ1,2954,5175,3,61.1811111033608
A,ACTR10,55860,5862,3,69.3031252730244
A,TOR4A,54863,3322,3,39.2741354754328
A,SSH3,54961,2344,3,27.7117921596672
A,DUSP7,1849,3041,3,35.9520306986126
A,TANGO2,128989,2329,3,27.5344556057444
A,PIP5K1A,8394,6311,3,74.6113994537798
A,GPR25,2848,1351,3,15.9721122899788
A,ZBED6CL,113763,5873,3,69.4331720792344
A,SDCCAG8,10806,4740,3,56.0383510396001
A,LMAN2,10960,7542,3,89.1648193123763
A,SSTR1,6751,4763,3,56.3102670889484
A,IKZF3,22806,3143,3,37.1579192652876
A,CENPB,1059,3680,3,43.5065678957233
A,MAT1A,4143,5863,3,69.3149477099526
A,ACTC1,70,4822,3,57.0077908677113
A,PTEN,5728,6074,3,71.8094819017998
A,LAMB3,3914,4652,3,54.9979765899197
A,THNSL1,79896,1802,3,21.3040313445906
A,ATP7B,540,5150,3,60.8855501801562
A,PFKFB2,5208,1683,3,19.8971613501365
A,CDH23,64072,3316,3,39.2032008538637
A,ALKAL1,389658,4599,3,54.3713874327259
A,GATA6,2627,1622,3,19.1759926975172
A,MINPP1,9562,4200,3,49.6542350983798
A,CCNJ,54619,2477,3,29.2841762711159
A,SNX25,83891,3551,3,41.9814735319873
A,IL3,3562,2966,3,35.0653479289987
A,TCF19,6941,2306,3,27.2625395563962
A,ECHS1,1892,3644,3,43.0809601663086
A,FAM129C,199786,3594,3,42.4898383198993
A,FUT4,2526,5109,3,60.4008302661006
A,MAN2A1,4124,2524,3,29.8398308067406
A,ITSN2,50618,3191,3,37.7253962378405
A,WDR31,114987,5300,3,62.6589157193841
A,FOXP4,116113,4047,3,47.8454022483674
A,CLCA2,9635,4808,3,56.8422767507167
A,ACOT2,10965,4595,3,54.3240976850132
A,FURIN,5045,4367,3,51.6285820653868
A,CRYBA1,1411,5245,3,62.0086816883338
A,KCNQ3,3786,7667,3,90.6426239283995
A,PABPC4,8761,3773,3,44.6060545300445
A,DENND5B,160518,4375,3,51.7231615608123
A,DDX58,23586,3157,3,37.3234333822822
A,HTRA3,94031,2122,3,25.08721116161
A,RND3,390,4703,3,55.6009208732572
A,GREB1,9687,2468,3,29.1777743387622
A,GLYATL2,219970,3845,3,45.4572699888739
A,INPP5J,27124,5240,3,61.9495695036929
A,C10orf10,11067,1206,3,14.2578589353919
A,LCN10,414332,5568,3,65.8273288161378
A,TARDBP,23435,4463,3,52.7635360104927
A,HMGXB3,22993,9972,3,117.893341047868
A,CA6,765,4703,3,55.6009208732572
A,CIRBP,1153,5441,3,64.3258793262582
A,SLC8B1,80024,2969,3,35.1008152397833
A,RGP1,9827,4261,3,50.3754037509992
A,CD86,942,7376,3,87.2022947822975
A,COL21A1,81578,4326,3,51.1438621513312
A,CLCA1,1179,8571,3,101.330106911479
A,EPB41L3,23136,4075,3,48.1764304823566
A,C1QTNF5,114902,5544,3,65.5435903298614
A,PM20D2,135293,3413,3,40.3499772358977
A,CEP76,79959,4605,3,54.442322054295
A,HEY1,23462,7033,3,83.1471989159298
A,PLEKHH3,79990,1660,3,19.6252453007882
A,PAXIP1,22976,6000,3,70.934621569114
A,MESDC1,59274,5875,3,69.4568169530908
A,TPM4,7171,3991,3,47.183345780389
A,GJA3,2700,6386,3,75.4980822233937
A,GPSM3,63940,9081,3,107.359549744854
A,SLPI,6590,3537,3,41.8159594149927
A,ENPP6,133121,5149,3,60.873727743228
A,STUB1,10273,4708,3,55.6600330578981
A,CHRNB4,1143,1474,3,17.4262720321457
A,ASB2,51676,4763,3,56.3102670889484
A,DUSP4,1846,3014,3,35.6328249015516
A,SNTG1,54212,4968,3,58.7338666592264
A,CCL17,6361,6308,3,74.5759321429952
A,RAC2,5880,3480,3,41.1420805100861
A,CETP,1071,4366,3,51.6167596284586
A,MGAT4D,152586,5552,3,65.6381698252869
A,LTBR,4055,4130,3,48.8266645134068
A,FOXO1,2308,4948,3,58.4974179206627
A,PARD3B,117583,2632,3,31.1166539949847
A,SBK3,100130827,3465,3,40.9647439561634
A,STOX1,219736,2567,3,30.3481955946526
A,ASH1L,55870,5346,3,63.2027478180806
A,LRWD1,222229,4509,3,53.3073681091892
A,C10orf131,100127889,3811,3,45.0553071333156
A,RTN4R,65078,2610,3,30.8565603825646
A,CISD3,284106,2386,3,28.208334510651
A,GGT1,2678,1734,3,20.500105633474
A,SPI1,6688,2499,3,29.544269883536
A,ZNF583,147949,2328,3,27.5226331688162
A,NDUFAF5,79133,4087,3,48.3182997254948
A,SEC14L3,266629,4987,3,58.958492960862
A,SLC26A9,115019,1374,3,16.2440283393271
A,SPSB2,84727,4360,3,51.5458250068895
A,FGF1,2246,4043,3,47.7981125006547
A,APLP1,333,9636,3,113.921002239997
A,NTPCR,84284,5928,3,70.0834061102847
A,SPINK2,6691,2865,3,33.871281799252
A,PRR22,163154,3201,3,37.8436206071223
A,GOLGA6L22,440243,896,1,10.5929034876544
A,IMPACT,55364,2461,3,29.0950172802649
A,ERRFI1,54206,2887,3,34.131375411672
A,RTL5,340526,1873,3,22.1434243664918
A,P2RX6,9127,3850,3,45.5163821735148
A,LOC730098,730098,3406,3,40.2672201774004
A,MTG1,92170,2764,3,32.6772156695052
A,FAM228B,375190,3517,3,41.579510676429
A,APOPT1,84334,3035,3,35.8810960770435
A,CD248,57124,2469,3,29.1895967756904
A,ZNF367,195828,6178,3,73.0390153423311
A,NUDT21,11051,3817,3,45.1262417548847
A,TRIM23,373,5849,3,69.149433592958
A,CES4A,283848,1408,3,16.6459911948854
A,DKK1,22943,3516,3,41.5676882395008
A,SLC25A4,291,3892,3,46.0129245244986
A,INO80D,54891,3565,3,42.1469876489819
A,OR51D1,390038,2300,3,27.191604934827
A,TAF5L,27097,849,3,10.0372489520296
A,HOXB8,3218,3794,3,44.8543257055364
A,OR2A1,346528,5183,3,61.2756905987863
A,NUBP2,10101,2053,3,24.2714630135652
A,ALG2,85365,4596,3,54.3359201219414
A,CLUL1,27098,4942,3,58.4264832990936
A,HCRT,3060,6369,3,75.2971007956145
A,LETMD1,25875,4244,3,50.17442232322
A,UPRT,139596,5868,3,69.3740598945935
A,ARMC3,219681,3586,3,42.3952588244738
A,SCAMP4,113178,6167,3,72.908968536121
A,IQCF6,440956,6700,3,79.210327418844
A,SMR3A,26952,4358,3,51.5221801330332
A,ACSS1,84532,3939,3,46.5685790601234
A,FAAP100,80233,1662,3,19.6488901746446
A,TP53,7157,3994,3,47.2188130911736
A,RIMBP3,85376,5368,3,63.4628414305007
A,C19orf35,374872,3402,3,40.2199304296877
A,KLHDC7B,113730,3736,3,44.1686243637017
A,KLK2,3817,5105,3,60.3535405183879
A,QSOX2,169714,2834,3,33.5047862544782
A,JPT2,90861,3417,3,40.3972669836104
A,ZNF510,22869,2335,3,27.6053902273135
A,ZMYND19,116225,4411,3,52.148769290227
A,ARC,23237,2806,3,33.173758020489
A,FBXW2,26190,2935,3,34.6988523842249
A,PVR,5817,4060,3,47.9990939284338
A,GLIS2,84662,3838,3,45.3745129303766
A,RPL28,6158,3082,3,36.4367506126682
A,HILPDA,29923,3037,3,35.9047409508999
A,NEURL3,93082,4197,3,49.6187677875953
A,MAPK6,5597,5285,3,62.4815791654613
A,CDCP2,200008,4859,3,57.4452210340542
A,SGCB,6443,2808,3,33.1974028943454
A,STPG4,285051,2944,3,34.8052543165786
A,OR9Q2,219957,3179,3,37.5835269947023
A,MICB,4277,4452,3,52.6334892042826
A,COX4I1,1327,2395,3,28.3147364430047
A,VPS37C,55048,5789,3,68.4400873772669
A,KIAA0355,9710,6419,3,75.8882226420238
A,NUMB,8650,4103,3,48.5074587163458
A,OVOL1,5017,1969,3,23.2783783115976
A,ESAM,90952,1508,3,17.828234887704
A,PSD2,84249,2069,3,24.4606220044162
A,TOX3,27324,3982,3,47.0769438480353
A,CYSTM1,84418,3582,3,42.3479690767611
A,TEX47,219557,4040,3,47.7626451898701
A,EPRS,2058,6080,3,71.8804165233689
A,SMCO4,56935,2761,3,32.6417483587206
A,TNNT3,7140,3681,3,43.5183903326515
A,GNAT1,2779,5701,3,67.3997129275865
A,SERPINA6,866,1856,3,21.9424429387126
A,COMMD2,51122,2136,3,25.2527252786046
A,EPHX3,79852,5817,3,68.7711156112561
A,CNTN1,1272,2715,3,32.0979162600241
A,TIMMDC1,51300,5313,3,62.8126073994505
A,PPP1CA,5499,3523,3,41.6504452979981
A,IGSF8,93185,6192,3,73.2045294593257
A,TWISTNB,221830,4133,3,48.8621318241914
A,GTPBP3,84705,4340,3,51.3093762683258
A,OCEL1,79629,5780,3,68.3336854449132
A,MX1,4599,5071,3,59.9515776628295
A,ACOX3,8310,7049,3,83.3363579067808
A,FCER1A,2205,6253,3,73.925698111945
A,NMS,129521,8783,3,103.836463540255
A,C9orf142,286257,5772,3,68.2391059494877
A,PIGR,5284,2635,3,31.1521213057693
A,RIMKLA,284716,3461,3,40.9174542084506
A,DESI1,27351,5556,3,65.6854595729996
A,NDC1,55706,5158,3,60.9801296755817
A,ZFR2,23217,6614,3,78.19359784302
A,TREH,11181,7139,3,84.4003772303175
A,NR1I3,9970,3874,3,45.8001206597913
A,LACTB,114294,4482,3,52.9881623121282
A,PLAC1,10761,4081,3,48.2473651039257
A,ZFP36,7538,7034,3,83.159021352858
A,KCNJ18,100134444,2445,3,28.905858289414
A,CHMP5,51510,1771,3,20.9375357998168
A,HCST,10870,5368,3,63.4628414305007
A,IL36G,56300,4214,3,49.8197492153744
A,MTURN,222166,3806,3,44.9961949486747
A,MCUR1,63933,2112,3,24.9689867923281
A,MMP15,4324,3956,3,46.7695604879025
A,GLP1R,2740,5505,3,65.0825152896621
A,DDX59,83479,5569,3,65.839151253066
A,MS4A15,219995,4027,3,47.6089535098037
A,AQP6,363,6898,3,81.5511699306248
A,FANCG,2189,5151,3,60.8973726170844
A,PPP1R7,5510,7633,3,90.2406610728412
A,TYMSOS,494514,4846,3,57.2915293539878
A,HARBI1,283254,2229,3,26.3522119129259
A,FOXN2,3344,7073,3,83.6200963930573
A,PAAF1,80227,4306,3,50.9074134127675
A,GULP1,51454,5739,3,67.8489655308576
A,MARCH7,64844,3054,3,36.105722378679
A,GINS4,84296,2592,3,30.6437565178573
A,FASTK,10922,4507,3,53.2837232353328
A,FAM19A4,151647,2840,3,33.5757208760473
A,TTC31,64427,6060,3,71.6439677848052
A,ZSWIM8,23053,5005,3,59.1712968255693
A,KIF3A,11127,3516,3,41.5676882395008
A,MAGEB3,4114,5874,3,69.4449945161626
A,LGALS3BP,3959,9362,3,110.681654521674
A,CD164L2,388611,2686,3,31.7550655891067
A,IGF2BP3,10643,4829,3,57.0905479262086
A,FAM196B,100131897,4845,3,57.2797069170596
A,RNF152,220441,4508,3,53.295545672261
A,VSX1,30813,6747,3,79.7659819544687
A,MRPS7,51081,7067,3,83.5491617714881
A,FSTL5,56884,6564,3,77.6024759966108
A,ZNF84,7637,4321,3,51.0847499666903
A,PPP1R27,116729,5704,3,67.4351802383711
A,DLG2,1740,3368,3,39.8179675741293
A,CYP11B2,1585,6167,3,72.908968536121
A,DLG1,1739,6468,3,76.4675220515049
A,ADGRL3,23284,2425,3,28.6694095508503
A,FAM9A,171482,4392,3,51.9241429885915
A,CYP11B1,1584,5476,3,64.7396646187447
A,RBMXL1,494115,5392,3,63.7465799167771
A,ZPBP2,124626,2911,3,34.4151138979485
A,UTP15,84135,4690,3,55.4472291931908
A,R3HCC1,203069,5040,3,59.5850821180558
A,GLCCI1,113263,7044,3,83.2772457221399
A,HYPK,25764,6527,3,77.1650458302679
A,C12orf43,64897,5335,3,63.0727010118706
A,AARS2,57505,3653,3,43.1873620986623
A,PSTPIP1,9051,6383,3,75.4626149126091
A,RNF111,54778,4737,3,56.0028837288155
A,MID1IP1,58526,4814,3,56.9132113722858
A,ADAM19,8728,6174,3,72.9917255946183
A,TDP1,55775,5883,3,69.5513964485163
A,PHF3,23469,7098,3,83.9156573162619
A,TAS2R4,50832,4339,3,51.2975538313976
A,TRIM52,84851,6761,3,79.9314960714633
A,AKR1C3,8644,6343,3,74.9897174354817
A,ASIC5,51802,4863,3,57.4925107817669
A,KDM5C,8242,5029,3,59.4550353118457
A,BSND,7809,5050,3,59.7033064873376
A,PRSS54,221191,4483,3,52.9999847490564
A,PKD1L2,114780,5794,3,68.4991995619078
A,TYR,7299,3962,3,46.8404951094716
A,AHCY,191,3299,3,39.0022194260845
A,SLC12A3,6559,3561,3,42.0996979012692
A,CENPF,1063,5093,3,60.2116712752496
A,LSM4,25804,4239,3,50.1153101385791
A,TIRAP,114609,2958,3,34.9707684335732
A,CCDC171,203238,4222,3,49.9143287107999
A,TSACC,128229,4610,3,54.501434238936
A,SMC1A,8243,3337,3,39.4514720293556
A,NDUFB9,4715,3340,3,39.4869393401402
A,ADA2,51816,7611,3,89.9805674604212
A,RNF103-CHMP3,100526767,5117,3,60.4954097615261
A,GPR19,2842,8374,3,99.0010868366268
A,HTR4,3360,4460,3,52.7280686997081
A,GABRP,2568,4990,3,58.9939602716465
A,ARMC4,55130,3808,3,45.019839822531
A,RPL22,6146,6819,3,80.6171974132981
A,GSTM3,2947,9048,3,106.969409326224
A,PLAC4,191585,9011,3,106.531979159881
A,OR4C46,119749,7644,3,90.3707078790513
A,RWDD1,51389,5697,3,67.3524231798738
A,OR8D1,283159,4498,2,53.1773213029792
A,PNP,4860,2684,3,31.7314207152503
A,WFDC8,90199,9751,3,115.280582486738
A,SPO11,23626,3892,3,46.0129245244986
A,DNAJC18,202052,8356,3,98.7882829719195
A,MMADHC,27249,2182,3,25.7965573773011
A,OOSP2,219990,6428,3,75.9946245743775
A,TTC16,158248,6252,3,73.9138756750168
A,NYAP1,222950,2959,3,34.9825908705014
A,VGLL1,51442,5875,3,69.4568169530908
A,TAF11,6882,8063,3,95.3243089519611
A,HLA-DQA1,3117,2662,3,31.4713271028303
A,RFPL1,5988,5653,3,66.8322359550336
A,TTC4,7268,5711,3,67.5179372968684
A,RBM25,58517,5611,3,66.3356936040498
A,GRIN2C,2905,3013,3,35.6210024646234
A,IFNA7,3444,6646,3,78.571915824722
A,RETNLB,84666,7018,3,82.969862362007
A,DEFB107A,245910,6145,3,72.648874923701
A,OR2H2,7932,6523,3,77.1177560825551
A,HHIP,64399,6037,3,71.3720517354569
A,RPL11,6135,4528,3,53.5319944108247
A,FXYD7,53822,4373,3,51.6995166869559
A,IGSF3,3321,6328,3,74.8123808815589
A,UCP3,7352,3576,3,42.277034455192
A,GFPT1,2673,2345,3,27.7236145965954
A,SETDB2,83852,2894,3,34.2141324701693
A,ASB7,140460,4166,3,49.2522722428215
A,HPS3,84343,3452,3,40.8110522760969
A,CFC1B,653275,5761,3,68.1090591432777
A,IGSF9B,22997,3432,3,40.5746035375332
A,DISP1,84976,5295,3,62.5998035347431
A,PRR23C,389152,4930,3,58.2846140559554
A,CORIN,10699,3517,3,41.579510676429
A,GCK,2645,5128,3,60.6254565677361
A,TDRD9,122402,1993,3,23.562116797874
A,ALG1,56052,3037,3,35.9047409508999
A,GJD3,125111,3492,3,41.2839497532244
A,NXN,64359,4462,3,52.7517135735645
A,SLC23A3,151295,2949,3,34.8643665012195
A,NUDT12,83594,4887,3,57.7762492680434
A,ZNF461,92283,5961,3,70.4735465289148
A,MAP3K10,4294,4231,3,50.0207306431536
A,WNT8A,7478,2945,3,34.8170767535068
A,NOL7,51406,3527,3,41.6977350457109
A,SOX6,55553,5052,3,59.726951361194
A,SPINT1,6692,3235,3,38.2455834626807
A,BAG5,9529,4606,3,54.4541444912232
A,PSMD6,9861,1336,3,15.7947757360561
A,GLB1L2,89944,3066,3,36.2475916218173
A,P3H1,64175,6003,3,70.9700888798986
A,SEPT6,23157,2282,3,26.9788010701197
A,MASTL,84930,4204,3,49.7015248460926
A,EIF2AK1,27102,5191,3,61.3702700942118
A,PTPRM,5797,3319,3,39.2386681646483
A,RAC1,5879,4626,3,54.6905932297869
A,ZFAND1,79752,6628,3,78.3591119600146
A,RPUSD1,113000,4320,3,51.0729275297621
A,SCYL1,57410,3551,3,41.9814735319873
A,GJA4,2701,3253,3,38.458387327388
A,IQCF2,389123,5515,3,65.200739658944
A,BEST2,54831,5419,3,64.0657857138382
A,SOX5,6660,8435,3,99.7222554892461
A,TMEM87B,84910,5360,3,63.3682619350752
A,ZNF426,79088,3734,3,44.1449794898453
A,M1AP,130951,8356,3,98.7882829719195
A,OVOL3,728361,2061,3,24.3660425089907
A,TBL2,26608,5394,3,63.7702247906335
A,UBQLNL,143630,6165,3,72.8853236622647
A,AKAP6,9472,2560,3,30.2654385361553
A,GTF2H5,404672,5478,3,64.7633094926011
A,TM2D2,83877,5631,3,66.5721423426135
A,MYH10,4628,7037,3,83.1944886636426
A,ATP10B,23120,4032,3,47.6680656944446
A,CUX1,1523,4989,3,58.9821378347183
A,CREG2,200407,6793,3,80.3098140531653
A,ATP5A1,498,4894,3,57.8590063265407
A,LDLRAD1,388633,8892,3,105.125109165427
A,GUCY2C,2984,10294,3,121.700165738743
A,ELOA3B,728929,2825,2,33.3983843221245
A,APOBEC3D,140564,4630,3,54.7378829774997
A,ITGAX,3687,7077,3,83.66738614077
A,SPARCL1,8404,3523,3,41.6504452979981
A,NR0B2,8431,5629,3,66.5484974687572
A,ACOT12,134526,3843,3,45.4336251150175
A,LOC100130442,100130442,3504,3,41.4258189963626
A,AUNIP,79000,3582,3,42.3479690767611
A,ABHD4,63874,4379,3,51.7704513085251
A,NOP10,55505,4239,3,50.1153101385791
A,UBE2L6,9246,4331,3,51.2029743359722
A,OTUD6A,139562,5156,3,60.9564848017253
A,NRXN3,9369,7013,3,82.9107501773661
A,CMIP,80790,3401,3,40.2081079927595
A,LPXN,9404,7748,3,91.6002413195826
A,NXF1,10482,5429,3,64.18401008312
A,TNFRSF6B,8771,9208,3,108.860999234734
A,SLC12A7,10723,4288,3,50.6946095480602
A,KCNK3,3777,1781,3,21.0557601690987
A,LRIG3,121227,3304,3,39.0613316107255
A,PTPRH,5794,3724,3,44.0267551205634
A,ZC3H12A,80149,4429,3,52.3615731549343
A,NOM1,64434,6117,3,72.3178466897118
A,ZNF846,162993,5006,3,59.1831192624975
A,RPS13,6207,3230,3,38.1864712780397
A,ARHGEF19,128272,5466,3,64.6214402494629
A,NUDT8,254552,2672,3,31.5895514721121
A,HSPB1,3315,6165,3,72.8853236622647
A,TNIK,23043,2969,3,35.1008152397833
A,KLF14,136259,6230,3,73.6537820625967
A,FAM24B,196792,7006,3,82.8279931188688
A,CHI3L2,1117,8863,3,104.78225849451
A,COPRS,55352,1784,3,21.0912274798832
A,KCTD10,83892,3951,3,46.7104483032616
A,GPR142,350383,2711,3,32.0506265123114
A,BCAM,4059,5681,3,67.1632641890228
A,SPATA3,130560,2375,3,28.078287704441
A,LRRC41,10489,6363,3,75.2261661740454
A,FAM175A,84142,7161,3,84.6604708427376
A,GALNS,2588,4349,3,51.4157782006795
A,ITFG2,55846,3808,3,45.019839822531
A,SMTNL2,342527,3764,3,44.4996525976909
A,NFKBIB,4793,5490,3,64.9051787357393
A,TRIM65,201292,6495,3,76.7867278485659
A,ARID1B,57492,1942,3,22.9591725145366
A,HAUS2,55142,2594,3,30.6674013917136
A,AGXT,189,4240,3,50.1271325755072
A,SURF6,6838,6375,3,75.3680354171837
A,PARP10,84875,5348,3,63.226392691937
A,GTF2A1L,11036,2296,3,27.1443151871143
A,DALRD3,55152,3468,3,41.0002112669479
A,TXLNG,55787,1993,3,23.562116797874
A,PAPOLB,56903,3974,3,46.9823643526099
A,CCT8,10694,3896,3,46.0602142722114
A,ZNF839,55778,6405,3,75.7227085250292
A,FARSA,2193,4188,3,49.5123658552416
A,MRPL9,65005,2907,3,34.3678241502358
A,ISOC1,51015,1620,3,19.1523478236608
A,SRSF1,6426,1860,3,21.9897326864254
A,KIAA1429,25962,3284,3,38.8248828721618
A,RYR3,6263,2366,3,27.9718857720873
A,GNLY,10578,4700,3,55.5654535624727
A,RIPOR1,79567,1638,3,19.3651516883681
A,BEND6,221336,1679,3,19.8498716024237
A,NET1,10276,8877,3,104.947772611504
A,KIF1A,547,4334,3,51.2384416467567
A,DRD4,1815,2155,3,25.4773515802401
A,ACKR1,2532,4306,3,50.9074134127675
A,HMGCLL1,54511,3601,3,42.5725953783966
A,C12orf66,144577,4275,3,50.5409178679938
A,HBG1,3047,5450,3,64.4322812586119
A,OR9K2,441639,7385,3,87.3086967146512
A,DEFB118,117285,5319,3,62.8835420210196
A,NOP56,10528,5157,3,60.9683072386535
A,FAAH,2166,7243,3,85.6299106708488
A,IFIT1B,439996,5901,3,69.7642003132236
A,GPBAR1,151306,1634,3,19.3178619406554
A,THUMPD1,55623,7158,3,84.625003531953
A,CD58,965,6139,3,72.5779403021318
A,IP6K3,117283,6353,3,75.1079418047636
A,ECSCR,641700,8811,3,104.167491774244
A,TMED6,146456,6249,3,73.8784083642323
A,PRTN3,5657,2700,3,31.9205797061013
A,LGALS7,3963,6063,3,71.6794350955897
A,P4HB,5034,5574,3,65.8982634377069
A,HID1,283987,3741,3,44.2277365483426
A,HIST1H2AJ,8331,6984,3,82.5678995064487
A,OR10Q1,219960,6255,3,73.9493429858014
A,OR52I2,143502,7660,3,90.5598668699022
A,LLPH,84298,2513,3,29.7097840005306
A,HOXA11,3207,6924,3,81.8585532907576
A,DOCK8,81704,4910,3,58.0481653173916
A,PRICKLE1,144165,4343,3,51.3448435791104
A,SUCLA2,8803,2186,3,25.8438471250139
A,RAD23A,5886,6180,3,73.0626602161875
A,POU2AF1,5450,5984,3,70.7454625782631
A,DNAJC7,7266,5755,3,68.0381245217085
A,PKD1L3,342372,6785,3,80.2152345577398
A,EXTL2,2135,3019,3,35.6919370861925
A,PAICS,10606,3944,3,46.6276912447643
A,CARF,79800,4961,3,58.6511096007291
A,GPNMB,10457,2687,3,31.7668880260349
A,IRAK4,51135,4560,3,53.9103123925267
A,FGD6,55785,2153,3,25.4537067063838
A,OR51S1,119692,4268,3,50.4581608094965
A,GBP2,2634,5831,3,68.9366297282506
A,UGT2A3,79799,5174,3,61.1692886664327
A,NYAP2,57624,6491,3,76.7394381008532
A,RABEP2,79874,2325,3,27.4871658580317
A,NUPL2,11097,2316,3,27.380763925678
A,MCF2,4168,4381,3,51.7940961823814
A,LPP,4026,4034,3,47.691710568301
A,CLC,1178,6971,3,82.4142078263823
A,NUMA1,4926,6226,3,73.606492314884
A,GSDMC,56169,3762,3,44.4760077238345
A,WIPF2,147179,3400,3,40.1962855558313
A,ENOX2,10495,3458,3,40.8819868976661
A,LOC100131150,100131150,6172,3,72.968080720762
A,OLR1,4973,3757,3,44.4168955391936
A,NPIPB3,23117,5804,3,68.6174239311896
A,GKN1,56287,3917,3,46.3084854477033
A,ORAOV1,220064,6763,3,79.9551409453197
A,GDPD4,220032,3408,3,40.2908650512568
A,SERPINB13,5275,4418,3,52.2315263487243
A,AP4S1,11154,5033,3,59.5023250595585
A,CNTNAP5,129684,3846,3,45.4690924258021
A,SHMT1,6470,5237,3,61.9141021929084
A,DNAJC28,54943,5564,3,65.7800390684251
A,FAM174A,345757,6356,3,75.1434091155481
A,SMARCA5,8467,3406,3,40.2672201774004
A,LOC728485,728485,6277,3,74.2094365982215
A,OR52W1,120787,5124,3,60.5781668200234
A,TIMD4,91937,7948,3,93.9647287052197
A,LINC01835,102724279,5792,3,68.4755546880514
A,ACKR2,1238,4831,3,57.114192800065
A,HTRA2,27429,5033,3,59.5023250595585
A,ANKRD16,54522,4698,3,55.5418086886163
A,RGS1,5996,9019,3,106.626558655307
A,CA14,23632,2638,3,31.1875886165538
A,KCNE4,23704,5025,3,59.407745564133
A,GMEB2,26205,5422,3,64.1012530246227
A,AFG1L,246269,8649,3,102.252256991878
A,GPN1,11321,4553,3,53.8275553340294
A,DUSP21,63904,6664,3,78.7847196894293
A,TTC1,7265,3960,3,46.8168502356153
A,RPL29,6159,5955,3,70.4026119073457
A,ZNF496,84838,2570,3,30.3836629054372
A,MRO,83876,4102,3,48.4956362794176
A,CLEC4M,10332,4714,3,55.7309676794673
A,PYCR1,5831,4674,3,55.2580702023398
A,POP1,10940,4318,3,51.0492826559057
A,SEC31B,25956,3625,3,42.8563338646731
A,LGALS3,3958,3746,3,44.2868487329835
A,LRPPRC,10128,5896,3,69.7050881285827
A,RTN1,6252,3124,3,36.933292963652
A,F12,2161,5967,3,70.5444811504839
A,POLE,5426,4958,3,58.6156422899446
A,ARL8B,55207,3591,3,42.4543710091147
A,NLRP13,126204,2264,3,26.7659972054124
A,SDSL,113675,7558,3,89.3539783032273
A,LARP1B,55132,2115,3,25.0044541031127
A,SLC25A16,8034,2736,3,32.346187435516
A,MRPL51,51258,5870,3,69.3977047684499
A,ADAM23,8745,2488,3,29.414223077326
A,TMEM200A,114801,3639,3,43.0218479816677
A,OR6P1,128366,8378,3,99.0483765843396
A,RNF223,401934,2499,3,29.544269883536
A,RPL22L1,200916,7009,3,82.8634604296534
A,HKR1,284459,4649,3,54.9625092791352
A,KRBOX4,55634,3969,3,46.9232521679689
A,LRRC30,339291,5516,3,65.2125620958722
A,SEMG2,6407,5795,3,68.511021998836
A,CXorf36,79742,4038,3,47.7390003160137
A,OR52R1,119695,2304,3,27.2388946825398
A,AGBL2,79841,3592,3,42.4661934460429
A,HIPK4,147746,3698,3,43.7193717604306
A,TNFRSF11B,4982,2691,3,31.8141777737476
A,MTAP,4507,4113,3,48.6256830856277
A,PRDM6,93166,1340,3,15.8420654837688
A,NFS1,9054,5320,3,62.8953644579478
A,SH2B2,10603,6500,3,76.8458400332069
A,DCAF7,10238,3385,3,40.0189490019085
A,CT45A7,101060211,2816,1,33.2919823897708
A,HES1,3280,5851,3,69.1730784668144
A,ASIC3,9311,1333,3,15.7593084252715
A,OR1L1,26737,5676,3,67.1041520043819
A,GTF2A1,2957,2829,3,33.4456740698373
A,TNFRSF9,3604,5311,3,62.7889625255941
A,TMEM220,388335,2659,3,31.4358597920457
A,IGFBPL1,347252,7350,3,86.8949114221647
A,BUD31,8896,5175,3,61.1811111033608
A,TMEM185B,79134,4111,3,48.6020382117713
A,IL21,59067,5557,3,65.6972820099278
A,MIR205HG,642587,4097,3,48.4365240947767
A,TMEM211,255349,4684,3,55.3762945716217
A,DHX57,90957,6822,3,80.6526647240827
A,CAVIN4,347273,3756,3,44.4050731022654
A,CYBRD1,79901,3271,3,38.6711911920953
A,CTXN3,613212,4596,3,54.3359201219414
A,CST7,8530,2599,3,30.7265135763546
A,TSSK6,83983,7578,3,89.590427041791
A,TEX12,56158,3481,3,41.1539029470143
A,OR5V1,81696,1852,3,21.8951531909999
A,DNAJB8,165721,4615,3,54.5605464235769
A,SPPL2C,162540,5223,3,61.7485880759138
A,MFRP,83552,3547,3,41.9341837842746
A,SERINC1,57515,5699,3,67.3760680537302
A,HLA-DQB2,3120,4999,3,59.1003622040002
A,AGFG1,3267,2060,3,24.3542200720625
A,CDRT15L2,256223,8057,3,95.253374330392
A,RIOX1,79697,4378,3,51.7586288715969
A,POLR2G,5436,8593,3,101.590200523899
A,DHRS12,79758,4568,3,54.0048918879521
A,PGR,5241,4856,3,57.4097537232696
A,SLC25A51,92014,3530,3,41.7332023564954
A,UBE2K,3093,2503,3,29.5915596312487
A,SLC10A2,6555,3772,3,44.5942320931164
A,CRYGA,1418,3702,3,43.7666615081434
A,CD177,57126,3568,3,42.1824549597665
A,KCNJ16,3773,3375,3,39.9007246326266
A,FDPS,2224,2641,3,31.2230559273384
A,ADIRF,10974,5414,3,64.0066735291972
A,PBXIP1,57326,3983,3,47.0887662849635
A,TRPM1,4308,4312,3,50.9783480343366
A,ATG2A,23130,2577,3,30.4664199639345
A,FAM175B,23172,3796,3,44.8779705793928
A,THEG,51298,3983,3,47.0887662849635
A,CYCS,54205,4121,3,48.7202625810532
A,EXOSC9,5393,6454,3,76.3020079345103
A,YOD1,55432,1294,3,15.2982333850723
A,SERPINF1,5176,3832,3,45.3035783088075
A,DBF4B,80174,3466,3,40.9765663930915
A,CSF2,1437,2465,3,29.1423070279777
A,LRCOL1,100507055,5891,3,69.6459759439418
A,DUS3L,56931,5616,3,66.3948057886907
A,EPM2A,7957,1291,3,15.2627660742877
A,NPRL3,8131,7699,3,91.0209419101015
A,TMEM210,100505993,2868,3,33.9067491100365
A,DHX58,79132,4384,3,51.829563493166
A,CCR9,10803,4044,3,47.8099349375829
A,RAB44,401258,5970,3,70.5799484612685
A,OR7A5,26659,6588,3,77.8862144828872
A,ATAD2,29028,4318,3,51.0492826559057
A,SPOUT1,51490,3278,3,38.7539482505926
A,ATP5E,514,4166,3,49.2522722428215
A,CD99L2,83692,3127,3,36.9687602744366
A,CPNE7,27132,2034,3,24.0468367119297
A,CLECL1,160365,4528,3,53.5319944108247
A,ADGRD1,283383,2487,3,29.4024006403978
A,FAM199X,139231,3960,3,46.8168502356153
A,IL15,3600,2890,3,34.1668427224566
A,GFOD2,81577,4207,3,49.7369921568771
A,RAB40B,10966,3693,3,43.6602595757897
A,PRR36,80164,1383,3,16.3504302716808
A,CEP131,22994,3544,3,41.89871647349
A,IFT81,28981,883,3,10.4392118075879
A,EML3,256364,3278,3,38.7539482505926
A,PODNL1,79883,1768,3,20.9020684890323
A,LRRC32,2615,3529,3,41.7213799195672
A,RGS3,5998,1887,3,22.3089384834864
A,ENTPD6,955,2584,3,30.5491770224318
A,LGI2,55203,1321,3,15.6174391821333
A,B3GNT7,93010,3084,3,36.4603954865246
A,FAM110A,83541,3135,3,37.0633397698621
A,TGFBR3L,100507588,2410,3,28.4920729969275
A,TBC1D16,125058,909,3,10.7465951677208
A,PRR18,285800,2862,3,33.8358144884674
A,ASNSD1,54529,4595,3,54.3240976850132
A,THOC6,79228,4831,3,57.114192800065
A,RPA1,6117,6923,3,81.8467308538294
A,SETD3,84193,4574,3,54.0758265095213
A,POU3F1,5453,4389,3,51.8886756778069
A,TMEFF1,8577,3484,3,41.1893702577989
A,CYP51A1,1595,3093,3,36.5667974188783
A,PYGO2,90780,3527,3,41.6977350457109
A,TARBP1,6894,4314,3,51.001992908193
A,TOMM5,401505,3408,3,40.2908650512568
A,MED24,9862,6624,3,78.3118222123019
A,LCE2B,26239,4690,3,55.4472291931908
A,BRAF,673,3336,3,39.4396495924274
A,RCCD1,91433,3030,3,35.8219838924026
A,ZNF561,93134,3748,3,44.3104936068399
A,C14orf166,51637,4479,3,52.9526950013436
A,TMEM132A,54972,2761,3,32.6417483587206
A,GABRA6,2559,3714,3,43.9085307512816
A,NKRF,55922,2823,3,33.3747394482682
A,MAS1,4142,6035,3,71.3484068616005
A,TOMM20,9804,4087,3,48.3182997254948
A,WNK2,65268,5249,3,62.0559714360466
A,ZNF343,79175,4112,3,48.6138606486995
A,ST20-MTHFS,100528021,3614,3,42.726287058463
A,TMEM71,137835,2992,3,35.3727312891315
A,JMJD1C,221037,3198,3,37.8081532963378
A,NOTCH4,4855,2453,3,29.0004377848395
A,SCAMP3,10067,5555,3,65.6736371360714
A,ZNF449,203523,2694,3,31.8496450845322
A,TUBB2A,7280,1499,3,17.7218329553503
A,MPZL1,9019,6333,3,74.8714930661999
A,C11orf57,55216,4974,3,58.8048012807955
A,MED14,9282,2256,3,26.6714177099869
A,CCDC59,29080,3502,3,41.4021741225062
A,CYP4F22,126410,6000,3,70.934621569114
A,S1PR2,9294,3518,3,41.5913331133572
A,PRPF40A,55660,2831,3,33.4693189436936
A,TSKS,60385,6902,3,81.5984596783375
A,ITPRIPL2,162073,1904,3,22.5099199112655
A,ZNF621,285268,4516,3,53.3901251676865
A,KIF1BP,26128,8578,3,101.412863969977
A,VWC2L,402117,4578,3,54.123116257234
A,HS3ST6,64711,1372,3,16.2203834654707
A,PSMA4,5685,4517,3,53.4019476046147
A,CNR2,1269,4264,3,50.4108710617837
A,SLC6A17,388662,2593,3,30.6555789547854
A,UBE2V1,7335,2858,3,33.7885247407547
A,C14orf159,80017,5137,3,60.7318585000898
A,DDX52,11056,2258,3,26.6950625838432
A,IL2RB,3560,3369,3,39.8297900110575
A,SMG1,23049,971,3,11.4795862572683
A,SMIM15,643155,2501,3,29.5679147573924
A,SLC17A6,57084,4300,3,50.8364787911984
A,TMEM14B,81853,2749,3,32.4998791155824
A,SLC22A10,387775,3343,3,39.5224066509247
A,PCDHA10,56139,5332,3,63.037233701086
A,KIF14,9928,9275,3,109.653102508922
A,LCE3C,353144,2886,3,34.1195529747439
A,ELOVL2,54898,4144,3,48.9921786304014
A,GPR146,115330,2878,3,34.0249734793184
A,GLI4,2738,3122,3,36.9096480897957
A,LARGE1,9215,5296,3,62.6116259716713
A,SLC35G6,643664,3461,3,40.9174542084506
A,SLC25A27,9481,2984,3,35.278151793706
A,PAN3,255967,4270,3,50.4818056833528
A,ATOH1,474,4450,3,52.6098443304262
A,SLC26A11,284129,3725,3,44.0385775574916
A,ERVV-2,100271846,3449,3,40.7755849653124
A,PKD2L1,9033,3453,3,40.8228747130251
A,TGM5,9333,3530,3,41.7332023564954
A,GABRR1,2569,4106,3,48.5429260271304
A,PIGN,23556,5421,3,64.0894305876945
A,ADAMTS10,81794,2792,3,33.0082439034944
A,ASF1B,55723,3109,3,36.7559564097293
A,ESPNL,339768,5037,3,59.5496148072712
A,VCP,7415,4993,3,59.0294275824311
A,KLHL7,55975,3146,3,37.1933865760721
A,PDZRN4,29951,2722,3,32.1806733185214
A,ZDHHC3,51304,2992,3,35.3727312891315
A,OSCP1,127700,3695,3,43.6839044496461
A,SLC25A17,10478,7087,3,83.7856105100519
A,CD79A,973,2971,3,35.1244601136396
A,C1QB,713,5937,3,70.1898080426383
A,C14orf178,283579,5401,3,63.8529818491308
A,ZNF423,23090,3227,3,38.1510039672552
A,GIMAP5,55340,4243,3,50.1625998862918
A,TMPPE,643853,4215,3,49.8315716523026
A,NUP155,9631,7868,3,93.0189337509649
A,MED28,80306,3877,3,45.8355879705758
A,NTN5,126147,5105,3,60.3535405183879
A,LRIT2,340745,4995,3,59.0530724562874
A,PHF14,9678,6990,3,82.6388341280179
A,ASB10,136371,4798,3,56.7240523814349
A,SLC6A12,6539,5924,3,70.0361163625719
A,DNAJA1,3301,4802,3,56.7713421291476
A,CD48,962,5010,3,59.2304090102102
A,RNF17,56163,7934,3,93.7992145882251
A,GABRA3,2556,3192,3,37.7372186747687
A,FANCD2OS,115795,1661,3,19.6370677377164
A,FCAR,2204,6819,3,80.6171974132981
A,POM121L12,285877,5026,3,59.4195680010612
A,OR4X1,390113,5501,3,65.0352255419494
A,NDUFAF6,137682,1929,3,22.8054808344702
A,SLCO4C1,353189,7240,3,85.5944433600643
A,PSMB9,5698,3837,3,45.3626904934484
A,UQCRQ,27089,6540,3,77.3187375103343
A,NEXN,91624,2175,3,25.7138003188038
A,SLK,9748,2014,3,23.8103879733659
A,TMA7,51372,3685,3,43.5656800803642
A,CPEB3,22849,3058,3,36.1530121263918
A,DNAH14,127602,8965,3,105.988147061185
A,NTSR2,23620,4482,3,52.9881623121282
A,PRAMEF27,101929983,4371,3,51.6758718130996
A,OR2M4,26245,8134,3,96.1637019738622
A,DPY19L2,283417,2368,3,27.9955306459437
A,FCN1,2219,6872,3,81.2437865704919
A,GRM8,2918,3730,3,44.0976897421326
A,KCNJ5,3762,4814,3,56.9132113722858
A,SYCE3,644186,2453,3,29.0004377848395
A,SLC24A2,25769,2850,3,33.6939452453292
A,RNF40,9810,8293,3,98.0434694454438
A,SVOPL,136306,5317,3,62.8598971471632
A,S100A16,140576,7398,3,87.4623883947176
A,CALCA,796,1670,3,19.7434696700701
A,TTC39B,158219,4504,3,53.2482559245483
A,GRID1,2894,2469,3,29.1895967756904
A,PHF1,5252,3275,3,38.7184809398081
A,CLK2,1196,4387,3,51.8650308039505
A,KLHL12,59349,2802,3,33.1264682727763
A,PLXNB2,23654,1926,3,22.7700135236856
A,KCTD19,146212,4039,3,47.7508227529419
A,PAX2,5076,2803,3,33.1382907097044
A,MYO1E,4643,6294,3,74.4104180260006
A,HIST1H4J,8363,3629,2,42.9036236123858
A,LOXHD1,125336,6852,3,81.0073378319282
A,ARMCX1,51309,3803,3,44.9607276378901
A,IL32,9235,3659,3,43.2582967202314
A,MOGAT3,346606,4147,3,49.027645941186
A,GBA,2629,4660,3,55.0925560853452
A,RNF2,6045,3550,3,41.9696510950591
A,C18orf8,29919,3350,3,39.605163709422
A,ACCS,84680,4613,3,54.5369015497205
A,C11orf49,79096,2113,3,24.9808092292563
A,C14orf180,400258,4089,3,48.3419445993512
A,USP21,27005,4024,3,47.5734861990191
A,CDCA7,83879,4127,3,48.7911972026223
A,TRMT11,60487,2707,3,32.0033367645986
A,LRRIQ4,344657,5804,3,68.6174239311896
A,ZNF880,400713,3457,3,40.8701644607379
A,PIK3R4,30849,5525,3,65.3189640282258
A,CCDC187,399693,1791,3,21.1739845383805
A,MTX3,345778,4971,3,58.769333970011
A,FBN2,2201,3525,3,41.6740901718545
A,TNN,63923,7119,3,84.1639284917538
A,PTCH2,8643,3501,3,41.390351685578
A,VPS53,55275,5835,3,68.9839194759634
A,ZNF550,162972,9069,3,107.217680501716
A,LCE5A,254910,5551,3,65.6263473883587
A,PRDM7,11105,4858,3,57.433398597126
A,CBWD5,220869,2925,3,34.5806280149431
A,CGB5,93659,4023,3,47.561663762091
A,TG,7038,8078,3,95.5016455058838
A,ITIH5,80760,1626,3,19.2232824452299
A,TMEM189,387521,4707,3,55.64821062097
A,SOAT1,6646,9602,3,113.519039384439
A,PSKH2,85481,4580,3,54.1467611310904
A,MYO1G,64005,2777,3,32.8309073495716
A,MC1R,4157,2168,3,25.6310432603065
A,ACACA,31,5176,3,61.1929335402891
A,C4orf26,152816,5504,3,65.070692852734
A,IFITM1,8519,6229,3,73.6419596256686
A,LCT,3938,4690,3,55.4472291931908
A,GSE1,23199,4304,3,50.8837685389111
A,IGF1R,3480,3085,3,36.4722179234528
A,MYO15A,51168,6476,3,76.5621015469304
A,HGS,9146,4466,3,52.7990033212772
A,SMIM12,113444,3091,3,36.5431525450219
A,FAM200B,285550,7178,3,84.8614522705168
A,E2F7,144455,1921,3,22.7109013390447
A,FGF17,8822,2639,3,31.199411053482
A,CTAGE1,64693,4370,3,51.6640493761714
A,AAK1,22848,3699,3,43.7311941973588
A,CCDC136,64753,2971,3,35.1244601136396
A,SLC37A1,54020,1878,3,22.2025365511327
A,ADO,84890,3373,3,39.8770797587703
A,SMPD1,6609,3991,3,47.183345780389
A,SYT7,9066,2079,3,24.578846373698
A,PSPN,5623,2673,3,31.6013739090403
A,POC1A,25886,3585,3,42.3834363875456
A,TLDC2,140711,3896,3,46.0602142722114
A,FGF4,2249,3725,3,44.0385775574916
A,APOL4,80832,4682,3,55.3526496977653
A,TMPRSS12,283471,2776,3,32.8190849126434
A,ST6GALNAC3,256435,2945,3,34.8170767535068
A,CRLF2,64109,6067,3,71.7267248433025
A,VSIG4,11326,5038,3,59.5614372441994
A,SLC6A7,6534,3215,3,38.0091347241169
A,SH2D3A,10045,4233,3,50.04437551701
A,TECTB,6975,3693,3,43.6602595757897
A,OPN4,94233,5748,3,67.9553674632112
A,SLITRK5,26050,2476,3,29.2723538341877
A,SCEL,8796,4925,3,58.2255018713144
A,ENO3,2027,4196,3,49.6069453506671
A,ZNF781,163115,5972,3,70.6035933351248
A,SMO,6608,3886,3,45.9419899029295
A,CUL9,23113,3200,3,37.8317981701942
A,PTGFR,5737,3589,3,42.4307261352584
A,STAT5B,6777,1246,3,14.7307564125193
A,RABGGTA,5875,2155,3,25.4773515802401
A,SPECC1,92521,3253,3,38.458387327388
A,DDX54,79039,1854,3,21.9187980648562
A,WWP2,11060,8312,3,98.2680957470793
A,PRRT4,401399,2908,3,34.3796465871639
A,KIF5B,3799,3493,3,41.2957721901526
A,KLK10,5655,1896,3,22.41534041584
A,JOSD1,9929,1334,3,15.7711308621997
A,GLT8D2,83468,3257,3,38.5056770751007
A,XYLT1,64131,3727,3,44.062222431348
A,ZPR1,8882,2346,3,27.7354370335236
A,CTBP2,1488,3431,3,40.562781100605
A,ANGEL2,90806,2312,3,27.3334741779653
A,UBP1,7342,1501,3,17.7454778292067
A,CELF6,60677,4601,3,54.3950323065823
A,OLFM4,10562,8773,3,103.718239170973
A,FGF23,8074,5034,3,59.5141474964867
A,PDE4DIP,9659,4299,3,50.8246563542702
A,AADACL3,126767,4678,3,55.3053599500526
A,UBE2QL1,134111,5057,3,59.7860635458349
A,C19orf12,83636,2500,3,29.5560923204642
A,RHOG,391,4018,3,47.50255157745
A,FAM159A,348378,4693,3,55.4826965039754
A,JUNB,3726,2431,3,28.7403441724194
A,ABHD10,55347,3793,3,44.8425032686083
A,HOXB13,10481,2795,3,33.043711214279
A,TBXA2R,6915,2797,3,33.0673560881353
A,RBP3,5949,7126,3,84.2466855502511
A,SPG21,51324,1407,3,16.6341687579572
A,RAPSN,5913,2444,3,28.8940358524858
A,MYLIP,29116,2993,3,35.3845537260597
A,OR1G1,8390,4841,3,57.2324171693468
A,RNASE3,6037,6233,3,73.6892493733813
A,SRCIN1,80725,3117,3,36.8505359051547
A,ALOX12B,242,4449,3,52.5980218934981
A,WDR45,11152,2355,3,27.8418389658773
A,CEP120,153241,3401,3,40.2081079927595
A,MED30,90390,5452,3,64.4559261324683
A,ADCYAP1R1,117,3531,3,41.7450247934236
A,PDCD4,27250,5505,3,65.0825152896621
A,OR52B2,255725,5157,3,60.9683072386535
A,STAB1,23166,4216,3,49.8433940892308
A,CYFIP1,23191,4216,3,49.8433940892308
A,GRIN3B,116444,3191,3,37.7253962378405
A,SRSF11,9295,4711,3,55.6955003686827
A,ZNF511-PRAP1,104326056,4798,3,56.7240523814349
A,RHAG,6005,2580,3,30.501887274719
A,LOX,4015,5652,3,66.8204135181054
A,SPACA4,171169,4872,3,57.5989127141206
A,PDZD3,79849,3025,3,35.7628717077617
A,SRRM4,84530,6809,3,80.4989730440162
A,CALHM1,255022,5983,3,70.7336401413349
A,SLFN12L,100506736,3859,3,45.6227841058685
A,HSPB8,26353,3799,3,44.9134378901774
A,FXN,2395,3206,3,37.9027327917633
A,HSD3B2,3284,4802,3,56.7713421291476
A,CD209,30835,4399,3,52.0069000470888
A,EDEM2,55741,6204,3,73.3463987024639
A,FAM71F1,84691,7315,3,86.4811261296782
A,GUSB,2990,5728,3,67.7189187246475
A,DHRS9,10170,5707,3,67.4706475491556
A,METTL22,79091,3278,3,38.7539482505926
A,C8orf46,254778,5927,3,70.0715836733565
A,SYT13,57586,5461,3,64.562328064822
A,KIF7,374654,4364,3,51.5931147546023
A,NEK3,4752,7467,3,88.2781365427624
A,ZNF543,125919,5179,3,61.2284008510736
A,PIGP,51227,5636,3,66.6312545272545
A,CDO1,1036,2769,3,32.7363278541461
A,PYDC1,260434,3068,3,36.2712364956736
A,OBP2B,29989,3362,3,39.7470329525602
A,WWP1,11059,4574,3,54.0758265095213
A,HPN,3249,5218,3,61.6894758912728
A,SLC36A4,120103,1371,3,16.2085610285426
A,DDIAS,220042,6484,3,76.6566810423559
A,FOXD1,2297,3055,3,36.1175448156072
A,TANK,10010,4446,3,52.5625545827135
A,FN1,2335,4005,3,47.3488598973836
A,RPS6KA3,6197,1795,3,21.2212742860933
A,TAF4,6874,1883,3,22.2616487357736
A,TRMT44,152992,3084,3,36.4603954865246
A,PCMTD1,115294,3678,3,43.4829230218669
A,KCTD7,154881,2638,3,31.1875886165538
A,AFDN,4301,1952,3,23.0773968838184
A,DOK4,55715,5198,3,61.4530271527091
A,EXOC1,55763,2829,3,33.4456740698373
A,MCF2L,23263,3362,3,39.7470329525602
A,CALHM3,119395,5595,3,66.1465346131988
A,NUP85,79902,3238,3,38.2810507734652
A,NTRK2,4915,3967,3,46.8996072941126
A,FAT2,2196,4285,3,50.6591422372756
A,ACTR8,93973,4933,3,58.3200813667399
A,FOXS1,2307,4672,3,55.2344253284835
A,OR10T2,128360,5911,3,69.8824246825055
A,EGLN1,54583,2813,3,33.2565150789863
A,CGN,57530,3153,3,37.2761436345694
A,COL6A5,256076,6653,3,78.6546728832193
A,GPD1L,23171,6496,3,76.7985502854941
A,TRABD2A,129293,4376,3,51.7349839977405
A,ARMC10,83787,2479,3,29.3078211449723
A,SQOR,58472,3186,3,37.6662840531996
A,ZNF513,130557,4050,3,47.880869559152
A,PDLIM4,8572,4947,3,58.4855954837345
A,ZDHHC12,84885,2600,3,30.7383360132828
A,DTX2,113878,1781,3,21.0557601690987
A,RSPH3,83861,1460,3,17.2607579151511
A,LGR6,59352,2208,3,26.103940737434
A,COPS7A,50813,4688,3,55.4235843193344
A,ATRAID,51374,5945,3,70.2843875380638
A,LOC100130705,100130705,6241,3,73.7838288688068
A,SFT2D3,84826,3928,3,46.4385322539133
A,GSTT2B,653689,666,1,7.87374299417166
A,HPS6,79803,4501,3,53.2127886137637
A,C14orf2,9556,3631,3,42.9272684862422
A,NRG2,9542,1479,3,17.4853842167866
A,GPR180,160897,2095,3,24.768005364549
A,CCDC125,202243,4599,3,54.3713874327259
A,GBA2,57704,1816,3,21.4695454615852
A,SMAP1,60682,3610,3,42.6789973107503
A,ZBBX,79740,3389,3,40.0662387496212
A,MFSD8,256471,2751,3,32.5235239894388
A,MMEL1,79258,7276,3,86.0200510894789
A,SAMD9L,219285,3835,3,45.3390456195921
A,MMP10,4319,3543,3,41.8868940365618
A,ACER3,55331,4278,3,50.5763851787783
A,FAHD2B,151313,5621,3,66.4539179733317
A,NPB,256933,2461,3,29.0950172802649
A,GPS2,2874,3299,3,39.0022194260845
A,STRADB,55437,2846,3,33.6466554976164
A,IL9R,3581,4176,3,49.3704966121034
A,CDC42BPA,8476,4460,3,52.7280686997081
A,P4HA1,5033,5016,3,59.3013436317793
A,EDF1,8721,4655,3,55.0334439007043
A,UBXN6,80700,2599,3,30.7265135763546
A,GFRA1,2674,3566,3,42.1588100859101
A,OR11H1,81061,2673,3,31.6013739090403
A,WDR7,23335,5416,3,64.0303184030536
A,TRIP4,9325,1762,3,20.8311338674632
A,FBXO25,26260,1764,3,20.8547787413195
A,ANXA11,311,4143,3,48.9803561934732
A,UGT3A1,133688,3718,3,43.9558204989943
A,ADD1,118,1435,3,16.9651969919464
A,RGMA,56963,2745,3,32.4525893678697
A,CC2D1A,54862,1550,3,18.3247772386878
A,S100A1,6271,1988,3,23.5030046132331
A,UGT1A6,54578,5321,3,62.907186894876
A,ME2,4200,4270,3,50.4818056833528
A,SF3B4,10262,2441,3,28.8585685417012
A,THOC2,57187,4425,3,52.3142834072216
A,CNN3,1266,2471,3,29.2132416495468
A,RBP1,5947,1687,3,19.9444510978492
A,OR4A16,81327,5079,3,60.046157158255
A,MRPL14,64928,2701,3,31.9324021430295
A,COQ5,84274,3079,3,36.4012833018837
A,OPN1LW,5956,3805,3,44.9843725117465
A,CCT6B,10693,3007,3,35.5500678430543
A,XRN2,22803,3090,3,36.5313301080937
A,WDR27,253769,4345,3,51.3684884529667
A,NLGN3,54413,6367,3,75.2734559217582
A,RNASE10,338879,8896,3,105.17239891314
A,NME5,8382,7292,3,86.2092100803299
A,SCGB2A2,4250,2449,3,28.9531480371267
A,TMEM198,130612,2894,3,34.2141324701693
A,SCGB2A1,4246,5538,3,65.4726557082922
A,RPL15,6138,2381,3,28.1492223260101
A,PDXDC1,23042,6603,3,78.06355103681
A,CST11,140880,5793,3,68.4873771249796
A,MRPS36,92259,5293,3,62.5761586608868
A,GOLGA4,2803,1710,3,20.2163671471975
A,SORCS3,22986,3094,3,36.5786198558065
A,ZNF286B,729288,4119,3,48.6966177071968
A,C12orf49,79794,2705,3,31.9796918907422
A,AIG1,51390,4692,3,55.4708740670472
A,SLC5A6,8884,5442,3,64.3377017631864
A,DCAF5,8816,1548,3,18.3011323648314
A,ZNF140,7699,1769,3,20.9138909259605
A,SLC16A8,23539,2519,3,29.7807186220997
A,RNF157,114804,3711,3,43.873063440497
A,SPATA5L1,79029,3210,3,37.950022539476
A,LRRC75B,388886,3805,3,44.9843725117465
A,AQP12A,375318,2450,3,28.9649704740549
A,CCNDBP1,23582,3952,3,46.7222707401898
A,PSKH1,5681,1214,3,14.3524384308174
A,PEX13,5194,3148,3,37.2170314499285
A,LGALS9C,654346,8451,3,99.9114144800971
A,CEP126,57562,2951,3,34.8880113750759
A,TCHHL1,126637,3569,3,42.1942773966947
A,ITCH,83737,4001,3,47.3015701496709
A,LSM12,124801,2772,3,32.7717951649307
A,COMTD1,118881,1526,3,18.0410387524113
A,TMEM161A,54929,4348,3,51.4039557637513
A,PBX4,80714,1649,3,19.4951984945782
A,OR2M5,127059,7386,3,87.3205191515794
A,REEP5,7905,4146,3,49.0158235042578
A,SH2D2A,9047,6479,3,76.597568857715
A,LRRC74B,400891,7128,3,84.2703304241075
A,BSG,682,4791,3,56.6412953229376
A,KRTAP5-10,387273,5710,3,67.5061148599402
A,C20orf197,284756,6080,3,71.8804165233689
A,HHEX,3087,4143,3,48.9803561934732
A,UGT1A4,54657,3539,3,41.8396042888491
A,PTPN2,5771,4009,3,47.3961496450964
A,PPP1R37,284352,2426,3,28.6812319877784
A,TMTC1,83857,1886,3,22.2971160465582
A,NCLN,56926,4466,3,52.7990033212772
A,FSTL3,10272,2263,3,26.7541747684842
A,MDH2,4191,4945,3,58.4619506098782
A,DDX10,1662,7494,3,88.5973423398234
A,RPS26,6231,3898,3,46.0838591460677
A,CASK,8573,2422,3,28.6339422400657
A,SRPK1,6732,3772,3,44.5942320931164
A,ANKRD54,129138,2529,3,29.8989429913816
A,LHPP,64077,3163,3,37.3943680038513
A,RASSF5,83593,3576,3,42.277034455192
A,REEP6,92840,2817,3,33.303804826699
A,TNFRSF11A,8792,3359,3,39.7115656417757
A,NAE1,8883,3448,3,40.7637625283842
A,PIP5K1C,23396,1923,3,22.7345462129011
A,RPL10L,140801,2900,3,34.2850670917384
A,C11orf52,91894,2681,3,31.6959534044658
A,CUL4A,8451,1717,3,20.2991242056948
A,MIER2,54531,4926,3,58.2373243082426
A,DTX3L,151636,2344,3,27.7117921596672
A,PKD2L2,27039,1945,3,22.9946398253211
A,TFE3,7030,6597,3,77.9926164152409
A,CASP12,100506742,5222,3,61.7367656389856
A,LOC728392,728392,2818,3,33.3156272636272
A,COX7A1,1346,5202,3,61.5003169004219
A,ICAM3,3385,4063,3,48.0345612392184
A,RPL3L,6123,2691,3,31.8141777737476
A,FOXP1,27086,2056,3,24.3069303243497
A,CD3G,917,5201,3,61.4884944634937
A,PCLAF,9768,4284,3,50.6473198003474
A,CDKN2A,1029,5030,3,59.4668577487739
A,CFL1,1072,3752,3,44.3577833545526
A,ERCC5,2073,4750,3,56.1565754088819
A,TMEM105,284186,3269,3,38.647546318239
A,LEF1,51176,2046,3,24.1887059550679
A,GPALPP1,55425,4196,3,49.6069453506671
A,PKHD1L1,93035,4367,3,51.6285820653868
A,OR51I1,390063,4348,3,51.4039557637513
A,CENPH,64946,3487,3,41.2248375685834
A,KRTAP12-4,386684,3119,3,36.8741807790111
A,EPB41L5,57669,2840,3,33.5757208760473
A,SLC52A1,55065,2960,3,34.9944133074296
A,PPDPF,79144,5263,3,62.2214855530412
A,FAM43B,163933,1533,3,18.1237958109086
A,RBM11,54033,4915,3,58.1072775020326
A,ARHGEF2,9181,2782,3,32.8900195342125
A,RNF103,7844,3801,3,44.9370827640337
A,SUPT20HL1,100130302,4773,3,56.4284914582302
A,ELF2,1998,3330,3,39.3687149708583
A,PPP2R5B,5526,3114,3,36.8150685943702
A,FBXO44,93611,3387,3,40.0425938757649
A,CCDC69,26112,1627,3,19.2351048821581
A,HSH2D,84941,3679,3,43.4947454587951
A,SCP2D1,140856,2785,3,32.9254868449971
A,FCN3,8547,6519,3,77.0704663348424
A,CADPS2,93664,1661,3,19.6370677377164
A,MFSD9,84804,3667,3,43.3528762156569
A,CCDC90B,60492,1937,3,22.9000603298956
A,OR12D2,26529,5220,3,61.7131207651292
A,KIAA0753,9851,5578,3,65.9455531854197
A,ZNF626,199777,4902,3,57.9535858219662
A,ZNF253,56242,3936,3,46.5331117493388
A,SCAF1,58506,1993,3,23.562116797874
A,ZNF398,57541,3551,3,41.9814735319873
A,TMEM174,134288,1860,3,21.9897326864254
A,CHRAC1,54108,6661,3,78.7492523786448
A,METTL4,64863,5192,3,61.38209253114
A,OSBP2,23762,2969,3,35.1008152397833
A,TRAPPC1,58485,2872,3,33.9540388577493
A,SPG7,6687,2169,3,25.6428656972347
A,FAM151A,338094,4435,3,52.4325077765035
A,ZKSCAN4,387032,5597,3,66.1701794870552
A,MTERF2,80298,6692,3,79.1157479234185
A,PTGER1,5731,4605,3,54.442322054295
A,SLFN14,342618,6186,3,73.1335948377566
A,LRFN2,57497,4660,3,55.0925560853452
A,SCN4A,6329,3319,3,39.2386681646483
A,CT47B1,643311,3341,3,39.4987617770683
A,RHO,6010,3121,3,36.8978256528675
A,DLG4,1742,2681,3,31.6959534044658
A,ATF6B,1388,1649,3,19.4951984945782
A,PHACTR3,116154,7363,3,87.0486031022311
A,XPO5,57510,2799,3,33.0910009619917
A,CLIP3,25999,4701,3,55.5772759994008
A,LRRC8A,56262,2471,3,29.2132416495468
A,TWSG1,57045,1725,3,20.3937037011203
A,TCP11L1,55346,2488,3,29.414223077326
A,CPA5,93979,2871,3,33.9422164208211
A,SLITRK2,84631,3589,3,42.4307261352584
A,IKBKE,9641,2353,3,27.8181940920209
A,CREB3L3,84699,2963,3,35.0298806182141
A,BOD1L2,284257,2348,3,27.75908190738
A,GAL3ST2,64090,3619,3,42.7853992431039
A,REV1,51455,3198,3,37.8081532963378
A,TCF3,6929,3906,3,46.1784386414932
A,SLC6A4,6532,2455,3,29.0240826586958
A,OPRM1,4988,1763,3,20.8429563043913
A,ACVR1C,130399,4013,3,47.4434393928091
A,ELOB,6923,4390,3,51.9004981147351
A,FBXO43,286151,2062,3,24.3778649459189
A,MCAT,27349,2492,3,29.4615128250387
A,FAM214B,80256,4862,3,57.4806883448387
A,ERAS,3266,1944,3,22.9828173883929
A,B4GALT2,8704,3423,3,40.4682016051796
A,ZNF813,126017,5639,3,66.666721838039
A,NDUFS7,374291,3306,3,39.0849764845818
A,PPP1R26,9858,1934,3,22.8645930191111
A,F2RL3,9002,2894,3,34.2141324701693
A,AURKA,6790,3539,3,41.8396042888491
A,MIS18BP1,55320,3311,3,39.1440886692228
A,RAB11FIP2,22841,1619,3,19.1405253867326
A,MALSU1,115416,2964,3,35.0417030551423
A,KIF16B,55614,3228,3,38.1628264041833
A,GAL3ST4,79690,2406,3,28.4447832492147
A,FGD3,89846,4215,3,49.8315716523026
A,ZHX2,22882,4699,3,55.5536311255445
A,GPR108,56927,2144,3,25.3473047740301
A,NUDCD2,134492,4771,3,56.4048465843738
A,NUDT4,11163,1849,3,21.8596858802153
A,LSMEM2,132228,6127,3,72.4360710589936
A,RAB17,64284,2937,3,34.7224972580813
A,RTF1,23168,4991,3,59.0057827085747
A,PTPN6,5777,4396,3,51.9714327363042
A,INHBE,83729,5785,3,68.3927976295541
A,GSDMA,284110,2088,3,24.6852483060517
A,LSP1,4046,3518,3,41.5913331133572
A,HMGB3,3149,8570,3,101.318284474551
A,RAVER1,125950,1586,3,18.7503849681025
A,VRK2,7444,4237,3,50.0916652647227
A,RPH3A,22895,6142,3,72.6134076129164
A,RARG,5916,3637,3,42.9982031078113
A,HDX,139324,5312,3,62.8007849625223
A,SAMD15,161394,5786,3,68.4046200664823
A,HOXA6,3203,4483,3,52.9999847490564
A,ART1,417,2510,3,29.674316689746
A,EPS15L1,58513,2954,3,34.9234786858605
A,CXorf49,100130361,4082,3,48.2591875408539
A,ITGB2,3689,3418,3,40.4090894205386
A,MOGAT1,116255,2245,3,26.5413709037768
A,HMX1,3166,2441,3,28.8585685417012
A,PAK1,5058,4391,3,51.9123205516633
A,CDC42EP2,10435,2914,3,34.4505812087331
A,STK25,10494,2196,3,25.9620714942957
A,CASP7,840,1650,3,19.5070209315064
A,ZFP30,22835,6113,3,72.270556941999
A,NSRP1,84081,4329,3,51.1793294621158
A,GPR135,64582,1967,3,23.2547334377412
A,PIK3CD,5293,4706,3,55.6363881840418
A,DARS2,55157,4069,3,48.1054958607875
A,ARHGEF3,50650,5948,3,70.3198548488484
A,VSTM2L,128434,1882,3,22.2498262988454
A,BHLHA15,168620,4472,3,52.8699379428463
A,SEMA5B,54437,1549,3,18.3129548017596
A,ROBO1,6091,6021,3,71.1828927446059
A,MTERF4,130916,4719,3,55.7900798641082
A,VGF,7425,5575,3,65.9100858746351
A,RAB10,10890,3055,3,36.1175448156072
A,OR7D2,162998,4612,3,54.5250791127923
A,NCF4,4689,2357,3,27.8654838397336
A,PLPBP,11212,1706,3,20.1690773994848
A,CMYA5,202333,3946,3,46.6513361186207
A,HAAO,23498,6564,3,77.6024759966108
A,AKAP5,9495,3382,3,39.9834816911239
A,ELK1,2002,1971,3,23.302023185454
A,RAB39B,116442,2149,3,25.406416958671
A,LHFPL4,375323,4765,3,56.3339119628047
A,ACTN2,88,3018,3,35.6801146492644
A,SLC6A18,348932,4048,3,47.8572246852956
A,TCTEX1D1,200132,3383,3,39.9953041280521
A,IFT88,8100,4179,3,49.4059639228879
A,ZNF236,7776,4566,3,53.9812470140958
A,PRSS38,339501,5071,3,59.9515776628295
A,SLC39A7,7922,1441,2,17.0361316135156
A,AGPAT3,56894,1590,3,18.7976747158152
A,KREMEN2,79412,5556,3,65.6854595729996
A,ZNF582,147948,4221,3,49.9025062738717
A,STMN4,81551,3735,3,44.1568019267735
A,WDR34,89891,5176,3,61.1929335402891
A,PPP1R13L,10848,4092,3,48.3774119101358
A,CFAP74,85452,3103,3,36.6850217881601
A,C19orf81,342918,4393,3,51.9359654255197
A,ARHGAP44,9912,3214,3,37.9973122871888
A,SPATA31A1,647060,3136,3,37.0751622067903
A,CLTA,1211,1727,3,20.4173485749767
A,PINX1,54984,3259,3,38.5293219489571
A,GPD2,2820,6256,3,73.9611654227296
A,MAP2K6,5608,4968,3,58.7338666592264
A,ZMYM6,9204,5501,3,65.0352255419494
A,CAV2,858,2980,3,35.2308620459933
A,SEC14L6,730005,4147,3,49.027645941186
A,MYL10,93408,4212,3,49.7961043415181
A,ACOT8,10005,3673,3,43.423810837226
A,PNPO,55163,4232,3,50.0325530800818
A,HEMK1,51409,4761,3,56.286622215092
A,TTC24,164118,2964,3,35.0417030551423
A,ZNF300,91975,3192,3,37.7372186747687
A,OXER1,165140,6482,3,76.6330361684995
A,SELENON,57190,1310,3,15.4873923759232
A,DRG2,1819,4128,3,48.8030196395505
A,KRTAP5-3,387266,5197,3,61.4412047157809
A,CPNE9,151835,1922,3,22.7227237759729
A,DAPP1,27071,3728,3,44.0740448682762
A,MYL6B,140465,3400,3,40.1962855558313
A,GK2,2712,3847,3,45.4809148627303
A,ZNF189,7743,2767,3,32.7126829802898
A,PPA2,27068,2793,3,33.0200663404226
A,C16orf95,100506581,9086,3,107.418661929495
A,NT5M,56953,2667,3,31.5304392874712
A,SMARCC2,6601,3711,3,43.873063440497
A,PTCHD1,139411,5357,3,63.3327946242907
A,FAM53A,152877,3306,3,39.0849764845818
A,BAG6,7917,5402,3,63.864804286059
A,MISP,126353,2156,3,25.4891740171683
A,PRPSAP1,5635,6304,3,74.5286423952825
A,ZNF320,162967,3157,3,37.3234333822822
A,CALU,813,2754,3,32.5589913002233
A,POU5F2,134187,2360,3,27.9009511505182
A,C17orf99,100141515,4534,3,53.6029290323938
A,GFAP,2670,9864,3,116.616517859623
A,KXD1,79036,4415,3,52.1960590379397
A,MROH1,727957,3910,3,46.225728389206
A,KIAA0513,9764,3364,3,39.7706778264166
A,KDM6B,23135,3948,3,46.674980992477
A,HES2,54626,2639,3,31.199411053482
A,MSANTD1,345222,1575,3,18.6203381618924
A,YRDC,79693,4265,3,50.4226934987119
A,WDR72,256764,2338,3,27.6408575380981
A,POLI,11201,5697,3,67.3524231798738
A,AKAP1,8165,2355,3,27.8418389658773
A,ZNF142,7701,4026,3,47.5971310728755
A,KCNN1,3780,2735,3,32.3343649985878
A,TMEM167A,153339,3754,3,44.381428228409
A,CALML4,91860,6715,3,79.3876639727668
A,CLDND2,125875,4032,3,47.6680656944446
A,TDG,6996,2718,3,32.1333835708087
A,BATF,10538,3376,3,39.9125470695548
A,AREL1,9870,3436,3,40.621893285246
A,SLC29A2,3177,3339,3,39.475116903212
A,CHPT1,56994,2457,3,29.0477275325522
A,C1orf159,54991,3824,3,45.208998813382
A,TTC39A,22996,2973,3,35.148104987496
A,CPM,1368,7869,3,93.0307561878931
A,PXMP2,5827,2163,3,25.5719310756656
A,SNTA1,6640,3131,3,37.0160500221493
A,MINDY2,54629,4654,3,55.0216214637761
A,COL18A1,80781,1555,3,18.3838894233287
A,MKKS,8195,4615,3,54.5605464235769
A,ASIC2,40,4843,3,57.2560620432032
A,CATSPER2,117155,5160,3,61.0037745494381
A,OGFOD3,79701,5464,3,64.5977953756065
A,PAK3,5063,5102,3,60.3180732076033
A,LEPR,3953,4403,3,52.0541897948015
A,SEBOX,645832,2492,3,29.4615128250387
A,HEXIM2,124790,3008,3,35.5618902799825
A,CHCHD6,84303,2538,3,30.0053449237352
A,HSPA14,51182,8511,3,100.620760695788
A,DOK5,55816,3906,3,46.1784386414932
A,COX4I2,84701,10403,3,122.988811363916
A,GDAP1L1,78997,5066,3,59.8924654781886
A,ATAD3B,83858,4384,3,51.829563493166
A,TRPM2,7226,2623,3,31.010252062631
A,ACADVL,37,2893,3,34.2023100332412
A,NOMO1,23420,4466,3,52.7990033212772
A,C14orf1,11161,2738,3,32.3698323093724
A,EMILIN1,11117,4257,3,50.3281140032864
A,KIF13B,23303,5958,3,70.4380792181302
A,NEUROD2,4761,4015,3,47.4670842666655
A,POGZ,23126,3517,3,41.579510676429
A,TMEM119,338773,7117,3,84.1402836178974
A,TNFSF12,8742,1309,3,15.475569938995
A,ZBTB22,9278,2705,3,31.9796918907422
A,SLC9A7,84679,2751,3,32.5235239894388
A,UIMC1,51720,2907,3,34.3678241502358
A,FAM155B,27112,4048,3,47.8572246852956
A,ODF3,113746,3725,3,44.0385775574916
A,HLA-G,3135,5121,3,60.5426995092388
A,RALGPS2,55103,3271,3,38.6711911920953
A,CEND1,51286,3611,3,42.6908197476785
A,UBA2,10054,2125,3,25.1226784723946
A,SUSD1,64420,1962,3,23.1956212531003
A,FAM20B,9917,1282,3,15.156364141934
A,TACC3,10460,1685,3,19.9208062239929
A,SLC30A3,7781,3898,3,46.0838591460677
A,ZNF641,121274,2529,3,29.8989429913816
A,GRIPAP1,56850,2453,3,29.0004377848395
A,IRX5,10265,2125,3,25.1226784723946
A,NPIPB15,440348,1920,3,22.6990789021165
A,KCNMA1,3778,2250,3,26.6004830884178
A,BRPF3,27154,2103,3,24.8625848599745
A,TMEM63A,9725,2733,3,32.3107201247314
A,ZNF800,168850,2956,3,34.9471235597168
A,GPX1,2876,7239,3,85.5826209231361
A,SOWAHA,134548,2741,3,32.4052996201569
A,GNAZ,2781,2978,3,35.2072171721369
A,USP7,7874,3117,3,36.8505359051547
A,LRRC45,201255,2628,3,31.0693642472719
A,FRS3,10817,2795,3,33.043711214279
A,OGFR,11054,3558,3,42.0642305904846
A,COL9A3,1299,3607,3,42.6435299999657
A,NGF,4803,4576,3,54.0994713833776
A,HIPK2,28996,2903,3,34.320534402523
A,C4orf50,389197,5794,3,68.4991995619078
A,FOXC2,2303,3273,3,38.6948360659517
A,PRDM10,56980,5140,3,60.7673258108744
A,ACTL9,284382,3748,3,44.3104936068399
A,IL17D,53342,1504,3,17.7809451399913
A,NPPB,4879,2997,3,35.4318434737725
A,SLC25A23,79085,2944,3,34.8052543165786
A,BMP1,649,1356,3,16.0312244746198
A,RNF38,152006,2573,3,30.4191302162217
A,FOXL2NB,401089,3146,3,37.1933865760721
A,KCNMB1,3779,2255,3,26.6595952730587
A,UBFD1,56061,3781,3,44.70063402547
A,FAM167A,83648,4718,3,55.77825742718
A,ZHX3,23051,1470,3,17.3789822844329
A,PCK2,5106,3790,3,44.8070359578237
A,SENP5,205564,2212,3,26.1512304851467
A,ALK,238,2872,3,33.9540388577493
A,CYYR1,116159,5214,3,61.6421861435601
A,ZNF316,100131017,4047,3,47.8454022483674
A,FBXL19,54620,2792,3,33.0082439034944
A,ULK2,9706,2978,3,35.2072171721369
A,FAM228A,653140,1262,3,14.9199154033703
A,DFNB59,494513,3266,3,38.6120790074544
A,SEZ6,124925,1532,3,18.1119733739804
A,ITGB1,3688,2368,3,27.9955306459437
A,LOC100505549,100505549,4367,3,51.6285820653868
A,ZC3H7B,23264,2430,3,28.7285217354912
A,IGSF6,10261,9463,3,111.875720651421
A,C1orf43,25912,6081,3,71.8922389602971
A,EMC9,51016,2612,3,30.880205256421
A,CTDSP2,10106,2443,3,28.8822134155576
A,LHX6,26468,5614,3,66.3711609148344
A,CIPC,85457,5535,3,65.4371883975077
A,MIGA2,84895,1799,3,21.268564033806
A,PRPH,5630,4203,3,49.6897024091644
A,FZD3,7976,2421,3,28.6221198031375
A,MLEC,9761,3322,3,39.2741354754328
A,EIF4E3,317649,2618,3,30.9511398779901
A,HRK,8739,1882,3,22.2498262988454
A,UNC13A,23025,2951,3,34.8880113750759
A,E2F2,1870,5418,3,64.05396327691
A,SLC35A2,7355,4306,3,50.9074134127675
A,MIEN1,84299,2428,3,28.7048768616348
A,BSPRY,54836,1800,3,21.2803864707342
A,LSM1,27257,1630,3,19.2705721929426
A,FAM120C,54954,3470,3,41.0238561408043
A,RHBDF2,79651,4708,3,55.6600330578981
A,ZNF331,55422,4715,3,55.7427901163954
A,CD8B,926,2960,3,34.9944133074296
A,CTNNB1,1499,4793,3,56.6649401967939
A,GALR2,8811,2505,3,29.6152045051051
A,CKB,1152,2165,3,25.595575949522
A,MRGBP,55257,3433,3,40.5864259744614
A,MYRF,745,2039,3,24.1059488965706
A,TOPAZ1,375337,3626,3,42.8681563016013
A,ADAR,103,2520,3,29.7925410590279
A,ZNF518B,85460,3564,3,42.1351652120537
A,GDF11,10220,3991,3,47.183345780389
A,ECI1,1632,1938,3,22.9118827668238
A,DENND1B,163486,5022,3,59.3722782533484
A,DCXR,51181,5237,3,61.9141021929084
A,FNDC4,64838,2565,3,30.3245507207962
A,CNTN4,152330,4514,3,53.3664802938301
A,MDFIC,29969,3388,3,40.0544163126931
A,UCK2,7371,3472,3,41.0475010146607
A,ATP6V0B,533,4640,3,54.8561073467815
A,HFM1,164045,2692,3,31.8260002106758
A,LRRCC1,85444,3660,3,43.2701191571596
A,TAGLN3,29114,4518,3,53.4137700415429
A,TMEM218,219854,2610,3,30.8565603825646
A,CPSF7,79869,2551,3,30.1590366038016
A,RELT,84957,3578,3,42.3006793290483
A,CABP1,9478,2020,3,23.8813225949351
A,FAAH2,158584,6586,3,77.8625696090309
A,HNRNPA3,220988,4128,3,48.8030196395505
A,LOC101929726,101929726,4112,3,48.6138606486995
A,ITPRIPL1,150771,4143,3,48.9803561934732
A,ANKRD45,339416,4828,3,57.0787254892804
A,DNAH7,56171,3808,3,45.019839822531
A,DHPS,1725,1966,3,23.242911000813
A,TUBB2B,347733,3645,3,43.0927826032368
A,LRRC24,441381,2909,3,34.3914690240921
A,YME1L1,10730,7725,3,91.3283252702343
A,YY1AP1,55249,5116,3,60.4835873245979
A,VPS13B,157680,2488,3,29.414223077326
A,C10orf82,143379,1522,3,17.9937490046986
A,HMCES,56941,5125,3,60.5899892569516
A,CAPRIN2,65981,4318,3,51.0492826559057
A,GEMIN4,50628,3752,3,44.3577833545526
A,GNAS,2778,3118,3,36.8623583420829
A,CATSPER4,378807,2690,3,31.8023553368195
A,ALOX12,239,2859,3,33.8003471776828
A,RUNDC3A,10900,3319,3,39.2386681646483
A,ZBTB25,7597,2036,3,24.070481585786
A,LSM14B,149986,1620,3,19.1523478236608
A,CDH3,1001,5345,3,63.1909253811524
A,SRSF12,135295,1713,3,20.2518344579821
A,LILRB4,11006,4484,3,53.0118071859846
A,FABP7,2173,3781,3,44.70063402547
A,CDC6,990,4377,3,51.7468064346687
A,ZNF239,8187,6383,3,75.4626149126091
A,MFSD2B,388931,4932,3,58.3082589298117
A,APPBP2,10513,4286,3,50.6709646742038
A,ENKD1,84080,1614,3,19.0814132020917
A,ZNF428,126299,2265,3,26.7778196423406
A,BMP8B,656,2256,3,26.6714177099869
A,GALNT7,51809,5016,3,59.3013436317793
A,TEAD4,7004,4143,3,48.9803561934732
A,BRICD5,283870,2683,3,31.7195982783222
A,SLC1A5,6510,3774,3,44.6178769669727
A,BCL6B,255877,2434,3,28.7758114832039
A,HIST1H2BJ,8970,5654,3,66.8440583919618
A,C1orf27,54953,4852,3,57.3624639755569
A,TOMM6,100188893,2060,3,24.3542200720625
A,ESD,2098,6024,3,71.2183600553905
A,ITM2B,9445,1167,3,13.7967838951927
A,LAMA4,3910,3652,3,43.1755396617341
A,INCENP,3619,4311,3,50.9665255974084
A,SLC17A1,6568,3777,3,44.6533442777573
A,PCDHA7,56141,6478,3,76.5857464207868
A,NIPBL,25836,5783,3,68.3691527556977
A,MAP3K13,9175,3004,3,35.5146005322698
A,PTK7,5754,2846,3,33.6466554976164
A,SGSM3,27352,1569,3,18.5494035403233
A,NCOA6,23054,2759,3,32.6181034848643
A,PLAGL2,5326,2675,3,31.6250187828967
A,GJB6,10804,3124,3,36.933292963652
A,KCNA7,3743,1705,3,20.1572549625566
A,C11orf84,144097,2422,3,28.6339422400657
A,POLR2I,5438,4404,3,52.0660122317297
A,MADD,8567,2803,3,33.1382907097044
A,NKX6-3,157848,2962,3,35.018058181286
A,FAM217A,222826,2797,3,33.0673560881353
A,NDUFA2,4695,5439,3,64.3022344524019
A,GJB2,2706,1414,3,16.7169258164545
A,CSNK1D,1453,4833,3,57.1378376739214
A,SEMA4B,10509,5034,3,59.5141474964867
A,GTF2H4,2968,4030,3,47.6444208205883
A,CCDC3,83643,2639,3,31.199411053482
A,ARHGEF25,115557,2193,3,25.9266041835112
A,CERKL,375298,3198,3,37.8081532963378
A,GATD1,347862,3957,3,46.7813829248307
A,NRG3,10718,2699,3,31.9087572691731
A,C18orf65,400658,5082,3,60.0816244690396
A,NKD1,85407,4818,3,56.9605011199986
A,CCDC106,29903,2425,3,28.6694095508503
A,FAM160B2,64760,2317,3,27.3925863626062
A,KIAA1456,57604,5146,3,60.8382604324435
A,GPIHBP1,338328,4233,3,50.04437551701
A,ADK,132,5717,3,67.5888719184375
A,ALMS1,7840,3700,3,43.743016634287
A,ARSB,411,810,3,9.57617391183039
A,C4orf19,55286,1491,3,17.6272534599248
A,CAPN5,726,3856,3,45.587316795084
A,SMCR8,140775,4403,3,52.0541897948015
A,U2AF1,7307,2928,3,34.6160953257277
A,SH2B1,25970,1828,3,21.6114147047234
A,NIPSNAP3A,25934,5049,3,59.6914840504095
A,RCE1,9986,1543,3,18.2420201801905
A,GTF2E2,2961,2058,3,24.3305751982061
A,MRGPRX4,117196,5347,3,63.2145702550088
A,OR4D10,390197,5932,3,70.1306958579974
A,URI1,8725,2786,3,32.9373092819253
A,CROT,54677,4726,3,55.8728369226055
A,ARNTL,406,1410,3,16.6696360687418
A,TMEM87A,25963,3910,3,46.225728389206
A,IMMT,10989,3106,3,36.7204890989447
A,NMRK1,54981,3379,3,39.9480143803394
A,MARCKS,4082,6066,3,71.7149024063743
A,TIE1,7075,2150,3,25.4182393955992
A,FOXD4L3,286380,3564,3,42.1351652120537
A,FN3KRP,79672,6834,3,80.7945339672209
A,EEF1A2,1917,2441,3,28.8585685417012
A,POMT2,29954,2445,3,28.905858289414
A,C9orf3,84909,2617,3,30.9393174410619
A,PIK3R2,5296,1147,3,13.560335156629
A,NUDT14,256281,3194,3,37.760863548625
A,PET117,100303755,2768,3,32.7245054172179
A,VEZF1,7716,2741,3,32.4052996201569
A,PTCD3,55037,2415,3,28.5511851815684
A,SHC2,25759,2957,3,34.958945996645
A,MYO19,80179,3088,3,36.5076852342374
A,SAMM50,25813,3274,3,38.7066585028799
A,DDI2,84301,6517,3,77.046821460986
A,IRF1,3659,3992,3,47.1951682173172
A,SLC15A1,6564,2584,3,30.5491770224318
A,MCOLN2,255231,5253,3,62.1032611837593
A,MED15,51586,3883,3,45.906522592145
A,E2F4,1874,2537,3,29.9935224868071
A,GBX2,2637,2342,3,27.6881472858108
A,BACH1,571,2802,3,33.1264682727763
A,INSIG1,3638,1697,3,20.0626754671311
A,MLLT6,4302,2252,3,26.6241279622741
A,CBLN4,140689,1305,3,15.4282801912823
A,ZNF470,388566,5475,3,64.7278421818166
A,POU5F1,5460,4827,3,57.0669030523522
A,WDR59,79726,3121,3,36.8978256528675
A,PARD6B,84612,4999,3,59.1003622040002
A,MAPK8IP1,9479,2761,3,32.6417483587206
A,GPAA1,8733,4138,3,48.9212440088323
A,C2orf68,388969,2110,3,24.9453419184718
A,KLF12,11278,2377,3,28.1019325782973
A,MZF1,7593,2977,3,35.1953947352087
A,DGCR14,8220,3003,3,35.5027780953416
A,ESCO2,157570,5140,3,60.7673258108744
A,SLC37A4,2542,6562,3,77.5788311227544
A,ATXN7L2,127002,2720,3,32.157028444665
A,PEF1,553115,3066,3,36.2475916218173
A,SORBS3,10174,3287,3,38.8603501829463
A,MAP3K1,4214,3194,3,37.760863548625
A,EDIL3,10085,1721,3,20.3464139534075
A,AJUBA,84962,2651,3,31.3412802966202
A,LPIN2,9663,3729,3,44.0858673052044
A,HIC2,23119,1392,3,16.4568322040345
A,UCK1,83549,2353,3,27.8181940920209
A,PPP2R3B,28227,4653,3,55.0097990268479
A,SEPHS1,22929,2820,3,33.3392721374836
A,ST8SIA3,51046,2526,3,29.863475680597
A,RGS22,26166,3469,3,41.0120337038761
A,MEIOB,254528,2911,3,34.4151138979485
A,MAN2A2,4122,2716,3,32.1097386969523
A,KLHL2,11275,2907,3,34.3678241502358
A,RBM15,64783,3230,3,38.1864712780397
A,CCDC160,347475,2311,3,27.3216517410371
A,GDPD3,79153,10686,3,126.334561014592
A,HDAC11,79885,2195,3,25.9502490573676
A,AP5B1,91056,1000,3,11.8224369281857
A,YPEL5,51646,3087,3,36.4958627973092
A,GPR161,23432,1643,3,19.4242638730091
A,PLXNB1,5364,2132,3,25.2054355308919
A,KCNS2,3788,4359,3,51.5340025699613
A,CLDN5,7122,3792,3,44.8306808316801
A,ARL9,132946,1717,3,20.2991242056948
A,B3GALNT2,148789,3356,3,39.6760983309911
A,NRROS,375387,4323,3,51.1083948405467
A,TANGO6,79613,3879,3,45.8592328444322
A,FAM83G,644815,5831,3,68.9366297282506
A,TRAM1,23471,3478,3,41.1184356362298
A,EPHA5,2044,4189,3,49.5241882921698
A,UBE3C,9690,881,3,10.4155669337316
A,MTMR14,64419,5920,3,69.9888266148592
A,ZNF106,64397,2937,3,34.7224972580813
A,TCEAL2,140597,2825,3,33.3983843221245
A,B3GNT9,84752,2592,3,30.6437565178573
A,NCL,4691,4781,3,56.5230709536557
A,TRIB1,10221,3282,3,38.8012379983054
A,RARA,5914,3733,3,44.1331570529171
A,CDCA2,157313,6455,3,76.3138303714385
A,LONRF1,91694,2942,3,34.7816094427222
A,ARSF,416,2229,3,26.3522119129259
A,VAPA,9218,5417,3,64.0421408399818
A,TONSL,4796,3795,3,44.8661481424646
A,EXOC3,11336,7498,3,88.6446320875362
A,AKAP13,11214,5070,3,59.9397552259014
A,RFLNA,100533183,2575,3,30.4427750900781
A,ODF1,4956,7345,3,86.8357992375238
A,ADAMTS19,171019,2354,3,27.8300165289491
A,RPL12,6136,5812,3,68.7120034266151
A,CBX2,84733,1448,3,17.1188886720129
A,KRT17,3872,8177,3,96.6720667617742
A,LY6L,101928108,6989,3,82.6270116910897
A,IRAK1,3654,2914,3,34.4505812087331
A,RFX7,64864,4577,3,54.1112938203058
A,INPP5K,51763,1727,3,20.4173485749767
A,ALDH1L2,160428,2796,3,33.0555336512071
A,MUM1,84939,5450,3,64.4322812586119
A,KCNK15,60598,3361,3,39.735210515632
A,FAM189A1,23359,1213,3,14.3406159938892
A,TMEM175,84286,2354,3,27.8300165289491
A,ENPP7,339221,2684,3,31.7314207152503
A,CHODL,140578,6785,3,80.2152345577398
A,SUCLG2,8801,2736,3,32.346187435516
A,GRAMD3,65983,3707,3,43.8257736927843
A,ASPRV1,151516,3897,3,46.0720367091396
A,AURKB,9212,3248,3,38.3992751427471
A,TMEM8A,58986,1645,3,19.4479087468654
A,PKP2,5318,4655,3,55.0334439007043
A,DNAJB6,10049,1464,3,17.3080476628638
A,BEGAIN,57596,2445,3,28.905858289414
A,C15orf61,145853,2129,3,25.1699682201073
A,EFR3B,22979,725,3,8.57126677293461
A,SPHK2,56848,3922,3,46.3675976323442
A,MYO5C,55930,2840,3,33.5757208760473
A,ARHGAP4,393,1189,3,14.0568775076128
A,NOL6,65083,3800,3,44.9252603271056
A,CDC42,998,3431,3,40.562781100605
A,CARMIL1,55604,2402,3,28.397493501502
A,CTNNAL1,8727,2061,3,24.3660425089907
A,RABGAP1L,9910,2597,3,30.7028687024982
A,DGKE,8526,2238,3,26.4586138452795
A,PRUNE2,158471,2154,3,25.4655291433119
A,G3BP2,9908,4158,3,49.157692747396
A,MAVS,57506,3367,3,39.8061451372012
A,SUPT3H,8464,6052,3,71.5493882893797
A,EPHB6,2051,3822,3,45.1853539395256
A,PSMG3,84262,3451,3,40.7992298391688
A,DIRC2,84925,2557,3,30.2299712253708
A,YTHDF1,54915,2714,3,32.0860938230959
A,LRP4,4038,2929,3,34.6279177626558
A,LRRC23,10233,4199,3,49.6424126614516
A,WIZ,58525,2805,3,33.1619355835608
A,STK32B,55351,2618,3,30.9511398779901
A,CEP350,9857,5868,3,69.3740598945935
A,ZNF717,100131827,3318,3,39.2268457277201
A,GCOM1,145781,1483,3,17.5326739644994
A,PLBD2,196463,2907,3,34.3678241502358
A,PPIC,5480,4244,3,50.17442232322
A,SLC25A43,203427,4785,3,56.5703607013684
A,EFEMP1,2202,2824,3,33.3865618851963
A,NINL,22981,3001,3,35.4791332214852
A,WNT6,7475,2406,3,28.4447832492147
A,CYB5R3,1727,4706,3,55.6363881840418
A,ANKLE2,23141,4441,3,52.5034423980726
A,FNBP4,23360,5741,3,67.8726104047139
A,NCS1,23413,1076,3,12.7209421347278
A,PDE9A,5152,3108,3,36.7441339728011
A,CEP170B,283638,1865,3,22.0488448710663
A,SAP30BP,29115,6423,3,75.9355123897366
A,ERICH6,131831,5766,3,68.1681713279186
A,MED25,81857,2740,3,32.3934771832287
A,GAS2L1,10634,3937,3,46.544934186267
A,CRAT,1384,3300,3,39.0140418630127
A,PAPSS1,9061,5098,3,60.2707834598906
A,ERC2,26059,3673,3,43.423810837226
A,SMIM3,85027,3986,3,47.1242335957481
A,ZNF318,24149,1368,3,16.173093717758
A,EXD3,54932,2336,3,27.6172126642417
A,ADHFE1,137872,4276,3,50.5527403049219
A,PTGDR,5729,1770,3,20.9257133628886
A,C19orf70,125988,9414,3,111.29642124194
A,KHNYN,23351,1097,3,12.9692133102197
A,CCDC84,338657,4569,3,54.0167143248803
A,MACROD1,28992,4825,3,57.0432581784959
A,SLC39A9,55334,5444,3,64.3613466370428
A,C3orf70,285382,1853,3,21.9069756279281
A,ENGASE,64772,628,3,7.4244903909006
A,ABCD1,215,1784,3,21.0912274798832
A,BCAT2,587,4684,3,55.3762945716217
A,AK8,158067,5529,3,65.3662537759386
A,GGNBP2,79893,3366,3,39.794322700273
A,KRTAP2-4,85294,6396,3,75.6163065926756
A,KRTAP2-1,81872,8460,3,100.017816412451
A,TMEM256,254863,4292,3,50.7418992957729
A,COMMD10,51397,5555,3,65.6736371360714
A,PIP4K2A,5305,4135,3,48.8857766980478
A,RICTOR,253260,3753,3,44.3696057914808
A,KLHDC10,23008,5600,3,66.2056467978398
A,ITGB4,3691,2157,3,25.5009964540965
A,TAB3,257397,1424,3,16.8351501857364
A,ZNF793,390927,3460,3,40.9056317715224
A,MATN1,4146,3344,3,39.5342290878529
A,SASH1,23328,3511,3,41.5085760548599
A,PFKFB4,5210,6100,3,72.1168652619326
A,NAALADL1,10004,5639,3,66.666721838039
A,SMIM13,221710,4546,3,53.7447982755321
A,CNPY1,285888,2727,3,32.2397855031623
A,EIF2B1,1967,3431,3,40.562781100605
A,ZC3H12B,340554,5923,3,70.0242939256437
A,GPA33,10223,3706,3,43.8139512558561
A,LOC100130370,100130370,3999,3,47.2779252758145
A,DCTN2,10540,3942,3,46.6040463709079
A,PIFO,128344,6873,3,81.2556090074201
A,B3GLCT,145173,3750,3,44.3341384806963
A,OR52A1,23538,5084,3,60.105269342896
A,EXOSC1,51013,4160,3,49.1813376212524
A,C7orf72,100130988,7771,3,91.8721573689309
A,CLCNKA,1187,3450,3,40.7874074022406
A,DCTN1,1639,4500,3,53.2009661768355
A,LOC401052,401052,2681,3,31.6959534044658
A,PHACTR2,9749,2840,3,33.5757208760473
A,AARS,16,6233,3,73.6892493733813
A,FOXK2,3607,2530,3,29.9107654283098
A,KCNG4,93107,4892,3,57.8353614526843
A,PRKD2,25865,3626,3,42.8681563016013
A,TSSK4,283629,2422,3,28.6339422400657
A,FAM212A,389119,1834,3,21.6823493262925
A,MGST1,4257,5440,3,64.3140568893301
A,SETD5,55209,1266,3,14.9672051510831
A,CBLB,868,5182,3,61.2638681618581
A,WNT7A,7476,9147,3,108.139830582114
A,PRELP,5549,5377,3,63.5692433628544
A,SECISBP2,79048,2579,3,30.4900648377908
A,GATA1,2623,2456,3,29.035905095624
A,NUBP1,4682,6188,3,73.1572397116129
A,SH3GLB2,56904,3947,3,46.6631585555488
A,DLGAP4,22839,2644,3,31.2585232381229
A,LEFTY1,10637,2153,3,25.4537067063838
A,ASB12,142689,1474,3,17.4262720321457
A,RBMXL2,27288,1985,3,23.4675373024486
A,PHYHD1,254295,2139,3,25.2881925893892
A,CELF5,60680,2273,3,26.872399137766
A,SHROOM4,57477,1817,3,21.4813678985134
A,KIAA1147,57189,2740,3,32.3934771832287
A,SLC45A4,57210,2013,3,23.7985655364378
A,SYNJ2,8871,1783,3,21.0794050429551
A,GAB2,9846,1451,3,17.1543559827974
A,STEAP4,79689,3158,3,37.3352558192103
A,LCTL,197021,2405,3,28.4329608122865
A,C8orf82,414919,1405,3,16.6105238841009
A,SCAF4,57466,3127,3,36.9687602744366
A,RBM8A,9939,3865,3,45.6937187274376
A,CAAP1,79886,4931,3,58.2964364928836
A,CHST6,4166,3894,3,46.036569398355
A,IGLL5,100423062,6000,3,70.934621569114
A,PCGF3,10336,2810,3,33.2210477682017
A,FAM26E,254228,3055,3,36.1175448156072
A,CD22,933,4748,3,56.1329305350256
A,IGFBP6,3489,3118,3,36.8623583420829
A,SLFNL1,200172,4009,3,47.3961496450964
A,DCTD,1635,2231,3,26.3758567867822
A,CAPN1,823,2056,3,24.3069303243497
A,ACP6,51205,2886,3,34.1195529747439
A,CCDC103,388389,1144,3,13.5248678458444
A,F8A1,8263,2533,3,29.9462327390943
A,COL15A1,1306,3942,3,46.6040463709079
A,BOLA3,388962,2968,3,35.0889928028551
A,SNAPIN,23557,2990,3,35.3490864152752
A,ZNF395,55893,1041,3,12.3071568422413
A,FAM107B,83641,2289,3,27.061558128617
A,BHLHE23,128408,4000,3,47.2897477127427
A,TBCB,1155,3039,3,35.9283858247563
A,KCNG3,170850,1777,3,21.0084704213859
A,KANK4,163782,2863,3,33.8476369253956
A,SNX10,29887,2715,3,32.0979162600241
A,FANCL,55120,4915,3,58.1072775020326
A,CHRNA10,57053,5599,3,66.1938243609116
A,AGAP6,414189,1467,2,17.3435149736484
A,STK36,27148,5190,3,61.3584476572836
A,GBX1,2636,2766,3,32.7008605433616
A,MTMR12,54545,5604,3,66.2529365455525
A,AQP7,364,3587,3,42.407081261402
A,TSPAN17,26262,1649,3,19.4951984945782
A,LIN54,132660,3688,3,43.6011473911488
A,ATP10A,57194,3712,3,43.8848858774252
A,LRRC37A2,474170,6336,3,74.9069603769844
A,TMSB4X,7114,1934,3,22.8645930191111
A,GALM,130589,4449,3,52.5980218934981
A,PRSS37,136242,4781,3,56.5230709536557
A,DCBLD2,131566,3364,3,39.7706778264166
A,NEUROD4,58158,4411,3,52.148769290227
A,TRIM13,10206,2352,3,27.8063716550927
A,YIPF5,81555,5273,3,62.3397099223231
A,C1S,716,4214,3,49.8197492153744
A,TMEM102,284114,3579,3,42.3125017659765
A,DDX42,11325,2177,3,25.7374451926602
A,CCDC83,220047,4361,3,51.5576474438177
A,USP25,29761,1135,3,13.4184659134907
A,DYNLT1,6993,4606,3,54.4541444912232
A,FCGRT,2217,2859,3,33.8003471776828
A,RAPGEF6,51735,1468,3,17.3553374105766
A,ZIC4,84107,2967,3,35.0771703659269
A,NETO1,81832,5171,3,61.1338213556481
A,GAL3ST3,89792,1907,3,22.5453872220501
A,KIAA1109,84162,1383,3,16.3504302716808
A,CT45A1,541466,3336,3,39.4396495924274
A,C2CD5,9847,9570,3,113.140721402737
A,ATP8B2,57198,4137,3,48.9094215719041
A,PTMA,5757,5258,3,62.1623733684003
A,PUM2,23369,7806,3,92.2859426614174
A,STX1A,6804,6558,3,77.5315413750416
A,RAB26,25837,3662,3,43.2937640310159
A,C16orf58,64755,5313,3,62.8126073994505
A,ALDH9A1,223,4110,3,48.5902157748431
A,RAB11FIP4,84440,2423,3,28.6457646769939
A,SEPT7,989,4977,3,58.8402685915801
A,AMDHD2,51005,2385,3,28.1965120737228
A,ZNF76,7629,6711,3,79.340374225054
A,CKAP2L,150468,2049,3,24.2241732658524
A,BCL2L13,23786,5867,3,69.3622374576653
A,MESP1,55897,3034,3,35.8692736401153
A,LTBP1,4052,5740,3,67.8607879677858
A,RPS25,6230,4336,3,51.2620865206131
A,ZFP37,7539,4915,3,58.1072775020326
A,SUMF2,25870,6824,3,80.676309597939
A,RFK,55312,3686,3,43.5775025172924
A,ATP5B,506,3943,3,46.6158688078361
A,KLC1,3831,2413,3,28.527540307712
A,MAPK3,5595,3015,3,35.6446473384798
A,SCT,6343,4318,3,51.0492826559057
A,CASC4,113201,5111,3,60.424475139957
A,FGD1,2245,3153,3,37.2761436345694
A,OTUB2,78990,4668,3,55.1871355807707
A,SCN4B,6330,4750,3,56.1565754088819
A,HSP90B1,7184,909,3,10.7465951677208
A,MGMT,4255,5719,3,67.6125167922939
A,BBS1,582,3924,3,46.3912425062006
A,CRB3,92359,3442,3,40.6928279068151
A,INSR,3643,3644,3,43.0809601663086
A,NAA15,80155,6655,3,78.6783177570756
A,BICRA,29998,4715,3,55.7427901163954
A,DCUN1D2,55208,2991,3,35.3609088522033
A,SPNS2,124976,4456,3,52.6807789519954
A,TEPP,374739,7259,3,85.8190696616998
A,SH3BGRL3,83442,3258,3,38.5174995120289
A,CDC25C,995,4425,3,52.3142834072216
A,AGR2,10551,1497,3,17.698188081494
A,MAP7D3,79649,1955,3,23.112864194603
A,AXIN1,8312,3012,3,35.6091800276952
A,POMT1,10585,3413,3,40.3499772358977
A,TSPYL1,7259,2776,3,32.8190849126434
A,KCNB1,3745,5727,3,67.7070962877193
A,ATP1B3,483,5023,3,59.3841006902766
A,SPACA1,81833,5671,3,67.0450398197409
A,POP4,10775,4726,3,55.8728369226055
A,ZNF317,57693,5662,3,66.9386378873873
A,ENKUR,219670,6275,3,74.1857917243651
A,TLN1,7094,6039,3,71.3956966093133
A,G0S2,50486,5678,3,67.1277968782383
A,CTAG2,30848,3689,3,43.6129698280769
A,TMTC3,160418,2371,3,28.0309979567282
A,BSN,8927,4581,3,54.1585835680186
A,KIAA2012,100652824,6244,3,73.8192961795913
A,IRGQ,126298,4714,3,55.7309676794673
A,FOXJ3,22887,3075,3,36.3539935541709
A,TSSC4,10078,3498,3,41.3548843747935
A,RLIM,51132,1857,3,21.9542653756408
A,B3GAT3,26229,1848,3,21.8478634432871
A,ACOXL,55289,2422,3,28.6339422400657
A,TRABD2B,388630,2408,3,28.4684281230711
A,CHKB,1120,2337,3,27.6290351011699
A,ABTB1,80325,2362,3,27.9245960243746
A,SEMA4F,10505,5418,3,64.05396327691
A,TMED3,23423,1525,3,18.0292163154831
A,KCNH2,3757,3541,3,41.8632491627055
A,CADM3,57863,2697,3,31.8851123953168
A,FBXO33,254170,2326,3,27.4989882949599
A,STK3,6788,5164,3,61.0510642971508
A,SUB1,10923,2302,3,27.2152498086834
A,NMUR1,10316,2394,3,28.3029140060765
A,DHX16,8449,4389,3,51.8886756778069
A,RASL11B,65997,4486,3,53.0354520598409
A,GNA13,10672,1944,3,22.9828173883929
A,ARL4C,10123,4627,3,54.7024156667151
A,LOXL1,4016,2648,3,31.3058129858357
A,TRAF3,7187,4274,3,50.5290954310656
A,FAM104A,84923,2555,3,30.2063263515144
A,RAC3,5881,2402,3,28.397493501502
A,CITED2,10370,5160,3,61.0037745494381
A,CDH11,1009,3974,3,46.9823643526099
A,YY1,7528,3020,3,35.7037595231207
A,RELL2,285613,2815,3,33.2801599528427
A,PRNP,5621,5361,3,63.3800843720034
A,ZNF655,79027,2572,3,30.4073077792935
A,DTX4,23220,5611,3,66.3356936040498
A,BDNF,627,3264,3,38.588434133598
A,TIGD3,220359,1262,3,14.9199154033703
A,EVC2,132884,3436,3,40.621893285246
A,VPS4A,27183,3086,3,36.484040360381
A,CPED1,79974,4557,3,53.8748450817421
A,DCUN1D4,23142,2858,3,33.7885247407547
A,MTM1,4534,2894,3,34.2141324701693
A,TOX4,9878,5363,3,63.4037292458598
A,CTSZ,1522,2709,3,32.026981638455
A,LRRC43,254050,4989,3,58.9821378347183
A,ESRRA,2101,2870,3,33.9303939838929
A,SPOPL,339745,2604,3,30.7856257609955
A,LRRC3C,100505591,5205,3,61.5357842112064
A,ISCU,23479,4156,3,49.1340478735397
A,DDX51,317781,2293,3,27.1088478763297
A,SALL4,57167,5114,3,60.4599424507415
A,NTNG2,84628,4550,3,53.7920880232448
A,KLHL17,339451,2650,3,31.329457859692
A,SLC25A3,5250,2973,3,35.148104987496
A,PPM1B,5495,5481,3,64.7987768033857
A,PEX6,5190,1369,3,16.1849161546862
A,AVL9,23080,3738,3,44.192269237558
A,C4orf48,401115,3235,3,38.2455834626807
A,SOAT2,8435,5490,3,64.9051787357393
A,C1orf216,127703,3749,3,44.3223160437681
A,ADAMTSL3,57188,3287,3,38.8603501829463
A,PLEK2,26499,3252,3,38.4465648904598
A,PKN2,5586,4093,3,48.389234347064
A,MAGEF1,64110,3547,3,41.9341837842746
A,MOK,5891,6682,3,78.9975235541367
A,CDK9,1025,3800,3,44.9252603271056
A,CORO6,84940,2107,3,24.9098746076872
A,RNF125,54941,6958,3,82.2605161463159
A,RAB9B,51209,4490,3,53.0827418075537
A,DUOXA2,405753,6053,3,71.5612107263079
A,MRPL53,116540,4826,3,57.0550806154241
A,GPR37,2861,6057,3,71.6085004740206
A,TMEM255A,55026,6664,3,78.7847196894293
A,ZBTB17,7709,2712,3,32.0624489492395
A,METAP1D,254042,2390,3,28.2556242583638
A,SERPINF2,5345,5665,3,66.9741051981718
A,MRFAP1L1,114932,2500,3,29.5560923204642
A,NMT1,4836,6543,3,77.3542048211188
A,KIAA0232,9778,4930,3,58.2846140559554
A,SPIN3,169981,8195,3,96.8848706264816
A,RCSD1,92241,4191,3,49.5478331660262
A,CADPS,8618,3200,3,37.8317981701942
A,NUDT18,79873,3146,3,37.1933865760721
A,FAM105A,54491,1899,3,22.4508077266246
A,EEF2KMT,196483,1608,3,19.0104785805226
A,MYBL1,4603,5316,3,62.848074710235
A,FGFR1OP,11116,4234,3,50.0561979539381
A,NAT16,375607,2107,3,24.9098746076872
A,MAPK8IP3,23162,4259,3,50.3517588771428
A,SLC12A9,56996,866,3,10.2382303798088
A,NUDC,10726,2537,3,29.9935224868071
A,CHST1,8534,3554,3,42.0169408427719
A,NUDT16,131870,2792,3,33.0082439034944
A,HARS,3035,1955,3,23.112864194603
A,IDUA,3425,4325,3,51.132039714403
A,BZW1,9689,2477,3,29.2841762711159
A,ALOX15,246,2903,3,34.320534402523
A,NELL1,4745,4797,3,56.7122299445067
A,SEMA4D,10507,948,3,11.20767020792
A,AMMECR1,9949,3843,3,45.4336251150175
A,USP20,10868,1957,3,23.1365090684594
A,SNX27,81609,3156,3,37.311610945354
A,MAP3K6,9064,3634,3,42.9627357970267
A,TFDP1,7027,4421,3,52.2669936595089
A,ISM2,145501,2335,3,27.6053902273135
A,C19orf24,55009,3353,3,39.6406310202066
A,VIPR1,7433,3299,3,39.0022194260845
A,LOC101927322,101927322,2232,3,26.3876792237104
A,CPSF6,11052,5604,3,66.2529365455525
A,ABCD4,5826,6905,3,81.6339269891221
A,PCDHGA4,56111,5815,3,68.7474707373997
A,AES,166,1540,3,18.2065528694059
A,APPL1,26060,2865,3,33.871281799252
A,CACNA2D4,93589,3652,3,43.1755396617341
A,PHF2,5253,1111,3,13.1347274272143
A,SHROOM1,134549,2020,3,23.8813225949351
A,SCAPER,49855,3358,3,39.6997432048475
A,FAM3A,60343,3264,3,38.588434133598
A,ZNF511,118472,3303,3,39.0495091737973
A,ARPC4,10093,4269,3,50.4699832464246
A,TXNRD3,114112,2865,3,33.871281799252
A,ZNF358,140467,2349,3,27.7709043443081
A,MYD88,4615,937,3,11.07762340171
A,CARD11,84433,1036,3,12.2480446576004
A,UPK3A,7380,4020,3,47.5261964513064
A,ARHGAP8,23779,3089,3,36.5195076711655
A,CABP7,164633,2206,3,26.0802958635776
A,CTDSPL,10217,2235,3,26.423146534495
A,RNF139,11236,4706,3,55.6363881840418
A,PHF7,51533,5074,3,59.9870449736141
A,CDKN2D,1032,3359,3,39.7115656417757
A,SNED1,25992,3186,3,37.6662840531996
A,UBE2E3,10477,1896,3,22.41534041584
A,PLCG1,5335,2403,3,28.4093159384302
A,ZCWPW1,55063,5929,3,70.0952285472128
A,NTN3,4917,2222,3,26.2694548544286
A,FOXO3,2309,2095,3,24.768005364549
A,BNIP2,663,2112,3,24.9689867923281
A,NMI,9111,3963,3,46.8523175463998
A,CHTF8,54921,842,3,9.95449189353234
A,MSRB2,22921,4900,3,57.9299409481098
A,ROR1,4919,2459,3,29.0713724064086
A,PIP4K2C,79837,1595,3,18.8567869004561
A,RBFA,79863,988,3,11.6805676850474
A,LIFR,3977,2903,3,34.320534402523
A,SMARCD2,6603,2372,3,28.0428203936564
A,SLC35E1,79939,4619,3,54.6078361712896
A,SUSD5,26032,4650,3,54.9743317160634
A,NSUN2,54888,4058,3,47.9754490545775
A,GPR153,387509,3132,3,37.0278724590775
A,ASB13,79754,1733,3,20.4882831965458
A,GLT1D1,144423,1268,3,14.9908500249394
A,CDC42BPB,9578,3525,3,41.6740901718545
A,CDK2AP1,8099,3961,3,46.8286726725434
A,SETD1A,9739,2067,3,24.4369771305598
A,SMARCA4,6597,2718,3,32.1333835708087
A,SLC44A3,126969,3050,3,36.0584326309663
A,ANKRD13D,338692,2956,3,34.9471235597168
A,ZNF580,51157,1905,3,22.5217423481937
A,SPRYD7,57213,1761,3,20.819311430535
A,SETBP1,26040,445,3,5.26098443304262
A,SSFA2,6744,5494,3,64.9524684834521
A,RAB31,11031,3472,3,41.0475010146607
A,RTN4RL1,146760,2909,3,34.3914690240921
A,PDZD2,23037,3031,3,35.8338063293308
A,PALM2,114299,5050,3,59.7033064873376
A,TGOLN2,10618,2703,3,31.9560470168859
A,IPP,3652,6715,3,79.3876639727668
A,ZNF804A,91752,704,3,8.32299559744271
A,PURG,29942,1577,3,18.6439830357488
A,TET3,200424,634,3,7.49542501246972
A,POLR2J3,548644,2934,3,34.6870299472968
A,TTL,150465,2508,3,29.6506718158897
A,SLC35D2,11046,3241,3,38.3165180842498
A,ZBTB38,253461,1687,3,19.9444510978492
A,ZDHHC7,55625,2107,3,24.9098746076872
A,TSKU,25987,2672,3,31.5895514721121
A,RANBP17,64901,3679,3,43.4947454587951
A,GTF3C5,9328,1786,3,21.1148723537396
A,NDUFV1,4723,2197,3,25.9738939312239
A,C1orf122,127687,1404,3,16.5987014471727
A,TSNARE1,203062,2097,3,24.7916502384054
A,SYCP1,6847,2553,3,30.182681477658
A,FBXO7,25793,2668,3,31.5422617243994
A,CRIM1,51232,3492,3,41.2839497532244
A,KDM3A,55818,1749,3,20.6774421873967
A,ZNF516,9658,3074,3,36.3421711172428
A,SMAD3,4088,6409,3,75.769998272742
A,CTPS1,1503,5363,3,63.4037292458598
A,BCAR1,9564,3289,3,38.8839950568027
A,ITPKC,80271,3938,3,46.5567566231952
A,MARS2,92935,1701,3,20.1099652148438
A,PIM3,415116,824,3,9.74168802882499
A,CTDP1,9150,1804,3,21.327676218447
A,BCL2L11,10018,4504,3,53.2482559245483
A,TP53TG3E,102724101,8776,3,103.753706481757
A,TSPAN5,10098,3358,3,39.6997432048475
A,COQ7,10229,1753,3,20.7247319351095
A,ANKRD17,26057,6424,3,75.9473348266648
A,PRPF38B,55119,2491,3,29.4496903881105
A,TCEAL3,85012,3362,3,39.7470329525602
A,ETNK2,55224,1223,3,14.4588403631711
A,C19orf66,55337,1898,3,22.4389852896964
A,NOL4L,140688,2830,3,33.4574965067655
A,PTPN11,5781,1906,3,22.5335647851219
A,OXTR,5021,2624,3,31.0220744995592
A,WNT3A,89780,1939,3,22.923705203752
A,DGCR6,8214,1307,3,15.4519250651387
A,MND1,84057,2691,3,31.8141777737476
A,SETD6,79918,4561,3,53.9221348294549
A,FAM149A,25854,1721,3,20.3464139534075
A,PQLC3,130814,1651,3,19.5188433684345
A,TCTN2,79867,3294,3,38.9431072414436
A,COA6,388753,2003,3,23.6803411671559
A,CANX,821,3813,3,45.078952007172
A,SS18L1,26039,3842,3,45.4218026780894
A,TGFBRAP1,9392,935,3,11.0539785278536
A,ZMIZ2,83637,1651,3,19.5188433684345
A,CCNY,219771,2755,3,32.5708137371515
A,AAED1,195827,3685,3,43.5656800803642
A,USP31,57478,3801,3,44.9370827640337
A,SLC6A2,6530,2108,3,24.9216970446154
A,LYNX1,66004,2553,3,30.182681477658
A,SLC38A7,55238,3596,3,42.5134831937557
A,GNB5,10681,4750,3,56.1565754088819
A,HIP1R,9026,2870,3,33.9303939838929
A,FREM2,341640,4509,3,53.3073681091892
A,BRMS1L,84312,1652,3,19.5306658053627
A,SAP130,79595,2895,3,34.2259549070975
A,PEX10,5192,1195,3,14.1278121291819
A,NFIL3,4783,887,3,10.4865015553007
A,AEBP1,165,2941,3,34.7697870057941
A,SFI1,9814,2408,3,28.4684281230711
A,SNRNP70,6625,3182,3,37.6189943054868
A,ANHX,647589,4909,3,58.0363428804635
A,NOTCH1,4851,4467,3,52.8108257582054
A,SLC29A4,222962,1421,3,16.7996828749518
A,CEP78,84131,2864,3,33.8594593623238
A,MRPL12,6182,3826,3,45.2326436872384
A,PPP1R3D,5509,5034,3,59.5141474964867
A,TNFAIP8,25816,3464,3,40.9529215192352
A,CNGA3,1261,6140,3,72.58976273906
A,FNDC5,252995,2911,3,34.4151138979485
A,CHRDL2,25884,2080,3,24.5906688106262
A,GRN,2896,3438,3,40.6455381591023
A,FAM149B1,317662,4484,3,53.0118071859846
A,FOXA1,3169,2599,3,30.7265135763546
A,RB1CC1,9821,2307,3,27.2743619933243
A,WBP1,23559,4415,3,52.1960590379397
A,NOG,9241,2000,3,23.6448738563713
A,ZFYVE19,84936,3417,3,40.3972669836104
A,PTOV1,53635,2995,3,35.4081985999161
A,C18orf21,83608,4290,3,50.7182544219165
A,USP44,84101,6474,3,76.538456673074
A,KY,339855,1908,3,22.5572096589783
A,DYRK3,8444,2616,3,30.9274950041337
A,MRPL4,51073,3446,3,40.7401176545278
A,BCORL1,63035,4610,3,54.501434238936
A,ANO1,55107,2802,3,33.1264682727763
A,MLXIPL,51085,2798,3,33.0791785250635
A,MORC3,23515,1930,3,22.8173032713983
A,HYI,81888,1277,3,15.0972519572931
A,ITPKA,3706,4372,3,51.6876942500278
A,MLLT1,4298,3052,3,36.0820775048227
A,C21orf59,56683,3096,3,36.6022647296628
A,EFR3A,23167,1957,3,23.1365090684594
A,CACNA1D,776,1239,3,14.647999354022
A,ERFE,151176,2365,3,27.9600633351591
A,KLHDC8B,200942,1725,3,20.3937037011203
A,PRMT2,3275,4468,3,52.8226481951336
A,SACS,26278,2698,3,31.8969348322449
A,BNC1,646,1951,3,23.0655744468902
A,SPEF2,79925,4760,3,56.2747997781638
A,RGS16,6004,3302,3,39.0376867368691
A,BLM,641,2024,3,23.9286123426478
A,TMEM184C,55751,4281,3,50.6118524895629
A,SYVN1,84447,3412,3,40.3381547989695
A,MSANTD4,84437,3810,3,45.0434846963874
A,ABCA3,21,3480,3,41.1420805100861
A,ISM1,140862,2662,3,31.4713271028303
A,SMN1,6606,4471,3,52.8581155059181
A,ANKRD63,100131244,2210,3,26.1275856112903
A,EPHX4,253152,2718,3,32.1333835708087
A,DNM2,1785,1800,3,21.2803864707342
A,RASEF,158158,2229,3,26.3522119129259
A,RHOV,171177,3015,3,35.6446473384798
A,EHD3,30845,2245,3,26.5413709037768
A,SLITRK4,139065,2902,3,34.3087119655948
A,FARP1,10160,2105,3,24.8862297338308
A,TMEM219,124446,4476,3,52.9172276905591
A,SCAF8,22828,3176,3,37.5480596839177
A,SLC44A2,57153,715,3,8.45304240365276
A,MFAP5,8076,4373,3,51.6995166869559
A,BRSK2,9024,1151,3,13.6076249043417
A,FNBP1L,54874,2200,3,26.0093612420085
A,CADM2,253559,3480,3,41.1420805100861
A,USE1,55850,2375,3,28.078287704441
A,MTMR3,8897,4981,3,58.8875583392928
A,GDPGP1,390637,2710,3,32.0388040753832
A,IL11,3589,3796,3,44.8779705793928
A,SPTBN4,57731,2258,3,26.6950625838432
A,SPTAN1,6709,2621,3,30.9866071887747
A,C11orf97,643037,4120,3,48.708440144125
A,PGM3,5238,2390,3,28.2556242583638
A,C2orf71,388939,4201,3,49.666057535308
A,NGLY1,55768,2246,3,26.553193340705
A,OTUB1,55611,3379,3,39.9480143803394
A,SATB1,6304,2734,3,32.3225425616596
A,SPRYD4,283377,3618,3,42.7735768061758
A,LCN8,138307,4331,3,51.2029743359722
A,PLS1,5357,5104,3,60.3417180814597
A,BIN1,274,2504,3,29.6033820681769
A,SLC7A6OS,84138,5638,3,66.6548994011108
A,TERB1,283847,3266,3,38.6120790074544
A,ABLIM1,3983,3777,3,44.6533442777573
A,RPP25L,138716,2966,3,35.0653479289987
A,RAB11B,9230,3957,3,46.7813829248307
A,MTA2,9219,3353,3,39.6406310202066
A,NOL12,79159,2535,3,29.9698776129507
A,TUBGCP4,27229,4742,3,56.0619959134565
A,SYNPO2L,79933,6868,3,81.1964968227792
A,PCOTH,542767,2191,3,25.9029593096548
A,FAM89A,375061,3019,3,35.6919370861925
A,SYNE2,23224,4571,3,54.0403591987367
A,RASSF10,644943,4991,3,59.0057827085747
A,FGGY,55277,2279,3,26.9433337593351
A,FUT1,2523,2860,3,33.812169614611
A,LOC400927-CSNK1E,102800317,2871,3,33.9422164208211
A,IL4R,3566,3067,3,36.2594140587455
A,KCNK12,56660,2403,3,28.4093159384302
A,ST8SIA2,8128,2341,3,27.6763248488827
A,UBASH3B,84959,5611,3,66.3356936040498
A,PPP4R4,57718,4841,3,57.2324171693468
A,CHGB,1114,4992,3,59.0176051455029
A,PIK3R3,8503,1531,3,18.1001509370523
A,FAM13C,220965,6489,3,76.7157932269968
A,NOD1,10392,2455,3,29.0240826586958
A,FAM43A,131583,2022,3,23.9049674687914
A,PPP6R1,22870,3912,3,46.2493732630624
A,ENO1,2023,4464,3,52.7753584474208
A,DNER,92737,6351,3,75.0842969309072
A,FMR1NB,158521,2835,3,33.5166086914064
A,CASKIN1,57524,3135,3,37.0633397698621
A,TIGAR,57103,1856,3,21.9424429387126
A,METTL27,155368,4215,3,49.8315716523026
A,WDR81,124997,4087,3,48.3182997254948
A,KANK2,25959,5425,3,64.1367203354073
A,RIPK1,8737,1873,3,22.1434243664918
A,ADGRB2,576,1705,3,20.1572549625566
A,TRAF3IP1,26146,1764,3,20.8547787413195
A,CTTNBP2NL,55917,1567,3,18.5257586664669
A,MPP2,4355,2850,3,33.6939452453292
A,CH25H,9023,5897,3,69.7169105655109
A,AP2S1,1175,2501,3,29.5679147573924
A,SIL1,64374,1477,3,17.4617393429302
A,GALNT4,8693,2527,3,29.8752981175252
A,ZDBF2,57683,2441,3,28.8585685417012
A,CHAC2,494143,5015,3,59.2895211948511
A,CDC20,991,2164,3,25.5837535125938
A,TATDN2,9797,2965,3,35.0535254920705
A,IRF2BP2,359948,2284,3,27.0024459439761
A,MAML2,84441,1323,3,15.6410840559896
A,NEK7,140609,4271,3,50.493628120281
A,SCARB1,949,4305,3,50.8955909758393
A,PTPRN,5798,4358,3,51.5221801330332
A,TMEM167B,56900,4353,3,51.4630679483922
A,DAZAP1,26528,2807,3,33.1855804574172
A,ARF4,378,3315,3,39.1913784169355
A,TOR3A,64222,2788,3,32.9609541557817
A,CRLS1,54675,5996,3,70.8873318214013
A,TPMT,7172,2349,3,27.7709043443081
A,TRIM26,7726,2471,3,29.2132416495468
A,COG5,10466,3095,3,36.5904422927347
A,LAMP1,3916,3635,3,42.9745582339549
A,CRNKL1,51340,4083,3,48.2710099777821
A,CIC,23152,2087,3,24.6734258691235
A,MCTS1,28985,4056,3,47.9518041807211
A,PSMD7,5713,2140,3,25.3000150263173
A,FXYD5,53827,3147,3,37.2052090130003
A,CASZ1,54897,5658,3,66.8913481396745
A,ADAM9,8754,5706,3,67.4588251122274
A,MCM10,55388,3975,3,46.994186789538
A,KRT78,196374,7813,3,92.3686997199147
A,WASL,8976,2963,3,35.0298806182141
A,MARVELD3,91862,2304,3,27.2388946825398
A,AADAT,51166,3153,3,37.2761436345694
A,PDXP,57026,2782,3,32.8900195342125
A,SP1,6667,3306,3,39.0849764845818
A,ATE1,11101,1253,3,14.8135134710166
A,TOMM40,10452,2066,3,24.4251546936316
A,LAMTOR1,55004,3488,3,41.2366600055116
A,PROCR,10544,5412,3,63.9830286553409
A,CLCN2,1181,2068,3,24.448799567488
A,LPAR1,1902,2082,3,24.6143136844826
A,RCN2,5955,6055,3,71.5848556001643
A,NXPH1,30010,5377,3,63.5692433628544
A,PAX5,5079,3429,3,40.5391362267487
A,ARHGEF12,23365,4255,3,50.30446912943
A,C9orf50,375759,2613,3,30.8920276933492
A,BRI3,25798,785,3,9.28061298862575
A,ZNF362,149076,702,3,8.29935072358634
A,RSPO1,284654,5962,3,70.485368965843
A,ZNF726,730087,6231,3,73.6656044995249
A,PPP2R2D,55844,2475,3,29.2605313972595
A,RGS20,8601,2593,3,30.6555789547854
A,DOCK11,139818,2562,3,30.2890834100117
A,SRPK2,6733,2726,3,32.2279630662341
A,TNFAIP8L3,388121,947,3,11.1958477709918
A,TPGS1,91978,5439,3,64.3022344524019
A,CCDC7,79741,3556,3,42.0405857166282
A,ACOT13,55856,1989,3,23.5148270501613
A,CMC4,100272147,2270,3,26.8369318269815
A,BICD2,23299,984,3,11.6332779373347
A,LRP11,84918,1894,3,22.3916955419837
A,ZYX,7791,1096,3,12.9573908732915
A,TLCD1,116238,2891,3,34.1786651593848
A,DNAJC16,23341,3423,3,40.4682016051796
A,SLC39A11,201266,3012,3,35.6091800276952
A,CLSTN2,64084,2022,3,23.9049674687914
A,FAM178B,51252,2128,3,25.1581457831791
A,RNF215,200312,1993,3,23.562116797874
A,NHSL2,340527,1862,3,22.0133775602817
A,KCTD17,79734,4248,3,50.2217120709327
A,CLEC2L,154790,1837,3,21.7178166370771
A,B3GAT1,27087,1489,3,17.6036085860685
A,PTRH1,138428,4479,3,52.9526950013436
A,METTL21C,196541,888,3,10.4983239922289
A,UVSSA,57654,2212,3,26.1512304851467
A,UBE2D1,7321,3681,3,43.5183903326515
A,OCRL,4952,5976,3,70.6508830828376
A,FCHO2,115548,1665,3,19.6843574854291
A,KIAA1522,57648,1982,3,23.432069991664
A,RRP36,88745,2651,3,31.3412802966202
A,UBA3,9039,2304,3,27.2388946825398
A,TMEM173,340061,5459,3,64.5386831909656
A,FBXW8,26259,4539,3,53.6620412170348
A,DLC1,10395,2312,3,27.3334741779653
A,FTH1,2495,1597,3,18.8804317743125
A,TWF1,5756,4712,3,55.7073228056109
A,GNA11,2767,2315,3,27.3689414887498
A,VSIG10,54621,2829,3,33.4456740698373
A,CASTOR2,729438,2848,3,33.6703003714728
A,COL1A2,1278,3957,3,46.7813829248307
A,DDHD1,80821,2735,3,32.3343649985878
A,SEMA3G,56920,3289,3,38.8839950568027
A,ZNF202,7753,1764,3,20.8547787413195
A,CYTH3,9265,960,3,11.3495394510582
A,MICAL1,64780,919,3,10.8648195370026
A,PLD5,200150,1007,3,11.905193986683
A,AMZ1,155185,2519,3,29.7807186220997
A,TESK1,7016,2072,3,24.4960893152007
A,IFNAR2,3455,2469,3,29.1895967756904
A,DRAXIN,374946,3089,3,36.5195076711655
A,SNX19,399979,2352,3,27.8063716550927
A,TINAGL1,64129,3102,3,36.673199351232
A,SAFB2,9667,2299,3,27.1797824978989
A,ZNF354A,6940,3132,3,37.0278724590775
A,DIP2B,57609,1326,3,15.6765513667742
A,CAMK2N2,94032,2513,3,29.7097840005306
A,B4GALNT4,338707,3827,3,45.2444661241666
A,FYN,2534,4445,3,52.5507321457853
A,MMP24,10893,5344,3,63.1791029442242
A,STRBP,55342,2849,3,33.682122808401
A,ESM1,11082,3861,3,45.6464289797249
A,SLC7A9,11136,2625,3,31.0338969364874
A,RRAGD,58528,2200,3,26.0093612420085
A,CEP85L,387119,4192,3,49.5596556029543
A,SLC35A4,113829,7150,3,84.5304240365276
A,RYR2,6262,2673,3,31.6013739090403
A,NFE2L2,4780,1802,3,21.3040313445906
A,GABRB3,2562,1103,3,13.0401479317888
A,YKT6,10652,1603,3,18.9513663958816
A,TUB,7275,1443,3,17.0597764873719
A,ABCC10,89845,3403,3,40.2317528666158
A,LNPEP,4012,766,3,9.05598668699022
A,SNAPC5,10302,4641,3,54.8679297837097
A,MYO5B,4645,1223,3,14.4588403631711
A,CAMK4,814,2040,3,24.1177713334988
A,UTP14A,10813,6656,3,78.6901401940038
A,MED27,9442,3500,3,41.3785292486499
A,SOX14,8403,2954,3,34.9234786858605
A,HAUS6,54801,3870,3,45.7528309120786
A,AGAP11,119385,3284,3,38.8248828721618
A,RNASEH1,246243,3916,3,46.2966630107751
A,SPSB4,92369,2915,3,34.4624036456612
A,KCNK2,3776,1768,3,20.9020684890323
A,AKR7A2,8574,3074,3,36.3421711172428
A,CCAR1,55749,4967,3,58.7220442222982
A,TMEM181,57583,2695,3,31.8614675214604
A,TSR2,90121,4337,3,51.2739089575413
A,SRSF7,6432,2459,3,29.0713724064086
A,BUD23,114049,3358,3,39.6997432048475
A,ABCA1,19,2833,3,33.49296381755
A,KDR,3791,2679,3,31.6723085306094
A,IL10RB,3588,2757,3,32.5944586110079
A,UGCG,7357,1403,3,16.5868790102445
A,ATP6V1H,51606,5772,3,68.2391059494877
A,TRIM14,9830,4078,3,48.2118977931412
A,FIBCD1,84929,4351,3,51.4394230745359
A,WRAP53,55135,2531,3,29.9225878652379
A,CHST7,56548,1950,3,23.0537520099621
A,VMAC,400673,2714,3,32.0860938230959
A,ESPN,83715,2587,3,30.5846443332163
A,PCLO,27445,1979,3,23.3966026808794
A,PSMA7,5688,2931,3,34.6515626365122
A,LAMA3,3909,2696,3,31.8732899583886
A,OPTN,10133,3536,3,41.8041369780645
A,CLIC6,54102,3306,3,39.0849764845818
A,IRX1,79192,2144,3,25.3473047740301
A,IPMK,253430,3086,3,36.484040360381
A,PTK2B,2185,3090,3,36.5313301080937
A,TMEM263,90488,3813,3,45.078952007172
A,PHOSPHO1,162466,3930,3,46.4621771277697
A,EFNB2,1948,3212,3,37.9736674133324
A,CLMN,79789,1430,3,16.9060848073055
A,PELI3,246330,1806,3,21.3513210923033
A,RPS6KB1,6198,1417,3,16.7523931272391
A,VOPP1,81552,1694,3,20.0272081563465
A,UBA52,7311,4820,3,56.9841459938549
A,WIPI1,55062,1604,3,18.9631888328098
A,TBC1D9B,23061,2180,3,25.7729125034448
A,FAM124A,220108,2733,3,32.3107201247314
A,SMOC2,64094,2265,3,26.7778196423406
A,MZT2B,80097,1332,3,15.7474859883433
A,WTIP,126374,2070,3,24.4724444413443
A,TBC1D7,51256,2605,3,30.7974481979237
A,PHF10,55274,3329,3,39.3568925339301
A,PCSK6,5046,2200,3,26.0093612420085
A,USP43,124739,1181,3,13.9622980121873
A,CAPN15,6650,4011,3,47.4197945189527
A,ZIC2,7546,1801,3,21.2922089076624
A,CRACR2B,283229,4039,3,47.7508227529419
A,FBXW11,23291,2978,3,35.2072171721369
A,TAOK3,51347,1397,3,16.5159443886754
A,AP4E1,23431,2029,3,23.9877245272887
A,WASHC2A,387680,4160,3,49.1813376212524
A,USP42,84132,4545,3,53.7329758386039
A,PLEKHM3,389072,1965,3,23.2310885638848
A,ADGRA3,166647,878,3,10.380099622947
A,IPO13,9670,1831,3,21.646882015508
A,C17orf58,284018,1291,3,15.2627660742877
A,MMP17,4326,4738,3,56.0147061657437
A,RTP5,285093,2357,3,27.8654838397336
A,KLHL18,23276,6795,3,80.3334589270216
A,SFR1,119392,6082,3,71.9040613972253
A,HMBS,3145,4634,3,54.7851727252124
A,SPHK1,8877,1877,3,22.1907141142045
A,PYCARD,29108,4171,3,49.3113844274624
A,TRPM5,29850,4349,3,51.4157782006795
A,B4GALNT2,124872,7982,3,94.366691560778
A,MOB3C,148932,3992,3,47.1951682173172
A,FAM47E,100129583,2553,3,30.182681477658
A,MPPED1,758,1738,3,20.5473953811867
A,MXRA5,25878,2708,3,32.0151592015268
A,VAX2,25806,3286,3,38.8485277460181
A,ATL1,51062,5151,3,60.8973726170844
A,FGFRL1,53834,2332,3,27.569922916529
A,ARHGDIG,398,1172,3,13.8558960798336
A,GOLGA3,2802,1244,3,14.707111538663
A,FAM69B,138311,1800,3,21.2803864707342
A,NBN,4683,2240,3,26.4822587191359
A,CCM2L,140706,2317,3,27.3925863626062
A,FLT3,2322,3040,3,35.9402082616844
A,SNF8,11267,1867,3,22.0724897449226
A,FBXL18,80028,2492,3,29.4615128250387
A,FAM117B,150864,4060,3,47.9990939284338
A,DOCK4,9732,1288,3,15.2272987635031
A,ZNF276,92822,3647,3,43.1164274770932
A,CCKBR,887,3318,3,39.2268457277201
A,BLOC1S2,282991,1887,3,22.3089384834864
A,PRKRA,8575,2849,3,33.682122808401
A,MRM3,55178,2109,3,24.9335194815436
A,HTR6,3362,1359,3,16.0666917854043
A,GPI,2821,3369,3,39.8297900110575
A,SLC43A2,124935,5600,3,66.2056467978398
A,TMEM38A,79041,2365,3,27.9600633351591
A,WDR38,401551,3280,3,38.777593124449
A,VHL,7428,4028,3,47.6207759467319
A,PRDX2,7001,1667,3,19.7080023592855
A,DDT,1652,2610,3,30.8565603825646
A,PPP1R18,170954,4072,3,48.1409631715721
A,REC114,283677,3752,3,44.3577833545526
A,ABCD3,5825,2689,3,31.7905328998913
A,ZWILCH,55055,2631,3,31.1048315580565
A,ARL8A,127829,2673,3,31.6013739090403
A,FGF6,2251,1929,3,22.8054808344702
A,IPO4,79711,2144,3,25.3473047740301
A,KRI1,65095,2479,3,29.3078211449723
A,HSDL1,83693,6317,3,74.6823340753489
A,LY6H,4062,1931,3,22.8291257083265
A,AP3B2,8120,5943,3,70.2607426642075
A,BMP8A,353500,2138,3,25.276370152461
A,ZFP28,140612,2186,3,25.8438471250139
A,KCTD13,253980,5439,3,64.3022344524019
A,R3HDM4,91300,4342,3,51.3330211421822
A,THAP10,56906,5696,3,67.3406007429456
A,APOE,348,2860,3,33.812169614611
A,STON1,11037,2669,3,31.5540841613276
A,PRTG,283659,2312,3,27.3334741779653
A,SORCS2,57537,2975,3,35.1717498613524
A,WDR25,79446,1855,3,21.9306205017844
A,KIAA0930,23313,5053,3,59.7387737981222
A,MAEL,84944,4982,3,58.899380776221
A,C3orf38,285237,918,3,10.8529971000744
A,NDUFS6,4726,1626,3,19.2232824452299
A,TJP1,7082,3531,3,41.7450247934236
A,HECW1,23072,7097,3,83.9038348793337
A,KLF13,51621,3039,3,35.9283858247563
A,SAFB,6294,5012,3,59.2540538840666
A,PITX1,5307,2406,3,28.4447832492147
A,NPAP1,23742,4747,3,56.1211080980974
A,PROX2,283571,3930,3,46.4621771277697
A,WDR73,84942,2598,3,30.7146911394264
A,MBD3L5,284428,3197,3,37.7963308594096
A,NPM3,10360,2343,3,27.699969722739
A,RBM15B,29890,3273,3,38.6948360659517
A,KRTAP19-5,337972,4069,3,48.1054958607875
A,DAPK3,1613,2525,3,29.8516532436688
A,ZNF777,27153,6448,3,76.2310733129412
A,ZNF439,90594,1531,3,18.1001509370523
A,TMOD2,29767,2838,3,33.5520760021909
A,IL17C,27189,3459,3,40.8938093345942
A,ALPL,249,3582,3,42.3479690767611
A,PFDN5,5204,4221,3,49.9025062738717
A,DCDC2C,728597,1891,3,22.3562282311991
A,C5orf15,56951,4791,3,56.6412953229376
A,MFSD10,10227,2846,3,33.6466554976164
A,MRPS5,64969,1932,3,22.8409481452547
A,MTA1,9112,966,3,11.4204740726274
A,EVA1A,84141,3920,3,46.3439527584878
A,SNX5,27131,2641,3,31.2230559273384
A,SLCO3A1,28232,2321,3,27.4398761103189
A,CTAG1B,1485,2482,3,29.3432884557568
A,TTBK1,84630,1424,3,16.8351501857364
A,HOXC9,3225,3511,3,41.5085760548599
A,GDF1,2657,3442,3,40.6928279068151
A,HENMT1,113802,4058,3,47.9754490545775
A,RHPN2,85415,1883,3,22.2616487357736
A,FIGN,55137,5228,3,61.8077002605547
A,EEFSEC,60678,4080,3,48.2355426669975
A,WHAMM,123720,2645,3,31.2703456750511
A,SEC63,11231,4359,3,51.5340025699613
A,CLDN25,644672,3604,3,42.6080626891812
A,PCDHA6,56142,2144,3,25.3473047740301
A,CNMD,11061,5928,3,70.0834061102847
A,ARNTL2,56938,1154,3,13.6430922151263
A,SEH1L,81929,1979,3,23.3966026808794
A,HNRNPAB,3182,3069,3,36.2830589326018
A,ARMCX2,9823,1824,3,21.5641249570107
A,PRODH,5625,7273,3,85.9845837786944
A,CLPX,10845,4577,3,54.1112938203058
A,RBM6,10180,2116,3,25.0162765400409
A,SMARCAL1,50485,2482,3,29.3432884557568
A,CATSPERD,257062,5378,3,63.5810657997825
A,GRK4,2868,3446,3,40.7401176545278
A,RNF11,26994,2551,3,30.1590366038016
A,TLCD2,727910,3936,3,46.5331117493388
A,RNASET2,8635,4946,3,58.4737730468063
A,TUBGCP3,10426,5333,3,63.0490561380142
A,MAPK8,5599,4423,3,52.2906385333652
A,C8orf88,100127983,572,3,6.7624339229222
A,PLEKHJ1,55111,4190,3,49.536010729098
A,SLC31A1,1317,5309,3,62.7653176517377
A,NOTO,344022,3693,3,43.6602595757897
A,POLR2J,5439,3410,3,40.3145099251131
A,FAM78B,149297,3025,3,35.7628717077617
A,MIPOL1,145282,1902,3,22.4862750374091
A,GON4L,54856,3993,3,47.2069906542454
A,ZNF627,199692,2137,3,25.2645477155328
A,SON,6651,2934,3,34.6870299472968
A,SYTL3,94120,4879,3,57.6816697726179
A,TAS2R43,259289,5749,3,67.9671899001394
A,VWA5B1,127731,4119,3,48.6966177071968
A,C10orf71,118461,4416,3,52.2078814748679
A,MAP3K20,51776,3782,3,44.7124564623982
A,LONRF2,164832,1121,3,13.2529517964961
A,ENO4,387712,4194,3,49.5833004768107
A,MAP4,4134,3496,3,41.3312395009371
A,LCE2C,353140,2768,3,32.7245054172179
A,UMOD,7369,4620,3,54.6196586082178
A,CLDN12,9069,3761,3,44.4641852869063
A,KCNMB3,27094,3431,3,40.562781100605
A,MATR3,9782,2655,3,31.388570044333
A,DNAJB2,3300,2555,3,30.2063263515144
A,IZUMO1,284359,4048,3,47.8572246852956
A,ECM2,1842,4273,3,50.5172729941374
A,ATG12,9140,6933,3,81.9649552231113
A,NAT8B,51471,6344,3,75.0015398724099
A,ZMYM3,9203,5882,3,69.5395740115881
A,STAB2,55576,3323,3,39.285957912361
A,IQCD,115811,4457,3,52.6926013889235
A,CCDC92,80212,2895,3,34.2259549070975
A,TMC8,147138,4520,3,53.4374149153992
A,LEKR1,389170,4969,3,58.7456890961546
A,MID1,4281,2282,3,26.9788010701197
A,L3MBTL1,26013,5459,3,64.5386831909656
A,STX8,9482,7596,3,89.8032309064984
A,TVP23C,201158,6389,3,75.5335495341783
A,KLK8,11202,3888,3,45.9656347767859
A,MAGEC1,9947,3416,3,40.3854445466823
A,NR4A2,4929,6291,3,74.3749507152161
A,ZNRF3,84133,6573,3,77.7088779289644
A,ASPHD1,253982,7019,3,82.9816847989352
A,UCMA,221044,2393,3,28.2910915691483
A,SLC22A5,6584,4498,3,53.1773213029792
A,C9orf135,138255,2719,3,32.1452060077368
A,ARHGEF33,100271715,4629,3,54.7260605405715
A,ZNF282,8427,3941,3,46.5922239339797
A,BTBD10,84280,2038,3,24.0941264596424
A,GSDMB,55876,5402,3,63.864804286059
A,EPB41L2,2037,4410,3,52.1369468532988
A,TARSL2,123283,2778,3,32.8427297864998
A,TMEM135,65084,4938,3,58.3791935513808
A,TBC1D3F,84218,6632,3,78.4064017077274
A,HHAT,55733,2427,3,28.6930544247066
A,UBAP1,51271,3577,3,42.2888568921201
A,MCM3,4172,1300,3,15.3691680066414
A,ATP5G3,518,3572,3,42.2297447074792
A,ETS2,2114,2472,3,29.225064086475
A,LRP10,26020,2580,3,30.501887274719
A,MEFV,4210,6720,3,79.4467761574077
A,RPL6,6128,1887,3,22.3089384834864
A,FBXO41,150726,2367,3,27.9837082090155
A,DNM1L,10059,3104,3,36.6968442250883
A,RHOJ,57381,3974,3,46.9823643526099
A,HR,55806,3119,3,36.8741807790111
A,TMEM145,284339,3475,3,41.0829683254452
A,BEND4,389206,1773,3,20.9611806736732
A,CAMLG,819,3214,3,37.9973122871888
A,SHISA4,149345,4876,3,57.6462024618333
A,C11orf42,160298,3371,3,39.8534348849139
A,ZBTB8B,728116,2014,3,23.8103879733659
A,RNF214,257160,2842,3,33.5993657499037
A,ZBTB12,221527,2962,3,35.018058181286
A,HIVEP2,3097,1966,3,23.242911000813
A,PDGFB,5155,5001,3,59.1240070778565
A,TAS1R1,80835,3662,3,43.2937640310159
A,RAB5A,5868,3713,3,43.8967083143534
A,SERF1A,8293,5365,3,63.4273741197161
A,GPRIN1,114787,2644,3,31.2585232381229
A,TTC9B,148014,1499,3,17.7218329553503
A,PIGF,5281,3568,3,42.1824549597665
A,PLXNA2,5362,3372,3,39.8652573218421
A,FAM13B,51306,2383,3,28.1728671998665
A,CPA1,1357,4112,3,48.6138606486995
A,CCDC137,339230,1251,3,14.7898685971603
A,FAM8A1,51439,3366,3,39.794322700273
A,KAT6A,7994,2546,3,30.0999244191607
A,VASN,114990,3191,3,37.7253962378405
A,HMX3,340784,4800,3,56.7476972552912
A,SEPT11,55752,4251,3,50.2571793817173
A,SENP7,57337,2715,3,32.0979162600241
A,C1orf229,388759,3583,3,42.3597915136893
A,WDR64,128025,5430,3,64.1958325200482
A,NTAN1,123803,2870,3,33.9303939838929
A,XRCC3,7517,2860,3,33.812169614611
A,NTSR1,4923,2127,3,25.1463233462509
A,ZNF830,91603,2818,3,33.3156272636272
A,ACSF3,197322,4157,3,49.1458703104678
A,TOMM20L,387990,2800,3,33.1028233989199
A,ARSD,414,2774,3,32.7954400387871
A,RAD17,5884,1296,3,15.3218782589286
A,RETREG1,54463,2259,3,26.7068850207714
A,GOLGA5,9950,5580,3,65.969198059276
A,TMEM183A,92703,2208,3,26.103940737434
A,STK39,27347,3759,3,44.4405404130499
A,TTLL10,254173,5119,3,60.5190546353825
A,HEY2,23493,2931,3,34.6515626365122
A,GXYLT2,727936,4330,3,51.191151899044
A,MECP2,4204,1553,3,18.3602445494723
A,ZNF865,100507290,2559,3,30.2536160992271
A,KLHL34,257240,1588,3,18.7740298419588
A,PSAPL1,768239,2673,3,31.6013739090403
A,PABPN1L,390748,5493,3,64.9406460465239
A,NPW,283869,3021,3,35.7155819600489
A,SMCO2,341346,5702,3,67.4115353645147
A,CCDC65,85478,4310,3,50.9547031604803
A,VWCE,220001,5924,3,70.0361163625719
A,BET1L,51272,1937,3,22.9000603298956
A,IFT22,64792,6015,3,71.1119581230368
A,HOXD4,3233,5535,3,65.4371883975077
A,LYSMD2,256586,2315,3,27.3689414887498
A,SNX15,29907,4927,3,58.2491467451708
A,TRABD,80305,1387,3,16.3977200193935
A,EARS2,124454,1942,3,22.9591725145366
A,MAP1LC3A,84557,3597,3,42.5253056306839
A,GRM7,2917,3907,3,46.1902610784214
A,PSMG4,389362,1328,3,15.7001962406306
A,PDSS1,23590,1132,3,13.3829986027062
A,MARC1,64757,3056,3,36.1293672525354
A,AGO2,27161,2101,3,24.8389399861181
A,PHLDA2,7262,1470,3,17.3789822844329
A,CEP72,55722,5012,3,59.2540538840666
A,MLLT10,8028,4313,3,50.9901704712648
A,DERL1,79139,1751,3,20.7010870612531
A,SLC16A7,9194,3507,3,41.4612863071472
A,ESYT2,57488,1330,3,15.7238411144869
A,AS3MT,57412,2483,3,29.355110892685
A,MICAL3,57553,3276,3,38.7303033767363
A,MORN1,79906,1083,3,12.8036991932251
A,HNRNPC,3183,4195,3,49.5951229137389
A,FHL3,2275,608,3,7.18804165233689
A,NUDT11,55190,3266,3,38.6120790074544
A,IMMP1L,196294,2847,3,33.6584779345446
A,CD19,930,3677,3,43.4711005849387
A,MUTYH,4595,1202,3,14.2105691876792
A,EHHADH,1962,3527,3,41.6977350457109
A,VWC2,375567,1499,3,17.7218329553503
A,PRKRIP1,79706,1621,3,19.164170260589
A,A4GALT,53947,1665,3,19.6843574854291
A,PDZD8,118987,3845,3,45.4572699888739
A,LTF,4057,3950,3,46.6986258663334
A,USP17L24,728369,3309,2,39.1204437953664
A,EML6,400954,2671,3,31.5777290351839
A,GARS,2617,5078,3,60.0343347213268
A,KLK3,354,3848,3,45.4927372996585
A,CLOCK,9575,1032,3,12.2007549098876
A,TMEM14C,51522,3327,3,39.3332476600737
A,RINL,126432,1970,3,23.2902007485258
A,SPRY2,10253,2462,3,29.1068397171931
A,PAK6,56924,2409,3,28.4802505599993
A,MEIG1,644890,3164,3,37.4061904407795
A,HEATR9,256957,3787,3,44.7715686470391
A,SF3B5,83443,5065,3,59.8806430412604
A,COX6A2,1339,4654,3,55.0216214637761
A,HECTD1,25831,4877,3,57.6580248987615
A,CD40,958,1904,3,22.5099199112655
A,SENP6,26054,4220,3,49.8906838369435
A,TMEM132B,114795,9848,3,116.427358868773
A,ACLY,47,2663,3,31.4831495397584
A,C19orf44,84167,2158,3,25.5128188910247
A,ZNF714,148206,2184,3,25.8202022511575
A,PTPN20,26095,4223,3,49.9261511477281
A,OR2A7,401427,805,2,9.51706172718946
A,ADRA1B,147,2100,3,24.8271175491899
A,TPT1,7178,2802,3,33.1264682727763
A,NR2E3,10002,7044,3,83.2772457221399
A,SPATA31D4,389761,4565,3,53.9694245771676
A,EBPL,84650,3023,3,35.7392268339053
A,RPL10A,4736,2443,3,28.8822134155576
A,ADAM10,102,2418,3,28.586652492353
A,GCNT4,51301,3090,3,36.5313301080937
A,KRTAP19-3,337970,7146,3,84.4831342888148
A,OTOP2,92736,2036,3,24.070481585786
A,CXCL17,284340,4788,3,56.605828012153
A,DOCK2,1794,1215,3,14.3642608677456
A,CALM1,801,2203,3,26.044828552793
A,CEP295,85459,4388,3,51.8768532408787
A,MYB,4602,2121,3,25.0753887246818
A,SCGB1C1,147199,3565,3,42.1469876489819
A,KDELC1,79070,4487,3,53.0472744967691
A,COL4A3,1285,2843,3,33.6111881868319
A,RALYL,138046,2105,3,24.8862297338308
A,MAGEA2,4101,3350,3,39.605163709422
A,GABRA4,2557,5180,3,61.2402232880018
A,PLCH2,9651,3420,3,40.432734294395
A,MYBPC3,4607,1675,3,19.802581854711
A,SMARCD1,6602,1995,3,23.5857616717304
A,SEC14L4,284904,4155,3,49.1222254366115
A,CXXC5,51523,3802,3,44.9489052009619
A,C8orf58,541565,1781,3,21.0557601690987
A,TBC1D8B,54885,4597,3,54.3477425588695
A,SVIL,6840,6061,3,71.6557902217334
A,WWC2,80014,4883,3,57.7289595203306
A,FHIT,2272,4787,3,56.5940055752248
A,NBPF9,400818,5237,3,61.9141021929084
A,RBL2,5934,3435,3,40.6100708483178
A,C16orf46,123775,4379,3,51.7704513085251
A,NDRG4,65009,3767,3,44.5351199084754
A,CD276,80381,1769,3,20.9138909259605
A,CCL26,10344,6447,3,76.219250876013
A,TMTC4,84899,1962,3,23.1956212531003
A,OR5T3,390154,6150,3,72.7079871083419
A,DUOX2,50506,3608,3,42.6553524368939
A,GSTO2,119391,1860,3,21.9897326864254
A,CATSPER1,117144,6611,3,78.1581305322355
A,TPRA1,131601,2881,3,34.0604407901029
A,IL1RL2,8808,1838,3,21.7296390740053
A,AQP12B,653437,3926,3,46.414887380057
A,SLC18B1,116843,4028,3,47.6207759467319
A,OR8A1,390275,1822,3,21.5404800831543
A,OR5L2,26338,7183,3,84.9205644551577
A,ARHGEF15,22899,4655,3,55.0334439007043
A,ZP2,7783,5750,3,67.9790123370676
A,MPZL2,10205,2949,3,34.8643665012195
A,CPTP,80772,3287,3,38.8603501829463
A,MAST2,23139,7695,3,90.9736521623887
A,KCNV2,169522,3379,3,39.9480143803394
A,ADM5,199800,2680,3,31.6841309675376
A,ZNF831,128611,3816,3,45.1144193179565
A,SPATA31E1,286234,9109,3,107.690577978843
A,CYP2S1,29785,4430,3,52.3733955918625
A,ZCWPW2,152098,2164,3,25.5837535125938
A,MIIP,60672,2796,3,33.0555336512071
A,PLRG1,5356,3752,3,44.3577833545526
A,PPIP5K2,23262,3266,3,38.6120790074544
A,VCX,26609,3776,3,44.6415218408291
A,TP53AIP1,63970,4449,3,52.5980218934981
A,AGAP1,116987,2271,3,26.8487542639097
A,PLEKHF2,79666,1357,3,16.043046911548
A,RCBTB2,1102,4586,3,54.2176957526595
A,PIK3R5,23533,1420,3,16.7878604380237
A,SCMH1,22955,2435,3,28.7876339201321
A,CD6,923,7776,3,91.9312695535718
A,VPS13D,55187,3256,3,38.4938546381726
A,SCARF2,91179,1277,3,15.0972519572931
A,EDA,1896,6102,3,72.140510135789
A,BARX2,8538,1107,3,13.0874376795015
A,RNF19A,25897,2544,3,30.0762795453043
A,RHOU,58480,1499,3,17.7218329553503
A,FAM189B,10712,4630,3,54.7378829774997
A,CYP7B1,9420,2650,3,31.329457859692
A,C1orf74,148304,2601,3,30.7501584502109
A,ANKRD40,91369,3830,3,45.2799334349511
A,ISPD,729920,2918,3,34.4978709564458
A,OVCA2,124641,3195,3,37.7726859855532
A,COL6A1,1291,3750,3,44.3341384806963
A,TSTA3,7264,2555,3,30.2063263515144
A,SHF,90525,2460,3,29.0831948433368
A,OR52E4,390081,3070,3,36.29488136953
A,ZC2HC1C,79696,5493,3,64.9406460465239
A,GPR137,56834,4232,3,50.0325530800818
A,SLC9A5,6553,3132,3,37.0278724590775
A,RAB8B,51762,3747,3,44.2986711699117
A,OR1J4,26219,5688,3,67.2460212475201
A,TSSK2,23617,2014,3,23.8103879733659
A,OR13D1,286365,4090,3,48.3537670362794
A,STX16,8675,5585,3,66.028310243917
A,H1FOO,132243,3093,3,36.5667974188783
A,SMIM7,79086,6955,3,82.2250488355313
A,NPY1R,4886,6753,3,79.8369165760378
A,MYO18B,84700,927,3,10.9593990324281
A,CEP19,84984,2748,3,32.4880566786542
A,TIGD1,200765,2963,3,35.0298806182141
A,POLD2,5425,1621,3,19.164170260589
A,LYZ,4069,6161,3,72.8380339145519
A,YIPF3,25844,3658,3,43.2464742833032
A,PARP15,165631,4840,3,57.2205947324187
A,COQ6,51004,4058,3,47.9754490545775
A,RNH1,6050,2552,3,30.1708590407298
A,S100A6,6277,2518,3,29.7688961851715
A,CTSA,5476,1223,3,14.4588403631711
A,GNB4,59345,2465,3,29.1423070279777
A,TCP11,6954,3420,3,40.432734294395
A,PITX2,5308,3308,3,39.1086213584382
A,JAK1,3716,4853,3,57.3742864124851
A,PARVG,64098,4773,3,56.4284914582302
A,ST8SIA5,29906,3829,3,45.2681109980229
A,PCDHGA8,9708,4367,3,51.6285820653868
A,ZNF552,79818,6028,3,71.2656498031032
A,SRRD,402055,4693,3,55.4826965039754
A,LBHD1,79081,4328,3,51.1675070251876
A,GCKR,2646,5240,3,61.9495695036929
A,COPZ2,51226,2251,3,26.6123055253459
A,R3HDML,140902,3672,3,43.4119884002978
A,AP3S1,1176,3121,3,36.8978256528675
A,ST20,400410,2551,3,30.1590366038016
A,ARFGEF3,57221,1668,3,19.7198247962137
A,PCSK4,54760,3672,3,43.4119884002978
A,RNF8,9025,1914,3,22.6281442805474
A,NADK,65220,3042,3,35.9638531355408
A,NQO1,1728,3473,3,41.0593234515888
A,CPLX2,10814,4854,3,57.3861088494132
A,HACD4,401494,2931,3,34.6515626365122
A,RNASEH2C,84153,2694,3,31.8496450845322
A,LEPROTL1,23484,3212,3,37.9736674133324
A,PCM1,5108,4831,3,57.114192800065
A,NRCAM,4897,2812,3,33.2446926420581
A,RUNX1,861,1908,3,22.5572096589783
A,C2CD4A,145741,1596,3,18.8686093373843
A,AACS,65985,2898,3,34.2614222178821
A,TACC2,10579,4444,3,52.5389097088571
A,HTR7,3363,2697,3,31.8851123953168
A,MUC21,394263,2663,3,31.4831495397584
A,CTTN,2017,2586,3,30.5728218962881
A,PRR19,284338,9498,3,112.289505943908
A,PTGDR2,11251,4475,3,52.9054052536309
A,FIGLA,344018,3475,3,41.0829683254452
A,OR10A4,283297,4544,3,53.7211534016757
A,PRELID2,153768,4231,3,50.0207306431536
A,DIRAS1,148252,1655,3,19.5661331161473
A,PLEKHM2,23207,1891,3,22.3562282311991
A,TTC19,54902,1750,3,20.6892646243249
A,RHOD,29984,2913,3,34.4387587718049
A,CNBP,7555,5043,3,59.6205494288403
A,TBX6,6911,5920,3,69.9888266148592
A,DPH7,92715,3963,3,46.8523175463998
A,ADPGK,83440,2103,3,24.8625848599745
A,CHCHD7,79145,1934,3,22.8645930191111
A,HOOK1,51361,3876,3,45.8237655336477
A,AKAP8,10270,5059,3,59.8097084196913
A,NKIRAS2,28511,3052,3,36.0820775048227
A,PPIL1,51645,5567,3,65.8155063792096
A,SPATA8,145946,5616,3,66.3948057886907
A,PHF19,26147,1927,3,22.7818359606138
A,CLU,1191,2953,3,34.9116562489323
A,SOD1,6647,2603,3,30.7738033240673
A,FRMD6,122786,6656,3,78.6901401940038
A,BABAM2,9577,2609,3,30.8447379456364
A,PLEKHN1,84069,4059,3,47.9872714915056
A,FAM104B,90736,2904,3,34.3323568394512
A,NDUFA7,4701,2833,3,33.49296381755
A,NOP14,8602,2128,3,25.1581457831791
A,TAPBP,6892,4670,3,55.2107804546271
A,TMEM129,92305,1613,3,19.0695907651635
A,POP5,51367,4462,3,52.7517135735645
A,KLHL25,64410,784,3,9.26879055169757
A,MRPS34,65993,3698,3,43.7193717604306
A,PICALM,8301,2068,3,24.448799567488
A,PRAME,23532,4351,3,51.4394230745359
A,TNXB,7148,4692,3,55.4708740670472
A,DCANP1,140947,1982,3,23.432069991664
A,NEDD1,121441,5522,3,65.2834967174413
A,ILF2,3608,4363,3,51.5812923176741
A,XYLB,9942,3824,3,45.208998813382
A,SERPINB1,1992,1387,3,16.3977200193935
A,TAF8,129685,2024,3,23.9286123426478
A,CDK10,8558,4340,3,51.3093762683258
A,TMEM82,388595,1706,3,20.1690773994848
A,FLOT1,10211,1860,3,21.9897326864254
A,APBB1IP,54518,3574,3,42.2533895813356
A,MTUS2,23281,5747,3,67.9435450262831
A,RPIA,22934,2495,3,29.4969801358233
A,ZCCHC11,23318,2403,3,28.4093159384302
A,PTGFRN,5738,5157,3,60.9683072386535
A,HTATIP2,10553,2611,3,30.8683828194928
A,PRCD,768206,3719,3,43.9676429359225
A,CT62,196993,5875,3,69.4568169530908
A,SLC35G2,80723,1889,3,22.3325833573427
A,BMPR1A,657,3190,3,37.7135738009123
A,ZPBP,11055,2366,3,27.9718857720873
A,SNCAIP,9627,4026,3,47.5971310728755
A,TOR1AIP1,26092,5795,3,68.511021998836
A,PARP11,57097,1753,3,20.7247319351095
A,CACTIN,58509,1793,3,21.1976294122369
A,GUCY1B3,2983,3908,3,46.2020835153496
A,CDC42EP4,23580,2742,3,32.4171220570851
A,MIB1,57534,5921,3,70.0006490517874
A,USP33,23032,3084,3,36.4603954865246
A,CASP14,23581,3654,3,43.1991845355904
A,ILDR1,286676,3080,3,36.4131057388119
A,QARS,5859,2442,3,28.8703909786294
A,ACPT,93650,3706,3,43.8139512558561
A,LYPD8,646627,5527,3,65.3426089020822
A,ABRACL,58527,6987,3,82.6033668172333
A,AMMECR1L,83607,7300,3,86.3037895757554
A,MAP2K2,5605,1906,3,22.5335647851219
A,OPALIN,93377,5988,3,70.7927523259758
A,RAD51AP1,10635,6547,3,77.4014945688316
A,RNPS1,10921,6381,3,75.4389700387528
A,APOBEC3A,200315,3095,3,36.5904422927347
A,SH2D1A,4068,4968,3,58.7338666592264
A,SBK2,646643,3792,3,44.8306808316801
A,CCDC88B,283234,4166,3,49.2522722428215
A,NDUFA11,126328,7304,3,86.3510793234682
A,SOBP,55084,4045,3,47.821757374511
A,ZDHHC14,79683,1808,3,21.3749659661597
A,MARVELD1,83742,3070,3,36.29488136953
A,RAB40AL,282808,5545,3,65.5554127667896
A,GFY,100507003,3474,3,41.071145888517
A,TMEM11,8834,3354,3,39.6524534571347
A,ATP2B1,490,2807,3,33.1855804574172
A,KEAP1,9817,4202,3,49.6778799722362
A,FBXL22,283807,6458,3,76.3492976822231
A,ETV6,2120,4842,3,57.244239606275
A,TMEM229B,161145,1492,3,17.639075896853
A,PABPC5,140886,3488,3,41.2366600055116
A,RIPK3,11035,3749,3,44.3223160437681
A,NUDT10,170685,3011,3,35.5973575907671
A,PIK3C3,5289,2696,3,31.8732899583886
A,TRIQK,286144,4805,3,56.8068094399322
A,OR8G2P,26492,4568,3,54.0048918879521
A,GSK3B,2932,4344,3,51.3566660160386
A,ZNF135,7694,4999,3,59.1003622040002
A,PCDHA2,56146,7914,3,93.5627658496614
A,NKAIN3,286183,3315,3,39.1913784169355
A,RSL24D1,51187,6115,3,72.2942018158554
A,RIMS1,22999,3711,3,43.873063440497
A,XRN1,54464,4720,3,55.8019023010364
A,MRPL32,64983,3756,3,44.4050731022654
A,HS3ST2,9956,2103,3,24.8625848599745
A,KCNH6,81033,3073,3,36.3303486803146
A,PLGRKT,55848,4763,3,56.3102670889484
A,RPL36AL,6166,3396,3,40.1489958081185
A,DRICH1,51233,8083,3,95.5607576905248
A,PSMG2,56984,5691,3,67.2814885583047
A,RAD51B,5890,8016,3,94.7686544163363
A,MBOAT1,154141,5099,3,60.2826058968187
A,BIN3,55909,4251,3,50.2571793817173
A,MAP4K3,8491,6002,3,70.9582664429704
A,HMOX1,3162,3772,3,44.5942320931164
A,SPATS1,221409,7107,3,84.0220592486156
A,MAPK13,5603,2196,3,25.9620714942957
A,DUS1L,64118,1975,3,23.3493129331667
A,STARD9,57519,7785,3,92.0376714859255
A,LCN9,392399,5436,3,64.2667671416173
A,NIT2,56954,5982,3,70.7218177044067
A,MEPCE,56257,6919,3,81.7994411061167
A,TBC1D10A,83874,5219,3,61.701298328201
A,CDH2,1000,4969,3,58.7456890961546
A,TMED2,10959,4758,3,56.2511549043074
A,SLC22A4,6583,3726,3,44.0503999944198
A,PHLDB3,653583,5395,3,63.7820472275617
A,DCAF11,80344,5984,3,70.7454625782631
A,SLC38A3,10991,3304,3,39.0613316107255
A,TCL1B,9623,3657,3,43.234651846375
A,SS18L2,51188,6356,3,75.1434091155481
A,ICAM5,7087,3104,3,36.6968442250883
A,NYNRIN,57523,6496,3,76.7985502854941
A,FTHL17,53940,2939,3,34.7461421319377
A,PRB2,653247,10583,3,125.116850010989
A,NFIC,4782,4417,3,52.2197039117961
A,RAB30,27314,5424,3,64.1248978984791
A,C1orf195,727684,3522,3,41.6386228610699
A,SHANK3,85358,4685,3,55.3881170085499
A,RBM39,9584,7203,3,85.1570131937214
A,DAP3,7818,4630,3,54.7378829774997
A,GBE1,2632,4504,3,53.2482559245483
A,RPL19,6143,3805,3,44.9843725117465
A,MLKL,197259,7957,3,94.0711306375734
A,ZNF804B,219578,7716,3,91.2219233378806
A,ZNF805,390980,4195,3,49.5951229137389
A,RAI2,10742,2497,3,29.5206250096796
A,OSGEPL1,64172,6978,3,82.4969648848796
A,TTLL9,164395,6031,3,71.3011171138878
A,SMU1,55234,4133,3,48.8621318241914
A,FPGS,2356,2640,3,31.2112334904102
A,MSH2,4436,4193,3,49.5714780398825
A,TCF25,22980,6798,3,80.3689262378062
A,NT5C3B,115024,7102,3,83.9629470639746
A,PRSS53,339105,8463,3,100.053283723235
A,TINF2,26277,7113,3,84.0929938701847
A,UBL3,5412,3289,3,38.8839950568027
A,RETREG3,162427,4042,3,47.7862900637265
A,TRAPPC6A,79090,6067,3,71.7267248433025
A,TRAF5,7188,1851,3,21.8833307540717
A,GOLM1,51280,3770,3,44.57058721926
A,PRKCI,5584,1399,3,16.5395892625318
A,SCYL2,55681,4450,3,52.6098443304262
A,LRRC4B,94030,3526,3,41.6859126087827
A,MINOS1,440574,6119,3,72.3414915635681
A,PITPNM3,83394,4527,3,53.5201719738965
A,REXO1,57455,3598,3,42.537128067612
A,GUCY1A2,2977,4293,3,50.7537217327011
A,GP1BB,2812,3836,3,45.3508680565202
A,HIST2H3D,653604,4249,3,50.2335345078609
A,ZBP1,81030,5312,3,62.8007849625223
A,TP53BP1,7158,6719,3,79.4349537204795
A,LRIF1,55791,4806,3,56.8186318768603
A,TAGLN2,8407,4101,3,48.4838138424894
A,NKX6-1,4825,2579,3,30.4900648377908
A,ROR2,4920,4143,3,48.9803561934732
A,TREX2,11219,8475,3,100.195152966374
A,ARHGAP33,115703,9402,3,111.154551998802
A,SETD2,29072,4855,3,57.3979312863414
A,EYA2,2139,2756,3,32.5826361740797
A,MPP3,4356,2114,3,24.9926316661845
A,GHSR,2693,4685,3,55.3881170085499
A,SATB2,23314,2174,3,25.7019778818757
A,FGF22,27006,2486,3,29.3905782034696
A,CEP95,90799,3725,3,44.0385775574916
A,CBWD7,728013,2153,2,25.4537067063838
A,PRKAG2,51422,4179,3,49.4059639228879
A,USP12,219333,2796,3,33.0555336512071
A,GNG5,2787,1894,3,22.3916955419837
A,ANKRD13C,81573,3771,3,44.5824096561882
A,LMNB2,84823,4201,3,49.666057535308
A,SURF4,6836,2070,3,24.4724444413443
A,ATG3,64422,7356,3,86.9658460437338
A,PPAT,5471,3586,3,42.3952588244738
A,RPS14,6208,4165,3,49.2404498058933
A,SMYD5,10322,4543,3,53.7093309647475
A,BHLHE40,8553,5401,3,63.8529818491308
A,AATF,26574,3121,3,36.8978256528675
A,RHBDL1,9028,5518,3,65.2362069697285
A,PIP5K1B,8395,4368,3,51.640404502315
A,PPP4C,5531,6409,3,75.769998272742
A,ACBD6,84320,4092,3,48.3774119101358
A,FBXO45,200933,4016,3,47.4789067035937
A,C10orf67,256815,6344,3,75.0015398724099
A,PHAX,51808,5078,3,60.0343347213268
A,RABL6,55684,2727,3,32.2397855031623
A,SSH2,85464,6327,3,74.8005584446307
A,DYNLL1,8655,6621,3,78.2763549015173
A,UQCRC1,7384,3962,3,46.8404951094716
A,JRKL,8690,2546,3,30.0999244191607
A,TMEM120A,83862,6052,3,71.5493882893797
A,C1orf162,128346,2579,3,30.4900648377908
A,CDIP1,29965,4735,3,55.9792388549592
A,RABEPK,10244,2024,3,23.9286123426478
A,SELENBP1,8991,7064,3,83.5136944607036
A,PRR34,55267,5087,3,60.1407366536805
A,ARRDC5,645432,8175,3,96.6484218879179
A,TMEM189-UBE2V1,387522,8567,3,101.282817163767
A,SMC5,23137,3355,3,39.6642758940629
A,CAPZA1,829,4811,3,56.8777440615013
A,SYNE3,161176,8983,3,106.200950925892
A,TOR1A,1861,5086,3,60.1289142167523
A,RHBDL3,162494,4214,3,49.8197492153744
A,LANCL1,10314,6591,3,77.9216817936718
A,MSGN1,343930,5581,3,65.9810204962042
A,MRPL50,54534,4990,3,58.9939602716465
A,PCED1A,64773,4302,3,50.8601236650548
A,HNRNPR,10236,6458,3,76.3492976822231
A,PAF1,54623,3494,3,41.3075946270807
A,APBB2,323,3226,3,38.139181530327
A,FBXL3,26224,7149,3,84.5186015995994
A,CRYBG3,131544,1616,3,19.105058075948
A,LHFPL2,10184,6197,3,73.2636416439666
A,MARCH6,10299,7833,3,92.6051484584784
A,NR2F6,2063,5338,3,63.1081683226551
A,ARHGAP26,23092,4028,3,47.6207759467319
A,FEM1B,10116,3439,3,40.6573605960305
A,MAP4K5,11183,3259,3,38.5293219489571
A,VCY,9084,5246,3,62.020504125262
A,TROAP,10024,4324,3,51.1202172774748
A,SMIM20,389203,5528,3,65.3544313390104
A,AMACR,23600,7682,3,90.8199604823223
A,FLNA,2316,5486,3,64.8578889880266
A,KIF22,3835,6382,3,75.4507924756809
A,CEP290,80184,4083,3,48.2710099777821
A,WASF1,8936,3018,3,35.6801146492644
A,TMCC3,57458,4255,3,50.30446912943
A,DGKG,1608,7653,3,90.477109811405
A,ANKRD50,57182,5226,3,61.7840553866983
A,DHX40,79665,4504,3,53.2482559245483
A,OSTC,58505,5450,3,64.4322812586119
A,KCNAB2,8514,8386,3,99.142956079765
A,ZNF85,7639,4351,3,51.4394230745359
A,GAP43,2596,7519,3,88.8929032630281
A,LIMD1,8994,1679,3,19.8498716024237
A,SCUBE1,80274,2631,3,31.1048315580565
A,ME3,10873,3342,3,39.5105842139965
A,TOP1MT,116447,5791,3,68.4637322511232
A,LMO4,8543,2901,3,34.2968895286666
A,ARPC5L,81873,3187,3,37.6781064901277
A,MPP6,51678,4560,3,53.9103123925267
A,HPCAL4,51440,6837,3,80.8300012780054
A,ZFAND4,93550,3998,3,47.2661028388863
A,SYCE1,93426,7236,3,85.5471536123515
A,C11orf96,387763,2487,3,29.4024006403978
A,SNX3,8724,2736,3,32.346187435516
A,TBC1D8,11138,2926,3,34.5924504518713
A,ASS1,445,5883,3,69.5513964485163
A,MTMR9,66036,4425,3,52.3142834072216
A,PHF20L1,51105,3392,3,40.1017060604058
A,AFG3L2,10939,2272,3,26.8605767008379
A,CLIP2,7461,3780,3,44.6888115885418
A,PACS1,55690,3083,3,36.4485730495964
A,MATK,4145,4706,3,55.6363881840418
A,DNMT3A,1788,4035,3,47.7035330052292
A,RILPL1,353116,2584,3,30.5491770224318
A,GIPC1,10755,3563,3,42.1233427751256
A,RNF181,51255,3559,3,42.0760530274128
A,ZCCHC8,55596,6030,3,71.2892946769596
A,PER3,8863,2336,3,27.6172126642417
A,AMBP,259,6073,3,71.7976594648716
A,YIPF1,54432,5476,3,64.7396646187447
A,GALNT16,57452,3882,3,45.8947001552168
A,ADRA2C,152,3003,3,35.5027780953416
A,WRNIP1,56897,1200,3,14.1869243138228
A,FBLN7,129804,1993,3,23.562116797874
A,SEPT8,23176,5811,3,68.7001809896869
A,SLIT3,6586,3641,3,43.045492855524
A,BLMH,642,2070,3,24.4724444413443
A,CBX4,8535,4545,3,53.7329758386039
A,AMD1,262,2780,3,32.8663746603562
A,PURA,5813,3406,3,40.2672201774004
A,EPC2,26122,3746,3,44.2868487329835
A,SEPT10,151011,4288,3,50.6946095480602
A,TXN,7295,3410,3,40.3145099251131
A,TBC1D20,128637,684,3,8.086546858879
A,PPP1R42,286187,2247,3,26.5650157776332
A,BLOC1S3,388552,3964,3,46.864139983328
A,CCDC71L,168455,6303,3,74.5168199583543
A,RBBP4,5928,4800,3,56.7476972552912
A,CUL5,8065,3290,3,38.8958174937309
A,KATNAL1,84056,3484,3,41.1893702577989
A,RNF128,79589,6400,3,75.6635963403883
A,CDS2,8760,3433,3,40.5864259744614
A,CISD1,55847,3461,3,40.9174542084506
A,TTC8,123016,3625,3,42.8563338646731
A,MARCKSL1,65108,1599,3,18.9040766481689
A,FAM129A,116496,3773,3,44.6060545300445
A,PPP1R1A,5502,3020,3,35.7037595231207
A,MED12L,116931,1739,3,20.5592178181149
A,CEP152,22995,7742,3,91.5293066980135
A,ZNF217,7764,3721,3,43.9912878097789
A,SRD5A2,6716,3481,3,41.1539029470143
A,LCN2,3934,5794,3,68.4991995619078
A,RASSF4,83937,4046,3,47.8335798114392
A,YBX2,51087,2533,3,29.9462327390943
A,ATP6V0C,527,3565,3,42.1469876489819
A,NELFCD,51497,6395,3,75.6044841557474
A,OSMR,9180,2841,3,33.5875433129755
A,SNTB1,6641,4942,3,58.4264832990936
A,SMG7,9887,3254,3,38.4702097643162
A,COL6A2,1292,4666,3,55.1634907069143
A,NMU,10874,6487,3,76.6921483531404
A,ANXA7,310,9765,3,115.446096603733
A,SUN1,23353,1558,3,18.4193567341133
A,ALKBH2,121642,4996,3,59.0648948932156
A,GJD2,57369,1605,3,18.975011269738
A,CCNYL1,151195,2142,3,25.3236599001737
A,PDK3,5165,5081,3,60.0698020321114
A,AGBL5,60509,2975,3,35.1717498613524
A,RALGAPA2,57186,2777,3,32.8309073495716
A,C2orf50,130813,7442,3,87.9825756195578
A,AMZ2,51321,2821,3,33.3510945744118
A,UBL5,59286,5682,3,67.175086625951
A,COLCA1,399948,4726,3,55.8728369226055
A,ARVCF,421,2407,3,28.4566056861429
A,FAM171A2,284069,4118,3,48.6847952702686
A,HCN2,610,2381,3,28.1492223260101
A,DEF8,54849,3776,3,44.6415218408291
A,C6orf89,221477,3484,3,41.1893702577989
A,ZNF337,26152,3470,3,41.0238561408043
A,CTNS,1497,3989,3,47.1597009065326
A,RNF123,63891,4655,3,55.0334439007043
A,WDR55,54853,3898,3,46.0838591460677
A,DES,1674,2188,3,25.8674919988703
A,PNMA6A,84968,4931,3,58.2964364928836
A,N4BP3,23138,8074,3,95.4543557581711
A,LIPG,9388,2437,3,28.8112787939885
A,ETS1,2113,4752,3,56.1802202827383
A,SKIV2L2,23517,4916,3,58.1190999389608
A,CHRNA3,1136,3607,3,42.6435299999657
A,FMNL3,91010,3677,3,43.4711005849387
A,AMBRA1,55626,5190,3,61.3584476572836
A,GATAD2A,54815,3178,3,37.5717045577741
A,RELN,5649,4450,3,52.6098443304262
A,SSTR4,6754,3484,3,41.1893702577989
A,H2AFB3,83740,2677,3,31.648663656753
A,NPTX2,4885,1367,3,16.1612712808298
A,TRIP6,7205,5689,3,67.2578436844483
A,WDR1,9948,2808,3,33.1974028943454
A,ARFGEF2,10564,4548,3,53.7684431493884
A,AP5Z1,9907,3616,3,42.7499319323194
A,NDUFA3,4696,2919,3,34.509693393374
A,ASCL5,647219,4236,3,50.0798428277945
A,CCND3,896,4779,3,56.4994260797993
A,CACNB4,785,3979,3,47.0414765372508
A,CHD5,26038,4227,3,49.9734408954408
A,ILK,3611,3948,3,46.674980992477
A,TMEM250,90120,6952,3,82.1895815247468
A,DACT1,51339,2000,3,23.6448738563713
A,CD55,1604,4215,3,49.8315716523026
A,C19orf73,55150,4409,3,52.1251244163706
A,HMGXB4,10042,5037,3,59.5496148072712
A,TMOD3,29766,3609,3,42.6671748738221
A,PNMA8B,57469,3894,3,46.036569398355
A,OXR1,55074,2503,3,29.5915596312487
A,GTF2IRD2,84163,2562,3,30.2890834100117
A,EFHB,151651,2317,3,27.3925863626062
A,PSMD12,5718,5301,3,62.6707381563123
A,MECOM,2122,5224,3,61.7604105128419
A,SCO1,6341,4653,3,55.0097990268479
A,MT1M,4499,3091,3,36.5431525450219
A,MAX,4149,3100,3,36.6495544773756
A,KRT222,125113,6103,3,72.1523325727172
A,CCDC158,339965,6438,3,76.1128489436594
A,MEF2B,100271849,3274,3,38.7066585028799
A,NPHP3,27031,4592,3,54.2886303742286
A,NCOA4,8031,4172,3,49.3232068643906
A,POLR1D,51082,4252,3,50.2690018186455
A,ZNF843,283933,2365,3,27.9600633351591
A,FAM109B,150368,4143,3,48.9803561934732
A,NPY5R,4889,4213,3,49.8079267784462
A,MAGEE2,139599,5713,3,67.5415821707247
A,RANGRF,29098,6224,3,73.5828474410276
A,BRD7,29117,2902,3,34.3087119655948
A,EHMT1,79813,3374,3,39.8889021956985
A,CNEP1R1,255919,3751,3,44.3459609176245
A,KCNS1,3787,3805,3,44.9843725117465
A,ERLIN1,10613,2569,3,30.371840468509
A,FKTN,2218,4717,3,55.7664349902518
A,CCT6A,908,3166,3,37.4298353146358
A,CA10,56934,9674,3,114.370254843268
A,SBK1,388228,1905,3,22.5217423481937
A,VPS25,84313,5262,3,62.209663116113
A,FAM19A5,25817,2691,3,31.8141777737476
A,ETHE1,23474,4145,3,49.0040010673296
A,FBXO46,23403,5550,3,65.6145249514305
A,MPHOSPH9,10198,6590,3,77.9098593567436
A,PSMD9,5715,5855,3,69.2203682145271
A,RIC8B,55188,5724,3,67.6716289769348
A,NGRN,51335,7951,3,94.0001960160043
A,IL4,3565,5493,3,64.9406460465239
A,LOC101929747,101929747,5181,3,61.25204572493
A,ADCYAP1,116,5601,3,66.2174692347679
A,RASGRF2,5924,1063,3,12.5672504546614
A,PAN2,9924,2832,3,33.4811413806218
A,MAD2L1BP,9587,6543,3,77.3542048211188
A,H6PD,9563,683,3,8.07472442195081
A,SAR1B,51128,4398,3,51.9950776101606
A,NRP2,8828,2945,3,34.8170767535068
A,EIF4EBP1,1978,3226,3,38.139181530327
A,PROS1,5627,3687,3,43.5893249542206
A,SARAF,51669,3116,3,36.8387134682266
A,ALDH5A1,7915,2567,3,30.3481955946526
A,TUBA4A,7277,3636,3,42.9863806708831
A,ACTR5,79913,1835,3,21.6941717632207
A,AP1B1,162,5012,3,59.2540538840666
A,TSPYL2,64061,3139,3,37.1106295175748
A,GABRQ,55879,4779,3,56.4994260797993
A,TTC30A,92104,3294,3,38.9431072414436
A,ZNF571,51276,3815,3,45.1025968810283
A,TMEM233,387890,5074,3,59.9870449736141
A,TSHZ3,57616,1755,3,20.7483768089659
A,KMT2C,58508,3708,3,43.8375961297125
A,SPDYE4,388333,3234,3,38.2337610257525
A,C2orf40,84417,4539,3,53.6620412170348
A,LRRC8B,23507,2662,3,31.4713271028303
A,NCSTN,23385,5099,3,60.2826058968187
A,HMGB2,3148,4149,3,49.0512908150424
A,MEAF6,64769,3119,3,36.8741807790111
A,ARG2,384,7217,3,85.322527310716
A,SLC25A22,79751,3635,3,42.9745582339549
A,KCTD20,222658,3660,3,43.2701191571596
A,RAP1GDS1,5910,3191,3,37.7253962378405
A,ALDH1L1,10840,3574,3,42.2533895813356
A,HOMER2,9455,1711,3,20.2281895841257
A,PIGK,10026,4231,3,50.0207306431536
A,SMIM14,201895,3446,3,40.7401176545278
A,IL17RA,23765,4528,3,53.5319944108247
A,RFTN1,23180,2506,3,29.6270269420333
A,SH3RF2,153769,2422,3,28.6339422400657
A,WIPF3,644150,1924,3,22.7463686498292
A,YTHDF2,51441,2069,3,24.4606220044162
A,SPG20,23111,3831,3,45.2917558718793
A,CDK5RAP1,51654,2582,3,30.5255321485754
A,PTPN14,5784,3240,3,38.3046956473216
A,POGLUT1,56983,2639,3,31.199411053482
A,RTL8B,441518,3048,3,36.0347877571099
A,SIGMAR1,10280,2699,3,31.9087572691731
A,DOPEY1,23033,4702,3,55.589098436329
A,PRDM13,59336,2203,3,26.044828552793
A,ZNF708,7562,5020,3,59.3486333794921
A,MAGEA4,4103,3054,3,36.105722378679
A,OSGEP,55644,1245,3,14.7189339755912
A,FBXL21,26223,1262,3,14.9199154033703
A,LOC100289561,100289561,4662,3,55.1162009592016
A,WWTR1,25937,6133,3,72.5070056805627
A,ZBTB24,9841,2946,3,34.828899190435
A,ST8SIA1,6489,1934,3,22.8645930191111
A,YTHDC2,64848,4716,3,55.7546125533236
A,CDKN2B,1030,2651,3,31.3412802966202
A,ATG4B,23192,2756,3,32.5826361740797
A,HIST1H1E,3008,3905,3,46.1666162045651
A,MAP7D2,256714,842,3,9.95449189353234
A,TMEM240,339453,3546,3,41.9223613473464
A,B3GNT5,84002,2492,3,29.4615128250387
A,PIP,5304,3994,3,47.2188130911736
A,MZT1,440145,4866,3,57.5279780925515
A,XKR7,343702,4098,3,48.4483465317049
A,VAMP7,6845,5001,3,59.1240070778565
A,LZTFL1,54585,5388,3,63.6992901690644
A,ANKRD30B,374860,4424,3,52.3024609702934
A,ATPAF1,64756,5348,3,63.226392691937
A,SEC24B,10427,2845,3,33.6348330606882
A,RBM4B,83759,5957,3,70.4262567812021
A,TAB2,23118,1768,3,20.9020684890323
A,TMEM150A,129303,5272,3,62.3278874853949
A,SLC46A1,113235,2213,3,26.1630529220749
A,RAB3B,5865,5353,3,63.2855048765779
A,PGBD1,84547,2539,3,30.0171673606634
A,HACD3,51495,2030,3,23.9995469642169
A,HECTD2,143279,3828,3,45.2562885610948
A,GGACT,87769,4692,3,55.4708740670472
A,CHST3,9469,2366,3,27.9718857720873
A,PHOX2A,401,5481,3,64.7987768033857
A,CD59,966,3292,3,38.9194623675872
A,PICK1,9463,3309,3,39.1204437953664
A,PI4KA,5297,3215,3,38.0091347241169
A,GTF2B,2959,4908,3,58.0245204435353
A,RPL18A,6142,2547,3,30.1117468560889
A,DDX55,57696,5191,3,61.3702700942118
A,KAT2A,2648,3006,3,35.5382454061261
A,RSPH10B2,728194,2447,3,28.9295031632703
A,CYBA,1535,3405,3,40.2553977404722
A,ST6GALNAC6,30815,1548,3,18.3011323648314
A,MAGED4,728239,7086,3,83.7737880731237
A,FAM86B1,85002,1112,3,13.1465498641425
A,CCDC175,729665,2949,3,34.8643665012195
A,DCAF15,90379,3809,3,45.0316622594592
A,PPFIA1,8500,3198,3,37.8081532963378
A,GAB4,128954,3327,3,39.3332476600737
A,TRAK1,22906,2443,3,28.8822134155576
A,ATP6V0A2,23545,6870,3,81.2201416966356
A,FAM86C1,55199,1679,3,19.8498716024237
A,TST,7263,4235,3,50.0680203908663
A,TGFB1I1,7041,4157,3,49.1458703104678
A,CDYL,9425,1763,3,20.8429563043913
A,EPB41L4A,64097,3390,3,40.0780611865494
A,MCOLN3,55283,2886,3,34.1195529747439
A,MUC2,4583,1840,3,21.7532839478616
A,FTMT,94033,1747,3,20.6537973135404
A,CNTD2,79935,3923,3,46.3794200692724
A,CRLF1,9244,1705,3,20.1572549625566
A,ZZEF1,23140,3894,3,46.036569398355
A,VPS37B,79720,5027,3,59.4313904379894
A,ADCK2,90956,2976,3,35.1835722982806
A,IQSEC1,9922,1471,3,17.3908047213611
A,MRPS22,56945,8003,3,94.6149627362699
A,SHPRH,257218,1769,3,20.9138909259605
A,ELF4,2000,2323,3,27.4635209841753
A,FAM217B,63939,2087,3,24.6734258691235
A,TMEM98,26022,3194,3,37.760863548625
A,SELENOK,58515,2023,3,23.9167899057196
A,APMAP,57136,3598,3,42.537128067612
A,FAM212B,55924,3926,3,46.414887380057
A,MTIF2,4528,5322,3,62.9190093318042
A,PLIN5,440503,6319,3,74.7059789492053
A,SRGAP1,57522,4208,3,49.7488145938053
A,OLIG1,116448,2455,3,29.0240826586958
A,SVEP1,79987,5090,3,60.1762039644651
A,LIN7B,64130,1473,3,17.4144495952175
A,ASB6,140459,4264,3,50.4108710617837
A,LHX2,9355,1789,3,21.1503396645242
A,LHCGR,3973,4437,3,52.4561526503598
A,KITLG,4254,4107,3,48.5547484640586
A,PER1,5187,4867,3,57.5398005294797
A,FGFR1,2260,1922,3,22.7227237759729
A,HAGHL,84264,2826,3,33.4102067590527
A,EDN3,1908,2497,3,29.5206250096796
A,LRRC26,389816,1587,3,18.7622074050307
A,LYPD6,130574,6745,3,79.7423370806123
A,KPNA6,23633,4501,3,53.2127886137637
A,CSTB,1476,4781,3,56.5230709536557
A,HES4,57801,3453,3,40.8228747130251
A,TADA2B,93624,4668,3,55.1871355807707
A,LYL1,4066,3913,3,46.2611956999905
A,FZR1,51343,3566,3,42.1588100859101
A,REPS1,85021,4128,3,48.8030196395505
A,SLC6A15,55117,3121,3,36.8978256528675
A,YWHAB,7529,3650,3,43.1518947878777
A,FLYWCH1,84256,2847,3,33.6584779345446
A,GNG10,2790,3330,3,39.3687149708583
A,CERS6,253782,3533,3,41.76866966728
A,SH3BP4,23677,3248,3,38.3992751427471
A,CSNK1E,1454,3365,3,39.7825002633448
A,SNRNP48,154007,1930,3,22.8173032713983
A,ERCC6L2,375748,2502,3,29.5797371943206
A,ATP2B3,492,3205,3,37.8909103548351
A,BOD1L1,259282,3349,3,39.5933412724938
A,ME1,4199,3492,3,41.2839497532244
A,SLC4A4,8671,2256,3,26.6714177099869
A,UGT8,7368,2910,3,34.4032914610203
A,PATZ1,23598,3222,3,38.0918917826142
A,DNAJC6,9829,848,3,10.0254265151015
A,PARVB,29780,5724,3,67.6716289769348
A,MARCH10,162333,4504,3,53.2482559245483
A,ORAI1,84876,1157,3,13.6785595259108
A,ITPK1,3705,2443,3,28.8822134155576
A,PLBD1,79887,988,3,11.6805676850474
A,PDCD11,22984,1399,3,16.5395892625318
A,CHP2,63928,645,3,7.62547181867976
A,KDM3B,51780,2782,3,32.8900195342125
A,GTSE1,51512,3268,3,38.6357238813108
A,KCNH5,27133,4005,3,47.3488598973836
A,CYB561A3,220002,3369,3,39.8297900110575
A,KCNA2,3737,2369,3,28.0073530828719
A,C16orf59,80178,2987,3,35.3136191044906
A,CYB561D2,11068,5687,3,67.2341988105919
A,LRRK2,120892,1336,3,15.7947757360561
A,HSF2BP,11077,3642,3,43.0573152924522
A,RNF145,153830,1667,3,19.7080023592855
A,ZNF623,9831,3063,3,36.2121243110327
A,GTDC1,79712,983,3,11.6214555004065
A,AK4,205,3711,3,43.873063440497
A,HLA-A,3105,1523,3,18.0055714416268
A,CSF2RB,1439,5449,3,64.4204588216837
A,ANO6,196527,3131,3,37.0160500221493
A,ATP2C2,9914,1728,3,20.4291710119048
A,DYNLRB1,83658,3438,3,40.6455381591023
A,OSTF1,26578,3061,3,36.1884794371763
A,SNRPD3,6634,4727,3,55.8846593595337
A,ADAMTS17,170691,3211,3,37.9618449764042
A,ROGDI,79641,1524,3,18.017393878555
A,DMRTA2,63950,2915,3,34.4624036456612
A,DDX1,1653,4328,3,51.1675070251876
A,AKR1B1,231,3664,3,43.3174089048723
A,MAP3K4,4216,3229,3,38.1746488411115
A,PRR9,574414,6499,3,76.8340175962787
A,SMIM4,440957,3022,3,35.7274043969771
A,MAN2B1,4125,1123,3,13.2765966703525
A,RAP1B,5908,2055,3,24.2951078874216
A,COLEC11,78989,1669,3,19.7316472331419
A,ACER1,125981,4667,3,55.1753131438425
A,RPL8,6132,4401,3,52.0305449209451
A,NDE1,54820,6375,3,75.3680354171837
A,PPT2,9374,4450,3,52.6098443304262
A,PEMT,10400,3223,3,38.1037142195424
A,TADA1,117143,4608,3,54.4777893650796
A,DLX2,1746,5081,3,60.0698020321114
A,NKX1-1,54729,3872,3,45.7764757859349
A,CSNK1G2,1455,1871,3,22.1197794926354
A,AFTPH,54812,3576,3,42.277034455192
A,TAF1B,9014,4506,3,53.2719007984046
A,WDR86,349136,3655,3,43.2110069725186
A,MYO3A,53904,2732,3,32.2988976878032
A,ZFP64,55734,5850,3,69.1612560298862
A,FANCA,2175,3952,3,46.7222707401898
A,DUSP16,80824,2330,3,27.5462780426726
A,ZNF396,252884,3743,3,44.251381422199
A,MKI67,4288,1780,3,21.0439377321705
A,PPP6R3,55291,1317,3,15.5701494344205
A,AK5,26289,2369,3,28.0073530828719
A,AGAP9,642517,3796,2,44.8779705793928
A,CASD1,64921,2812,3,33.2446926420581
A,HS3ST3A1,9955,2259,3,26.7068850207714
A,ZNF565,147929,1537,3,18.1710855586214
A,CIB2,10518,3144,3,37.1697417022157
A,ZNF136,7695,5278,3,62.398822106964
A,RSPH14,27156,2345,3,27.7236145965954
A,NCBP1,4686,1750,3,20.6892646243249
A,PINK1,65018,3080,3,36.4131057388119
A,EXTL3,2137,3349,3,39.5933412724938
A,FANCE,2178,3265,3,38.6002565705262
A,C17orf80,55028,2180,3,25.7729125034448
A,TRAPPC11,60684,5858,3,69.2558355253117
A,GLI3,2737,6596,3,77.9807939783127
A,SPC24,147841,3562,3,42.1115203381974
A,SLC8A3,6547,3024,3,35.7510492708335
A,DLL4,54567,2326,3,27.4989882949599
A,TSC2,7249,2349,3,27.7709043443081
A,ZNF414,84330,3972,3,46.9587194787535
A,DDX49,54555,5999,3,70.9227991321858
A,SNRPA,6626,5049,3,59.6914840504095
A,CCDC110,256309,3990,3,47.1715233434608
A,GALNT6,11226,2234,3,26.4113240975668
A,RCC2,55920,3709,3,43.8494185666407
A,MALL,7851,4894,3,57.8590063265407
A,HSPB11,51668,2614,3,30.9038501302774
A,AASDH,132949,5942,3,70.2489202272793
A,SLC9A1,6548,6727,3,79.529533215905
A,ST3GAL4,6484,3253,3,38.458387327388
A,TTC38,55020,2794,3,33.0318887773508
A,TUBA1A,7846,3941,3,46.5922239339797
A,PRKX,5613,2700,3,31.9205797061013
A,B2M,567,5415,3,64.0184959661254
A,CHAMP1,283489,1726,3,20.4055261380485
A,VPS28,51160,3420,3,40.432734294395
A,PDIK1L,149420,4614,3,54.5487239866487
A,NPRL2,10641,7325,3,86.5993504989601
A,TNFRSF1B,7133,4467,3,52.8108257582054
A,UNC5D,137970,3232,3,38.2101161518961
A,XYLT2,64132,3121,3,36.8978256528675
A,TBC1D14,57533,2762,3,32.6535707956488
A,ZNF302,55900,7319,3,86.5284158773909
A,TTPA,7274,1322,3,15.6292616190615
A,ABCB7,22,2552,3,30.1708590407298
A,PRKG2,5593,6037,3,71.3720517354569
A,PPP1R14A,94274,4217,3,49.855216526159
A,SPRN,503542,3519,3,41.6031555502854
A,LCMT2,9836,4065,3,48.0582061130748
A,NISCH,11188,3662,3,43.2937640310159
A,SLC5A7,60482,5966,3,70.5326587135557
A,RIC1,57589,5168,3,61.0983540448636
A,SERTM1,400120,3590,3,42.4425485721866
A,ZNF324B,388569,2572,3,30.4073077792935
A,ADRM1,11047,3948,3,46.674980992477
A,ANKRD13A,88455,1494,3,17.6627207707094
A,YIF1A,10897,4676,3,55.2817150761962
A,MGAT5B,146664,2161,3,25.5482862018092
A,TTYH1,57348,4473,3,52.8817603797745
A,SAMD10,140700,3113,3,36.803246157442
A,BEND3,57673,2163,3,25.5719310756656
A,ALKBH3,221120,1324,3,15.6529064929178
A,CDC14A,8556,4316,3,51.0256377820494
A,TMEM136,219902,3010,3,35.5855351538389
A,H3F3B,3021,4332,3,51.2147967729003
A,SH3GL1,6455,3403,3,40.2317528666158
A,CCDC85C,317762,5241,3,61.9613919406211
A,FAM184A,79632,3041,3,35.9520306986126
A,THAP7,80764,3985,3,47.1124111588199
A,REEP1,65055,5943,3,70.2607426642075
A,LGALS8,3964,2965,3,35.0535254920705
A,BCL7B,9275,3706,3,43.8139512558561
A,RGL1,23179,1580,3,18.6794503465334
A,TP53I11,9537,2125,3,25.1226784723946
A,CAMSAP2,23271,1970,3,23.2902007485258
A,ZFAND2B,130617,1811,3,21.4104332769443
A,LCOR,84458,3524,3,41.6622677349263
A,PHC2,1912,2191,3,25.9029593096548
A,ZSCAN1,284312,4791,3,56.6412953229376
A,PAQR9,344838,3937,3,46.544934186267
A,VAV3,10451,3712,3,43.8848858774252
A,ZNF319,57567,3492,3,41.2839497532244
A,PCSK5,5125,1965,3,23.2310885638848
A,RTL8A,26071,1816,3,21.4695454615852
A,PKN3,29941,4196,3,49.6069453506671
A,FRAT1,10023,5239,3,61.9377470667647
A,CUEDC2,79004,2375,3,28.078287704441
A,KDM1A,23028,5494,3,64.9524684834521
A,HBP1,26959,4918,3,58.1427448128171
A,EMID1,129080,4977,3,58.8402685915801
A,SIRT1,23411,4875,3,57.6343800249051
A,BTG3,10950,5451,3,64.4441036955401
A,CORO1B,57175,1928,3,22.793658397542
A,VMA21,203547,786,3,9.29243542555394
A,UPP2,151531,2239,3,26.4704362822077
A,SAYSD1,55776,3793,3,44.8425032686083
A,SIRT5,23408,4394,3,51.9477878624478
A,ZFP3,124961,5254,3,62.1150836206875
A,SPIDR,23514,1384,3,16.362252708609
A,PLEKHG3,26030,2958,3,34.9707684335732
A,PADI3,51702,6322,3,74.7414462599898
A,LAMA5,3911,3275,3,38.7184809398081
A,INTS5,80789,3142,3,37.1460968283594
A,CLUAP1,23059,5944,3,70.2725651011356
A,SUDS3,64426,5595,3,66.1465346131988
A,MSLN,10232,4832,3,57.1260152369932
A,TASP1,55617,4871,3,57.5870902771924
A,MAK,4117,5356,3,63.3209721873625
A,AGO4,192670,2107,3,24.9098746076872
A,RASL12,51285,3320,3,39.2504906015764
A,RFFL,117584,3616,3,42.7499319323194
A,MYO6,4646,2409,3,28.4802505599993
A,EIF4G1,1981,4228,3,49.985263332369
A,TGFB1,7040,3123,3,36.9214705267238
A,MARK4,57787,2448,3,28.9413256001985
A,C11orf95,65998,1783,3,21.0794050429551
A,PTP4A3,11156,7202,3,85.1451907567932
A,WDFY2,115825,7665,3,90.6189790545432
A,MXD4,10608,4219,3,49.8788614000154
A,ARL5A,26225,3865,3,45.6937187274376
A,MATN3,4148,4043,3,47.7981125006547
A,MAMLD1,10046,6959,3,82.2723385832441
A,SECISBP2L,9728,5040,3,59.5850821180558
A,MPND,84954,4654,3,55.0216214637761
A,RHPN1,114822,2905,3,34.3441792763794
A,C17orf67,339210,3743,3,44.251381422199
A,H2AFX,3014,2174,3,25.7019778818757
A,RGS12,6002,1393,3,16.4686546409626
A,PRRG1,5638,4194,3,49.5833004768107
A,DEAF1,10522,1803,3,21.3158537815188
A,NFRKB,4798,3267,3,38.6239014443826
A,TSEN54,283989,2196,3,25.9620714942957
A,NPTXR,23467,3190,3,37.7135738009123
A,RPL37A,6168,5626,3,66.5130301579726
A,NUAK1,9891,2601,3,30.7501584502109
A,MRPL43,84545,2564,3,30.3127282838681
A,TKFC,26007,5497,3,64.9879357942366
A,CYP46A1,10858,2646,3,31.2821681119793
A,JPH1,56704,4188,3,49.5123658552416
A,LRRFIP1,9208,2983,3,35.2663293567779
A,ADAP1,11033,3233,3,38.2219385888243
A,PBX1,5087,4157,3,49.1458703104678
A,ROCK1,6093,3842,3,45.4218026780894
A,RMDN3,55177,3766,3,44.5232974715472
A,DSCC1,79075,1697,3,20.0626754671311
A,P3H4,10609,4924,3,58.2136794343863
A,YPEL2,388403,2939,3,34.7461421319377
A,LYRM9,201229,2750,3,32.5117015525106
A,SNX31,169166,3847,3,45.4809148627303
A,TMEM65,157378,4666,3,55.1634907069143
A,SEMA6C,10500,6555,3,77.4960740642571
A,RELL1,768211,3154,3,37.2879660714976
A,NPFFR1,64106,3659,3,43.2582967202314
A,SMPD4,55627,5023,3,59.3841006902766
A,ADAMTS7,11173,4753,3,56.1920427196665
A,AK1,203,3044,3,35.9874980093972
A,C7orf50,84310,5576,3,65.9219083115633
A,RTEL1,51750,4945,3,58.4619506098782
A,FGFR3,2261,1797,3,21.2449191599497
A,NDUFAB1,4706,3085,3,36.4722179234528
A,PNKD,25953,5311,3,62.7889625255941
A,MAZ,4150,2253,3,26.6359503992023
A,NALCN,259232,2314,3,27.3571190518216
A,MBOAT2,129642,3728,3,44.0740448682762
A,AGMAT,79814,3943,3,46.6158688078361
A,MRM2,29960,1918,3,22.6754340282601
A,SEMA4C,54910,3375,3,39.9007246326266
A,ZNF512B,57473,3217,3,38.0327795979733
A,TMEM163,81615,3333,3,39.4041822816428
A,PABPC1L,80336,2823,3,33.3747394482682
A,SLC9A3,6550,1058,3,12.5081382700204
A,ZBED4,9889,3405,3,40.2553977404722
A,RGS14,10636,3080,3,36.4131057388119
A,ANKDD1B,728780,2848,3,33.6703003714728
A,ZNF592,9640,5188,3,61.3348027834273
A,INTS12,57117,4280,3,50.6000300526347
A,PRRG4,79056,3856,3,45.587316795084
A,FARS2,10667,4440,3,52.4916199611444
A,FBXL2,25827,2817,3,33.303804826699
A,PPCDC,60490,4268,3,50.4581608094965
A,TTLL12,23170,5902,3,69.7760227501518
A,FAM198A,729085,5215,3,61.6540085804883
A,PNPLA3,80339,4459,3,52.7162462627799
A,DEF6,50619,5259,3,62.1741958053284
A,TMEM231,79583,4014,3,47.4552618297373
A,PLIN3,10226,4718,3,55.77825742718
A,SLC35B4,84912,4382,3,51.8059186193096
A,NOVA2,4858,1992,3,23.5502943609459
A,DDX31,64794,4604,3,54.4304996173668
A,ATP6AP2,10159,2591,3,30.6319340809291
A,C1QTNF2,114898,1031,3,12.1889324729594
A,DUSP2,1844,3147,3,37.2052090130003
A,FAM163A,148753,3750,3,44.3341384806963
A,FST,10468,2074,3,24.5197341890571
A,CYLD,1540,3841,3,45.4099802411612
A,INSM1,3642,2121,3,25.0753887246818
A,IARS,3376,3158,3,37.3352558192103
A,WNK3,65267,2989,3,35.337263978347
A,ABHD14B,84836,5373,3,63.5219536151416
A,MKX,283078,2821,3,33.3510945744118
A,FRAT2,23401,3879,3,45.8592328444322
A,CTXN1,404217,3511,3,41.5085760548599
A,ST3GAL3,6487,2169,3,25.6428656972347
A,KIAA2022,340533,4605,3,54.442322054295
A,ARMC2,84071,3985,3,47.1124111588199
A,KIF1C,10749,1974,3,23.3374904962385
A,PRKAR1A,5573,4257,3,50.3281140032864
A,TPD52L2,7165,1789,3,21.1503396645242
A,C17orf82,388407,4273,3,50.5172729941374
A,ASCC2,84164,4711,3,55.6955003686827
A,HEATR6,63897,2586,3,30.5728218962881
A,NR0B1,190,6859,3,81.0900948904255
A,GAMT,2593,2474,3,29.2487089603314
A,QRFPR,84109,1620,3,19.1523478236608
A,ZFP57,346171,2196,3,25.9620714942957
A,MOGAT2,80168,6270,3,74.1266795397242
A,ZNF365,22891,2486,3,29.3905782034696
A,SYNPO,11346,2455,3,29.0240826586958
A,DECR2,26063,3752,3,44.3577833545526
A,PIEZO1,9780,2655,3,31.388570044333
A,ST8SIA4,7903,3199,3,37.819975733266
A,DUSP14,11072,1884,3,22.2734711727018
A,ELMOD1,55531,3336,3,39.4396495924274
A,CHMP4B,128866,1507,3,17.8164124507758
A,KIF3C,3797,3059,3,36.16483456332
A,MPRIP,23164,3311,3,39.1440886692228
A,CD24,100133941,2770,3,32.7481502910743
A,ATRNL1,26033,4947,3,58.4855954837345
A,ZNF397,84307,2640,3,31.2112334904102
A,TMEM30A,55754,4138,3,48.9212440088323
A,VBP1,7411,3291,3,38.907639930659
A,SLC2A6,11182,3295,3,38.9549296783718
A,FLOT2,2319,1970,3,23.2902007485258
A,IL15RA,3601,2392,3,28.2792691322201
A,GRK2,156,2277,3,26.9196888854788
A,MMP25,64386,3359,3,39.7115656417757
A,KLF5,688,4080,3,48.2355426669975
A,CACNA1G,8913,5927,3,70.0715836733565
A,UBE2G2,7327,4006,3,47.3606823343118
A,MAF1,84232,3602,3,42.5844178153248
A,CAMTA1,23261,1747,3,20.6537973135404
A,HLTF,6596,5832,3,68.9484521651788
A,FADS3,3995,2679,3,31.6723085306094
A,GLT8D1,55830,3097,3,36.614087166591
A,STOML2,30968,4191,3,49.5478331660262
A,KNL1,57082,2554,3,30.1945039145862
A,KIAA0895L,653319,2933,3,34.6752075103686
A,GDNF,2668,4544,3,53.7211534016757
A,CLCN4,1183,3718,3,43.9558204989943
A,SREK1,140890,1284,3,15.1800090157904
A,ZNF233,353355,4465,3,52.787180884349
A,S100A11,6282,4213,3,49.8079267784462
A,CACNA1I,8911,6671,3,78.8674767479266
A,PVALB,5816,5876,3,69.468639390019
A,PENK,5179,3244,3,38.3519853950343
A,WDFY4,57705,4651,3,54.9861541529916
A,SPATS2L,26010,2243,3,26.5177260299205
A,DDX19A,55308,4315,3,51.0138153451212
A,ZZZ3,26009,3895,3,46.0483918352832
A,CNOT9,9125,3316,3,39.2032008538637
A,MPST,4357,2630,3,31.0930091211283
A,CXCL16,58191,2048,3,24.2123508289243
A,BCL2,596,2766,3,32.7008605433616
A,RIIAD1,284485,2553,3,30.182681477658
A,TMOD1,7111,1682,3,19.8853389132083
A,EFNB3,1949,5430,3,64.1958325200482
A,GOLGA8A,23015,4934,3,58.3319038036681
A,POLR2F,5435,5240,3,61.9495695036929
A,TMEM110,375346,2631,3,31.1048315580565
A,FEZ1,9638,3134,3,37.0515173329339
A,C20orf24,55969,4324,3,51.1202172774748
A,PELO,53918,5307,3,62.7416727778814
A,HLF,3131,2742,3,32.4171220570851
A,SMAD9,4093,2498,3,29.5324474466078
A,CPD,1362,2906,3,34.3560017133076
A,MUC6,4588,5905,3,69.8114900609364
A,DHRS11,79154,2619,3,30.9629623149183
A,DCLRE1B,64858,2500,3,29.5560923204642
A,BTBD3,22903,2324,3,27.4753434211035
A,PTPN9,5780,1906,3,22.5335647851219
A,RAD51,5888,2634,3,31.1402988688411
A,TCF15,6939,1472,3,17.4026271582893
A,NDST1,3340,4826,3,57.0550806154241
A,TMEM63B,55362,2932,3,34.6633850734404
A,C7orf31,136895,2151,3,25.4300618325274
A,TM7SF3,51768,4457,3,52.6926013889235
A,SCAMP2,10066,2329,3,27.5344556057444
A,TRPT1,83707,1820,3,21.5168352092979
A,HIST1H2BK,85236,6985,3,82.5797219433769
A,PI4KB,5298,3079,3,36.4012833018837
A,ARMC6,93436,4271,3,50.493628120281
A,BOP1,23246,6693,3,79.1275703603467
A,HLCS,3141,4480,3,52.9645174382718
A,BTG4,54766,1879,3,22.2143589880609
A,ZNF26,7574,2739,3,32.3816547463006
A,FAM76B,143684,2670,3,31.5659065982557
A,NINJ2,4815,6350,3,75.072474493979
A,KSR1,8844,4176,3,49.3704966121034
A,MICU2,221154,2089,3,24.6970707429799
A,FAM3C,10447,6306,3,74.5522872691389
A,TTC28,23331,7085,3,83.7619656361955
A,TMX4,56255,713,3,8.42939752979638
A,CENPL,91687,3680,3,43.5065678957233
A,MYO18A,399687,1747,3,20.6537973135404
A,STXBP4,252983,4259,3,50.3517588771428
A,C16orf86,388284,3606,3,42.6317075630375
A,MAP3K14,9020,4386,3,51.8532083670224
A,AIRE,326,2911,3,34.4151138979485
A,ARX,170302,796,3,9.41065979483579
A,PCBD2,84105,1576,3,18.6321605988206
A,IL12A,3592,4895,3,57.8708287634689
A,CSMD2,114784,2794,3,33.0318887773508
A,GRB10,2887,4511,3,53.3310129830456
A,PNO1,56902,5249,3,62.0559714360466
A,CIT,11113,4703,3,55.6009208732572
A,IFIT3,3437,7805,3,92.2741202244891
A,FOSL1,8061,6847,3,80.9482256472873
A,RALY,22913,2412,3,28.5157178707838
A,SPATA6,54558,1752,3,20.7129094981813
A,NKX3-1,4824,5793,3,68.4873771249796
A,HAUS4,54930,4517,3,53.4019476046147
A,CR2,1380,1554,3,18.3720669864005
A,MPHOSPH8,54737,2679,3,31.6723085306094
A,EIF1,10209,7439,3,87.9471083087732
A,SOX15,6665,3500,3,41.3785292486499
A,ZNF225,7768,5243,3,61.9850368144775
A,XG,7499,3321,3,39.2623130385046
A,TNPO1,3842,2070,3,24.4724444413443
A,QPCT,25797,3237,3,38.269228336537
A,NES,10763,6994,3,82.6861238757306
A,THADA,63892,2038,3,24.0941264596424
A,PARG,8505,3652,3,43.1755396617341
A,SETMAR,6419,4629,3,54.7260605405715
A,LYPD5,284348,3756,3,44.4050731022654
A,KIAA1586,57691,10306,3,121.842034981882
A,PRPH2,5961,4755,3,56.2156875935229
A,KLF8,11279,7197,3,85.0860785721523
A,TTC29,83894,5046,3,59.6560167396249
A,SLC26A6,65010,2751,3,32.5235239894388
A,AIFM3,150209,4653,3,55.0097990268479
A,FAM69A,388650,7680,3,90.7963156084659
A,GPSM1,26086,6347,3,75.0370071831945
A,CATSPERZ,25858,5210,3,61.5948963958473
A,HOXD9,3235,3982,3,47.0769438480353
A,SLC3A2,6520,4874,3,57.622557587977
A,EVI5,7813,1841,3,21.7651063847898
A,TMEM200B,399474,2051,3,24.2478181397088
A,ALDH18A1,5832,2585,3,30.56099945936
A,SLC7A10,56301,2104,3,24.8744072969027
A,AHR,196,4345,3,51.3684884529667
A,FUBP3,8939,2156,3,25.4891740171683
A,DCAF12L1,139170,2661,3,31.4595046659021
A,GFI1,2672,2791,3,32.9964214665662
A,CWC15,51503,4953,3,58.5565301053036
A,TBX21,30009,3466,3,40.9765663930915
A,PSD,5662,2426,3,28.6812319877784
A,CXCL12,6387,2788,3,32.9609541557817
A,RPS19BP1,91582,3715,3,43.9203531882098
A,CSRNP1,64651,5316,3,62.848074710235
A,BID,637,1653,3,19.5424882422909
A,GNA12,2768,1576,3,18.6321605988206
A,PKD1,5310,2161,3,25.5482862018092
A,GFPT2,9945,2911,3,34.4151138979485
A,CACNG6,59285,4800,3,56.7476972552912
A,PXDN,7837,3397,3,40.1608182450467
A,STIP1,10963,6796,3,80.3452813639498
A,HIPK1,204851,3856,3,45.587316795084
A,ADGRB3,577,5419,3,64.0657857138382
A,NADK2,133686,3561,3,42.0996979012692
A,ARAP3,64411,3309,3,39.1204437953664
A,BACE2,25825,2461,3,29.0950172802649
A,SEC23IP,11196,4036,3,47.7153554421574
A,SLC18A2,6571,3819,3,45.1498866287411
A,MAP2K7,5609,4654,3,55.0216214637761
A,BEAN1,146227,3485,3,41.2011926947271
A,SH2B3,10019,1945,3,22.9946398253211
A,WEE1,7465,2203,3,26.044828552793
A,KPNA7,402569,4092,3,48.3774119101358
A,CUEDC1,404093,4475,3,52.9054052536309
A,DCTN6,10671,6757,3,79.8842063237506
A,SSBP2,23635,2856,3,33.7648798668983
A,TOLLIP,54472,1149,3,13.5839800304853
A,DLL1,28514,7506,3,88.7392115829617
A,LIMD2,80774,5311,3,62.7889625255941
A,KBTBD3,143879,5706,3,67.4588251122274
A,GRM2,2912,7977,3,94.3075793761371
A,NAA38,84316,5755,3,68.0381245217085
A,GALP,85569,4131,3,48.838486950335
A,SLC35F4,341880,5366,3,63.4391965566443
A,KPTN,11133,8868,3,104.841370679151
A,ADCK5,203054,4040,3,47.7626451898701
A,SLURP1,57152,5583,3,66.0046653700606
A,INPPL1,3636,3708,3,43.8375961297125
A,LGR5,8549,4203,3,49.6897024091644
A,GREB1L,80000,3333,3,39.4041822816428
A,BIK,638,2786,3,32.9373092819253
A,FAM135B,51059,5551,3,65.6263473883587
A,SCFD2,152579,3072,3,36.3185262433864
A,RPS19,6223,3660,3,43.2701191571596
A,UNC5B,219699,2030,3,23.9995469642169
A,VSTM4,196740,4050,3,47.880869559152
A,IL1R1,3554,3623,3,42.8326889908167
A,MACROD2,140733,2004,3,23.6921636040841
A,TMEM147,10430,1302,3,15.3928128804977
A,UBALD1,124402,3566,3,42.1588100859101
A,GRTP1,79774,4141,3,48.9567113196169
A,MYPOP,339344,3681,3,43.5183903326515
A,FAM166A,401565,3465,3,40.9647439561634
A,RCN3,57333,5045,3,59.6441943026967
A,NSFL1C,55968,6348,3,75.0488296201227
A,MAP1B,4131,5248,3,62.0441489991184
A,INAFM2,100505573,2000,3,23.6448738563713
A,CTBP1,1487,1605,3,18.975011269738
A,CD70,970,3868,3,45.7291860382222
A,KLHL29,114818,4117,3,48.6729728333404
A,PIK3CB,5291,6514,3,77.0113541502015
A,LSM14A,26065,5514,3,65.1889172220158
A,BUB1B,701,4909,3,58.0363428804635
A,KIF21B,23046,4204,3,49.7015248460926
A,PF4V1,5197,3012,3,35.6091800276952
A,ARAP2,116984,3602,3,42.5844178153248
A,CNNM4,26504,3848,3,45.4927372996585
A,LGI3,203190,3195,3,37.7726859855532
A,AMER2,219287,2310,3,27.3098293041089
A,SPON1,10418,4259,3,50.3517588771428
A,TAP1,6890,4600,3,54.3832098696541
A,ABHD17C,58489,5160,3,61.0037745494381
A,ZNF408,79797,7428,3,87.8170615025632
A,AFF1,4299,4361,3,51.5576474438177
A,TRMT61A,115708,4627,3,54.7024156667151
A,DMGDH,29958,5065,3,59.8806430412604
A,NDRG3,57446,4878,3,57.6698473356897
A,CCBE1,147372,5752,3,68.002657210924
A,LRRC59,55379,2673,3,31.6013739090403
A,SLC35C1,55343,2511,3,29.6861391266742
A,IDI1,3422,7699,3,91.0209419101015
A,BLOC1S5,63915,2549,3,30.1353917299453
A,RNF130,55819,8430,3,99.6631433046052
A,FBXO2,26232,1742,3,20.5946851288994
A,NCOA1,8648,3618,3,42.7735768061758
A,SNX33,257364,3146,3,37.1933865760721
A,TULP1,7287,2082,3,24.6143136844826
A,KCNIP2,30819,5569,3,65.839151253066
A,ZNF451,26036,9835,3,116.273667188706
A,SFRP1,6422,6096,3,72.0695755142199
A,APBB1,322,4362,3,51.5694698807459
A,TEX11,56159,9268,3,109.570345450425
A,NUDT17,200035,3852,3,45.5400270473712
A,PDE7A,5150,2957,3,34.958945996645
A,TMEM41A,90407,4211,3,49.7842819045899
A,LAMC1,3915,5578,3,65.9455531854197
A,USP1,7398,4001,3,47.3015701496709
A,AZI2,64343,2455,3,29.0240826586958
A,TSC22D1,8848,3876,3,45.8237655336477
A,ZYG11A,440590,3090,3,36.5313301080937
A,WARS2,10352,5305,3,62.718027904025
A,NFKB2,4791,5406,3,63.9120940337718
A,RPL34,6164,4166,3,49.2522722428215
A,RPS3A,6189,6403,3,75.6990636511729
A,TVP23A,780776,5772,3,68.2391059494877
A,PCDHB8,56128,6268,3,74.1030346658678
A,WDR78,79819,2844,3,33.6230106237601
A,SDHA,6389,5284,3,62.4697567285331
A,CCDC66,285331,4800,3,56.7476972552912
A,MAPKBP1,23005,3411,3,40.3263323620413
A,AZU1,566,4241,3,50.1389550124354
A,RITA1,84934,5119,3,60.5190546353825
A,LZIC,84328,6973,3,82.4378527002387
A,CALR,811,5705,3,67.4470026752993
A,ASXL1,171023,4314,3,51.001992908193
A,PSEN2,5664,3619,3,42.7853992431039
A,PPP1R9A,55607,3961,3,46.8286726725434
A,PDE1B,5153,2015,3,23.8222104102941
A,IRX2,153572,1408,3,16.6459911948854
A,NR5A1,2516,5024,3,59.3959231272048
A,TMEM184B,25829,2773,3,32.7836176018589
A,MYL12A,10627,4348,3,51.4039557637513
A,HRH3,11255,1393,3,16.4686546409626
A,FAM219A,203259,3554,3,42.0169408427719
A,CDK11B,984,1759,3,20.7956665566786
A,FBF1,85302,3493,3,41.2957721901526
A,ARCN1,372,2368,3,27.9955306459437
A,CISD2,493856,4185,3,49.476898544457
A,ENOSF1,55556,6885,3,81.3974782505584
A,ATG101,60673,6778,3,80.1324774992425
A,LIX1L,128077,8091,3,95.6553371859503
A,LONRF3,79836,3405,3,40.2553977404722
A,ORC4,5000,4650,3,54.9743317160634
A,OOEP,441161,2991,3,35.3609088522033
A,SNAI1,6615,9410,3,111.249131494227
A,IKZF5,64376,2736,3,32.346187435516
A,FOXN4,121643,3608,3,42.6553524368939
A,CDKL2,8999,5598,3,66.1820019239834
A,NAB1,4664,3714,3,43.9085307512816
A,LRR1,122769,4625,3,54.6787707928587
A,ATF4,468,8285,3,97.9488899500183
A,PARD3,56288,2077,3,24.5552014998416
A,ZNF280B,140883,1339,3,15.8302430468406
A,BTBD9,114781,3423,3,40.4682016051796
A,HMMR,3161,4485,3,53.0236296229127
A,SYNRG,11276,6228,3,73.6301371887404
A,NDFIP1,80762,3583,3,42.3597915136893
A,UCHL3,7347,4928,3,58.260969182099
A,BAZ2A,11176,4067,3,48.0818509869311
A,PIGV,55650,5469,3,64.6569075602474
A,DNAAF5,54919,2215,3,26.1866977959313
A,COLGALT1,79709,1907,3,22.5453872220501
A,CDK4,1019,3141,3,37.1342743914312
A,COPS9,150678,2928,3,34.6160953257277
A,CACNB2,783,2793,3,33.0200663404226
A,ZSCAN2,54993,4038,3,47.7390003160137
A,RNASEH2B,79621,1987,3,23.4911821763049
A,MARK1,4139,2210,3,26.1275856112903
A,DEK,7913,2422,3,28.6339422400657
A,KIAA0100,9703,4389,3,51.8886756778069
A,COBL,23242,2185,3,25.8320246880857
A,TTYH3,80727,2632,3,31.1166539949847
A,CFAP221,200373,5862,3,69.3031252730244
A,PRR7,80758,3381,3,39.9716592541958
A,GNPAT,8443,2542,3,30.052634671448
A,FBXW4,6468,2705,3,31.9796918907422
A,PPP2CA,5515,5068,3,59.916110352045
A,XPO7,23039,1981,3,23.4202475547358
A,SOCS1,8651,2886,3,34.1195529747439
A,GMDS,2762,4066,3,48.0700285500029
A,CLPTM1,1209,2328,3,27.5226331688162
A,CCNE1,898,2642,3,31.2348783642665
A,ANAPC7,51434,4401,3,52.0305449209451
A,REC8,9985,5060,3,59.8215308566195
A,WWC3,55841,4451,3,52.6216667673544
A,IRX4,50805,3743,3,44.251381422199
A,PRKCE,5581,1762,3,20.8311338674632
A,SUPT20H,55578,1817,3,21.4813678985134
A,WDR35,57539,2976,3,35.1835722982806
A,ACAP2,23527,3595,3,42.5016607568275
A,GALNT12,79695,2244,3,26.5295484668486
A,GMPR,2766,1235,3,14.6007096063093
A,PTF1A,256297,2752,3,32.535346426367
A,SLC17A7,57030,2410,3,28.4920729969275
A,OBSCN,84033,1296,3,15.3218782589286
A,BAGE,574,4188,3,49.5123658552416
A,MGAT3,4248,2085,3,24.6497809952671
A,RAB22A,57403,2706,3,31.9915143276704
A,CCNG2,901,956,3,11.3022497033455
A,ASXL3,80816,2196,3,25.9620714942957
A,ZNF598,90850,3173,3,37.5125923731331
A,DUSP9,1852,2517,3,29.7570737482433
A,ATMIN,23300,3329,3,39.3568925339301
A,SHROOM2,357,4570,3,54.0285367618085
A,NCR1,9437,4512,3,53.3428354199738
A,MFSD7,84179,2532,3,29.9344103021661
A,MLST8,64223,3880,3,45.8710552813604
A,ANTXR1,84168,2537,3,29.9935224868071
A,EFS,10278,4869,3,57.563445403336
A,SNAPC1,6617,4524,3,53.484704663112
A,SPAG6,9576,5282,3,62.4461118546767
A,KCNK13,56659,1932,3,22.8409481452547
A,RFWD3,55159,3467,3,40.9883888300197
A,TBC1D9,23158,3656,3,43.2228294094468
A,RRAGC,64121,3103,3,36.6850217881601
A,LINC02210-CRHR1,104909134,5169,3,61.1101764817917
A,GCFC2,6936,4112,3,48.6138606486995
A,NUP214,8021,5365,3,63.4273741197161
A,METRN,79006,5855,3,69.2203682145271
A,INCA1,388324,4131,3,48.838486950335
A,MAPK8IP2,23542,9026,3,106.709315713804
A,SFXN3,81855,4639,3,54.8442849098533
A,SLC29A3,55315,2299,3,27.1797824978989
A,NEURL1,9148,4294,3,50.7655441696293
A,SESTD1,91404,2256,3,26.6714177099869
A,REL,5966,3640,3,43.0336704185958
A,SULT4A1,25830,5866,3,69.3504150207372
A,GPX7,2882,5095,3,60.235316149106
A,IFNGR2,3460,2622,3,30.9984296257028
A,SPPL3,121665,5428,3,64.1721876461918
A,SLC25A21,89874,5238,3,61.9259246298366
A,MSH3,4437,6421,3,75.9118675158802
A,DPP10,57628,3751,3,44.3459609176245
A,EPPK1,83481,3961,3,46.8286726725434
A,SCGB3A1,92304,899,3,10.6283707984389
A,STAC,6769,3384,3,40.0071265649803
A,SMURF2,64750,3750,3,44.3341384806963
A,TSPAN4,7106,370,3,4.3743016634287
A,LCN6,158062,5496,3,64.9761133573085
A,SSTR2,6752,5215,3,61.6540085804883
A,NCKIPSD,51517,2455,3,29.0240826586958
A,LHFPL5,222662,2846,3,33.6466554976164
A,ERCC2,2068,5801,3,68.5819566204051
A,HBM,3042,3172,3,37.500769936205
A,NELFA,7469,3356,3,39.6760983309911
A,SLC35F2,54733,3453,3,40.8228747130251
A,MELK,9833,2938,3,34.7343196950095
A,ATP13A3,79572,1952,3,23.0773968838184
A,RPP25,54913,5631,3,66.5721423426135
A,C5orf30,90355,4266,3,50.4345159356401
A,TET1,80312,2776,3,32.8190849126434
A,EPHA6,285220,1350,3,15.9602898530507
A,MRPL36,64979,4858,3,57.433398597126
A,WNT9B,7484,4354,3,51.4748903853204
A,BRWD1,54014,2506,3,29.6270269420333
A,TBCCD1,55171,1474,3,17.4262720321457
A,RNF126,55658,2529,3,29.8989429913816
A,HS6ST1,9394,4229,3,49.9970857692972
A,CNTFR,1271,2901,3,34.2968895286666
A,PLD1,5337,1561,3,18.4548240448978
A,GRK6,2870,1263,3,14.9317378402985
A,EML4,27436,2786,3,32.9373092819253
A,TMEM114,283953,5596,3,66.158357050127
A,MTSS1L,92154,3861,3,45.6464289797249
A,LIN7C,55327,5613,3,66.3593384779062
A,SPTSSB,165679,1631,3,19.2823946298708
A,KATNBL1,79768,1222,3,14.4470179262429
A,PTPRR,5801,3716,3,43.932175625138
A,MIB2,142678,1513,3,17.8873470723449
A,ZNF691,51058,3252,3,38.4465648904598
A,CDH4,1002,1849,3,21.8596858802153
A,PHF24,23349,3308,3,39.1086213584382
A,TRA2B,6434,3781,3,44.70063402547
A,IGF2,3481,2179,3,25.7610900665166
A,BRAT1,221927,6071,3,71.7740145910152
A,ESRP2,80004,3499,3,41.3667068117217
A,C15orf38-AP3S2,100526783,4977,3,58.8402685915801
A,TBRG4,9238,4381,3,51.7940961823814
A,FOXO6,100132074,2693,3,31.837822647604
A,E2F3,1871,3733,3,44.1331570529171
A,ADARB1,104,2756,3,32.5826361740797
A,TBL1X,6907,9810,3,115.978106265501
A,NAT8L,339983,4232,3,50.0325530800818
A,SPCS2,9789,4974,3,58.8048012807955
A,ANKRD24,170961,4524,3,53.484704663112
A,MED12,9968,4479,3,52.9526950013436
A,RIMBP3B,440804,5395,3,63.7820472275617
A,YAF2,10138,3543,3,41.8868940365618
A,LRFN1,57622,2541,3,30.0408122345198
A,PPP2R2C,5522,1713,3,20.2518344579821
A,ERAP1,51752,4353,3,51.4630679483922
A,SCX,642658,4929,3,58.2727916190272
A,DRAP1,10589,4562,3,53.933957266383
A,C9orf129,445577,4362,3,51.5694698807459
A,ANKRD44,91526,3530,3,41.7332023564954
A,TLK1,9874,3356,3,39.6760983309911
A,FBXO42,54455,2693,3,31.837822647604
A,RANBP1,5902,2173,3,25.6901554449475
A,CCNL2,81669,2146,3,25.3709496478865
A,BUB1,699,6099,3,72.1050428250044
A,ZNF445,353274,3167,3,37.441657751564
A,PELI2,57161,1345,3,15.9011776684097
A,ZFAND3,60685,2509,3,29.6624942528179
A,PPP3CB,5532,3745,3,44.2750262960553
A,PLEKHA5,54477,5098,3,60.2707834598906
A,FAAP20,199990,4729,3,55.90830423339
A,ZNF688,146542,2525,3,29.8516532436688
A,ATXN2,6311,3920,3,46.3439527584878
A,QSER1,79832,5289,3,62.528868913174
A,ALDH2,217,4317,3,51.0374602189776
A,NAA30,122830,3727,3,44.062222431348
A,FRMPD4,9758,4370,3,51.6640493761714
A,CISH,1154,4073,3,48.1527856085002
A,BHLHE22,27319,3219,3,38.0564244718297
A,CCZ1,51622,5412,3,63.9830286553409
A,CMTM4,146223,2471,3,29.2132416495468
A,CGNL1,84952,1723,3,20.3700588272639
A,GML,2765,4392,3,51.9241429885915
A,ATG7,10533,5888,3,69.6105086331572
A,ITPR3,3710,3171,3,37.4889474992768
A,PITPNM1,9600,3556,3,42.0405857166282
A,ADCY1,107,4884,3,57.7407819572588
A,PCNP,57092,5423,3,64.1130754615509
A,TMCO4,255104,1742,3,20.5946851288994
A,POLR2J2,246721,2830,3,33.4574965067655
A,B3GNTL1,146712,1955,3,23.112864194603
A,BMP2,650,3434,3,40.5982484113896
A,SLC25A30,253512,3769,3,44.5587647823318
A,DCHS1,8642,1802,3,21.3040313445906
A,RARRES1,5918,3617,3,42.7617543692476
A,TSTD2,158427,6028,3,71.2656498031032
A,VDAC1,7416,4201,3,49.666057535308
A,SRI,6717,3604,3,42.6080626891812
A,MOSPD3,64598,4579,3,54.1349386941622
A,CNNM3,26505,3110,3,36.7677788466574
A,SPG11,80208,3998,3,47.2661028388863
A,USP19,10869,2421,3,28.6221198031375
A,TXLNA,200081,4997,3,59.0767173301438
A,PPIA,5478,4052,3,47.9045144330083
A,PTP4A1,7803,4544,3,53.7211534016757
A,PDHB,5162,8365,3,98.8946849042731
A,ANKRD23,200539,4322,3,51.0965724036185
A,SCAMP1,9522,3090,3,36.5313301080937
A,RIBC2,26150,3854,3,45.5636719212276
A,CDKL5,6792,2482,3,29.3432884557568
A,CLPSL1,340204,3338,3,39.4632944662838
A,FABP5,2171,6090,3,71.9986408926507
A,GLG1,2734,5204,3,61.5239617742782
A,CBFA2T3,863,1199,3,14.1751018768946
A,SLC6A6,6533,2006,3,23.7158084779405
A,USP3,9960,5927,3,70.0715836733565
A,INVS,27130,2592,3,30.6437565178573
A,CST3,1471,4147,3,49.027645941186
A,ZNF678,339500,6450,3,76.2547181867976
A,ZDHHC16,84287,5098,3,60.2707834598906
A,SLC25A13,10165,3284,3,38.8248828721618
A,NAPG,8774,2922,3,34.5451607041585
A,CHEK2,11200,3423,3,40.4682016051796
A,ZNF786,136051,4350,3,51.4276006376077
A,STOM,2040,4066,3,48.0700285500029
A,C19orf67,646457,1525,3,18.0292163154831
A,CDR2L,30850,2032,3,24.0231918380733
A,CMTM7,112616,4087,3,48.3182997254948
A,STK17A,9263,3387,3,40.0425938757649
A,ZNF554,115196,4969,3,58.7456890961546
A,PRSS12,8492,4331,3,51.2029743359722
A,ANKRD36C,400986,3695,3,43.6839044496461
A,PHLPP2,23035,2582,3,30.5255321485754
A,SAMD8,142891,2259,3,26.7068850207714
A,ARID3A,1820,2576,3,30.4545975270063
A,CXADR,1525,5620,3,66.4420955364035
A,PTPRA,5786,5716,3,67.5770494815093
A,EFHD2,79180,4103,3,48.5074587163458
A,SLC4A1,6521,6625,3,78.3236446492301
A,CBR4,84869,6350,3,75.072474493979
A,IMP3,55272,3973,3,46.9705419156817
A,ZMAT3,64393,2686,3,31.7550655891067
A,HTATSF1,27336,2820,3,33.3392721374836
A,PAIP1,10605,2865,3,33.871281799252
A,FBXO10,26267,2612,3,30.880205256421
A,CALML3,810,3744,3,44.2632038591272
A,GGN,199720,4383,3,51.8177410562378
A,LRRC73,221424,6215,3,73.476445508674
A,ACVR1,90,4618,3,54.5960137343614
A,CPNE2,221184,3297,3,38.9785745522282
A,ITGA11,22801,2852,3,33.7175901191855
A,VKORC1L1,154807,2985,3,35.2899742306342
A,PMVK,10654,5373,3,63.5219536151416
A,NPC1,4864,2885,3,34.1077305378157
A,EXOC8,149371,3356,3,39.6760983309911
A,RIF1,55183,2555,3,30.2063263515144
A,RPS4X,6191,5094,3,60.2234937121778
A,GRAMD1C,54762,3899,3,46.0956815829959
A,SNX13,23161,2135,3,25.2409028416764
A,TIMM13,26517,3711,3,43.873063440497
A,RIPPLY2,134701,4984,3,58.9230256500774
A,FBRS,64319,4003,3,47.3252150235272
A,STT3A,3703,3722,3,44.0031102467071
A,HSF4,3299,4610,3,54.501434238936
A,FBN3,84467,3115,3,36.8268910312984
A,ATAD1,84896,5996,3,70.8873318214013
A,DAPK2,23604,2881,3,34.0604407901029
A,MSX1,4487,3243,3,38.3401629581061
A,ZDHHC22,283576,5523,3,65.2953191543695
A,H2AFY,9555,2403,3,28.4093159384302
A,SCLY,51540,4529,3,53.5438168477529
A,HDAC2,3066,3382,3,39.9834816911239
A,GATM,2628,2461,3,29.0950172802649
A,VARS2,57176,1867,3,22.0724897449226
A,HMSD,284293,4851,3,57.3506415386287
A,OR5P2,120065,5638,3,66.6548994011108
A,TUBB8,347688,7269,3,85.9372940309816
A,TGFBR3,7049,4210,3,49.7724594676617
A,JPH2,57158,2825,3,33.3983843221245
A,CYB5R4,51167,4368,3,51.640404502315
A,VSTM2B,342865,5362,3,63.3919068089316
A,SV2A,9900,3156,3,37.311610945354
A,CCNJL,79616,5080,3,60.0579795951832
A,SOX8,30812,1470,3,17.3789822844329
A,TMEM215,401498,2980,3,35.2308620459933
A,TXNL4A,10907,1863,3,22.0251999972099
A,GTPBP1,9567,3272,3,38.6830136290235
A,SLC26A2,1836,801,3,9.46977197947672
A,RING1,6015,4296,3,50.7891890434857
A,SLC5A3,6526,5999,3,70.9227991321858
A,KLC3,147700,5714,3,67.5534046076529
A,PARVA,55742,1606,3,18.9868337066662
A,MYBPC2,4606,3425,3,40.4918464790359
A,C11orf63,79864,2478,3,29.2959987080441
A,WLS,79971,3127,3,36.9687602744366
A,ARHGEF10,9639,2909,3,34.3914690240921
A,NEK10,152110,4914,3,58.0954550651044
A,PRUNE1,58497,5794,3,68.4991995619078
A,GCHFR,2644,3451,3,40.7992298391688
A,TRRAP,8295,2569,3,30.371840468509
A,SFRP4,6424,3128,3,36.9805827113648
A,MMAA,166785,3818,3,45.1380641918129
A,CAVIN1,284119,3819,3,45.1498866287411
A,PAFAH1B1,5048,5348,3,63.226392691937
A,USF1,7391,4602,3,54.4068547435105
A,EFNA2,1943,4950,3,58.5210627945191
A,SLC41A2,84102,5256,3,62.1387284945439
A,ZAR1,326340,4852,3,57.3624639755569
A,ACADM,34,5599,3,66.1938243609116
A,HOMER3,9454,6607,3,78.1108407845227
A,RNF175,285533,2956,3,34.9471235597168
A,ATP6V1C2,245973,2295,3,27.1324927501861
A,NR4A1,3164,3241,3,38.3165180842498
A,TRIM58,25893,1462,3,17.2844027890075
A,PPL,5493,2360,3,27.9009511505182
A,AGPAT2,10555,2772,3,32.7717951649307
A,MAPK12,6300,3085,3,36.4722179234528
A,TEX10,54881,3040,3,35.9402082616844
A,NLRP14,338323,4508,3,53.295545672261
A,CEP63,80254,6435,3,76.0773816328748
A,SKAP1,8631,4308,3,50.9310582866239
A,FBRSL1,57666,5634,3,66.6076096533981
A,TSPYL6,388951,6032,3,71.312939550816
A,MDK,4192,6866,3,81.1728519489228
A,SLC22A15,55356,4913,3,58.0836326281762
A,VGLL2,245806,10071,3,119.063762303758
A,ADGRV1,84059,7230,3,85.4762189907824
A,FHL2,2274,1967,3,23.2547334377412
A,TBC1D1,23216,2903,3,34.320534402523
A,ARHGAP23,57636,1662,3,19.6488901746446
A,PANX2,56666,3264,3,38.588434133598
A,KLRG2,346689,6828,3,80.7235993456518
A,MYEF2,50804,4222,3,49.9143287107999
A,PRRC2B,84726,5603,3,66.2411141086243
A,BBS4,585,7408,3,87.5806127639995
A,BMF,90427,5115,3,60.4717648876697
A,CTRB1,1504,4071,3,48.1291407346439
A,DESI2,51029,3319,3,39.2386681646483
A,MYH14,79784,4142,3,48.9685337565451
A,CHRDL1,91851,3876,3,45.8237655336477
A,PSMC3IP,29893,2684,3,31.7314207152503
A,FAM83C,128876,1445,3,17.0834213612283
A,SH3YL1,26751,3552,3,41.9932959689155
A,NHEJ1,79840,3852,3,45.5400270473712
A,CA7,766,3511,3,41.5085760548599
A,LMO7,4008,5175,3,61.1811111033608
A,BRD8,10902,3281,3,38.7894155613772
A,ARHGAP39,80728,3450,3,40.7874074022406
A,TUBGCP5,114791,1389,3,16.4213648932499
A,LANCL3,347404,4556,3,53.8630226448139
A,TMEM230,29058,5572,3,65.8746185638506
A,RCAN3,11123,1997,3,23.6094065455868
A,C19orf47,126526,2519,3,29.7807186220997
A,RHBDF1,64285,1967,3,23.2547334377412
A,KARS,3735,5983,3,70.7336401413349
A,LUC7L3,51747,4095,3,48.4128792209203
A,SLC2A4RG,56731,2287,3,27.0379132547606
A,UBAC1,10422,2830,3,33.4574965067655
A,CLASRP,11129,5428,3,64.1721876461918
A,ABHD14A,25864,3800,3,44.9252603271056
A,SEL1L3,23231,1338,3,15.8184206099124
A,SLC25A25,114789,1779,3,21.0321152952423
A,STAT5A,6776,2715,3,32.0979162600241
A,PRX,57716,3997,3,47.2542804019581
A,FKRP,79147,4034,3,47.691710568301
A,INO80E,283899,2900,3,34.2850670917384
A,MSH5,4439,2064,3,24.4015098197752
A,DNAJC30,84277,6827,3,80.7117769087236
A,C3orf18,51161,1229,3,14.5297749847402
A,NAPB,63908,3058,3,36.1530121263918
A,ABHD3,171586,4644,3,54.9033970944943
A,DENND2A,27147,2676,3,31.6368412198249
A,GCAT,23464,4386,3,51.8532083670224
A,KCNMB4,27345,6271,3,74.1385019766524
A,SREBF2,6721,2295,3,27.1324927501861
A,CPXM2,119587,3240,3,38.3046956473216
A,KLHL11,55175,3170,3,37.4771250623486
A,POPDC3,64208,3323,3,39.285957912361
A,CYP4V2,285440,2699,3,31.9087572691731
A,NIPAL2,79815,4729,3,55.90830423339
A,DRD5,1816,4351,3,51.4394230745359
A,USP22,23326,1742,3,20.5946851288994
A,TOX2,84969,3867,3,45.717363601294
A,UQCRFS1,7386,4663,3,55.1280233961298
A,RECQL4,9401,3887,3,45.9538123398577
A,DFNA5,1687,4418,3,52.2315263487243
A,CSNK1G1,53944,5020,3,59.3486333794921
A,NIPAL1,152519,1797,3,21.2449191599497
A,CARNS1,57571,2968,3,35.0889928028551
A,TMEM9B,56674,2687,3,31.7668880260349
A,KMT2B,9757,2080,3,24.5906688106262
A,NCK2,8440,5029,3,59.4550353118457
A,NKX6-2,84504,1267,3,14.9790275880112
A,MYCL,4610,3480,3,41.1420805100861
A,FOXG1,2290,2406,3,28.4447832492147
A,TECPR1,25851,2319,3,27.4162312364626
A,SNAP91,9892,3468,3,41.0002112669479
A,MAFK,7975,1687,3,19.9444510978492
A,PCBP1,5093,2430,3,28.7285217354912
A,OCSTAMP,128506,7052,3,83.3718252175654
A,CHMP1A,5119,3241,3,38.3165180842498
A,PKMYT1,9088,2947,3,34.8407216273632
A,B3GNT4,79369,4037,3,47.7271778790856
A,NIPA1,123606,5158,3,60.9801296755817
A,CMTM8,152189,5644,3,66.7258340226799
A,ANAPC1,64682,5262,3,62.209663116113
A,EIF5AL1,143244,4288,3,50.6946095480602
A,KAT5,10524,5726,3,67.6952738507911
A,ADAT2,134637,8414,3,99.4739843137542
A,RNFT1,51136,7159,3,84.6368259688812
A,UBL4B,164153,7507,3,88.7510340198898
A,MMP28,79148,2780,3,32.8663746603562
A,PRSS41,360226,4300,3,50.8364787911984
A,GATA5,140628,5325,3,62.9544766425887
A,BEX1,55859,944,3,11.1603804602073
A,NT5DC2,64943,3055,3,36.1175448156072
A,DPF1,8193,2092,3,24.7325380537644
A,TCEA1,6917,3261,3,38.5529668228135
A,L3HYPDH,112849,4788,3,56.605828012153
A,NCKAP1,10787,1790,3,21.1621621014524
A,TRAF7,84231,6157,3,72.7907441668392
A,PDLIM3,27295,1694,3,20.0272081563465
A,GHITM,27069,5659,3,66.9031705766027
A,ABCG1,9619,7030,3,83.1117316051453
A,BCL3,602,4561,3,53.9221348294549
A,SESN1,27244,4197,3,49.6187677875953
A,IFNL3,282617,4800,3,56.7476972552912
A,SKOR1,390598,5661,3,66.9268154504591
A,KCTD1,284252,7590,3,89.7322962849292
A,TBC1D30,23329,4002,3,47.3133925865991
A,DAPK1,1612,1562,3,18.466646481826
A,KREMEN1,83999,2609,3,30.8447379456364
A,ASRGL1,80150,1784,3,21.0912274798832
A,FNDC10,643988,4461,3,52.7398911366363
A,B4GALT1,2683,4131,3,48.838486950335
A,ADRA1A,148,4618,3,54.5960137343614
A,PDPK1,5170,5017,3,59.3131660687075
A,TRIB2,28951,5083,3,60.0934469059678
A,HMGCL,3155,2648,3,31.3058129858357
A,TSPAN13,27075,5188,3,61.3348027834273
A,C5orf24,134553,2256,3,26.6714177099869
A,ASPSCR1,79058,3800,3,44.9252603271056
A,MOCOS,55034,880,3,10.4037444968034
A,SCARA3,51435,6291,3,74.3749507152161
A,GNG7,2788,2687,3,31.7668880260349
A,SOCS3,9021,4800,3,56.7476972552912
A,SH3RF1,57630,3936,3,46.5331117493388
A,THOC7,80145,3856,3,45.587316795084
A,MCRIP1,348262,1865,3,22.0488448710663
A,RMND5B,64777,4521,3,53.4492373523274
A,SEC23B,10483,4512,3,53.3428354199738
A,NDUFV3,4731,2750,3,32.5117015525106
A,RSG1,79363,4677,3,55.2935375131244
A,PRADC1,84279,3682,3,43.5302127695796
A,RAB5C,5878,1539,3,18.1947304324777
A,LPAR2,9170,2883,3,34.0840856639593
A,GRK3,157,1559,3,18.4311791710415
A,ADI1,55256,3816,3,45.1144193179565
A,POLRMT,5442,3631,3,42.9272684862422
A,RAB1B,81876,4018,3,47.50255157745
A,EDC4,23644,4342,3,51.3330211421822
A,NCMAP,400746,3891,3,46.0011020875705
A,COPA,1314,3265,3,38.6002565705262
A,DTYMK,1841,4696,3,55.5181638147599
A,FAM114A1,92689,1451,3,17.1543559827974
A,CCND2,894,2830,3,33.4574965067655
A,TMEM223,79064,3503,3,41.4139965594344
A,BRD1,23774,3373,3,39.8770797587703
A,VPS26A,9559,2544,3,30.0762795453043
A,TMEM59L,25789,3883,3,45.906522592145
A,ZNF280C,55609,5420,3,64.0776081507663
A,PLCXD2,257068,4449,3,52.5980218934981
A,JAM2,58494,4916,3,58.1190999389608
A,RANBP9,10048,5681,3,67.1632641890228
A,NGEF,25791,3729,3,44.0858673052044
A,PLEKHG5,57449,2510,3,29.674316689746
A,KCNA3,3738,1814,3,21.4459005877288
A,DOLK,22845,4186,3,49.4887209813852
A,RP9,6100,3896,3,46.0602142722114
A,RNF31,55072,4280,3,50.6000300526347
A,C1orf21,81563,3974,3,46.9823643526099
A,ATXN2L,11273,1373,3,16.2322059023989
A,MUL1,79594,3219,3,38.0564244718297
A,C20orf194,25943,2934,3,34.6870299472968
A,ROPN1B,152015,3080,3,36.4131057388119
A,NUDT3,11165,3480,3,41.1420805100861
A,PRRG3,79057,2495,3,29.4969801358233
A,NRSN2,80023,3730,3,44.0976897421326
A,SLC20A2,6575,1691,3,19.991740845562
A,TIGD5,84948,3071,3,36.3067038064582
A,C14orf119,55017,4009,3,47.3961496450964
A,ZMAT2,153527,7513,3,88.821968641459
A,GFRA4,64096,5577,3,65.9337307484915
A,ICA1L,130026,6295,3,74.4222404629288
A,OSBPL2,9885,1962,3,23.1956212531003
A,PCSK1N,27344,1872,3,22.1316019295636
A,EPB41L1,2036,2410,3,28.4920729969275
A,NDUFB1,4707,4742,3,56.0619959134565
A,ELP5,23587,5521,3,65.2716742805131
A,CPT1C,126129,4819,3,56.9723235569268
A,CNOT3,4849,4390,3,51.9004981147351
A,AGTPBP1,23287,1930,3,22.8173032713983
A,SPDYC,387778,5359,3,63.356439498147
A,BCL7A,605,3130,3,37.0042275852212
A,CTSD,1509,3053,3,36.0938999417509
A,UNC119B,84747,3738,3,44.192269237558
A,ALCAM,214,6371,3,75.3207456694709
A,GTF2F1,2962,4346,3,51.3803108898949
A,TEFM,79736,5373,3,63.5219536151416
A,TDRD6,221400,1767,3,20.8902460521041
A,FOXI3,344167,4326,3,51.1438621513312
A,TCTEX1D4,343521,3373,3,39.8770797587703
A,ZXDA,7789,5370,3,63.4864863043571
A,SLCO2A1,6578,1239,3,14.647999354022
A,CEP164,22897,2293,3,27.1088478763297
A,PROK2,60675,1569,3,18.5494035403233
A,TRDMT1,1787,3812,3,45.0671295702438
A,PWWP2B,170394,3980,3,47.053298974179
A,CAMK1,8536,3699,3,43.7311941973588
A,PIGY,84992,5140,3,60.7673258108744
A,CXCL5,6374,2957,3,34.958945996645
A,RBMX2,51634,5664,3,66.9622827612437
A,POLR2E,5434,5964,3,70.5090138396993
A,UBE2N,7334,2603,3,30.7738033240673
A,PMEPA1,56937,3215,3,38.0091347241169
A,PRPF4,9128,2029,3,23.9877245272887
A,BTAF1,9044,4363,3,51.5812923176741
A,ECHDC1,55862,5992,3,70.8400420736885
A,GLUD1,2746,4732,3,55.9437715441746
A,MOB3A,126308,2061,3,24.3660425089907
A,SEC61A2,55176,4307,3,50.9192358496957
A,NUP54,53371,2652,3,31.3531027335484
A,MAML1,9794,3714,3,43.9085307512816
A,VLDLR,7436,3920,3,46.3439527584878
A,CCNE2,9134,3559,3,42.0760530274128
A,ZNF443,10224,3487,3,41.2248375685834
A,METTL1,4234,6050,3,71.5257434155233
A,CHTF18,63922,6491,3,76.7394381008532
A,SARS,6301,4167,3,49.2640946797497
A,RPLP2,6181,1642,3,19.4124414360809
A,CDH20,28316,3354,3,39.6524534571347
A,MIS18A,54069,3690,3,43.6247922650051
A,THRSP,7069,4356,3,51.4985352591768
A,VTI1B,10490,4388,3,51.8768532408787
A,TRIM72,493829,8226,3,97.2513661712553
A,TRIM32,22954,2418,3,28.586652492353
A,SOCS4,122809,5364,3,63.415551682788
A,ZNF324,25799,1992,3,23.5502943609459
A,ERGIC3,51614,2741,3,32.4052996201569
A,CCDC50,152137,2610,3,30.8565603825646
A,COL27A1,85301,3051,3,36.0702550678945
A,PLCB3,5331,2663,3,31.4831495397584
A,ZSCAN21,7589,2264,3,26.7659972054124
A,PKIG,11142,1684,3,19.9089837870647
A,NGFR,4804,2099,3,24.8152951122617
A,IMPDH2,3615,5436,3,64.2667671416173
A,AHSA1,10598,4186,3,49.4887209813852
A,ZBTB7B,51043,4893,3,57.8471838896125
A,PTPRK,5796,2325,3,27.4871658580317
A,ATP6V1A,523,2685,3,31.7432431521785
A,UAP1,6675,3955,3,46.7577380509743
A,EZH2,2146,978,3,11.5623433157656
A,UMPS,7372,5252,3,62.0914387468311
A,EXT1,2131,5870,3,69.3977047684499
A,CCDC14,64770,4624,3,54.6669483559306
A,CHAC1,79094,2522,3,29.8161859328843
A,SYCE1L,100130958,5818,3,68.7829380481842
A,PFN4,375189,3802,3,44.9489052009619
A,AKAP9,10142,2535,3,29.9698776129507
A,SRR,63826,9574,3,113.18801115045
A,LYRM7,90624,3592,3,42.4661934460429
A,ORC2,4999,8424,3,99.5922086830361
A,POM121,9883,2494,3,29.4851576988951
A,PAK4,10298,3688,3,43.6011473911488
A,MCEE,84693,5237,3,61.9141021929084
A,COQ8B,79934,3079,3,36.4012833018837
A,TMEM241,85019,4534,3,53.6029290323938
A,RABL2A,11159,2083,3,24.6261361214108
A,ATP2B2,491,2797,3,33.0673560881353
A,GORASP1,64689,1322,3,15.6292616190615
A,H2AFV,94239,1782,3,21.0675826060269
A,ZBTB48,3104,1945,3,22.9946398253211
A,EDEM3,80267,2757,3,32.5944586110079
A,RNF24,11237,3021,3,35.7155819600489
A,CTCF,10664,2206,3,26.0802958635776
A,C11orf68,83638,1528,3,18.0646836262677
A,SPPL2B,56928,2123,3,25.0990335985382
A,KDELR2,11014,2253,3,26.6359503992023
A,CDCA4,55038,4333,3,51.2266192098285
A,SURF1,6834,4381,3,51.7940961823814
A,LRIT1,26103,2181,3,25.784734940373
A,MRPL58,3396,3751,3,44.3459609176245
A,NEFL,4747,4140,3,48.9448888826887
A,UBE2J2,118424,1319,3,15.5937943082769
A,RAP2B,5912,3201,3,37.8436206071223
A,TBX15,6913,4437,3,52.4561526503598
A,CDCP1,64866,1400,3,16.5514116994599
A,LRRTM1,347730,4128,3,48.8030196395505
A,SRD5A3,79644,2701,3,31.9324021430295
A,NATD1,256302,4537,3,53.6383963431784
A,SPEM1,374768,1964,3,23.2192661269567
A,SDHB,6390,1394,3,16.4804770778908
A,SAMD4B,55095,3225,3,38.1273590933988
A,KLF6,1316,2771,3,32.7599727280025
A,DNHD1,144132,7173,3,84.8023400858758
A,FAM221A,340277,6198,3,73.2754640808948
A,TIMM9,26520,4868,3,57.5516229664079
A,ZNF229,7772,4030,3,47.6444208205883
A,CASP3,836,8589,3,101.542910776187
A,HSPA6,3310,3418,3,40.4090894205386
A,MUT,4594,4894,3,57.8590063265407
A,OTOL1,131149,6024,3,71.2183600553905
A,GCC1,79571,2924,3,34.5688055780149
A,C1orf105,92346,5346,3,63.2027478180806
A,WASF2,10163,5252,3,62.0914387468311
A,DCAKD,79877,3933,3,46.4976444385543
A,GABPB1,2553,4293,3,50.7537217327011
A,PPP1R3F,89801,3702,3,43.7666615081434
A,VPS33B,26276,3502,3,41.4021741225062
A,MEIS2,4212,3517,3,41.579510676429
A,CAPN2,824,8348,3,98.693703476494
A,SGTB,54557,7118,3,84.1521060548256
A,CREB3L2,64764,2525,3,29.8516532436688
A,TRIM11,81559,3578,3,42.3006793290483
A,CASP8AP2,9994,3298,3,38.9903969891564
A,TIMM29,90580,935,3,11.0539785278536
A,DDIT3,1649,6290,3,74.3631282782879
A,CYP1B1,1545,2872,3,33.9540388577493
A,SMIM11B,102723553,6710,3,79.3285517881259
A,RTN4,57142,4018,3,47.50255157745
A,BCL2L10,10017,2720,3,32.157028444665
A,ALDOA,226,3591,3,42.4543710091147
A,SH3BGR,6450,2093,3,24.7443604906926
A,HLA-DPB1,3115,4647,3,54.9388644052788
A,GBF1,8729,2697,3,31.8851123953168
A,EPM2AIP1,9852,4412,3,52.1605917271552
A,LSM8,51691,3199,3,37.819975733266
A,NT5C3A,51251,2137,3,25.2645477155328
A,PQBP1,10084,1683,3,19.8971613501365
A,GTF2IRD2B,389524,2548,3,30.1235692930171
A,PEAK1,79834,5047,3,59.6678391765531
A,TAF1C,9013,3930,3,46.4621771277697
A,VWA8,23078,3083,3,36.4485730495964
A,C6orf203,51250,965,3,11.4086516356992
A,TFPI2,7980,2055,3,24.2951078874216
A,INF2,64423,2361,3,27.9127735874464
A,ZDHHC20,253832,1039,3,12.2835119683849
A,GSG2,83903,2313,3,27.3452966148935
A,PARK7,11315,2710,3,32.0388040753832
A,SPR,6697,4702,3,55.589098436329
A,AMN,81693,2414,3,28.5393627446402
A,THSD1,55901,4127,3,48.7911972026223
A,CRTC3,64784,3832,3,45.3035783088075
A,PDS5A,23244,1661,3,19.6370677377164
A,HLA-B,3106,5384,3,63.6520004213517
A,TMBIM4,51643,2376,3,28.0901101413692
A,DFFB,1677,4517,3,53.4019476046147
A,RTFDC1,51507,1417,3,16.7523931272391
A,KCNC3,3748,1730,3,20.4528158857612
A,TMEM101,84336,4171,3,49.3113844274624
A,ZNF335,63925,8173,3,96.6247770140615
A,SLC15A4,121260,3889,3,45.9774572137141
A,TYRO3,7301,2180,3,25.7729125034448
A,ZNF527,84503,1204,3,14.2342140615355
A,CYB5D1,124637,2057,3,24.3187527612779
A,ERMP1,79956,4353,3,51.4630679483922
A,MYRIP,25924,3500,3,41.3785292486499
A,UBTF,7343,2302,3,27.2152498086834
A,GPR162,27239,3434,3,40.5982484113896
A,PGAM4,441531,3822,3,45.1853539395256
A,LGMN,5641,2017,3,23.8458552841505
A,NF2,4771,4407,3,52.1014795425143
A,ENO2,2026,4960,3,58.6392871638009
A,MKS1,54903,6230,3,73.6537820625967
A,MICALL2,79778,3707,3,43.8257736927843
A,DNAJC2,27000,8415,3,99.4858067506824
A,FGF16,8823,4721,3,55.8137247379646
A,EED,8726,3747,3,44.2986711699117
A,RIPK4,54101,4293,3,50.7537217327011
A,CPXCR1,53336,5847,3,69.1257887191016
A,MCIDAS,345643,3974,3,46.9823643526099
A,C3orf67,200844,2359,3,27.88912871359
A,SOWAHB,345079,4324,3,51.1202172774748
A,CCDC154,645811,2706,3,31.9915143276704
A,WFDC10A,140832,3094,3,36.5786198558065
A,KLHL22,84861,3714,3,43.9085307512816
A,DPYSL4,10570,2099,3,24.8152951122617
A,ATP6V1C1,528,4077,3,48.200075356213
A,DPP9,91039,3322,3,39.2741354754328
A,MANSC4,100287284,5329,3,63.0017663903015
A,RPL3,6122,6396,3,75.6163065926756
A,SBSN,374897,5605,3,66.2647589824807
A,WDR61,80349,4069,3,48.1054958607875
A,CNTNAP1,8506,6370,3,75.3089232325427
A,BRSK1,84446,3791,3,44.8188583947519
A,CRY2,1408,6255,3,73.9493429858014
A,SENP3,26168,3167,3,37.441657751564
A,LY75,4065,2531,3,29.9225878652379
A,MYCBPAP,84073,2213,3,26.1630529220749
A,LOC389602,389602,4180,3,49.4177863598161
A,TBXAS1,6916,3007,3,35.5500678430543
A,RNF222,643904,4151,3,49.0749356888987
A,LEUTX,342900,4798,3,56.7240523814349
A,ADCY7,113,2979,3,35.2190396090651
A,EDC3,80153,6135,3,72.5306505544191
A,ACAD10,80724,8433,3,99.6986106153898
A,TCTA,6988,3608,3,42.6553524368939
A,PPP1R15A,23645,2892,3,34.190487596313
A,RAMP1,10267,3245,3,38.3638078319625
A,N4BP1,9683,7275,3,86.0082286525508
A,COQ8A,56997,806,3,9.52888416411765
A,SPAG11B,10407,4948,3,58.4974179206627
A,PNLDC1,154197,4177,3,49.3823190490316
A,VGLL3,389136,3180,3,37.5953494316304
A,GLRX5,51218,4960,3,58.6392871638009
A,DPM3,54344,5943,3,70.2607426642075
A,ALKAL2,285016,1270,3,15.0144948987958
A,TOB1,10140,3273,3,38.6948360659517
A,OR52M1,119772,3819,3,45.1498866287411
A,SLC16A12,387700,3309,3,39.1204437953664
A,UBR4,23352,3235,3,38.2455834626807
A,P2RX4,5025,3965,3,46.8759624202562
A,NEPRO,25871,2403,3,28.4093159384302
A,ORMDL3,94103,6206,3,73.3700435763203
A,PSMA5,5686,2984,3,35.278151793706
A,RNF5,6048,7890,3,93.2790273633849
A,TUFT1,7286,3194,3,37.760863548625
A,BMI1,648,4709,3,55.6718554948263
A,HDLBP,3069,4292,3,50.7418992957729
A,LENG8,114823,3808,3,45.019839822531
A,POLR1E,64425,2948,3,34.8525440642914
A,COL4A6,1288,3994,3,47.2188130911736
A,FEZ2,9637,6185,3,73.1217724008284
A,MRGPRG,386746,6394,3,75.5926617188192
A,EID3,493861,5112,3,60.4362975768852
A,TMX2,51075,4984,3,58.9230256500774
A,PRDM4,11108,5534,3,65.4253659605795
A,CCDC57,284001,4914,3,58.0954550651044
A,USPL1,10208,3833,3,45.3154007457357
A,ARHGAP12,94134,4764,3,56.3220895258765
A,ADIG,149685,5528,3,65.3544313390104
A,NACA2,342538,6406,3,75.7345309619574
A,NUBPL,80224,2039,3,24.1059488965706
A,DENND6A,201627,2953,3,34.9116562489323
A,JTB,10899,848,3,10.0254265151015
A,TUBGCP6,85378,5580,3,65.969198059276
A,DEPDC4,120863,4830,3,57.1023703631368
A,IL37,27178,2279,3,26.9433337593351
A,A1CF,29974,2523,3,29.8280083698125
A,RAB37,326624,2170,3,25.6546881341629
A,PLCE1,51196,5735,3,67.8016757831448
A,MRPS25,64432,2158,3,25.5128188910247
A,DUSP18,150290,3277,3,38.7421258136645
A,DISP2,85455,1357,3,16.043046911548
A,MST1R,4486,3810,3,45.0434846963874
A,SNX7,51375,1132,3,13.3829986027062
A,SRM,6723,1944,3,22.9828173883929
A,PCDHA1,56147,2251,3,26.6123055253459
A,ALDH8A1,64577,4960,3,58.6392871638009
A,HNF4G,3174,6346,3,75.0251847462663
A,ARL17A,51326,2655,3,31.388570044333
A,PSMA3,5684,3606,3,42.6317075630375
A,PPP1R10,5514,3933,3,46.4976444385543
A,EPS8,2059,3799,3,44.9134378901774
A,OSBPL8,114882,3882,3,45.8947001552168
A,FZD6,8323,6190,3,73.1808845854693
A,ALDH4A1,8659,5275,3,62.3633547961794
A,KRT83,3889,4742,3,56.0619959134565
A,TRADD,8717,4505,3,53.2600783614765
A,ANAPC10,10393,2666,3,31.518616850543
A,ZKSCAN7,55888,2740,3,32.3934771832287
A,OR10A6,390093,3661,3,43.2819415940877
A,PPP1R3G,648791,3192,3,37.7372186747687
A,ZNF676,163223,4429,3,52.3615731549343
A,SCML4,256380,4435,3,52.4325077765035
A,TSPAN14,81619,4796,3,56.7004075075785
A,ZRANB1,54764,4283,3,50.6354973634192
A,BATF2,116071,4658,3,55.0689112114889
A,TMEM143,55260,5554,3,65.6618146991432
A,EMX2,2018,5412,3,63.9830286553409
A,NICN1,84276,3410,3,40.3145099251131
A,XKR3,150165,4384,3,51.829563493166
A,SAXO1,158297,2450,3,28.9649704740549
A,HAO2,51179,6111,3,72.2469120681426
A,EFCAB7,84455,3956,3,46.7695604879025
A,ARL17B,100506084,2875,2,33.9895061685338
A,OR1N2,138882,7171,3,84.7786952120194
A,TMEM133,83935,4201,3,49.666057535308
A,PGAM2,5224,2217,3,26.2103426697876
A,AREG,374,5917,3,69.9533593040746
A,CEACAM3,1084,4531,3,53.5674617216093
A,C16orf96,342346,5027,3,59.4313904379894
A,C1QTNF12,388581,4183,3,49.4532536706007
A,MS4A13,503497,6132,3,72.4951832436345
A,IFT27,11020,2769,3,32.7363278541461
A,ARHGAP27,201176,4319,3,51.0611050928339
A,CSDE1,7812,5581,3,65.9810204962042
A,SIRT3,23410,3333,3,39.4041822816428
A,TMIE,259236,5610,3,66.3238711671216
A,FOLR2,2350,5071,3,59.9515776628295
A,COL2A1,1280,4372,3,51.6876942500278
A,CALCR,799,6095,3,72.0577530772917
A,UBL4A,8266,3650,3,43.1518947878777
A,SLC33A1,9197,4723,3,55.8373696118209
A,FKBP4,2288,4528,3,53.5319944108247
A,IQSEC2,23096,2412,3,28.5157178707838
A,MAGIX,79917,4338,3,51.2857313944694
A,MBNL2,10150,4999,3,59.1003622040002
A,ZNF98,148198,5750,3,67.9790123370676
A,HSPA13,6782,3938,3,46.5567566231952
A,DGCR6L,85359,2962,3,35.018058181286
A,RASSF1,11186,5719,3,67.6125167922939
A,SLITRK1,114798,5991,3,70.8282196367604
A,HNRNPCL4,101060301,3999,3,47.2779252758145
A,ATG4D,84971,2602,3,30.7619808871391
A,TTLL6,284076,3727,3,44.062222431348
A,SLC6A1,6529,3951,3,46.7104483032616
A,IMPDH1,3614,4661,3,55.1043785222734
A,C1orf94,84970,4994,3,59.0412500193592
A,FILIP1,27145,7766,3,91.8130451842899
A,FLG,2312,3718,3,43.9558204989943
A,EMC6,83460,4201,3,49.666057535308
A,RREB1,6239,5413,3,63.994851092269
A,PSMA6,5687,5621,3,66.4539179733317
A,UQCRHL,440567,4513,3,53.3546578569019
A,SUPT20HL2,170067,5604,3,66.2529365455525
A,SLC25A40,55972,3450,3,40.7874074022406
A,UROC1,131669,5341,3,63.1436356334397
A,FOXP2,93986,3278,3,38.7539482505926
A,ZNF764,92595,2378,3,28.1137550152255
A,ABCA8,10351,4162,3,49.2049824951088
A,HMGB4,127540,5303,3,62.6943830301686
A,ALKBH8,91801,4326,3,51.1438621513312
A,HLA-DOB,3112,6880,3,81.3383660659174
A,CEP55,55165,2476,3,29.2723538341877
A,GALNTL5,168391,7763,3,91.7775778735054
A,CDKN1C,1028,2193,3,25.9266041835112
A,FABP3,2170,3092,3,36.5549749819501
A,KCNJ11,3767,2492,3,29.4615128250387
A,CDK5R2,8941,2343,3,27.699969722739
A,PADI4,23569,6029,3,71.2774722400314
A,GNG11,2791,3838,3,45.3745129303766
A,MAPRE1,22919,5104,3,60.3417180814597
A,FBXL20,84961,3638,3,43.0100255447395
A,PHKG2,5261,5619,3,66.4302730994753
A,EPHB1,2047,6167,3,72.908968536121
A,STX3,6809,3661,3,43.2819415940877
A,HYPM,25763,5435,3,64.2549447046891
A,GABRG1,2565,7092,3,83.8447226946928
A,HAUS5,23354,2106,3,24.898052170759
A,PLK4,10733,1996,3,23.5975841086586
A,PDCD1LG2,80380,5371,3,63.4983087412853
A,TRNP1,388610,5144,3,60.8146155585871
A,PCDHGB5,56101,4413,3,52.1724141640834
A,PLSCR2,57047,3076,3,36.3658159910991
A,FAM24A,118670,5673,3,67.0686846935973
A,SPINT3,10816,7646,3,90.3943527529076
A,NUDT16L1,84309,3860,3,45.6346065427967
A,SELENOH,280636,3974,3,46.9823643526099
A,ROPN1L,83853,5659,3,66.9031705766027
A,TNKS,8658,7656,3,90.5125771221895
A,C17orf77,146723,4438,3,52.467975087288
A,NELFE,7936,697,1,8.24023853894541
A,APEX2,27301,3376,3,39.9125470695548
A,PYHIN1,149628,3333,3,39.4041822816428
A,HARS2,23438,5224,3,61.7604105128419
A,PRDX5,25824,3861,3,45.6464289797249
A,SLC50A1,55974,3362,3,39.7470329525602
A,KMO,8564,5016,3,59.3013436317793
A,MDFI,4188,1772,3,20.949358236745
A,GMPPA,29926,8850,3,104.628566814443
A,MYBPC1,4604,7505,3,88.7273891460335
A,LY6G6D,58530,4224,3,49.9379735846563
A,C2orf66,401027,9999,3,118.212546844929
A,DBR1,51163,5960,3,70.4617240919866
A,HDHD2,84064,4878,3,57.6698473356897
A,SAMD7,344658,7250,3,85.7126677293461
A,SIX4,51804,7180,3,84.8850971443731
A,AMBN,258,5805,3,68.6292463681178
A,MRPS17,51373,6071,3,71.7740145910152
A,OR52B6,340980,2284,3,27.0024459439761
A,NEK5,341676,3765,3,44.5114750346191
A,NEK4,6787,2357,3,27.8654838397336
A,ERN2,10595,4316,3,51.0256377820494
A,CFL2,1073,2390,3,28.2556242583638
A,OR2T2,401992,8263,3,97.6887963375982
A,PPP2R5E,5529,4242,3,50.1507774493636
A,ABLIM3,22885,4108,3,48.5665709009868
A,JPT1,51155,4468,3,52.8226481951336
A,DUSP3,1845,5517,3,65.2243845328004
A,PIM2,11040,2402,3,28.397493501502
A,TTC36,143941,7371,3,87.1431825976566
A,SLC4A2,6522,5168,3,61.0983540448636
A,PSPH,5723,2235,3,26.423146534495
A,TBX22,50945,3747,3,44.2986711699117
A,LDB3,11155,8062,3,95.3124865150329
A,FBXO47,494188,4585,3,54.2058733157313
A,ITPR1,3708,3400,3,40.1962855558313
A,TMEM151B,441151,2841,3,33.5875433129755
A,DNTT,1791,6511,3,76.9758868394169
A,IFT80,57560,4426,3,52.3261058441498
A,C7orf77,154872,4312,3,50.9783480343366
A,RBM26,64062,7729,3,91.3756150179471
A,MYO15B,80022,4290,3,50.7182544219165
A,PAGE3,139793,5202,3,61.5003169004219
A,XAGE3,170626,8313,3,98.2799181840075
A,HDC,3067,7584,3,89.6613616633601
A,PDE6B,5158,5065,3,59.8806430412604
A,GP6,51206,4914,3,58.0954550651044
A,CFAP47,286464,5610,3,66.3238711671216
A,TPM2,7169,2387,3,28.2201569475792
A,LYPD2,137797,3154,3,37.2879660714976
A,NDUFS3,4722,6419,3,75.8882226420238
A,CCL21,6366,8355,3,98.7764605349913
A,ASB8,140461,5902,3,69.7760227501518
A,NOSTRIN,115677,5623,3,66.477562847188
A,UTP14C,9724,6271,3,74.1385019766524
A,TIPIN,54962,3727,3,44.062222431348
A,TAF6L,10629,4676,3,55.2817150761962
A,CTSG,1511,2340,3,27.6645024119545
A,IDH3A,3419,7193,3,85.0387888244396
A,TMEM251,26175,4368,3,51.640404502315
A,MYRFL,196446,2869,3,33.9185715469647
A,PRSS1,5644,4876,3,57.6462024618333
A,STEAP1B,256227,5665,3,66.9741051981718
A,DLGAP1,9229,7606,3,89.9214552757802
A,C15orf39,56905,5768,3,68.191816201775
A,RBM45,129831,4938,3,58.3791935513808
A,FARSB,10056,2889,3,34.1550202855284
A,ZNF519,162655,1581,3,18.6912727834615
A,ACSM5,54988,4455,3,52.6689565150672
A,C7orf71,285941,4089,3,48.3419445993512
A,EID2,163126,7395,3,87.4269210839331
A,WWC1,23286,4361,3,51.5576474438177
A,TMIGD1,388364,4997,3,59.0767173301438
A,USP17L10,100287144,2860,2,33.812169614611
A,MAGED1,9500,2653,3,31.3649251704766
A,ZNF648,127665,4938,3,58.3791935513808
A,MS4A5,64232,6731,3,79.5768229636178
A,RWDD3,25950,4060,3,47.9990939284338
A,TSPEAR,54084,4211,3,49.7842819045899
A,DCAF16,54876,6404,3,75.710886088101
A,NLK,51701,5052,3,59.726951361194
A,DUX4,100288687,4278,3,50.5763851787783
A,CCDC15,80071,2088,3,24.6852483060517
A,AGL,178,1672,3,19.7671145439264
A,SOX1,6656,2924,3,34.5688055780149
A,PNPLA8,50640,4321,3,51.0847499666903
A,MRGPRX2,117194,4651,3,54.9861541529916
A,ADRB2,154,5382,3,63.6283555474953
A,PBDC1,51260,5737,3,67.8253206570012
A,ZNF30,90075,3497,3,41.3430619378653
A,TMEM202,338949,4396,3,51.9714327363042
A,GAL3ST1,9514,3259,3,38.5293219489571
A,ZNF770,54989,2081,3,24.6024912475544
A,PDYN,5173,2946,3,34.828899190435
A,PNOC,5368,3098,3,36.6259096035192
A,GDF7,151449,4130,3,48.8266645134068
A,FAM107A,11170,7702,3,91.056409220886
A,NDUFAF4,29078,5945,3,70.2843875380638
A,CDK18,5129,3817,3,45.1262417548847
A,FBXW7,55294,5621,3,66.4539179733317
A,KCNE3,10008,4974,3,58.8048012807955
A,TEKT4,150483,4985,3,58.9348480870056
A,GLIPR1L1,256710,5019,3,59.3368109425639
A,CRHBP,1393,3744,3,44.2632038591272
A,ABCA5,23461,4415,3,52.1960590379397
A,BTG2,7832,5531,3,65.389898649795
A,GRPEL1,80273,4363,3,51.5812923176741
A,TUBB3,10381,3539,3,41.8396042888491
A,CXCR2,3579,5365,3,63.4273741197161
A,FBXW12,285231,7391,3,87.3796313362203
A,STK19,8859,2236,2,26.4349689714232
A,SLC4A9,83697,5302,3,62.6825605932404
A,TMEM237,65062,2521,3,29.8043634959561
A,ZNF710,374655,4869,3,57.563445403336
A,MSMO1,6307,5605,3,66.2647589824807
A,HIST1H2BE,8344,4354,3,51.4748903853204
A,PAWR,5074,4252,3,50.2690018186455
A,ABCC12,94160,4437,3,52.4561526503598
A,CEACAM8,1088,3302,3,39.0376867368691
A,PDCD2,5134,2604,3,30.7856257609955
A,STON2,85439,1157,3,13.6785595259108
A,LAP3,51056,6119,3,72.3414915635681
A,COA3,28958,3785,3,44.7479237731828
A,RMDN1,51115,3425,3,40.4918464790359
A,FANCC,2176,1573,3,18.5966932880361
A,MMP12,4321,5937,3,70.1898080426383
A,SLC22A1,6580,4998,3,59.088539767072
A,SFTA3,253970,4156,3,49.1340478735397
A,HCAR1,27198,3604,3,42.6080626891812
A,RCAN2,10231,3297,3,38.9785745522282
A,MAP10,54627,3664,3,43.3174089048723
A,KLF7,8609,3279,3,38.7657706875208
A,CEACAM1,634,3164,3,37.4061904407795
A,CEACAM7,1087,3598,3,42.537128067612
A,CEACAM6,4680,5404,3,63.8884491599154
A,CD200,4345,4623,3,54.6551259190024
A,NKX2-2,4821,5278,3,62.398822106964
A,FUS,2521,1102,3,13.0283254948606
A,LOC101928841,101928841,5240,3,61.9495695036929
A,ITLN1,55600,4677,3,55.2935375131244
A,MAST3,23031,3987,3,47.1360560326763
A,DPPA4,55211,2071,3,24.4842668782725
A,SPATA46,284680,4209,3,49.7606370307335
A,SLC25A37,51312,2838,3,33.5520760021909
A,MED19,219541,7931,3,93.7637472774406
A,MDM2,4193,2896,3,34.2377773440257
A,STRN4,29888,2861,3,33.8239920515392
A,OR4X2,119764,2126,3,25.1345009093227
A,MLC1,23209,2259,3,26.7068850207714
A,CYB5R2,51700,6596,3,77.9807939783127
A,GNAI2,2771,6286,3,74.3158385305751
A,TUBA1C,84790,5039,3,59.5732596811276
A,IFI27,3429,5682,3,67.175086625951
A,CDK8,1024,3506,3,41.449463870219
A,GPR20,2843,3138,3,37.0988070806466
A,DMXL2,23312,4931,3,58.2964364928836
A,COL4A5,1287,3622,3,42.8208665538885
A,TEAD2,8463,2412,3,28.5157178707838
A,NIPAL4,348938,3075,3,36.3539935541709
A,PFN1,5216,4789,3,56.6176504490812
A,OCIAD2,132299,4284,3,50.6473198003474
A,TGIF2-C20orf24,100527943,1407,3,16.6341687579572
A,GPR85,54329,8335,3,98.5400117964276
A,BATF3,55509,4297,3,50.8010114804138
A,SAMD4A,23034,1995,3,23.5857616717304
A,TMEM267,64417,6193,3,73.2163518962539
A,PCDHGA7,56108,4148,3,49.0394683781142
A,KHK,3795,2211,3,26.1394080482185
A,MSX2,4488,2141,3,25.3118374632455
A,C4orf47,441054,4330,3,51.191151899044
A,ST6GALNAC5,81849,2098,3,24.8034726753335
A,ZNF778,197320,5451,3,64.4441036955401
A,SCOC,60592,3484,3,41.1893702577989
A,ZDHHC2,51201,2407,3,28.4566056861429
A,RUNDC3B,154661,4128,3,48.8030196395505
A,SH3BP5,9467,1857,3,21.9542653756408
A,DYRK2,8445,4149,3,49.0512908150424
A,TEKT5,146279,4712,3,55.7073228056109
A,HIRA,7290,1683,3,19.8971613501365
A,OR9Q1,219956,4872,3,57.5989127141206
A,TBC1D3L,101060376,3692,2,43.6484371388615
A,SLC2A1,6513,4068,3,48.0936734238593
A,MED17,9440,5344,3,63.1791029442242
A,ATN1,1822,1613,3,19.0695907651635
A,ANK2,287,3605,3,42.6198851261093
A,TRMT10C,54931,5250,3,62.0677938729748
A,NBPF4,148545,4424,3,52.3024609702934
A,DYNC2LI1,51626,1816,3,21.4695454615852
A,NOXA1,10811,3203,3,37.8672654809787
A,ENTPD3,956,3558,3,42.0642305904846
A,HERC6,55008,3275,3,38.7184809398081
A,ZBTB26,57684,1919,3,22.6872564651883
A,TELO2,9894,4300,3,50.8364787911984
A,ADGRL4,64123,2637,3,31.1757661796256
A,RHOC,389,3444,3,40.7164727806715
A,ATP2A2,488,3837,3,45.3626904934484
A,NACC1,112939,4887,3,57.7762492680434
A,EXOSC7,23016,4564,3,53.9576021402394
A,ZNRF2,223082,3290,3,38.8958174937309
A,CDK13,8621,1747,3,20.6537973135404
A,ARFGEF1,10565,5599,3,66.1938243609116
A,OGDHL,55753,4136,3,48.8975991349759
A,ESRRB,2103,1540,3,18.2065528694059
A,WDR77,79084,2535,3,29.9698776129507
A,TCF7L1,83439,3926,3,46.414887380057
A,CSNK1G3,1456,4480,3,52.9645174382718
A,CGREF1,10669,3945,3,46.6395136816925
A,RGS6,9628,2863,3,33.8476369253956
A,LRRK1,79705,1777,3,21.0084704213859
A,VDAC3,7419,6604,3,78.0753734737382
A,ZNF121,7675,5578,3,65.9455531854197
A,PORCN,64840,2401,3,28.3856710645738
A,PAPD7,11044,2747,3,32.476234241726
A,POC1B,282809,4572,3,54.0521816356649
A,INTS1,26173,4609,3,54.4896118020078
A,CYB5R1,51706,4667,3,55.1753131438425
A,PLD2,5338,2728,3,32.2516079400905
A,CDHR2,54825,3180,3,37.5953494316304
A,PHF5A,84844,1306,3,15.4401026282105
A,ZNF556,80032,2518,3,29.7688961851715
A,KRBOX1,100506243,2965,3,35.0535254920705
A,MACF1,23499,5356,3,63.3209721873625
A,PSMC4,5704,6430,3,76.0182694482339
A,NUFIP2,57532,2741,3,32.4052996201569
A,UBQLN4,56893,891,3,10.5337913030134
A,ARID4A,5926,4065,3,48.0582061130748
A,HSD17B13,345275,4283,3,50.6354973634192
A,PCTP,58488,2797,3,33.0673560881353
A,TRIL,9865,1322,3,15.6292616190615
A,PRR12,57479,3942,3,46.6040463709079
A,PEAR1,375033,4763,3,56.3102670889484
A,CHD3,1107,2074,3,24.5197341890571
A,ATP8A1,10396,1902,3,22.4862750374091
A,BAIAP2L1,55971,3571,3,42.217922270551
A,GLI2,2736,4169,3,49.2877395536061
A,C7orf61,402573,4544,3,53.7211534016757
A,ICOSLG,23308,3530,3,41.7332023564954
A,RBM23,55147,6994,3,82.6861238757306
A,ZDHHC9,51114,2901,3,34.2968895286666
A,CASR,846,2412,3,28.5157178707838
A,ATP6V1E2,90423,287,1,3.39303939838929
A,MYOCD,93649,3527,3,41.6977350457109
A,LGALS2,3957,4020,3,47.5261964513064
A,OSR1,130497,2528,3,29.8871205544534
A,PABPC3,5042,4133,3,48.8621318241914
A,KCTD5,54442,1998,3,23.621228982515
A,ABL2,27,3474,3,41.071145888517
A,SF1,7536,810,3,9.57617391183039
A,LPIN3,64900,3629,3,42.9036236123858
A,APOH,350,5243,3,61.9850368144775
A,PGA3,643834,5487,3,64.8697114249548
A,IER3,8870,6815,3,80.5699076655854
A,RNF20,56254,3755,3,44.3932506653372
A,PRAMEF19,645414,2818,2,33.3156272636272
A,FPGT,8790,4215,3,49.8315716523026
A,RABGEF1,27342,2681,3,31.6959534044658
A,FNBP1,23048,745,3,8.80771551149833
A,NEBL,10529,3541,3,41.8632491627055
A,PRR5L,79899,6972,3,82.4260302633105
A,RAPGEF1,2889,982,3,11.6096330634783
A,SEPSECS,51091,1887,3,22.3089384834864
A,C19orf60,55049,3679,3,43.4947454587951
A,ZNF502,91392,4593,3,54.3004528111568
A,ASAP2,8853,2510,3,29.674316689746
A,DNPH1,10591,2348,3,27.75908190738
A,HOOK2,29911,2221,3,26.2576324175004
A,ZFHX4,79776,5029,3,59.4550353118457
A,FAM83D,81610,3765,3,44.5114750346191
A,SLC25A1,6576,2442,3,28.8703909786294
A,TYW1B,441250,3030,3,35.8219838924026
A,NF1,4763,7915,3,93.5745882865896
A,CCDC18,343099,6042,3,71.4311639200978
A,KCNAB3,9196,6689,3,79.080280612634
A,FTSJ1,24140,5160,3,61.0037745494381
A,RNF135,84282,4290,3,50.7182544219165
A,SLC20A1,6574,2185,3,25.8320246880857
A,CARM1,10498,3347,3,39.5696963986374
A,CBFA2T2,9139,2410,3,28.4920729969275
A,NANOS1,340719,997,3,11.7869696174011
A,NIN,51199,2243,3,26.5177260299205
A,OTOG,340990,3316,3,39.2032008538637
A,EIF4B,1975,3231,3,38.1982937149679
A,LRRC14B,389257,5810,3,68.6883585527588
A,GABBR2,9568,2978,3,35.2072171721369
A,KDM2B,84678,2538,3,30.0053449237352
A,COL24A1,255631,3010,3,35.5855351538389
A,CTGF,1490,5767,3,68.1799937648468
A,XXYLT1,152002,1968,3,23.2665558746694
A,PRAM1,84106,4799,3,56.735874818363
A,TMEM41B,440026,2946,3,34.828899190435
A,RBBP7,5931,2331,3,27.5581004796008
A,BPNT1,10380,4867,3,57.5398005294797
A,TFEB,7942,1315,3,15.5465045605642
A,MROH6,642475,3733,3,44.1331570529171
A,ZC3HAV1,56829,3472,3,41.0475010146607
A,UGT2B28,54490,4156,3,49.1340478735397
A,MAP3K2,10746,2031,3,24.0113694011451
A,RELA,5970,1153,3,13.6312697781981
A,SLC35F1,222553,3397,3,40.1608182450467
A,ANAPC5,51433,2940,3,34.7579645688659
A,C6orf62,81688,1464,3,17.3080476628638
A,MYO7A,4647,3498,3,41.3548843747935
A,DNAJC11,55735,5559,3,65.7209268837842
A,HSPA12B,116835,3228,3,38.1628264041833
A,TGM7,116179,5063,3,59.8569981674041
A,CENPQ,55166,3728,3,44.0740448682762
A,ADGRF3,165082,4519,3,53.4255924784711
A,C2orf73,129852,3289,3,38.8839950568027
A,RNF14,9604,2365,3,27.9600633351591
A,WASHC1,100287171,4589,3,54.2531630634441
A,OR52N5,390075,5092,3,60.1998488383214
A,WFDC9,259240,4182,3,49.4414312336725
A,DNAJC13,23317,2345,3,27.7236145965954
A,TNMD,64102,6435,3,76.0773816328748
A,PPFIBP2,8495,6962,3,82.3078058940287
A,SNPH,9751,2441,3,28.8585685417012
A,RAD51AP2,729475,6700,3,79.210327418844
A,ZNF695,57116,4496,3,53.1536764291228
A,CSF1,1435,5458,3,64.5268607540374
A,ROBO2,6092,5176,3,61.1929335402891
A,FGF14,2259,9699,3,114.665815766473
A,TANC1,85461,3912,3,46.2493732630624
A,XCL1,6375,3483,3,41.1775478208707
A,PRMT9,90826,5344,3,63.1791029442242
A,RDM1,201299,5213,3,61.6303637066319
A,SEMA4G,57715,3302,3,39.0376867368691
A,MROH8,140699,3097,3,36.614087166591
A,SLC48A1,55652,3345,3,39.5460515247811
A,FAM189A2,9413,5794,3,68.4991995619078
A,FTO,79068,4335,3,51.2502640836849
A,PCDHA3,56145,1997,3,23.6094065455868
A,SMIM5,643008,2510,3,29.674316689746
A,MED22,6837,2889,3,34.1550202855284
A,TRIM51,84767,8196,3,96.8966930634098
A,XPR1,9213,3344,3,39.5342290878529
A,TBCE,6905,3870,3,45.7528309120786
A,SNRPB,6628,4894,3,57.8590063265407
A,USH2A,7399,4195,3,49.5951229137389
A,PSMB11,122706,4846,3,57.2915293539878
A,UBE2C,11065,2434,3,28.7758114832039
A,TRIM25,7706,4770,3,56.3930241474457
A,PARP16,54956,2348,3,27.75908190738
A,SOCS7,30837,2586,3,30.5728218962881
A,WNT4,54361,1428,3,16.8824399334491
A,MN1,4330,3338,3,39.4632944662838
A,MGST2,4258,4725,3,55.8610144856773
A,PREPL,9581,4769,3,56.3812017105175
A,INTS10,55174,2600,3,30.7383360132828
A,WIPI2,26100,2757,3,32.5944586110079
A,CAGE1,285782,2506,3,29.6270269420333
A,SLC6A13,6540,6774,3,80.0851877515298
A,CBLC,23624,2113,3,24.9808092292563
A,BEX4,56271,3440,3,40.6691830329587
A,ADAMTS15,170689,4614,3,54.5487239866487
A,FAM19A2,338811,6520,3,77.0822887717706
A,PPP1R9B,84687,1484,3,17.5444964014275
A,PCDH1,5097,2932,3,34.6633850734404
A,ARHGAP9,64333,5303,3,62.6943830301686
A,KLK11,11012,1671,3,19.7552921069983
A,GC,2638,4560,3,53.9103123925267
A,ELP3,55140,3362,3,39.7470329525602
A,ZNF729,100287226,5472,3,64.692374871032
A,CLN3,1201,5429,3,64.18401008312
A,CUBN,8029,5020,3,59.3486333794921
A,EFTUD2,9343,4766,3,56.3457343997329
A,PSMD10,5716,5474,3,64.7160197448884
A,SPAG16,79582,6394,3,75.5926617188192
A,EIF1AY,9086,8651,3,102.275901865734
A,C11orf71,54494,6962,3,82.3078058940287
A,CENPI,2491,3694,3,43.6720820127179
A,MT1HL1,645745,7829,3,92.5578587107656
A,GDI2,2665,5883,3,69.5513964485163
A,BOK,666,3180,3,37.5953494316304
A,JMJD6,23210,4133,3,48.8621318241914
A,PRPF8,10594,8060,3,95.2888416411765
A,ANXA1,301,7760,3,91.7421105627208
A,GMPR2,51292,6797,3,80.357103800878
A,OAZ3,51686,2805,3,33.1619355835608
A,COL5A2,1290,7707,3,91.115521405527
A,MEF2A,4205,3143,3,37.1579192652876
A,RASSF9,9182,4251,3,50.2571793817173
A,AMY2B,280,6059,3,71.632145347877
A,SPHAR,10638,5186,3,61.3111579095709
A,BCL2L14,79370,10253,3,121.215445824688
A,ZBTB45,84878,7146,3,84.4831342888148
A,SLC26A4,5172,2865,3,33.871281799252
A,CD27,939,3455,3,40.8465195868815
A,CALHM2,51063,3877,3,45.8355879705758
A,PPP1R12B,4660,2878,3,34.0249734793184
A,FFAR2,2867,4988,3,58.9703153977901
A,LRRC10,376132,4390,3,51.9004981147351
A,GPR22,2845,4977,3,58.8402685915801
A,IFI27L1,122509,5202,3,61.5003169004219
A,TM4SF5,9032,7517,3,88.8692583891717
A,GPR52,9293,5507,3,65.1061601635185
A,PCP4L1,654790,4627,3,54.7024156667151
A,ZNF226,7769,5108,3,60.3890078291724
A,MYOZ1,58529,2216,3,26.1985202328594
A,SBDS,51119,4257,3,50.3281140032864
A,TBX4,9496,3444,3,40.7164727806715
A,IQGAP3,128239,4107,3,48.5547484640586
A,PRAC1,84366,4339,3,51.2975538313976
A,KLK13,26085,5376,3,63.5574209259262
A,ADAD2,161931,4011,3,47.4197945189527
A,NUMBL,9253,2210,3,26.1275856112903
A,ATP13A2,23400,3472,3,41.0475010146607
A,CBY1,25776,4671,3,55.2226028915553
A,KCNH8,131096,4593,3,54.3004528111568
A,OR7C1,26664,3555,3,42.0287632797001
A,ZNF264,9422,5260,3,62.1860182422566
A,HSPB9,94086,4506,3,53.2719007984046
A,RAG2,5897,4565,3,53.9694245771676
A,GALNT15,117248,5902,3,69.7760227501518
A,SLAMF7,57823,8116,3,95.9508981091549
A,TSPYL4,23270,7678,3,90.7726707346096
A,MNDA,4332,3706,3,43.8139512558561
A,GPC4,2239,2972,3,35.1362825505678
A,GHDC,84514,4893,3,57.8471838896125
A,B3GAT2,135152,4526,3,53.5083495369684
A,ARL2BP,23568,4757,3,56.2393324673792
A,AMY1B,277,7775,3,91.9194471166436
A,F10,2159,5202,3,61.5003169004219
A,CCL3,6348,4928,3,58.260969182099
A,SBF2,81846,3403,3,40.2317528666158
A,PWP1,11137,2865,3,33.871281799252
A,CROCC,9696,5614,3,66.3711609148344
A,C10orf126,283080,7507,3,88.7510340198898
A,NRSN1,140767,5190,3,61.3584476572836
A,TM4SF1,4071,4205,3,49.7133472830208
A,CYP1A1,1543,7234,3,85.5235087384951
A,KPNA1,3836,3942,3,46.6040463709079
A,BCL11A,53335,4596,3,54.3359201219414
A,SEMA3B,7869,6897,3,81.5393474936966
A,THEMIS,387357,4437,3,52.4561526503598
A,RBM17,84991,2031,3,24.0113694011451
A,WASHC3,51019,6634,3,78.4300465815838
A,SLC30A1,7779,6017,3,71.1356029968932
A,NPHP4,261734,4558,3,53.8866675186703
A,PPM1F,9647,3314,3,39.1795559800073
A,KLHDC8A,55220,2615,3,30.9156725672055
A,AP1AR,55435,8146,3,96.3055712170005
A,SWSAP1,126074,3230,3,38.1864712780397
A,CLSTN3,9746,4760,3,56.2747997781638
A,SPATA33,124045,1554,3,18.3720669864005
A,MAGEA10,4109,9160,3,108.293522262181
A,CYP2R1,120227,2548,3,30.1235692930171
A,MPV17L2,84769,4568,3,54.0048918879521
A,FBXO9,26268,3632,3,42.9390909231704
A,CRYM,1428,4382,3,51.8059186193096
A,SFTPB,6439,5415,3,64.0184959661254
A,MAG,4099,2526,3,29.863475680597
A,FUT2,2524,4929,3,58.2727916190272
A,ATP5J,522,8316,3,98.3153854947921
A,SRGAP2C,653464,6249,3,73.8784083642323
A,ZNF304,57343,2391,3,28.2674466952919
A,SPN,6693,4124,3,48.7557298918377
A,BPIFB3,359710,6638,3,78.4773363292965
A,ART4,420,5001,3,59.1240070778565
A,SEMA6D,80031,11143,3,131.737414690773
A,AURKC,6795,6691,3,79.1039254864903
A,SSX4B,548313,2836,1,33.5284311283346
A,TBC1D29,26083,6260,3,74.0084551704423
A,CPVL,54504,3082,3,36.4367506126682
A,APOO,79135,4356,3,51.4985352591768
A,TPCN1,53373,4511,3,53.3310129830456
A,C17orf97,400566,3531,3,41.7450247934236
A,SMAD5,4090,2585,3,30.56099945936
A,GNPTAB,79158,3737,3,44.1804468006299
A,CASP6,839,4482,3,52.9881623121282
A,ASB9,140462,5981,3,70.7099952674785
A,BAIAP2,10458,2369,3,28.0073530828719
A,OGFOD2,79676,4723,3,55.8373696118209
A,SLC22A7,10864,4985,3,58.9348480870056
A,PLCXD3,345557,2135,3,25.2409028416764
A,ZNF605,100289635,3781,3,44.70063402547
A,NEIL2,252969,3061,3,36.1884794371763
A,LBP,3929,6294,3,74.4104180260006
A,GABRB2,2561,2002,3,23.6685187302277
A,UPK3BL,100134938,6308,3,74.5759321429952
A,LOC100996634,100996634,6662,3,78.761074815573
A,DDIT4L,115265,4779,3,56.4994260797993
A,UNK,85451,3888,3,45.9656347767859
A,C6orf141,135398,7895,3,93.3381395480259
A,GPX3,2878,7793,3,92.1322509813509
A,ATRN,8455,8032,3,94.9578134071873
A,ARHGEF16,27237,3816,3,45.1144193179565
A,NDUFB7,4713,5228,3,61.8077002605547
A,KHDC3L,154288,3762,3,44.4760077238345
A,SV2C,22987,3665,3,43.3292313418005
A,TBC1D5,9779,3451,3,40.7992298391688
A,RMND1,55005,6476,3,76.5621015469304
A,ZNF490,57474,4493,3,53.1182091183382
A,HOXA9,3205,7169,3,84.7550503381631
A,ZNF48,197407,3412,3,40.3381547989695
A,IGFALS,3483,8754,3,103.493612869337
A,CTSW,1521,4259,3,50.3517588771428
A,C20orf202,400831,7556,3,89.3303334293709
A,SLC22A14,9389,7306,3,86.3747241973245
A,SPATA9,83890,5186,3,61.3111579095709
A,SLC22A24,283238,4596,3,54.3359201219414
A,PIGX,54965,6368,3,75.2852783586864
A,DGKI,9162,1291,3,15.2627660742877
A,SLC39A3,29985,2310,3,27.3098293041089
A,TTC3,7267,2767,3,32.7126829802898
A,TMEM258,746,4030,3,47.6444208205883
A,C3orf62,375341,4240,3,50.1271325755072
A,AK9,221264,3915,3,46.2848405738469
A,TESMIN,9633,5693,3,67.305133432161
A,FBXL14,144699,2252,3,26.6241279622741
A,ZDHHC15,158866,5553,3,65.649992262215
A,KCNT1,57582,1389,3,16.4213648932499
A,PID1,55022,4701,3,55.5772759994008
A,RAB28,9364,4796,3,56.7004075075785
A,FAM58A,92002,4031,3,47.6562432575164
A,C1GALT1,56913,5401,3,63.8529818491308
A,SCRN1,9805,4431,3,52.3852180287907
A,ZNF462,58499,3343,3,39.5224066509247
A,DMXL1,1657,2775,3,32.8072624757152
A,USP4,7375,3929,3,46.4503546908415
A,TAS2R3,50831,7086,3,83.7737880731237
A,COL14A1,7373,2938,3,34.7343196950095
A,ARMC5,79798,4019,3,47.5143740143782
A,SLC17A8,246213,3032,3,35.845628766259
A,LUC7L,55692,7016,3,82.9462174881507
A,ATP1B1,481,3956,3,46.7695604879025
A,SLC1A3,6507,8079,3,95.513467942812
A,SLC35E2B,728661,6141,3,72.6015851759882
A,PPM1D,8493,2249,3,26.5886606514896
A,TRPA1,8989,3148,3,37.2170314499285
A,TMPRSS9,360200,3274,3,38.7066585028799
A,JAKMIP3,282973,4620,3,54.6196586082178
A,TES,26136,3341,3,39.4987617770683
A,YPEL3,83719,3784,3,44.7361013362546
A,KIF26A,26153,1890,3,22.3444057942709
A,PRAMEF1,65121,2525,3,29.8516532436688
A,URGCP,55665,2005,3,23.7039860410123
A,KLHL36,79786,2719,3,32.1452060077368
A,PLK5,126520,3810,3,45.0434846963874
A,PHKA1,5255,3585,3,42.3834363875456
A,PRSS23,11098,6491,3,76.7394381008532
A,SIM2,6493,2410,3,28.4920729969275
A,GDF10,2662,3960,3,46.8168502356153
A,ACTR3B,57180,2567,3,30.3481955946526
A,HMGN3,9324,2340,3,27.6645024119545
A,PRDX4,10549,4101,3,48.4838138424894
A,BAIAP3,8938,3052,3,36.0820775048227
A,MPZL3,196264,4137,3,48.9094215719041
A,SLC4A3,6508,2342,3,27.6881472858108
A,KRTCAP3,200634,2062,3,24.3778649459189
A,RNF166,115992,5221,3,61.7249432020574
A,KRTAP4-9,100132386,7704,3,91.0800540947424
A,FZD5,7855,2983,3,35.2663293567779
A,DCBLD1,285761,1961,3,23.1837988161721
A,NPY2R,4887,3602,3,42.5844178153248
A,STK10,6793,5454,3,64.4795710063247
A,SAA2,6289,3526,2,41.6859126087827
A,ABO,28,3306,3,39.0849764845818
A,CACNA1B,774,3023,3,35.7392268339053
A,B4GALNT1,2583,3933,3,46.4976444385543
A,C1orf174,339448,2758,3,32.6062810479361
A,OPCML,4978,3867,3,45.717363601294
A,VAT1L,57687,2950,3,34.8761889381477
A,FAM46A,55603,2572,3,30.4073077792935
A,NFATC3,4775,1714,3,20.2636568949102
A,ANKRD33B,651746,2472,3,29.225064086475
A,TFF3,7033,3644,3,43.0809601663086
A,TERT,7015,3841,3,45.4099802411612
A,FABP6,2172,4622,3,54.6433034820742
A,SRXN1,140809,4054,3,47.9281593068647
A,CDK2,1017,3639,3,43.0218479816677
A,GPR174,84636,3925,3,46.4030649431288
A,NRG1,3084,6315,3,74.6586892014925
A,GAN,8139,1586,3,18.7503849681025
A,PLXNA1,5361,4898,3,57.9062960742534
A,BCAS1,8537,3814,3,45.0907744441002
A,TMEM132D,121256,3757,3,44.4168955391936
A,MVK,4598,1590,3,18.7976747158152
A,SCTR,6344,2559,3,30.2536160992271
A,TPSG1,25823,5330,3,63.0135888272296
A,PLA2G7,7941,4937,3,58.3673711144527
A,SESN3,143686,1549,3,18.3129548017596
A,PTDSS2,81490,3878,3,45.847410407504
A,PRSS16,10279,3166,3,37.4298353146358
A,CYP3A7,1551,8527,3,100.809919686639
A,ALDH3B2,222,7132,3,84.3176201718202
A,GAL,51083,4587,3,54.2295181895877
A,GPC5,2262,5649,3,66.7849462073209
A,SGK3,23678,3785,3,44.7479237731828
A,GRIK4,2900,6227,3,73.6183147518122
A,DSCR3,10311,5345,3,63.1909253811524
A,CGB7,94027,2653,3,31.3649251704766
A,MYH7,4625,5462,3,64.5741505017501
A,HCCS,3052,4514,3,53.3664802938301
A,PHF21A,51317,5476,3,64.7396646187447
A,NPFF,8620,5108,3,60.3890078291724
A,DPP7,29952,1730,3,20.4528158857612
A,PERM1,84808,7052,3,83.3718252175654
A,SPDYE6,729597,3738,2,44.192269237558
A,SRP9,6726,2358,3,27.8773062766618
A,SAA4,6291,4466,3,52.7990033212772
A,IDNK,414328,6616,3,78.2172427168764
A,CTSE,1510,8201,3,96.9558052480507
A,UBA7,7318,4499,3,53.1891437399073
A,MPO,4353,5819,3,68.7947604851124
A,CEACAM4,1089,5925,3,70.0479387995001
A,CTSO,1519,4570,3,54.0285367618085
A,CDC73,79577,4358,3,51.5221801330332
A,RASGEF1A,221002,2119,3,25.0517438508254
A,SEM1,7979,7929,3,93.7401024035842
A,TTC13,79573,6796,3,80.3452813639498
A,ARHGAP17,55114,5602,3,66.2292916716961
A,TALDO1,6888,2740,3,32.3934771832287
A,SEMG1,6406,5127,3,60.6136341308079
A,TARP,445347,3057,3,36.1411896894636
A,SPATA7,55812,2990,3,35.3490864152752
A,TSPO2,222642,3479,3,41.130258073158
A,ATAT1,79969,6948,3,82.1422917770341
A,ATP13A4,84239,5092,3,60.1998488383214
A,OR51L1,119682,6568,3,77.6497657443235
A,P2RY8,286530,6798,3,80.3689262378062
A,SPPL2A,84888,3654,3,43.1991845355904
A,TMEM206,55248,1883,3,22.2616487357736
A,FA2H,79152,4826,3,57.0550806154241
A,ETFDH,2110,2716,3,32.1097386969523
A,GRIFIN,402635,5369,3,63.4746638674289
A,ZNF586,54807,4086,3,48.3064772885667
A,RAB9A,9367,4407,3,52.1014795425143
A,REXO4,57109,5607,3,66.2884038563371
A,APOF,319,5764,3,68.1445264540622
A,MLLT11,10962,7917,3,93.598233160446
A,PLAT,5327,2507,3,29.6388493789615
A,ANTXR2,118429,2277,3,26.9196888854788
A,PCDHGA1,56114,5062,3,59.8451757304759
A,PET100,100131801,4321,3,51.0847499666903
A,CAMKMT,79823,3927,3,46.4267098169851
A,C14orf37,145407,6807,3,80.4753281701599
A,MSRA,4482,4880,3,57.6934922095461
A,SLC19A3,80704,2860,3,33.812169614611
A,RPL13,6137,4185,3,49.476898544457
A,CSAG1,158511,5519,3,65.2480294066567
A,EPS8L1,54869,5496,3,64.9761133573085
A,DEFB119,245932,4586,3,54.2176957526595
A,LONP2,83752,3371,3,39.8534348849139
A,ZCCHC6,79670,5982,3,70.7218177044067
A,VASH1,22846,6318,3,74.6941565122771
A,CCDC134,79879,2812,3,33.2446926420581
A,DLEU7,220107,2158,3,25.5128188910247
A,MEGF8,1954,2233,3,26.3995016606386
A,NUTF2,10204,4076,3,48.1882529192848
A,IFFO2,126917,5411,3,63.9712062184127
A,KIAA1143,57456,5387,3,63.6874677321362
A,FAM229A,100128071,3795,3,44.8661481424646
A,C2orf74,339804,5951,3,70.3553221596329
A,GLMN,11146,6881,3,81.3501885028456
A,ANKRD10,55608,3363,3,39.7588553894884
A,KCNN3,3782,6592,3,77.9335042305999
A,CAPN10,11132,2908,3,34.3796465871639
A,ANO5,203859,5147,3,60.8500828693717
A,CRNDE,643911,897,3,10.6047259245825
A,USP48,84196,2051,3,24.2478181397088
A,TPH2,121278,8481,3,100.266087587943
A,ISLR2,57611,5015,3,59.2895211948511
A,C15orf62,643338,4433,3,52.4088629026471
A,LATS1,9113,2602,3,30.7619808871391
A,CDH26,60437,6577,3,77.7561676766772
A,MYL12B,103910,4644,3,54.9033970944943
A,BCR,613,4046,3,47.8335798114392
A,ROCK2,9475,4350,3,51.4276006376077
A,EGR1,1958,3101,3,36.6613769143038
A,KLF10,7071,3837,3,45.3626904934484
A,MRPL11,65003,7090,3,83.8210778208364
A,KBTBD12,166348,5500,3,65.0234031050212
A,NOL8,55035,5759,3,68.0854142694213
A,APLF,200558,9379,3,110.882635949453
A,AKAP3,10566,8689,3,102.725154469005
A,ATCAY,85300,3983,3,47.0887662849635
A,PTPRG,5793,7232,3,85.4998638646388
A,MEI1,150365,5327,3,62.9781215164451
A,FAM213A,84293,5360,3,63.3682619350752
A,EMX1,2016,3033,3,35.8574512031871
A,PEX11A,8800,4306,3,50.9074134127675
A,PRR30,339779,4476,3,52.9172276905591
A,KYNU,8942,4075,3,48.1764304823566
A,RASGEF1C,255426,2705,3,31.9796918907422
A,DIAPH2,1730,2524,3,29.8398308067406
A,PCDHGA12,26025,4913,3,58.0836326281762
A,HIRIP3,8479,4103,3,48.5074587163458
A,HRCT1,646962,4413,3,52.1724141640834
A,ZNF181,339318,831,3,9.82444508732229
A,COPS4,51138,5163,3,61.0392418602226
A,CENPW,387103,5973,3,70.615415772053
A,FAM135A,57579,2012,3,23.7867430995096
A,CAMKK1,84254,4630,3,54.7378829774997
A,FBLIM1,54751,2009,3,23.751275788725
A,TMEM53,79639,3748,3,44.3104936068399
A,OPRD1,4985,4795,3,56.6885850706503
A,KCND3,3752,1385,3,16.3740751455372
A,RILP,83547,4837,3,57.1851274216341
A,SERGEF,26297,1209,3,14.2933262461765
A,GABARAP,11337,3370,3,39.8416124479857
A,TRIB3,57761,3703,3,43.7784839450715
A,E4F1,1877,4272,3,50.5054505572092
A,ATOH8,84913,4370,3,51.6640493761714
A,EVPLL,645027,4897,3,57.8944736373252
A,DNAI2,64446,5117,3,60.4954097615261
A,NSMCE4A,54780,7640,3,90.3234181313385
A,IRF7,3665,4272,3,50.5054505572092
A,SPRTN,83932,3416,3,40.3854445466823
A,BAG2,9532,8164,3,96.5183750817078
A,C11orf45,219833,4898,3,57.9062960742534
A,MMP2,4313,2412,3,28.5157178707838
A,AKTIP,64400,8625,3,101.968518505601
A,TERF2,7014,3001,3,35.4791332214852
A,HAP1,9001,1961,3,23.1837988161721
A,OR4F17,81099,1011,1,11.9524837343957
A,TOR1AIP2,163590,3252,3,38.4465648904598
A,MUC1,4582,6972,3,82.4260302633105
A,RCVRN,5957,3525,3,41.6740901718545
A,TCTE1,202500,3294,3,38.9431072414436
A,UGGT1,56886,3514,3,41.5440433656445
A,ATIC,471,3893,3,46.0247469614268
A,FAM126A,84668,4979,3,58.8639134654365
A,MRPL44,65080,5588,3,66.0637775547015
A,GLYCTK,132158,5838,3,69.019386786748
A,DEFB129,140881,4883,3,57.7289595203306
A,PTPN12,5782,4632,3,54.761527851356
A,NONO,4841,2720,3,32.157028444665
A,CCDC141,285025,6743,3,79.718692206756
A,PGM2L1,283209,3230,3,38.1864712780397
A,ORMDL1,94101,4766,3,56.3457343997329
A,ZBTB7A,51341,5315,3,62.8362522733069
A,PGGHG,80162,2449,3,28.9531480371267
A,KRT34,3885,5147,3,60.8500828693717
A,IPPK,64768,2313,3,27.3452966148935
A,OR7A10,390892,2825,3,33.3983843221245
A,CTDSPL2,51496,7934,3,93.7992145882251
A,TYW5,129450,2946,3,34.828899190435
A,ACTR1B,10120,4550,3,53.7920880232448
A,HNRNPCL1,343069,6621,3,78.2763549015173
A,SP110,3431,6988,3,82.6151892541615
A,LRRC1,55227,496,3,5.86392871638009
A,CRISPLD1,83690,5627,3,66.5248525949008
A,MAF,4094,3332,3,39.3923598447147
A,SNRPF,6636,4431,3,52.3852180287907
A,PEX19,5824,9763,3,115.422451729877
A,MSH4,4438,5608,3,66.3002262932653
A,DNAJB12,54788,4813,3,56.9013889353576
A,VTA1,51534,11199,3,132.399471158751
A,OTOGL,283310,4638,3,54.8324624729252
A,SPANXN1,494118,5196,3,61.4293822788528
A,ARHGAP42,143872,5821,3,68.8184053589688
A,SLA2,84174,4561,3,53.9221348294549
A,MED31,51003,3995,3,47.2306355281018
A,LAD1,3898,4769,3,56.3812017105175
A,HSD17B2,3294,5397,3,63.8056921014181
A,SPDYE5,442590,6703,3,79.2457947296285
A,APOBEC3G,60489,6639,3,78.4891587662247
A,ZNF143,7702,5670,3,67.0332173828128
A,NLRP3,114548,5761,3,68.1090591432777
A,SNRPD1,6632,7064,3,83.5136944607036
A,ZNF674,641339,6268,3,74.1030346658678
A,TEKT3,64518,2594,3,30.6674013917136
A,A2ML1,144568,5349,3,63.2382151288652
A,GABPA,2551,3014,3,35.6328249015516
A,SLC43A1,8501,2312,3,27.3334741779653
A,IRF5,3663,4563,3,53.9457797033112
A,PAPLN,89932,4967,3,58.7220442222982
A,ARSE,415,5670,3,67.0332173828128
A,CACFD1,11094,3383,3,39.9953041280521
A,TSC1,7248,4959,3,58.6274647268727
A,GPR34,2857,2077,3,24.5552014998416
A,GUCA1C,9626,5313,3,62.8126073994505
A,RNFT2,84900,10471,3,123.792737075032
A,PCDHA5,56143,3989,3,47.1597009065326
A,MC4R,4160,4078,3,48.2118977931412
A,UBE2S,27338,5458,3,64.5268607540374
A,DPYSL3,1809,4977,3,58.8402685915801
A,KLK9,284366,6633,3,78.4182241446556
A,ZNF205,7755,4785,3,56.5703607013684
A,GPR89A,653519,4267,3,50.4463383725683
A,C5orf47,133491,3926,3,46.414887380057
A,SWAP70,23075,3511,3,41.5085760548599
A,OTOF,9381,7486,3,88.5027628443979
A,PSMD14,10213,3893,3,46.0247469614268
A,PMPCA,23203,5898,3,69.7287330024391
A,SLC30A7,148867,2219,3,26.233987543644
A,CLCN5,1184,5162,3,61.0274194232944
A,HDHD5,27440,3198,3,37.8081532963378
A,ZNF610,162963,5534,3,65.4253659605795
A,IDS,3423,3419,3,40.4209118574668
A,SIRPG,55423,6488,3,76.7039707900686
A,OR2L5,81466,4004,3,47.3370374604554
A,ADAM29,11086,4842,3,57.244239606275
A,RSRC2,65117,3808,3,45.019839822531
A,UTP6,55813,3683,3,43.5420352065078
A,QSOX1,5768,4210,3,49.7724594676617
A,ALG5,29880,1945,3,22.9946398253211
A,BMX,660,4865,3,57.5161556556233
A,KMT2E,55904,3800,3,44.9252603271056
A,CMC1,152100,6086,3,71.951351144938
A,PSRC1,84722,6115,3,72.2942018158554
A,RPRML,388394,2540,3,30.0289897975916
A,OR56A1,120796,5406,3,63.9120940337718
A,ZNF529,57711,6190,3,73.1808845854693
A,SSB,6741,4719,3,55.7900798641082
A,ARFGAP2,84364,5171,3,61.1338213556481
A,TEX13A,56157,3440,3,40.6691830329587
A,IQCG,84223,8831,3,104.403940512808
A,LIME1,54923,3389,3,40.0662387496212
A,DRAM2,128338,6711,3,79.340374225054
A,C1orf61,10485,5318,3,62.8717195840914
A,BFAR,51283,4845,3,57.2797069170596
A,GSG1,83445,6550,3,77.4369618796161
A,CAMTA2,23125,3518,3,41.5913331133572
A,MAT2A,4144,5036,3,59.537792370343
A,DDX43,55510,5778,3,68.3100405710568
A,CACHD1,57685,4650,3,54.9743317160634
A,GSTM4,2948,4422,3,52.278816096437
A,ABCA9,10350,3157,3,37.3234333822822
A,PRKACB,5567,2451,3,28.9767929109831
A,RBM47,54502,2959,3,34.9825908705014
A,ZNF835,90485,5368,3,63.4628414305007
A,STEAP1,26872,6817,3,80.5935525394417
A,CHMP2A,27243,4956,3,58.5919974160882
A,SLC15A5,729025,3046,3,36.0111428832536
A,ELAVL4,1996,3813,3,45.078952007172
A,HAVCR1,26762,3115,3,36.8268910312984
A,SLC4A1AP,22950,2408,3,28.4684281230711
A,IL12RB1,3594,4643,3,54.8915746575661
A,RAP2C,57826,6653,3,78.6546728832193
A,TEX33,339669,3678,3,43.4829230218669
A,TBCEL,219899,6499,3,76.8340175962787
A,PLEKHG4,25894,2265,3,26.7778196423406
A,TRIM34,53840,8616,3,101.862116573248
A,PPP5C,5536,4881,3,57.7053146464743
A,LIG4,3981,4915,3,58.1072775020326
A,EXOSC6,118460,2826,3,33.4102067590527
A,TEX36,387718,6570,3,77.6734106181799
A,PANK3,79646,1849,3,21.8596858802153
A,SMIM2,79024,4914,3,58.0954550651044
A,AP4M1,9179,5434,3,64.2431222677609
A,TAS1R3,83756,3051,3,36.0702550678945
A,RIN3,79890,6944,3,82.0950020293213
A,HSPA1A,3303,2450,3,28.9649704740549
A,ZNF385C,201181,6709,3,79.3167293511977
A,ADAMTS3,9508,3535,3,41.7923145411363
A,CNOT11,55571,6409,3,75.769998272742
A,SRP54,6729,6887,3,81.4211231244147
A,KAT8,84148,6204,3,73.3463987024639
A,TRIM9,114088,3119,3,36.8741807790111
A,ACTR3,10096,1224,3,14.4706628000993
A,ZC3H8,84524,3319,3,39.2386681646483
A,KCNRG,283518,8002,3,94.6031402993417
A,NBEAL1,65065,6047,3,71.4902761047388
A,ZSCAN20,7579,3174,3,37.5244148100613
A,TNK1,8711,2472,3,29.225064086475
A,MRGPRE,116534,5823,3,68.8420502328252
A,UTP18,51096,1555,3,18.3838894233287
A,AVPR1A,552,2613,3,30.8920276933492
A,TTC9C,283237,3386,3,40.0307714388367
A,UBA5,79876,5855,3,69.2203682145271
A,CARMIL2,146206,4113,3,48.6256830856277
A,MAGEA5,4104,5747,3,67.9435450262831
A,SCRN2,90507,5691,3,67.2814885583047
A,SOCS5,9655,1543,3,18.2420201801905
A,RDH13,112724,4759,3,56.2629773412356
A,SLC27A3,11000,6033,3,71.3247619877442
A,ARL6IP4,51329,2983,3,35.2663293567779
A,GPCPD1,56261,3438,3,40.6455381591023
A,CLDN14,23562,9016,3,106.591091344522
A,CLDN20,49861,5540,3,65.4963005821486
A,APOC1,341,3362,3,39.7470329525602
A,MCL1,4170,2727,3,32.2397855031623
A,SKP1,6500,4505,3,53.2600783614765
A,TOR1B,27348,3960,3,46.8168502356153
A,KLRC1,3821,8527,3,100.809919686639
A,CORO1C,23603,968,3,11.4441189464837
A,ZNF16,7564,3742,3,44.2395589852708
A,NME3,4832,3347,3,39.5696963986374
A,SCML1,6322,8548,3,101.058190862131
A,GRID2IP,392862,3163,3,37.3943680038513
A,PANX1,24145,1875,3,22.1670692403481
A,ARL1,400,2791,3,32.9964214665662
A,NOL11,25926,1312,3,15.5110372497796
A,ADRA1D,146,3327,3,39.3332476600737
A,WI2-2373I1.2,100288524,2818,3,33.3156272636272
A,POFUT2,23275,3761,3,44.4641852869063
A,L3MBTL2,83746,4300,3,50.8364787911984
A,NBPF26,101060684,5838,3,69.019386786748
A,OR4C12,283093,4741,3,56.0501734765283
A,GCM1,8521,6577,3,77.7561676766772
A,HS2ST1,9653,3517,3,41.579510676429
A,PSMD8,5714,3466,3,40.9765663930915
A,APOB,338,3434,3,40.5982484113896
A,CCDC89,220388,5767,3,68.1799937648468
A,NCBP2,22916,4764,3,56.3220895258765
A,MCC,4163,4991,3,59.0057827085747
A,CIITA,4261,5051,3,59.7151289242658
A,BTLA,151888,4536,3,53.6265739062502
A,GIMAP1-GIMAP5,100527949,2473,3,29.2368865234032
A,CLIC4,25932,2575,3,30.4427750900781
A,HAND1,9421,2318,3,27.4044087995344
A,BOC,91653,6725,3,79.5058883420486
A,SART1,9092,2618,3,30.9511398779901
A,ZNF322,79692,3912,3,46.2493732630624
A,TRPM8,79054,4270,3,50.4818056833528
A,SLC25A12,8604,3661,3,43.2819415940877
A,CSF3R,1441,7176,3,84.8378073966604
A,MAGEA9,4108,5182,3,61.2638681618581
A,PIRT,644139,3746,3,44.2868487329835
A,UBASH3A,53347,8714,3,103.02071539221
A,CIB4,130106,5765,3,68.1563488909904
A,RIBC1,158787,2493,3,29.4733352619669
A,DOC2B,8447,10027,3,118.543575078918
A,CAPNS2,84290,4895,3,57.8708287634689
A,VSNL1,7447,4017,3,47.4907291405218
A,VGLL4,9686,2959,3,34.9825908705014
A,LYSMD1,388695,4633,3,54.7733502882842
A,EPS15,2060,7356,3,86.9658460437338
A,HIST1H2AH,85235,4717,3,55.7664349902518
A,SS18,6760,4944,3,58.45012817295
A,PPP2R3A,5523,3583,3,42.3597915136893
A,HIST1H3H,8357,1100,3,13.0046806210042
A,HIST1H3C,8352,2990,3,35.3490864152752
A,PPM1G,5496,2202,3,26.0330061158649
A,MET,4233,5318,3,62.8717195840914
A,F11,2160,3942,3,46.6040463709079
A,KRTAP9-6,100507608,4958,3,58.6156422899446
A,KCNAB1,7881,3968,3,46.9114297310407
A,TCL1A,8115,3439,3,40.6573605960305
A,MYH8,4626,4604,3,54.4304996173668
A,PLB1,151056,4789,3,56.6176504490812
A,TAS2R40,259286,3328,3,39.3450700970019
A,PRR15,222171,1709,3,20.2045447102693
A,NDUFS8,4728,1896,3,22.41534041584
A,VAMP2,6844,8874,3,104.91230530072
A,H2AFB2,474381,7525,3,88.9638378845972
A,PEX11B,8799,3132,3,37.0278724590775
A,ARHGAP11A,9824,6838,3,80.8418237149336
A,ZSCAN29,146050,5770,3,68.2154610756313
A,NADSYN1,55191,3622,3,42.8208665538885
A,PRKACA,5566,7029,3,83.0999091682171
A,CENPA,1058,6500,3,76.8458400332069
A,H1F0,3005,3275,3,38.7184809398081
A,FCGBP,8857,3546,3,41.9223613473464
A,C18orf25,147339,3779,3,44.6769891516137
A,WDR20,91833,7889,3,93.2672049264568
A,MTRNR2L9,100463487,3479,3,41.130258073158
A,FAM50A,9130,7118,3,84.1521060548256
A,MNT,4335,3108,3,36.7441339728011
A,PTBP2,58155,3439,3,40.6573605960305
A,CMTR1,23070,7278,3,86.0436959633353
A,COL4A4,1286,4622,3,54.6433034820742
A,EDAR,10913,2457,3,29.0477275325522
A,SH3BGRL2,83699,4154,3,49.1104029996833
A,ARHGAP5,394,4068,3,48.0936734238593
A,RNF180,285671,5194,3,61.4057374049964
A,SCN10A,6336,5019,3,59.3368109425639
A,VWF,7450,3409,3,40.302687488185
A,KRT38,8687,2032,3,24.0231918380733
A,KLHL33,123103,3745,3,44.2750262960553
A,SLC38A4,55089,4890,3,57.8117165788279
A,MANBA,4126,4261,3,50.3754037509992
A,ANKRD7,56311,3110,3,36.7677788466574
A,KRT77,374454,6622,3,78.2881773384455
A,C12orf71,728858,5999,3,70.9227991321858
A,BARHL2,343472,5737,3,67.8253206570012
A,ZNRF4,148066,3597,3,42.5253056306839
A,RPA4,29935,6293,3,74.3985955890724
A,STAU1,6780,2090,3,24.7088931799081
A,RNASE12,493901,6461,3,76.3847649930076
A,WNT8B,7479,4884,3,57.7407819572588
A,DACH1,1602,6298,3,74.4577077737134
A,RNF26,79102,4722,3,55.8255471748927
A,TNFRSF10D,8793,3866,3,45.7055411643658
A,PKM,5315,3871,3,45.7646533490067
A,MAGEB10,139422,6448,3,76.2310733129412
A,TAAR8,83551,5814,3,68.7356483004715
A,PAK1IP1,55003,5678,3,67.1277968782383
A,GOLGA8J,653073,1887,1,22.3089384834864
A,PDK2,5164,3505,3,41.4376414332908
A,TAS2R16,50833,4699,3,55.5536311255445
A,PLCL2,23228,3183,3,37.630816742415
A,ATRX,546,2477,3,29.2841762711159
A,SLC26A7,115111,3479,3,41.130258073158
A,PAGE1,8712,5116,3,60.4835873245979
A,SMLR1,100507203,9098,3,107.560531172633
A,WDR53,348793,5328,3,62.9899439533733
A,PCDHGB7,56099,4244,3,50.17442232322
A,ALG14,199857,4319,3,51.0611050928339
A,KIAA1217,56243,3657,3,43.234651846375
A,ZNF207,7756,8435,3,99.7222554892461
A,CD68,968,5903,3,69.78784518708
A,H2AFZ,3015,6525,3,77.1414009564115
A,OCIAD1,54940,5672,3,67.0568622566691
A,GDF5,8200,4528,3,53.5319944108247
A,TLR6,10333,6011,3,71.0646683753241
A,TNFSF4,7292,3960,3,46.8168502356153
A,BCHE,590,6944,3,82.0950020293213
A,CHRFAM7A,89832,4677,3,55.2935375131244
A,LOC100129112,100129112,5434,3,64.2431222677609
A,RAET1E,135250,6896,3,81.5275250567684
A,ZNF841,284371,2976,3,35.1835722982806
A,NFAT5,10725,4910,3,58.0481653173916
A,LRP2BP,55805,4210,3,49.7724594676617
A,HSPA4L,22824,3770,3,44.57058721926
A,STYK1,55359,6086,3,71.951351144938
A,SF3A2,8175,7725,3,91.3283252702343
A,DHX9,1660,5834,3,68.9720970390352
A,CHID1,66005,5765,3,68.1563488909904
A,GPHB5,122876,7587,3,89.6968289741447
A,EEF2,1938,4165,3,49.2404498058933
A,DIRAS3,9077,2584,3,30.5491770224318
A,CCDC105,126402,4337,3,51.2739089575413
A,OR6C4,341418,7312,3,86.4456588188936
A,PSMD4,5710,4042,3,47.7862900637265
A,RPGR,6103,3453,3,40.8228747130251
A,CHMP3,51652,4071,3,48.1291407346439
A,C9orf16,79095,4628,3,54.7142381036433
A,PRPSAP2,5636,4759,3,56.2629773412356
A,C1orf168,199920,6036,3,71.3602292985287
A,EFCAB11,90141,3565,3,42.1469876489819
A,SFXN5,94097,9644,3,114.015581735423
A,ZFC3H1,196441,4209,3,49.7606370307335
A,C1QTNF8,390664,4490,3,53.0827418075537
A,RASA1,5921,6413,3,75.8172880204547
A,ZNF177,7730,4160,3,49.1813376212524
A,PCDHB1,29930,5695,3,67.3287783060174
A,C17orf53,78995,2080,3,24.5906688106262
A,FAM208B,54906,3599,3,42.5489505045402
A,ARMT1,79624,5708,3,67.4824699860838
A,HSPE1-MOB4,100529241,6528,3,77.1768682671961
A,PDE8B,8622,4230,3,50.0089082062254
A,TAF1L,138474,3197,3,37.7963308594096
A,ZNF607,84775,6492,3,76.7512605377814
A,ZBTB14,7541,6987,3,82.6033668172333
A,MMP19,4327,3000,3,35.467310784557
A,ACTBL2,345651,6311,3,74.6113994537798
A,LOC729159,729159,5050,3,59.7033064873376
A,NFIA,4774,4406,3,52.0896571055861
A,CHST4,10164,4620,3,54.6196586082178
A,ZC4H2,55906,8937,3,105.657118827195
A,MSL3,10943,4046,3,47.8335798114392
A,SLC2A14,144195,7866,3,92.9952888771085
A,SRRT,51593,6554,3,77.4842516273289
A,OR5T2,219464,5340,3,63.1318131965115
A,ITIH6,347365,7018,3,82.969862362007
A,MED11,400569,6568,3,77.6497657443235
A,FAM83A,84985,1547,3,18.2893099279032
A,TNIP3,79931,4759,3,56.2629773412356
A,IFI30,10437,8708,3,102.949780770641
A,CCL13,6357,6708,3,79.3049069142695
A,FAM81B,153643,7389,3,87.3559864623639
A,ASCL2,430,2634,3,31.1402988688411
A,MGAT4B,11282,5966,3,70.5326587135557
A,GOSR2,9570,7253,3,85.7481350401307
A,RBL1,5933,7357,3,86.977668480662
A,FOXK1,221937,7347,3,86.8594441113801
A,ZNF441,126068,3615,3,42.7381094953912
A,MRPL28,10573,3799,3,44.9134378901774
A,LATS2,26524,3559,3,42.0760530274128
A,SETD4,54093,6823,3,80.6644871610108
A,METTL8,79828,2814,3,33.2683375159145
A,DBT,1629,5929,3,70.0952285472128
A,ZNF267,10308,2195,3,25.9502490573676
A,PLCB4,5332,4127,3,48.7911972026223
A,ZNF222,7673,5322,3,62.9190093318042
A,TSPAN19,144448,4078,3,48.2118977931412
A,GLP2R,9340,5188,3,61.3348027834273
A,TMEM67,91147,4540,3,53.673863653963
A,RSPRY1,89970,5950,3,70.3434997227048
A,MORF4L2,9643,6569,3,77.6615881812517
A,DCLK2,166614,894,3,10.569258613798
A,NFE2L3,9603,3094,3,36.5786198558065
A,RAB18,22931,5151,3,60.8973726170844
A,KCTD12,115207,9014,3,106.567446470666
A,NLRP4,147945,7999,3,94.5676729885572
A,DBI,1622,8039,3,95.0405704656846
A,CWC22,57703,3032,3,35.845628766259
A,SOX13,9580,8036,3,95.0051031549001
A,ZNF410,57862,2621,3,30.9866071887747
A,SEPT5,5413,4644,3,54.9033970944943
A,AOC1,26,6045,3,71.4666312308824
A,LOC100129216,100129216,12027,3,142.188448935289
A,ZIM3,114026,5182,3,61.2638681618581
A,SLC38A5,92745,5598,3,66.1820019239834
A,COMP,1311,4158,3,49.157692747396
A,CLEC4C,170482,6180,3,73.0626602161875
A,RASA2,5922,6272,3,74.1503244135805
A,SPEG,10290,4834,3,57.1496601108495
A,FAM160A1,729830,4122,3,48.7320850179813
A,PTPA,5524,1944,3,22.9828173883929
A,ATP6V1G2,534,6575,3,77.7325228028208
A,SLC10A1,6554,5718,3,67.6006943553657
A,CLIC2,1193,4803,3,56.7831645660758
A,MRGPRX1,259249,6276,3,74.1976141612933
A,ANO10,55129,4959,3,58.6274647268727
A,TMEM86B,255043,8499,3,100.47889145265
A,CHRNA6,8973,6396,3,75.6163065926756
A,SNX24,28966,5311,3,62.7889625255941
A,ASB18,401036,5378,3,63.5810657997825
A,PTPMT1,114971,2813,3,33.2565150789863
A,CEBPD,1052,4148,3,49.0394683781142
A,PCSK1,5122,4178,3,49.3941414859597
A,KIAA0319L,79932,6043,3,71.442986357026
A,CD52,1043,8014,3,94.74500954248
A,LVRN,206338,4578,3,54.123116257234
A,ZSCAN25,221785,2648,3,31.3058129858357
A,C12orf60,144608,7833,3,92.6051484584784
A,OR51F2,119694,7927,3,93.7164575297278
A,PRG2,5553,5750,3,67.9790123370676
A,TAL2,6887,4987,3,58.958492960862
A,ERCC3,2071,4419,3,52.2433487856525
A,CPSF4L,642843,4823,3,57.0196133046395
A,AMPH,273,4646,3,54.9270419683506
A,DDOST,1650,5128,3,60.6254565677361
A,ZNF346,23567,3889,3,45.9774572137141
A,SNW1,22938,3451,3,40.7992298391688
A,OR52E8,390079,9548,3,112.880627790317
A,FTL,2512,8161,3,96.4829077709233
A,RSRC1,51319,5282,3,62.4461118546767
A,MXRA8,54587,6786,3,80.227056994668
A,F13B,2165,6385,3,75.4862597864655
A,CDRT15,146822,5268,3,62.2805977376821
A,C22orf34,348645,7402,3,87.5096781424303
A,ALPPL2,251,9931,3,117.408621133812
A,TLR4,7099,4382,3,51.8059186193096
A,ASB1,51665,5947,3,70.3080324119202
A,REN,5972,6807,3,80.4753281701599
A,OR51B6,390058,8481,3,100.266087587943
A,CLEC18A,348174,1646,2,19.4597311837936
A,CLEC1B,51266,5428,3,64.1721876461918
A,TEX43,389320,6965,3,82.3432732048132
A,OR5D18,219438,7503,3,88.7037442721771
A,CCDC177,56936,4470,3,52.84629306899
A,NAP1L5,266812,8047,3,95.1351499611101
A,UGT3A2,167127,3683,3,43.5420352065078
A,RASD2,23551,2249,3,26.5886606514896
A,TMEM70,54968,3151,3,37.2524987607131
A,ACTA1,58,2664,3,31.4949719766866
A,SLC7A3,84889,4846,3,57.2915293539878
A,ZNF69,7620,3813,3,45.078952007172
A,PROK1,84432,5310,3,62.7771400886659
A,NEK9,91754,6816,3,80.5817301025135
A,SOX7,83595,3676,3,43.4592781480105
A,NAA20,51126,4715,3,55.7427901163954
A,FBXW5,54461,5341,3,63.1436356334397
A,CENPV,201161,2722,3,32.1806733185214
A,TXLNB,167838,5485,3,64.8460665510984
A,MEP1B,4225,6752,3,79.8250941391097
A,C4orf45,152940,6824,3,80.676309597939
A,PCDHGC4,56098,6034,3,71.3365844246723
A,PHLDB2,90102,3739,3,44.2040916744862
A,DENND4B,9909,7726,3,91.3401477071625
A,SIX3,6496,9411,3,111.260953931155
A,KRTAP5-2,440021,3913,3,46.2611956999905
A,DCST1,149095,6116,3,72.3060242527836
A,CPEB4,80315,4113,3,48.6256830856277
A,RASA4B,100271927,9904,3,117.089415336751
A,FETUB,26998,5981,3,70.7099952674785
A,KLHL9,55958,4364,3,51.5931147546023
A,TRIM35,23087,2529,3,29.8989429913816
A,GPR63,81491,5207,3,61.5594290850628
A,TM4SF20,79853,6106,3,72.1877998835017
A,RSPO2,340419,8820,3,104.273893706598
A,PRRT1,80863,5891,3,69.6459759439418
A,SQSTM1,8878,4006,3,47.3606823343118
A,PYY,5697,9933,3,117.432266007668
A,B4GAT1,11041,4553,3,53.8275553340294
A,CAND2,23066,4748,3,56.1329305350256
A,FOXQ1,94234,4382,3,51.8059186193096
A,HDGFRP2,84717,5179,3,61.2284008510736
A,CST9,128822,4182,3,49.4414312336725
A,LAS1L,81887,9983,3,118.023387854078
A,OR8B12,219858,2435,3,28.7876339201321
A,CRYBB2,1415,7948,3,93.9647287052197
A,MAP2,4133,4524,3,53.484704663112
A,LCK,3932,4250,3,50.2453569447891
A,CYP4F3,4051,8140,3,96.2346365954314
A,C1orf226,400793,3941,3,46.5922239339797
A,NPEPPS,9520,5961,3,70.4735465289148
A,PRRX2,51450,2961,3,35.0062357443578
A,ADAMTSL4,54507,4227,3,49.9734408954408
A,OR4D9,390199,4281,3,50.6118524895629
A,ZMAT5,55954,2379,3,28.1255774521537
A,GPR143,4935,4401,3,52.0305449209451
A,CD300LB,124599,4402,3,52.0423673578733
A,HRC,3270,5049,3,59.6914840504095
A,C1orf210,149466,5089,3,60.1643815275369
A,KDM5B,10765,2779,3,32.854552223428
A,BIVM,54841,7842,3,92.711550390832
A,CHST11,50515,5956,3,70.4144343442739
A,PLEKHG7,440107,6177,3,73.0271929054029
A,AARD,441376,5311,3,62.7889625255941
A,LYPD4,147719,7012,3,82.8989277404379
A,OR52I1,390037,3892,3,46.0129245244986
A,ZGPAT,84619,5399,3,63.8293369752745
A,ARPIN,348110,6316,3,74.6705116384207
A,CCL18,6362,4665,3,55.1516682699862
A,TFPT,29844,7152,3,84.5540689103839
A,PKP3,11187,4622,3,54.6433034820742
A,TTF2,8458,7540,3,89.14117443852
A,MUC19,283463,6829,3,80.73542178258
A,FOXJ1,2302,3315,3,39.1913784169355
A,INSL5,10022,3813,3,45.078952007172
A,OR1K1,392392,6843,3,80.9009358995746
A,PAXBP1,94104,2160,3,25.5364637648811
A,VIPAS39,63894,6835,3,80.8063564041491
A,KLHL13,90293,6529,3,77.1886907041242
A,MIP,4284,6034,3,71.3365844246723
A,ZNF790,388536,5181,3,61.25204572493
A,OR5A1,219982,5708,3,67.4824699860838
A,BCAR3,8412,3974,3,46.9823643526099
A,CARS,833,2817,3,33.303804826699
A,C7orf33,202865,5622,3,66.4657404102599
A,COX17,10063,6432,3,76.0419143220902
A,C16orf91,283951,4237,3,50.0916652647227
A,MARCH4,57574,4741,3,56.0501734765283
A,DNASE2,1777,8521,3,100.73898506507
A,AP1G1,164,5279,3,62.4106445438922
A,PHF6,84295,3675,3,43.4474557110823
A,OR52E6,390078,9365,3,110.717121832459
A,ZNF28,7576,3075,3,36.3539935541709
A,OR4K15,81127,5769,3,68.2036386387031
A,TECTA,7007,4544,3,53.7211534016757
A,DEFB121,245934,8186,3,96.7784686941279
A,SUPT7L,9913,4848,3,57.3151742278441
A,THAP5,168451,5327,3,62.9781215164451
A,MOB1B,92597,6231,3,73.6656044995249
A,SGK494,124923,7007,3,82.839815555797
A,LRRC27,80313,2378,3,28.1137550152255
A,OR56A5,390084,7209,3,85.2279478152905
A,KRT39,390792,6022,3,71.1947151815341
A,BSDC1,55108,5577,3,65.9337307484915
A,RSRP1,57035,5164,3,61.0510642971508
A,SMPX,23676,6830,3,80.7472442195081
A,GJB5,2709,6231,3,73.6656044995249
A,CKS2,1164,6219,3,73.5237352563867
A,SNTN,132203,6437,3,76.1010265067312
A,CTSK,1513,8352,3,98.7409932242067
A,DENND2C,163259,10654,3,125.95624303289
A,MLXIP,22877,4787,3,56.5940055752248
A,CYP4F12,66002,6968,3,82.3787405155978
A,SPOCK2,9806,6027,3,71.253827366175
A,IL18BP,10068,6604,3,78.0753734737382
A,ZNF486,90649,3040,3,35.9402082616844
A,ATP5C1,509,4013,3,47.4434393928091
A,TRIM45,80263,2693,3,31.837822647604
A,NEU3,10825,7992,3,94.4849159300599
A,RRM2,6241,6340,3,74.9542501246972
A,UCN,7349,2623,3,31.010252062631
A,CYP4F2,8529,5606,3,66.2765814194089
A,TMEM18,129787,6785,3,80.2152345577398
A,GRK5,2869,5151,3,60.8973726170844
A,GNGT2,2793,8838,3,104.486697571305
A,PAM,5066,1639,3,19.3769741252963
A,GIMAP8,155038,4090,3,48.3537670362794
A,PARP8,79668,3517,3,41.579510676429
A,TMC4,147798,4432,3,52.3970404657189
A,RAB32,10981,4685,3,55.3881170085499
A,SCGB1A1,7356,7156,3,84.6013586580967
A,NBPF3,84224,3931,3,46.4739995646979
A,ALAD,210,3660,3,43.2701191571596
A,ADCY6,112,3706,3,43.8139512558561
A,ATG4A,115201,9014,3,106.567446470666
A,DMPK,1760,7030,3,83.1117316051453
A,IREB2,3658,5969,3,70.5681260243403
A,TRIM3,10612,4590,3,54.2649855003722
A,AP2A1,160,4921,3,58.1782121236017
A,KMT2D,8085,8245,3,97.4759924728909
A,SRSF5,6430,7168,3,84.7432279012349
A,MSL2,55167,8642,3,102.169499933381
A,SUCLG1,8802,7716,3,91.2219233378806
A,EID2B,126272,3868,3,45.7291860382222
A,ATP5L,10632,3929,3,46.4503546908415
A,EEF1D,1936,5646,3,66.7494788965363
A,NDUFC2,4718,3976,3,47.0060092264662
A,TECR,9524,4274,3,50.5290954310656
A,GDF2,2658,4909,3,58.0363428804635
A,FBXL8,55336,4266,3,50.4345159356401
A,ABCA4,24,3801,3,44.9370827640337
A,TMEM184A,202915,4861,3,57.4688659079106
A,MPL,4352,2777,3,32.8309073495716
A,GLRX2,51022,4663,3,55.1280233961298
A,UROD,7389,4245,3,50.1862447601482
A,NAGLU,4669,4000,3,47.2897477127427
A,KRTAP17-1,83902,2291,3,27.0852030024734
A,ZNF23,7571,5350,3,63.2500375657933
A,DMAP1,55929,4928,3,58.260969182099
A,MINDY4,84182,2733,3,32.3107201247314
A,TAS1R2,80834,5798,3,68.5464893096205
A,MRPL41,64975,6448,3,76.2310733129412
A,ERCC6,2074,5076,3,60.0106898474705
A,CLPSL2,389383,3954,3,46.7459156140462
A,CCDC181,57821,5704,3,67.4351802383711
A,SNTG2,54221,2155,3,25.4773515802401
A,RPLP0,6175,4937,3,58.3673711144527
A,USP36,57602,3512,3,41.5203984917881
A,LPCAT1,79888,2679,3,31.6723085306094
A,NOC2L,26155,3658,3,43.2464742833032
A,CHCHD10,400916,5577,3,65.9337307484915
A,BCL2L2,599,3169,3,37.4653026254204
A,NOX4,50507,4017,3,47.4907291405218
A,TNNI3,7137,2847,3,33.6584779345446
A,NOTUM,147111,3493,3,41.2957721901526
A,SPDYA,245711,5295,3,62.5998035347431
A,SLC25A53,401612,3161,3,37.3707231299949
A,CDH9,1007,3328,3,39.3450700970019
A,SEC16A,9919,3057,3,36.1411896894636
A,ENTPD2,954,4087,3,48.3182997254948
A,UNG,7374,4524,3,53.484704663112
A,RHOBTB3,22836,2425,3,28.6694095508503
A,PAOX,196743,2717,3,32.1215611338805
A,SPDYE3,441272,4450,3,52.6098443304262
A,XRCC5,7520,3706,3,43.8139512558561
A,IQGAP2,10788,4452,3,52.6334892042826
A,TAX1BP3,30851,2615,3,30.9156725672055
A,FCHSD2,9873,2980,3,35.2308620459933
A,FAM129B,64855,1147,3,13.560335156629
A,RNF112,7732,4352,3,51.4512455114641
A,SLC22A18,5002,2612,3,30.880205256421
A,TBC1D31,93594,5757,3,68.0617693955649
A,SYNPO2,171024,4096,3,48.4247016578485
A,HTRA4,203100,6248,3,73.8665859273041
A,SLC22A25,387601,5675,3,67.0923295674537
A,IQCF3,401067,5312,3,62.8007849625223
A,WNT2,7472,4821,3,56.9959684307831
A,CCDC36,339834,5021,3,59.3604558164203
A,GAS7,8522,5838,3,69.019386786748
A,FAM131C,348487,6338,3,74.9306052508408
A,LRP12,29967,3929,3,46.4503546908415
A,ZNF716,441234,3919,3,46.3321303215597
A,ARL10,285598,5035,3,59.5259699334149
A,ARHGEF11,9826,2791,3,32.9964214665662
A,IL21R,50615,5950,3,70.3434997227048
A,RAB20,55647,5389,3,63.7111126059926
A,RPL5,6125,4881,3,57.7053146464743
A,PSIP1,11168,6994,3,82.6861238757306
A,KIF23,9493,2972,3,35.1362825505678
A,PROKR2,128674,5199,3,61.4648495896373
A,COL8A2,1296,2518,3,29.7688961851715
A,FOXR1,283150,6222,3,73.5592025671712
A,CDT1,81620,4333,3,51.2266192098285
A,SLC25A42,284439,2944,3,34.8052543165786
A,CNPY2,10330,5780,3,68.3336854449132
A,HELQ,113510,4697,3,55.5299862516881
A,RPS5,6193,3861,3,45.6464289797249
A,ASAP3,55616,6018,3,71.1474254338214
A,APOA2,336,6056,3,71.5966780370924
A,TOMM7,54543,4702,3,55.589098436329
A,DMRT1,1761,3957,3,46.7813829248307
A,GLTP,51228,2482,3,29.3432884557568
A,CLDN11,5010,4421,3,52.2669936595089
A,SRSF8,10929,1925,3,22.7581910867574
A,MFAP3,4238,5006,3,59.1831192624975
A,CCRL2,9034,4221,3,49.9025062738717
A,ATP4B,496,7159,3,84.6368259688812
A,NDUFA8,4702,4828,3,57.0787254892804
A,JMY,133746,5583,3,66.0046653700606
A,ITGAV,3685,3860,3,45.6346065427967
A,ARRB1,408,2280,3,26.9551561962633
A,SQLE,6713,4996,3,59.0648948932156
A,HNRNPH3,3189,3126,3,36.9569378375084
A,RBM14,10432,5021,3,59.3604558164203
A,SLC10A4,201780,2966,3,35.0653479289987
A,TIFA,92610,3705,3,43.8021288189279
A,PQLC2,54896,3990,3,47.1715233434608
A,DOT1L,84444,5926,3,70.0597612364283
A,ARNT,405,4158,3,49.157692747396
A,GTF3C6,112495,3454,3,40.8346971499533
A,SGSH,6448,3175,3,37.5362372469895
A,TICAM2,353376,3102,3,36.673199351232
A,TWNK,56652,7493,3,88.5855199028953
A,CCDC184,387856,4472,3,52.8699379428463
A,CCDC142,84865,2602,3,30.7619808871391
A,ZNF784,147808,3690,3,43.6247922650051
A,SOX21,11166,2328,3,27.5226331688162
A,TRH,7200,3395,3,40.1371733711904
A,TMEM268,203197,5965,3,70.5208362766275
A,FAM131B,9715,1482,3,17.5208515275712
A,AQP9,366,4421,3,52.2669936595089
A,GDPD1,284161,2585,3,30.56099945936
A,MYO1H,283446,5291,3,62.5525137870304
A,FBXO17,115290,6236,3,73.7247166841658
A,BCAN,63827,8893,3,105.136931602355
A,DBNL,28988,5330,3,63.0135888272296
A,GDI1,2664,6249,3,73.8784083642323
A,TMC6,11322,3673,3,43.423810837226
A,DOPEY2,9980,4105,3,48.5311035902022
A,CSTF2,1478,4397,3,51.9832551732324
A,SLC1A6,6511,2162,3,25.5601086387374
A,TMEM106C,79022,4261,3,50.3754037509992
A,MYOT,9499,3534,3,41.7804921042082
A,MTHFD2,10797,6845,3,80.9245807734309
A,CCDC146,57639,5153,3,60.9210174909408
A,GATA2,2624,3571,3,42.217922270551
A,DKK2,27123,3455,3,40.8465195868815
A,CRYBB1,1414,8864,3,104.794080931438
A,KIAA0408,9729,4887,3,57.7762492680434
A,WNT3,7473,4060,3,47.9990939284338
A,FOXD4L6,653404,7481,3,88.443650659757
A,CEP41,95681,2248,3,26.5768382145614
A,LSM10,84967,4310,3,50.9547031604803
A,CCDC34,91057,2958,3,34.9707684335732
A,XAGE1E,653067,4785,3,56.5703607013684
A,PRMT5,10419,5087,3,60.1407366536805
A,RIMS2,9699,7601,3,89.8623430911393
A,EXD1,161829,4085,3,48.2946548516385
A,TMEM168,64418,2369,3,28.0073530828719
A,FNDC3A,22862,5456,3,64.503215880181
A,BLK,640,3000,3,35.467310784557
A,REG1B,5968,6118,3,72.3296691266399
A,ATP2C1,27032,4377,3,51.7468064346687
A,SRP68,6730,5782,3,68.3573303187696
A,PPT1,5538,5519,3,65.2480294066567
A,MPIG6B,80739,3686,3,43.5775025172924
A,ZNF419,79744,6811,3,80.5226179178726
A,FICD,11153,5159,3,60.9919521125099
A,PTCRA,171558,4355,3,51.4867128222486
A,IQCA1,79781,3454,3,40.8346971499533
A,PLEKHA4,57664,4889,3,57.7998941418997
A,COX7C,1350,5728,3,67.7189187246475
A,NLRP2,55655,6174,3,72.9917255946183
A,GPC1,2817,1786,3,21.1148723537396
A,NME7,29922,6427,3,75.9828021374493
A,DRG1,4733,4254,3,50.2926466925019
A,SLC31A2,1318,4481,3,52.9763398752
A,PAK5,57144,3919,3,46.3321303215597
A,RAB3IL1,5866,4292,3,50.7418992957729
A,RYR1,6261,3529,3,41.7213799195672
A,OR4N4,283694,4439,3,52.4797975242162
A,SUPT6H,6830,3262,3,38.5647892597417
A,PCGF6,84108,6551,3,77.4487843165443
A,EIF4ENIF1,56478,3490,3,41.260304879368
A,NAA50,80218,5669,3,67.0213949458846
A,ST14,6768,5198,3,61.4530271527091
A,RANGAP1,5905,5064,3,59.8688206043322
A,ASTL,431705,6951,3,82.1777590878186
A,KLK6,5653,7380,3,87.2495845300103
A,EPC1,80314,5722,3,67.6479841030784
A,ITGA6,3655,1296,3,15.3218782589286
A,DNAJC8,22826,4325,3,51.132039714403
A,STX12,23673,1684,3,19.9089837870647
A,SKIV2L,6499,8077,3,95.4898230689557
A,STT3B,201595,2564,3,30.3127282838681
A,GLRA3,8001,3134,3,37.0515173329339
A,COX10,1352,7958,3,94.0829530745016
A,ZNF25,219749,2191,3,25.9029593096548
A,TEX29,121793,8343,3,98.6345912918531
A,FAM168B,130074,3216,3,38.0209571610451
A,FANK1,92565,4593,3,54.3004528111568
A,C9orf47,286223,3313,3,39.1677335430791
A,UGDH,7358,4574,3,54.0758265095213
A,KRT6C,286887,4059,3,47.9872714915056
A,MYLK2,85366,4539,3,53.6620412170348
A,CLIC1,1192,6921,3,81.823085979973
A,PDCD6,10016,4788,3,56.605828012153
A,ALPK2,115701,4931,3,58.2964364928836
A,HMGB1,3146,4372,3,51.6876942500278
A,SRY,6736,3995,3,47.2306355281018
A,IGSF9,57549,6898,3,81.5511699306248
A,DPPA5,340168,6929,3,81.9176654753985
A,ZNF526,116115,5247,3,62.0323265621902
A,TNFRSF17,608,5881,3,69.5277515746599
A,PACSIN1,29993,5589,3,66.0755999916297
A,CECR6,27439,4914,3,58.0954550651044
A,TTC39C,125488,3239,3,38.2928732103934
A,LHFPL1,340596,6240,3,73.7720064318786
A,ZNF141,7700,1497,3,17.698188081494
A,CHERP,10523,2114,3,24.9926316661845
A,NEU1,4758,5409,3,63.9475613445563
A,UEVLD,55293,6908,3,81.6693942999066
A,SUN5,140732,6914,3,81.7403289214757
A,PZP,5858,3605,3,42.6198851261093
A,PPP2R5D,5528,2598,3,30.7146911394264
A,GMPS,8833,11735,3,138.736297352259
A,CGGBP1,8545,4563,3,53.9457797033112
A,KIAA0319,9856,1189,3,14.0568775076128
A,LPL,4023,5011,3,59.2422314471384
A,CCDC96,257236,2030,3,23.9995469642169
A,TMEM117,84216,5099,3,60.2826058968187
A,ZMAT1,84460,6237,3,73.736539121094
A,TAAR1,134864,7797,3,92.1795407290637
A,TMEM151A,256472,5660,3,66.9149930135309
A,OSM,5008,2994,3,35.3963761629879
A,FAM210A,125228,3197,3,37.7963308594096
A,CD82,3732,5307,3,62.7416727778814
A,SLC5A12,159963,5820,3,68.8065829220406
A,TCEAL4,79921,3746,3,44.2868487329835
A,ACE2,59272,5584,3,66.0164878069888
A,CALML6,163688,5381,3,63.6165331105671
A,MBIP,51562,4138,3,48.9212440088323
A,ACER2,340485,1101,3,13.0165030579324
A,NAA16,79612,4049,3,47.8690471222238
A,ZNF292,23036,11130,3,131.583723010707
A,SULT2B1,6820,7797,3,92.1795407290637
A,SLC43A3,29015,3969,3,46.9232521679689
A,ZNF713,349075,5975,3,70.6390606459094
A,STK4,6789,6958,3,82.2605161463159
A,PDZK1,5174,5070,3,59.9397552259014
A,CD28,940,3466,3,40.9765663930915
A,PDXK,8566,3338,3,39.4632944662838
A,FAM181B,220382,2699,3,31.9087572691731
A,FAM110C,642273,3044,3,35.9874980093972
A,PPM1H,57460,2034,3,24.0468367119297
A,CFTR,1080,4887,3,57.7762492680434
A,GOLGA6C,653641,3736,3,44.1686243637017
A,PTPRU,10076,2982,3,35.2545069198497
A,TMEM176B,28959,5899,3,69.7405554393673
A,UBE2Q1,55585,1779,3,21.0321152952423
A,SERPINB6,5269,2696,3,31.8732899583886
A,RASGRP1,10125,1986,3,23.4793597393767
A,ARNT2,9915,1803,3,21.3158537815188
A,KIF5C,3800,4752,3,56.1802202827383
A,DEDD,9191,6430,3,76.0182694482339
A,AFAP1,60312,4127,3,48.7911972026223
A,CEP250,11190,2740,3,32.3934771832287
A,CCNC,892,8068,3,95.383421136602
A,SYT2,127833,4873,3,57.6107351510488
A,PPIL6,285755,3638,3,43.0100255447395
A,AKAP17A,8227,1219,3,14.4115506154583
A,DPAGT1,1798,572,3,6.7624339229222
A,SLC9A3R1,9368,5293,3,62.5761586608868
A,CD34,947,5136,3,60.7200360631616
A,MRPL38,64978,6198,3,73.2754640808948
A,NTHL1,4913,4233,3,50.04437551701
A,AIFM2,84883,7414,3,87.6515473855686
A,APBA1,320,3528,3,41.7095574826391
A,GLIPR2,152007,5655,3,66.85588082889
A,FZD8,8325,3621,3,42.8090441169603
A,TTI2,80185,6101,3,72.1286876988608
A,ALDH3B1,221,4163,3,49.216804932037
A,TIMM8B,26521,6355,3,75.1315866786199
A,C16orf74,404550,3578,3,42.3006793290483
A,KRT80,144501,5053,3,59.7387737981222
A,MAGT1,84061,5088,3,60.1525590906087
A,ADSS,159,4988,3,58.9703153977901
A,SNX2,6643,2762,3,32.6535707956488
A,POU3F2,5454,6122,3,72.3769588743527
A,UCHL5,51377,7355,3,86.9540236068056
A,MDGA1,266727,992,3,11.7278574327602
A,DUSP5,1847,8149,3,96.3410385277851
A,TMEM37,140738,3633,3,42.9509133600986
A,TMEM177,80775,3784,3,44.7361013362546
A,RBM38,55544,2054,3,24.2832854504934
A,BIRC6,57448,3342,3,39.5105842139965
A,HOXD12,3238,6358,3,75.1670539894045
A,PIGH,5283,4905,3,57.9890531327507
A,MEGF11,84465,3244,3,38.3519853950343
A,RAB13,5872,2556,3,30.2181487884426
A,DNAJC3,5611,3672,3,43.4119884002978
A,AVPR1B,553,2666,3,31.518616850543
A,KIAA0922,23240,4426,3,52.3261058441498
A,DSCAML1,57453,3642,3,43.0573152924522
A,ELOVL7,79993,5818,3,68.7829380481842
A,MRPL2,51069,7664,3,90.607156617615
A,CXXC4,80319,7358,3,86.9894909175902
A,ELP6,54859,4366,3,51.6167596284586
A,ZFP36L2,678,1292,3,15.2745885112159
A,SP6,80320,7439,3,87.9471083087732
A,CXCL1,2919,5281,3,62.4342894177485
A,SIX6,4990,4615,3,54.5605464235769
A,TSPAN33,340348,2423,3,28.6457646769939
A,RASGRF1,5923,2623,3,31.010252062631
A,SLC39A10,57181,5465,3,64.6096178125347
A,PTPRS,5802,1632,3,19.294217066799
A,ATP1B2,482,7137,3,84.3767323564611
A,RIMS3,9783,1655,3,19.5661331161473
A,PRMT7,54496,4728,3,55.8964817964619
A,CADM1,23705,3135,3,37.0633397698621
A,FBXO28,23219,7052,3,83.3718252175654
A,PRKAA2,5563,3695,3,43.6839044496461
A,KRR1,11103,4099,3,48.4601689686331
A,NMRAL1,57407,2409,3,28.4802505599993
A,IKBKG,8517,6029,3,71.2774722400314
A,NXPH4,11247,2681,3,31.6959534044658
A,SLC25A2,83884,4313,3,50.9901704712648
A,CLEC14A,161198,4530,3,53.5556392846811
A,SUMO3,6612,3152,3,37.2643211976412
A,ZNF574,64763,5960,3,70.4617240919866
A,DHRS4L1,728635,1699,3,20.0863203409875
A,CMC2,56942,4968,3,58.7338666592264
A,ZNF471,57573,2961,3,35.0062357443578
A,BRCC3,79184,5720,3,67.6243392292221
A,ALX1,8092,5343,3,63.167280507296
A,SDC2,6383,4949,3,58.5092403575909
A,PPM1A,5494,5615,3,66.3829833517626
A,CLDND1,56650,5846,3,69.1139662821734
A,ZBTB5,9925,5747,3,67.9435450262831
A,CILP,8483,5953,3,70.3789670334893
A,FER1L5,90342,6062,3,71.6676126586615
A,CAST,831,4444,3,52.5389097088571
A,MYO5A,4644,3880,3,45.8710552813604
A,MUC17,140453,3907,3,46.1902610784214
A,COL16A1,1307,5211,3,61.6067188327755
A,TRMT112,51504,5336,3,63.0845234487988
A,SPANXN3,139067,6049,3,71.5139209785951
A,PRSS35,167681,3389,3,40.0662387496212
A,RNASE13,440163,6283,3,74.2803712197906
A,PGBD3,267004,6055,3,71.5848556001643
A,FMO5,2330,4143,3,48.9803561934732
A,GIMAP2,26157,3456,3,40.8583420238097
A,MANSC1,54682,1530,3,18.0883285001241
A,PWP2,5822,3207,3,37.9145552286914
A,RPS6KA2,6196,3986,3,47.1242335957481
A,GON7,84520,5677,3,67.1159744413101
A,RNASEH2A,10535,4778,3,56.4876036428711
A,GPR179,440435,5250,3,62.0677938729748
A,TMEM225B,100289187,1555,3,18.3838894233287
A,DYNC1I2,1781,4213,3,49.8079267784462
A,HMOX2,3163,6698,3,79.1866825449876
A,PCDHB9,56127,4616,3,54.5723688605051
A,DPPA2,151871,1391,3,16.4450097671063
A,CLDN2,9075,2986,3,35.3017966675624
A,AQP1,358,2269,3,26.8251093900533
A,EGR3,1960,5530,3,65.3780762128668
A,TEX38,374973,5539,3,65.4844781452204
A,LIAS,11019,6410,3,75.7818207096701
A,FAM192A,80011,5950,3,70.3434997227048
A,SLC25A10,1468,4336,3,51.2620865206131
A,PBX2,5089,1869,3,22.096134618779
A,USP17L12,100287205,4455,3,52.6689565150672
A,ABCB11,8647,3834,3,45.3272231826639
A,MAP1A,4130,6723,3,79.4822434681923
A,CA3,761,3770,3,44.57058721926
A,OR6V1,346517,4833,3,57.1378376739214
A,LRRC17,10234,4284,3,50.6473198003474
A,ZNF107,51427,6135,3,72.5306505544191
A,PTPRO,5800,5709,3,67.494292423012
A,MAP4K4,9448,2869,3,33.9185715469647
A,KIDINS220,57498,2186,3,25.8438471250139
A,KRT75,9119,7854,3,92.8534196339703
A,PC,5091,7093,3,83.856545131621
A,RP1L1,94137,5599,3,66.1938243609116
A,BHMG1,388553,4097,3,48.4365240947767
A,ATP6V1B2,526,7437,3,87.9234634349168
A,TEX264,51368,3805,3,44.9843725117465
A,DEFB4A,1673,4190,3,49.536010729098
A,GPR137C,283554,437,3,5.16640493761714
A,LRP6,4040,5251,3,62.079616309903
A,TCP11X2,100996648,5623,3,66.477562847188
A,RC3H1,149041,6298,3,74.4577077737134
A,FKBP1B,2281,4939,3,58.391015988309
A,TPM3,7170,3249,3,38.4110975796752
A,AXIN2,8313,3990,3,47.1715233434608
A,RAD21L1,642636,7411,3,87.616080074784
A,BMS1,9790,2069,3,24.4606220044162
A,WBP11,51729,7423,3,87.7579493179223
A,TMPRSS6,164656,5477,3,64.7514870556729
A,MRPS21,54460,6574,3,77.7207003658926
A,OR8B8,26493,4965,3,58.6983993484419
A,EYA1,2138,3459,3,40.8938093345942
A,HPS1,3257,2392,3,28.2792691322201
A,OR10H2,26538,5902,3,69.7760227501518
A,GGT7,2686,4561,3,53.9221348294549
A,OR5A2,219981,4091,3,48.3655894732076
A,MAGEA6,4105,6302,2,74.5049975214261
A,COMMD4,54939,7913,3,93.5509434127332
A,GHRH,2691,2906,3,34.3560017133076
A,ILVBL,10994,6997,3,82.7215911865151
A,FAM72C,554282,5645,3,66.7376564596081
A,NLRX1,79671,4934,3,58.3319038036681
A,HSD17B3,3293,5621,3,66.4539179733317
A,LYG1,129530,4458,3,52.7044238258517
A,OTUD7A,161725,5367,3,63.4510189935725
A,CYP2A13,1553,8415,3,99.4858067506824
A,OR1J1,347168,3555,3,42.0287632797001
A,MAD2L2,10459,1073,3,12.6854748239432
A,FFAR1,2864,4940,3,58.4028384252372
A,ITPA,3704,4315,3,51.0138153451212
A,PUSL1,126789,2631,3,31.1048315580565
A,SLC47A1,55244,2115,3,25.0044541031127
A,C6orf226,441150,4886,3,57.7644268311152
A,ERF,2077,4649,3,54.9625092791352
A,LACC1,144811,4812,3,56.8895664984295
A,ARHGAP21,57584,4044,3,47.8099349375829
A,CPE,1363,4769,3,56.3812017105175
A,NKX2-3,159296,6273,3,74.1621468505087
A,KDELC2,143888,2709,3,32.026981638455
A,KDELR3,11015,5800,3,68.5701341834769
A,ACTR3C,653857,1389,3,16.4213648932499
A,TTC26,79989,4414,3,52.1842366010116
A,RAB6B,51560,2841,3,33.5875433129755
A,LYPLAL1,127018,3718,3,43.9558204989943
A,WNT7B,7477,1994,3,23.5739392348022
A,PCSK9,255738,1464,3,17.3080476628638
A,OTOP1,133060,2449,3,28.9531480371267
A,KRTAP10-10,353333,5698,3,67.364245616802
A,PHTF2,57157,2639,3,31.199411053482
A,PKN1,5585,5475,3,64.7278421818166
A,ZNF563,147837,5867,3,69.3622374576653
A,DNAH11,8701,3923,3,46.3794200692724
A,CD38,952,4068,3,48.0936734238593
A,ABHD17A,81926,2539,3,30.0171673606634
A,NIM1K,167359,4374,3,51.7113391238841
A,TAF9,6880,4751,3,56.1683978458101
A,RNF122,79845,5482,3,64.8105992403139
A,TEAD1,7003,3622,3,42.8208665538885
A,BASP1,10409,2280,3,26.9551561962633
A,EMC10,284361,5316,3,62.848074710235
A,RCC1L,81554,3222,3,38.0918917826142
A,CIDEC,63924,5363,3,63.4037292458598
A,SMIM22,440335,2410,3,28.4920729969275
A,MRPS30,10884,5523,3,65.2953191543695
A,TIPARP,25976,3583,3,42.3597915136893
A,TMEM51,55092,6903,3,81.6102821152657
A,UBE2I,7329,6138,3,72.5661178652037
A,ZC3HC1,51530,6033,3,71.3247619877442
A,SIN3A,25942,3938,3,46.5567566231952
A,WISP2,8839,5773,3,68.2509283864159
A,ANKRD26,22852,3715,3,43.9203531882098
A,KCTD21,283219,4323,3,51.1083948405467
A,DPY19L4,286148,5710,3,67.5061148599402
A,ARHGAP1,392,4885,3,57.752604394187
A,LNX2,222484,3578,3,42.3006793290483
A,NFATC4,4776,3949,3,46.6868034294052
A,P2RX7,5027,3519,3,41.6031555502854
A,MAP3K5,4217,2329,3,27.5344556057444
A,PLAUR,5329,2596,3,30.69104626557
A,NUP62,23636,5263,3,62.2214855530412
A,EIF1AD,84285,2791,3,32.9964214665662
A,VSIG8,391123,5731,3,67.7543860354321
A,APOBEC3H,164668,2932,3,34.6633850734404
A,BROX,148362,2360,3,27.9009511505182
A,FMR1,2332,2659,3,31.4358597920457
A,AVPR2,554,5150,3,60.8855501801562
A,KLHL20,27252,4226,3,49.9616184585127
A,SLCO6A1,133482,3658,3,43.2464742833032
A,GPR45,11250,5432,3,64.2194773939046
A,CST6,1474,2385,3,28.1965120737228
A,GGT6,124975,4570,3,54.0285367618085
A,POLD1,5424,4374,3,51.7113391238841
A,B4GALT7,11285,4541,3,53.6856860908911
A,OSBPL3,26031,3594,3,42.4898383198993
A,PER2,8864,6410,3,75.7818207096701
A,EPHA2,1969,2909,3,34.3914690240921
A,SPIN2A,54466,5354,3,63.2973273135061
A,GPT,2875,6609,3,78.1344856583791
A,C1orf50,79078,5948,3,70.3198548488484
A,TMEM89,440955,5494,3,64.9524684834521
A,CCT5,22948,2330,3,27.5462780426726
A,TMEM205,374882,1708,3,20.1927222733411
A,NFIX,4784,4576,3,54.0994713833776
A,PPP2R2B,5521,4252,3,50.2690018186455
A,COMMD1,150684,4681,3,55.3408272608371
A,DLGAP5,9787,6046,3,71.4784536678106
A,PPP4R2,151987,5950,3,70.3434997227048
A,SLC7A6,9057,3394,3,40.1253509342622
A,NXPE4,54827,3138,3,37.0988070806466
A,ANKRD27,84079,5982,3,70.7218177044067
A,C15orf56,644809,4013,3,47.4434393928091
A,STAC3,246329,5474,3,64.7160197448884
A,TMEM190,147744,1655,3,19.5661331161473
A,ATP6V1E1,529,5633,3,66.5957872164699
A,IGF2R,3482,2878,3,34.0249734793184
A,STEAP3,55240,3267,3,38.6239014443826
A,TNFRSF19,55504,5649,3,66.7849462073209
A,CFAP54,144535,4185,3,49.476898544457
A,PKLR,5313,2893,3,34.2023100332412
A,SEMA3A,10371,3747,3,44.2986711699117
A,STK11IP,114790,3737,3,44.1804468006299
A,KRTAP4-2,85291,4744,3,56.0856407873128
A,KRTAP4-4,84616,5043,3,59.6205494288403
A,CNDP1,84735,2870,3,33.9303939838929
A,HSD11B1,3290,2946,3,34.828899190435
A,ZNF24,7572,2055,3,24.2951078874216
A,SZRD1,26099,8781,3,103.812818666398
A,HSPE1,3336,5021,3,59.3604558164203
A,ACIN1,22985,4443,3,52.5270872719289
A,MRPL55,128308,5068,3,59.916110352045
A,RNF169,254225,4346,3,51.3803108898949
A,ITGB1BP2,26548,3785,3,44.7479237731828
A,COPB2,9276,2929,3,34.6279177626558
A,MAP6D1,79929,3665,3,43.3292313418005
A,NR1H2,7376,5494,3,64.9524684834521
A,NRARP,441478,6079,3,71.8685940864407
A,SERAC1,84947,4803,3,56.7831645660758
A,CPT1B,1375,7539,3,89.1293520015918
A,OR1L8,138881,4637,3,54.820640035997
A,TSPAN12,23554,4213,3,49.8079267784462
A,ARPC1A,10552,4384,3,51.829563493166
A,KLHL26,55295,4685,3,55.3881170085499
A,ATP11B,23200,3681,3,43.5183903326515
A,PAK2,5062,4286,3,50.6709646742038
A,ARHGEF17,9828,5457,3,64.5150383171092
A,VAV2,7410,5499,3,65.011580668093
A,MUC8,100129528,3334,3,39.416004718571
A,STYXL1,51657,6087,3,71.9631735818662
A,ANAPC2,29882,4124,3,48.7557298918377
A,CEP128,145508,3593,3,42.4780158829711
A,LTA4H,4048,7185,3,84.944209329014
A,MIA,8190,9584,3,113.306235519731
A,PDS5B,23047,5243,3,61.9850368144775
A,ZNF491,126069,5468,3,64.6450851233193
A,SLC39A13,91252,2417,3,28.5748300554248
A,TM6SF1,53346,2246,3,26.553193340705
A,PPM1K,152926,5880,3,69.5159291377318
A,SORD,6652,5793,3,68.4873771249796
A,MTHFD1,4522,6356,3,75.1434091155481
A,PRG3,10394,5125,3,60.5899892569516
A,JUN,3725,6088,3,71.9749960187944
A,NDUFA6,4700,5293,3,62.5761586608868
A,IFT140,9742,3443,3,40.7046503437433
A,CLK3,1198,4612,3,54.5250791127923
A,C6orf223,221416,4860,3,57.4570434709824
A,YWHAZ,7534,4908,3,58.0245204435353
A,C6orf99,100130967,3363,3,39.7588553894884
A,PIF1,80119,2920,3,34.5215158303022
A,BCDIN3D,144233,2852,3,33.7175901191855
A,ECE2,9718,3331,3,39.3805374077865
A,NUTM2F,54754,4552,3,53.8157328971012
A,TMEM109,79073,6305,3,74.5404648322107
A,RNGTT,8732,3128,3,36.9805827113648
A,GNG2,54331,5805,3,68.6292463681178
A,SHQ1,55164,5924,3,70.0361163625719
A,TAF13,6884,4170,3,49.2995619905343
A,KLF3,51274,2902,3,34.3087119655948
A,ZNF394,84124,9315,3,110.12599998605
A,CLASP2,23122,7512,3,88.8101462045308
A,TRERF1,55809,8297,3,98.0907591931565
A,CSTF2T,23283,2730,3,32.2752528139469
A,RPP21,79897,2701,3,31.9324021430295
A,VWA3B,200403,2710,3,32.0388040753832
A,OR5AK2,390181,4951,3,58.5328852314473
A,GEM,2669,1739,3,20.5592178181149
A,C3orf84,646498,3834,3,45.3272231826639
A,CSTA,1475,5255,3,62.1269060576157
A,SCD5,79966,4089,3,48.3419445993512
A,IFI44,10561,6254,3,73.9375205488732
A,CD1E,913,4414,3,52.1842366010116
A,RNF13,11342,4427,3,52.337928281078
A,NOMO2,283820,5363,3,63.4037292458598
A,SUCNR1,56670,4868,3,57.5516229664079
A,GABRR2,2570,7834,3,92.6169708954066
A,PDZRN3,23024,10018,3,118.437173146564
A,LOC340178,340178,5975,3,70.6390606459094
A,TFF1,7031,4707,3,55.64821062097
A,SFN,2810,5314,3,62.8244298363787
A,SBSPON,157869,2429,3,28.716699298563
A,FAM46D,169966,6555,3,77.4960740642571
A,PHF21B,112885,2715,3,32.0979162600241
A,METAP2,10988,3542,3,41.8750715996337
A,PIPOX,51268,4038,3,47.7390003160137
A,CA5B,11238,3698,3,43.7193717604306
A,KIF15,56992,3646,3,43.104605040165
A,MCPH1,79648,5640,3,66.6785442749672
A,SHROOM3,57619,5424,3,64.1248978984791
A,PCDHGB3,56102,4472,3,52.8699379428463
A,THAP2,83591,6219,3,73.5237352563867
A,TRIM49C,642612,1229,1,14.5297749847402
A,OR5M10,390167,3498,3,41.3548843747935
A,KBTBD7,84078,6807,3,80.4753281701599
A,CNFN,84518,3820,3,45.1617090656693
A,JAKMIP1,152789,5630,3,66.5603199056853
A,C1orf198,84886,1265,3,14.9553827141549
A,PLEKHA6,22874,4946,3,58.4737730468063
A,TUBB6,84617,3502,3,41.4021741225062
A,PCK1,5105,5242,3,61.9732143775493
A,STON1-GTF2A1L,286749,3055,3,36.1175448156072
A,CARD6,84674,8425,3,99.6040311199643
A,NXPH3,11248,3702,3,43.7666615081434
A,ITK,3702,4940,3,58.4028384252372
A,GCNA,93953,6929,3,81.9176654753985
A,EIF3M,10480,6556,3,77.5078965011853
A,MADCAM1,8174,10813,3,127.836010504472
A,TOMM40L,84134,5895,3,69.6932656916545
A,HLA-DRA,3122,6666,3,78.8083645632857
A,MS4A18,728588,6216,3,73.4882679456021
A,ZKSCAN3,80317,6148,3,72.6843422344855
A,UBE2NL,389898,4730,3,55.9201266703182
A,SULT2A1,6822,11419,3,135.000407282952
A,SPZ1,84654,7789,3,92.0849612336382
A,MCEMP1,199675,4960,3,58.6392871638009
A,ANKS1B,56899,6297,3,74.4458853367852
A,ARL6IP1,23204,8728,3,103.186229509205
A,ADARB2,105,3101,3,36.6613769143038
A,DNAH10,196385,5209,3,61.5830739589192
A,GPR137B,7107,4001,3,47.3015701496709
A,NXNL1,115861,5118,3,60.5072321984543
A,IGFBP4,3487,2282,3,26.9788010701197
A,RAD21,5885,5456,3,64.503215880181
A,SUGCT,79783,3558,3,42.0642305904846
A,CD163L1,283316,6059,3,71.632145347877
A,LIMA1,51474,6488,3,76.7039707900686
A,C19orf84,147646,6792,3,80.2979916162371
A,ENPP1,5167,6112,3,72.2587345050708
A,LOXL4,84171,4443,3,52.5270872719289
A,KLF1,10661,5394,3,63.7702247906335
A,SFTPC,6440,6948,3,82.1422917770341
A,EBF4,57593,2575,3,30.4427750900781
A,HIF3A,64344,4008,3,47.3843272081682
A,ADPRHL2,54936,7747,3,91.5884188826544
A,ST7L,54879,6401,3,75.6754187773165
A,EFCAB2,84288,7955,3,94.047485763717
A,RPL13A,23521,5376,3,63.5574209259262
A,CCDC43,124808,4853,3,57.3742864124851
A,RAET1L,154064,6588,3,77.8862144828872
A,TPM1,7168,5064,3,59.8688206043322
A,EDA2R,60401,3447,3,40.751940091456
A,MSANTD2,79684,3621,3,42.8090441169603
A,ING4,51147,5712,3,67.5297597337966
A,CHDH,55349,4191,3,49.5478331660262
A,HNRNPU,3192,3645,3,43.0927826032368
A,AP1S1,1174,4919,3,58.1545672497453
A,ERH,2079,6000,3,70.934621569114
A,KLHL42,57542,4863,3,57.4925107817669
A,MGAT4C,25834,2970,3,35.1126376767114
A,OR9A4,130075,5427,3,64.1603652092636
A,TUT1,64852,6180,3,73.0626602161875
A,PEX1,5189,5458,3,64.5268607540374
A,CHMP7,91782,5035,3,59.5259699334149
A,KRT74,121391,5331,3,63.0254112641578
A,LOC100287036,100287036,5225,3,61.7722329497701
A,EXOSC3,51010,6110,3,72.2350896312145
A,TMEM126B,55863,2142,3,25.3236599001737
A,TP63,8626,4026,3,47.5971310728755
A,POU6F2,11281,3526,3,41.6859126087827
A,RNF220,55182,5741,3,67.8726104047139
A,RPS2,6187,3472,3,41.0475010146607
A,ATG5,9474,1340,3,15.8420654837688
A,ZNF81,347344,7394,3,87.4150986470049
A,SLC5A8,160728,6149,3,72.6961646714137
A,DHRS1,115817,8380,3,99.0720214581959
A,SEMA7A,8482,2813,3,33.2565150789863
A,EDARADD,128178,4532,3,53.5792841585375
A,OR5AP2,338675,3116,3,36.8387134682266
A,FLJ44635,392490,6602,3,78.0517285998818
A,ZNF263,10127,3977,3,47.0178316633944
A,GJB7,375519,3210,3,37.950022539476
A,CLDN17,26285,4850,3,57.3388191017005
A,EVI2B,2124,3921,3,46.355775195416
A,USP17L8,392188,3719,3,43.9676429359225
A,RTN2,6253,8448,3,99.8759471693126
A,FKBP9,11328,3615,3,42.7381094953912
A,ALDH7A1,501,3486,3,41.2130151316553
A,LIPM,340654,6818,3,80.6053749763699
A,LIG1,3978,4175,3,49.3586741751752
A,NCAPD2,9918,6901,3,81.5866372414093
A,FER,2241,2168,3,25.6310432603065
A,CRYBB3,1417,8644,3,102.193144807237
A,ARSK,153642,5188,3,61.3348027834273
A,MXD1,4084,6423,3,75.9355123897366
A,TNNC2,7125,4736,3,55.9910612918873
A,KRT37,8688,6206,3,73.3700435763203
A,CCDC138,165055,3708,3,43.8375961297125
A,MBD4,8930,3563,3,42.1233427751256
A,DSTYK,25778,5473,3,64.7041973079602
A,POLR3E,55718,3140,3,37.122451954503
A,SEPT3,55964,4435,3,52.4325077765035
A,ROBO4,54538,3038,3,35.9165633878281
A,CROCC2,728763,6215,3,73.476445508674
A,NKAIN2,154215,5309,3,62.7653176517377
A,RPGRIP1,57096,8063,3,95.3243089519611
A,DGKB,1607,5625,3,66.5012077210444
A,NAGS,162417,5508,3,65.1179826004467
A,EXOC6,54536,3829,3,45.2681109980229
A,RNF114,55905,4893,3,57.8471838896125
A,HDDC3,374659,4036,3,47.7153554421574
A,IGFN1,91156,4708,3,55.6600330578981
A,DHX8,1659,5962,3,70.485368965843
A,PCDHB3,56132,5596,3,66.158357050127
A,PLP2,5355,6435,3,76.0773816328748
A,NLRP2B,286430,5749,3,67.9671899001394
A,ZNF347,84671,4672,3,55.2344253284835
A,MTRNR2L5,100463289,3973,3,46.9705419156817
A,NAXD,55739,5720,3,67.6243392292221
A,CHSY1,22856,1948,3,23.0301071361057
A,DTX3,196403,4121,3,48.7202625810532
A,RPL27A,6157,4028,3,47.6207759467319
A,LRRD1,401387,9584,3,113.306235519731
A,TRIM64C,646754,3206,2,37.9027327917633
A,IZUMO4,113177,6162,3,72.8498563514801
A,CDK17,5128,5417,3,64.0421408399818
A,CD109,135228,3146,3,37.1933865760721
A,ZNF2,7549,1959,3,23.1601539423157
A,NUAK2,81788,6141,3,72.6015851759882
A,PIWIL2,55124,3659,3,43.2582967202314
A,KRTAP12-3,386683,1456,1,17.2134681674383
A,KRTAP20-2,337976,7425,3,87.7815941917786
A,SIGLEC1,6614,5524,3,65.3071415912977
A,TRPC5,7224,2363,3,27.9364184613027
A,FBXO34,55030,4324,3,51.1202172774748
A,ZNF334,55713,5240,3,61.9495695036929
A,GSTM5,2949,4612,3,54.5250791127923
A,GSTM1,2944,5350,3,63.2500375657933
A,FH,2271,6028,3,71.2656498031032
A,CHCHD3,54927,5398,3,63.8175145383462
A,GYS1,2997,2301,3,27.2034273717552
A,FAM173B,134145,4245,3,50.1862447601482
A,RASIP1,54922,3533,3,41.76866966728
A,FUCA1,2517,4503,3,53.2364334876201
A,ERICH3,127254,2137,3,25.2645477155328
A,ANO8,57719,5243,3,61.9850368144775
A,TMEM255B,348013,4446,3,52.5625545827135
A,ARHGEF39,84904,3791,3,44.8188583947519
A,ALG3,10195,3053,3,36.0938999417509
A,FAM20C,56975,3712,3,43.8848858774252
A,HOMER1,9456,5818,3,68.7829380481842
A,CDC42EP3,10602,2382,3,28.1610447629383
A,BEST1,7439,3391,3,40.0898836234776
A,SH3GL2,6456,3247,3,38.3874527058189
A,ITGB7,3695,6149,3,72.6961646714137
A,ADORA2A,135,6238,3,73.7483615580222
A,SGCD,6444,2827,3,33.4220291959809
A,USP2,9099,1937,3,22.9000603298956
A,TM2D3,80213,5803,3,68.6056014942615
A,TMEM171,134285,3212,3,37.9736674133324
A,C10orf62,414157,9940,3,117.515023066166
A,KCTD3,51133,4809,3,56.8540991876449
A,NSD3,54904,4241,3,50.1389550124354
A,ZBTB2,57621,8825,3,104.333005891239
A,POLG,5428,2052,3,24.259640576637
A,NOB1,28987,4171,3,49.3113844274624
A,PRAMEF2,65122,3753,3,44.3696057914808
A,PIMREG,54478,5883,3,69.5513964485163
A,NLRC5,84166,3775,3,44.6296994039009
A,C16orf87,388272,4087,3,48.3182997254948
A,SOHLH2,54937,4901,3,57.941763385038
A,PDSS2,57107,2687,3,31.7668880260349
A,BMPR1B,658,2065,3,24.4133322567034
A,TAF9B,51616,4760,3,56.2747997781638
A,DMTF1,9988,3887,3,45.9538123398577
A,OLFM3,118427,7166,3,84.7195830273785
A,SLC24A5,283652,4838,3,57.1969498585623
A,PCDHB13,56123,7511,3,88.7983237676026
A,BHLHB9,80823,3128,3,36.9805827113648
A,TSPAN11,441631,5225,3,61.7722329497701
A,LAPTM4B,55353,1827,3,21.5995922677952
A,KCNIP3,30818,2623,3,31.010252062631
A,STAT1,6772,6985,3,82.5797219433769
A,ANAPC4,29945,2892,3,34.190487596313
A,YIPF2,78992,2490,3,29.4378679511823
A,CD164,8763,6934,3,81.9767776600395
A,DUT,1854,3085,3,36.4722179234528
A,TNFRSF4,7293,6481,3,76.6212137315713
A,SSTR5,6755,4793,3,56.6649401967939
A,MPC1,51660,4038,3,47.7390003160137
A,S1PR5,53637,3932,3,46.4858220016261
A,HEPN1,641654,4510,3,53.3191905461174
A,FNIP2,57600,5044,3,59.6323718657685
A,NDUFA4L2,56901,5999,3,70.9227991321858
A,ATP11AUN,400165,6905,3,81.6339269891221
A,PPCS,79717,5772,3,68.2391059494877
A,NR3C2,4306,6216,3,73.4882679456021
A,STOML3,161003,9079,3,107.335904870998
A,PCDHGC5,56097,6587,3,77.874392045959
A,CETN2,1069,4302,3,50.8601236650548
A,DPCR1,135656,6452,3,76.278363060654
A,HSPB2,3316,2632,3,31.1166539949847
A,CFAP45,25790,5558,3,65.709104446856
A,RIPPLY1,92129,6129,3,72.45971593285
A,SLC7A11,23657,7929,3,93.7401024035842
A,SLC45A1,50651,4789,3,56.6176504490812
A,PIK3CA,5290,3360,3,39.7233880787039
A,B3GNT2,10678,4162,3,49.2049824951088
A,AMFR,267,3361,3,39.735210515632
A,TRAPPC10,7109,2424,3,28.6575871139221
A,LPCAT4,254531,4983,3,58.9112032131492
A,LAPTM5,7805,6562,3,77.5788311227544
A,MMD2,221938,4551,3,53.803910460173
A,NT5DC3,51559,5650,3,66.7967686442491
A,PDPR,55066,4820,3,56.9841459938549
A,TMEM27,57393,5835,3,68.9839194759634
A,CSNK2A2,1459,2386,3,28.208334510651
A,GREM2,64388,5014,3,59.277698757923
A,MNS1,55329,5491,3,64.9170011726675
A,KRTAP5-1,387264,3996,3,47.2424579650299
A,PSMD2,5708,4270,3,50.4818056833528
A,B3GNT3,10331,2604,3,30.7856257609955
A,SMAD2,4087,1326,3,15.6765513667742
A,L3MBTL3,84456,5842,3,69.0666765344607
A,SYTL1,84958,8941,3,105.704408574908
A,WDR33,55339,5770,3,68.2154610756313
A,MAP2K5,5607,1953,3,23.0892193207466
A,LAMC3,10319,4728,3,55.8964817964619
A,ANKRD12,23253,3546,3,41.9223613473464
A,GALNT14,79623,5847,3,69.1257887191016
A,RHBDD1,84236,4665,3,55.1516682699862
A,PHF20,51230,4851,3,57.3506415386287
A,MRPS23,51649,2316,3,27.380763925678
A,SLC6A11,6538,3582,3,42.3479690767611
A,XKR4,114786,3392,3,40.1017060604058
A,SLC35E2,9906,5608,3,66.3002262932653
A,SCRG1,11341,6313,3,74.6350443276362
A,NME4,4833,2912,3,34.4269363348767
A,RNF141,50862,4544,3,53.7211534016757
A,DEUP1,159989,6426,3,75.9709797005211
A,OCM2,4951,5842,3,69.0666765344607
A,GRINA,2907,4425,3,52.3142834072216
A,ADIPOR2,79602,4881,3,57.7053146464743
A,TMEM9,252839,8306,3,98.1971611255102
A,PNMA1,9240,2367,3,27.9837082090155
A,SIKE1,80143,4541,3,53.6856860908911
A,DAND5,199699,9763,3,115.422451729877
A,C18orf32,497661,7463,3,88.2308467950497
A,GJB4,127534,5431,3,64.2076549569764
A,ARHGAP10,79658,2653,3,31.3649251704766
A,AKAP11,11215,8425,3,99.6040311199643
A,CPLX1,10815,2605,3,30.7974481979237
A,APCDD1,147495,4372,3,51.6876942500278
A,PRIM1,5557,5434,3,64.2431222677609
A,HOXD1,3231,9816,3,116.049040887071
A,NSUN5,55695,3303,3,39.0495091737973
A,PRELID1,27166,3736,3,44.1686243637017
A,GIT2,9815,5818,3,68.7829380481842
A,TRIM36,55521,7569,3,89.4840251094374
A,KRTAP12-2,353323,8337,3,98.563656670284
A,MFAP1,4236,4976,3,58.8284461546519
A,DDX5,1655,5636,3,66.6312545272545
A,SMAGP,57228,6088,3,71.9749960187944
A,EFCAB14,9813,5224,3,61.7604105128419
A,NPEPL1,79716,10653,3,125.944420595962
A,GIPC3,126326,1705,3,20.1572549625566
A,SERPINE1,5054,6942,3,82.0713571554649
A,PLA2G2A,5320,8822,3,104.297538580454
A,EIF3B,8662,4269,3,50.4699832464246
A,ZNF575,284346,2243,3,26.5177260299205
A,PM20D1,148811,5373,3,63.5219536151416
A,TIMP3,7078,12307,3,145.498731275181
A,TMEM128,85013,7065,3,83.5255168976318
A,IZUMO2,126123,1902,3,22.4862750374091
A,KLHDC3,116138,5186,3,61.3111579095709
A,GNG12,55970,2623,3,31.010252062631
A,FCER2,2208,9003,3,106.437399664456
A,EMB,133418,4510,3,53.3191905461174
A,MDGA2,161357,2103,3,24.8625848599745
A,RTP1,132112,5378,3,63.5810657997825
A,CYP2E1,1571,3686,3,43.5775025172924
A,BICD1,636,3553,3,42.0051184058437
A,HSPB7,27129,4791,3,56.6412953229376
A,RTTN,25914,4759,3,56.2629773412356
A,RNF144A,9781,8378,3,99.0483765843396
A,MCTP1,79772,5868,3,69.3740598945935
A,PTPN1,5770,5506,3,65.0943377265903
A,BDP1,55814,5127,3,60.6136341308079
A,NIT1,4817,5234,3,61.8786348821238
A,OLFM2,93145,1344,3,15.8893552314815
A,HEPH,9843,8091,3,95.6553371859503
A,CNGB1,1258,5669,3,67.0213949458846
A,GPR151,134391,5097,3,60.2589610229624
A,FUK,197258,2490,3,29.4378679511823
A,ZNF562,54811,3438,3,40.6455381591023
A,KRTAP13-1,140258,5527,3,65.3426089020822
A,KRTAP13-2,337959,5259,3,62.1741958053284
A,POU1F1,5449,9746,3,115.221470302098
A,LOC105377134,105377134,5763,3,68.132704017134
A,FBXL6,26233,4371,3,51.6758718130996
A,GLRA1,2741,2910,3,34.4032914610203
A,PHB,5245,7695,3,90.9736521623887
A,DENND4C,55667,3926,3,46.414887380057
A,C10orf35,219738,1448,3,17.1188886720129
A,CCDC30,728621,2513,3,29.7097840005306
A,SPACA5,389852,4851,3,57.3506415386287
A,PSMB6,5694,4420,3,52.2551712225807
A,PHB2,11331,5331,3,63.0254112641578
A,HDDC2,51020,3275,3,38.7184809398081
A,UBE2J1,51465,6086,3,71.951351144938
A,ATP8B4,79895,4403,3,52.0541897948015
A,ASXL2,55252,6521,3,77.0941112086988
A,HRG,3273,3874,3,45.8001206597913
A,C10orf53,282966,3157,3,37.3234333822822
A,GLIS3,169792,5424,3,64.1248978984791
A,EOMES,8320,7003,3,82.7925258080843
A,ZNF185,7739,4056,3,47.9518041807211
A,ARL3,403,4097,3,48.4365240947767
A,ST3GAL5,8869,3327,3,39.3332476600737
A,FAM171B,165215,2893,3,34.2023100332412
A,CBLN1,869,3667,3,43.3528762156569
A,GPR75,10936,4319,3,51.0611050928339
A,CIB3,117286,3972,3,46.9587194787535
A,C2orf81,388963,3428,3,40.5273137898205
A,KDSR,2531,2529,3,29.8989429913816
A,PRPF39,55015,4865,3,57.5161556556233
A,DNAH17,8632,4992,3,59.0176051455029
A,TRPV5,56302,12288,3,145.274104973546
A,UPF3A,65110,5664,3,66.9622827612437
A,PPP1R14C,81706,1664,3,19.672535048501
A,SLC2A12,154091,8998,3,106.378287479815
A,ACSBG1,23205,2456,3,29.035905095624
A,CAPN11,11131,5481,3,64.7987768033857
A,KNTC1,9735,2243,3,26.5177260299205
A,ACSL6,23305,3062,3,36.2003018741045
A,SAMHD1,25939,3309,3,39.1204437953664
A,ADTRP,84830,2960,3,34.9944133074296
A,UBE2B,7320,1979,3,23.3966026808794
A,SLAIN1,122060,5637,3,66.6430769641826
A,FTCD,10841,3970,3,46.9350746048971
A,HELLS,3070,10662,3,126.050822528316
A,ZNF558,148156,3805,3,44.9843725117465
A,AKT1S1,84335,3996,3,47.2424579650299
A,TRAIP,10293,7281,3,86.0791632741199
A,PPRC1,23082,1831,3,21.646882015508
A,ITIH2,3698,2054,3,24.2832854504934
A,ZNF420,147923,6266,3,74.0793897920114
A,PAQR4,124222,2888,3,34.1431978486002
A,C5orf49,134121,4597,3,54.3477425588695
A,MRPS10,55173,5968,3,70.5563035874121
A,FEZF1,389549,3125,3,36.9451154005802
A,HIGD1C,613227,4045,3,47.821757374511
A,CCR2,729230,7418,3,87.6988371332813
A,LCN12,286256,5541,3,65.5081230190768
A,PDX1,3651,6919,3,81.7994411061167
A,ZNF273,10793,7330,3,86.658462683601
A,ZNF93,81931,1304,3,15.4164577543541
A,AIDA,64853,3207,3,37.9145552286914
A,FAM222B,55731,6323,3,74.753268696918
A,MYCBP2,23077,6835,3,80.8063564041491
A,IGFBP1,3484,6527,3,77.1650458302679
A,MOCS2,4338,4998,3,59.088539767072
A,CEP57L1,285753,3897,3,46.0720367091396
A,ARHGEF4,50649,1944,3,22.9828173883929
A,ZNF596,169270,5308,3,62.7534952148095
A,CXorf49B,100132994,1239,1,14.647999354022
A,CDIPT,10423,4514,3,53.3664802938301
A,TANC2,26115,5619,3,66.4302730994753
A,CRAMP1,57585,4678,3,55.3053599500526
A,BOLA1,51027,10270,3,121.416427252467
A,BIRC8,112401,3182,3,37.6189943054868
A,RNF168,165918,4803,3,56.7831645660758
A,SULT1C3,442038,4177,3,49.3823190490316
A,GBA3,57733,8519,3,100.715340191214
A,APIP,51074,3431,3,40.562781100605
A,ANO3,63982,7710,3,91.1509887163115
A,PUM1,9698,7680,3,90.7963156084659
A,EFEMP2,30008,3457,3,40.8701644607379
A,IQCC,55721,3859,3,45.6227841058685
A,PCGF1,84759,6333,3,74.8714930661999
A,AUH,549,5928,3,70.0834061102847
A,CDK2AP2,10263,833,3,9.84808996117866
A,UACA,55075,5303,3,62.6943830301686
A,TMEM69,51249,5049,3,59.6914840504095
A,CLCNKB,1188,5022,3,59.3722782533484
A,DNAJB9,4189,2088,3,24.6852483060517
A,MORF4L1,10933,1415,3,16.7287482533827
A,TUBGCP2,10844,3611,3,42.6908197476785
A,NT5C1A,84618,4021,3,47.5380188882346
A,LOC388780,388780,5343,3,63.167280507296
A,DLX4,1748,698,3,8.2520609758736
A,HOXD10,3236,3146,3,37.1933865760721
A,S100A7L2,645922,4004,3,47.3370374604554
A,DNAJA4,55466,4643,3,54.8915746575661
A,KCNK18,338567,5919,3,69.977004177931
A,HYAL2,8692,1700,3,20.0981427779156
A,GAA,2548,3972,3,46.9587194787535
A,THOC5,8563,8601,3,101.684780019325
A,ELOA,6924,3749,3,44.3223160437681
A,HIST2H3C,126961,4182,3,49.4414312336725
A,RIOK3,8780,8618,3,101.885761447104
A,RBM22,55696,4205,3,49.7133472830208
A,RAN,5901,7298,3,86.280144701899
A,MOCS1,4337,6333,3,74.8714930661999
A,UNC119,9094,7305,3,86.3629017603963
A,METTL25,84190,5771,3,68.2272835125595
A,KBTBD13,390594,1881,3,22.2380038619173
A,IQCH,64799,4248,3,50.2217120709327
A,PRSS57,400668,3142,3,37.1460968283594
A,RPS29,6235,2072,3,24.4960893152007
A,RB1,5925,3225,3,38.1273590933988
A,TMEM97,27346,4105,3,48.5311035902022
A,KCNQ2,3785,1312,3,15.5110372497796
A,C14orf39,317761,2419,3,28.5984749292811
A,FLVCR1,28982,1498,3,17.7100105184221
A,SP100,6672,790,3,9.33972517326668
A,INPP4A,3631,3324,3,39.2977803492892
A,MIF4GD,57409,3247,3,38.3874527058189
A,STK35,140901,3519,3,41.6031555502854
A,EFNA1,1942,2421,3,28.6221198031375
A,CIAPIN1,57019,5008,3,59.2067641363538
A,FAM209B,388799,7643,3,90.3588854421231
A,FGF11,2256,4789,3,56.6176504490812
A,SPAG1,6674,3205,3,37.8909103548351
A,ETV7,51513,5228,3,61.8077002605547
A,KDF1,126695,3281,3,38.7894155613772
A,MAP4K1,11184,4428,3,52.3497507180062
A,CRLF3,51379,810,3,9.57617391183039
A,LARP1,23367,1219,3,14.4115506154583
A,COPE,11316,1175,3,13.8913633906182
A,SAMD1,90378,2531,3,29.9225878652379
A,GUCY2D,3000,4435,3,52.4325077765035
A,TADA3,10474,1010,3,11.9406612974675
A,CUL7,9820,4963,3,58.6747544745855
A,PRKAR1B,5575,3874,3,45.8001206597913
A,LGALSL,29094,488,3,5.76934922095461
A,RPP40,10799,7304,3,86.3510793234682
A,C6orf163,206412,4287,3,50.682787111132
A,LARP4B,23185,5861,3,69.2913028360962
A,UBXN4,23190,6753,3,79.8369165760378
A,GNL1,2794,4262,3,50.3872261879273
A,ACOT7,11332,2682,3,31.707775841394
A,MRPL40,64976,4481,3,52.9763398752
A,TCFL5,10732,4925,3,58.2255018713144
A,HMGN2,3151,5996,3,70.8873318214013
A,PDPN,10630,1814,3,21.4459005877288
A,SDF4,51150,3340,3,39.4869393401402
A,GMEB1,10691,3397,3,40.1608182450467
A,PACS2,23241,2301,3,27.2034273717552
A,DAB2IP,153090,3257,3,38.5056770751007
A,SRSF9,8683,3617,3,42.7617543692476
A,HNRNPUL2,221092,3757,3,44.4168955391936
A,MTCH2,23788,8039,3,95.0405704656846
A,XRCC6,2547,3104,3,36.6968442250883
A,PASD1,139135,4581,3,54.1585835680186
A,RASSF6,166824,6975,3,82.4614975740951
A,UBE2L3,7332,3833,3,45.3154007457357
A,FZD2,2535,4956,3,58.5919974160882
A,ATP6V1F,9296,4827,3,57.0669030523522
A,ATXN1L,342371,2275,3,26.8960440116224
A,CDON,50937,4773,3,56.4284914582302
A,RAX,30062,4290,3,50.7182544219165
A,RNLS,55328,5185,3,61.2993354726427
A,CARD9,64170,6770,3,80.037898003817
A,SHD,56961,4011,3,47.4197945189527
A,FHOD3,80206,3720,3,43.9794653728507
A,FLCN,201163,3796,3,44.8779705793928
A,GRIN2A,2903,3312,3,39.1559111061509
A,TMEM17,200728,9270,3,109.593990324281
A,SOX17,64321,3902,3,46.1311488937805
A,ARL5C,390790,4455,3,52.6689565150672
A,C17orf74,201243,2474,3,29.2487089603314
A,PARP14,54625,2198,3,25.9857163681521
A,TSPO,706,2633,3,31.1284764319129
A,SPON2,10417,3388,3,40.0544163126931
A,UBQLN3,50613,7506,3,88.7392115829617
A,MZT2A,653784,2968,3,35.0889928028551
A,SLC46A2,57864,1367,3,16.1612712808298
A,MRPL48,51642,5476,3,64.7396646187447
A,SYCN,342898,3518,3,41.5913331133572
A,LRFN3,79414,2119,3,25.0517438508254
A,TEC,7006,3897,3,46.0720367091396
A,WDR44,54521,7001,3,82.7688809342279
A,HIST2H2BF,440689,5937,3,70.1898080426383
A,TBC1D22A,25771,3036,3,35.8929185139717
A,CHMP6,79643,5120,3,60.5308770723106
A,KANK1,23189,6033,3,71.3247619877442
A,CPNE1,8904,4998,3,59.088539767072
A,EXO5,64789,2590,3,30.6201116440009
A,TXNDC15,79770,4752,3,56.1802202827383
A,LRRC7,57554,2932,3,34.6633850734404
A,ECE1,1889,2299,3,27.1797824978989
A,MEGF6,1953,2270,3,26.8369318269815
A,SLC13A5,284111,5953,3,70.3789670334893
A,MRPS2,51116,3370,3,39.8416124479857
A,SPAG7,9552,4767,3,56.3575568366611
A,BCL9L,283149,8049,3,95.1587948349665
A,GALNT2,2590,8527,3,100.809919686639
A,PLOD1,5351,2143,3,25.3354823371019
A,CYP27C1,339761,4073,3,48.1527856085002
A,MYF5,4617,3926,3,46.414887380057
A,STK40,83931,6084,3,71.9277062710816
A,CCNI2,645121,2669,3,31.5540841613276
A,BMP3,651,6540,3,77.3187375103343
A,BPHL,670,3676,3,43.4592781480105
A,LEMD2,221496,3762,3,44.4760077238345
A,STX1B,112755,2187,3,25.8556695619421
A,C9orf40,55071,3322,3,39.2741354754328
A,ANKS3,124401,4148,3,49.0394683781142
A,STX5,6811,5635,3,66.6194320903263
A,MXD3,83463,3261,3,38.5529668228135
A,OXCT1,5019,4428,3,52.3497507180062
A,OGFRL1,79627,2009,3,23.751275788725
A,NSMAF,8439,2946,3,34.828899190435
A,DKC1,1736,2508,3,29.6506718158897
A,C8orf76,84933,4431,3,52.3852180287907
A,ARHGEF10L,55160,3336,3,39.4396495924274
A,TBC1D2B,23102,1081,3,12.7800543193687
A,MED26,9441,1628,3,19.2469273190863
A,ZBTB39,9880,4270,3,50.4818056833528
A,GALNT10,55568,1056,3,12.4844933961641
A,TRAFD1,10906,4613,3,54.5369015497205
A,PCBP3,54039,4780,3,56.5112485167275
A,DMD,1756,1809,3,21.3867884030879
A,SAAL1,113174,2196,3,25.9620714942957
A,PELI1,57162,5323,3,62.9308317687323
A,SYNDIG1L,646658,3593,3,42.4780158829711
A,ZNF219,51222,2466,3,29.1541294649059
A,HMGA1,3159,2295,3,27.1324927501861
A,ADM2,79924,1411,3,16.68145850567
A,CYGB,114757,2045,3,24.1768835181397
A,RAI14,26064,7208,3,85.2161253783623
A,TSC22D2,9819,3288,3,38.8721726198745
A,ORMDL2,29095,3442,3,40.6928279068151
A,HDGFRP3,50810,3287,3,38.8603501829463
A,CHST2,9435,2364,3,27.9482408982309
A,INTS11,54973,4297,3,50.8010114804138
A,KCNN2,3781,6313,3,74.6350443276362
A,FSD1,79187,3819,3,45.1498866287411
A,CARMIL3,90668,5047,3,59.6678391765531
A,DLX5,1749,3145,3,37.1815641391439
A,LOC284513,284513,3806,3,44.9961949486747
A,CFAP99,402160,1519,3,17.958281693914
A,TMEM200C,645369,3999,3,47.2779252758145
A,BNC2,54796,7063,3,83.5018720237754
A,CDC27,996,2448,3,28.9413256001985
A,STRIP2,57464,3103,3,36.6850217881601
A,PARP12,64761,3478,3,41.1184356362298
A,VAC14,55697,4636,3,54.8088175990688
A,APC,324,5841,3,69.0548540975325
A,TTC7B,145567,1171,3,13.8440736429054
A,FOXD2,2306,5869,3,69.3858823315217
A,ADA,100,4086,3,48.3064772885667
A,SEPT2,4735,4954,3,58.5683525422318
A,STAC2,342667,1904,3,22.5099199112655
A,FUT11,170384,2696,3,31.8732899583886
A,COPS8,10920,6153,3,72.7434544191264
A,RAB12,201475,2151,3,25.4300618325274
A,ACSL4,2182,4501,3,53.2127886137637
A,ATP11A,23250,6572,3,77.6970554920362
A,TSSC1,7260,6602,3,78.0517285998818
A,C2orf69,205327,1160,3,13.7140268366954
A,RASAL2,9462,4598,3,54.3595649957977
A,CD14,929,2890,3,34.1668427224566
A,KIF1B,23095,5423,3,64.1130754615509
A,OPRL1,4987,6486,3,76.6803259162123
A,BYSL,705,3898,3,46.0838591460677
A,NOL4,8715,1655,3,19.5661331161473
A,GSS,2937,7859,3,92.9125318186112
A,SIAH2,6478,2914,3,34.4505812087331
A,DNAJC22,79962,2375,3,28.078287704441
A,OLFM1,10439,2957,3,34.958945996645
A,TLL2,7093,6341,3,74.9660725616253
A,MAPKAPK2,9261,3901,3,46.1193264568523
A,SCRT1,83482,1861,3,22.0015551233535
A,SLC2A10,81031,4975,3,58.8166237177237
A,DNAJC9,23234,1484,3,17.5444964014275
A,WASF3,10810,3027,3,35.786516581618
A,ILKAP,80895,1912,3,22.604499406691
A,SYN2,6854,4166,3,49.2522722428215
A,SDF2L1,23753,4911,3,58.0599877543198
A,NHS,4810,6511,3,76.9758868394169
A,KLHDC4,54758,1805,3,21.3394986553751
A,FAM98B,283742,5757,3,68.0617693955649
A,EPHA8,2046,6986,3,82.5915443803051
A,RPRD1A,55197,4156,3,49.1340478735397
A,SENP1,29843,4235,3,50.0680203908663
A,ADRA2B,151,4112,3,48.6138606486995
A,LPO,4025,4349,3,51.4157782006795
A,NSD2,7468,2232,3,26.3876792237104
A,CCNT2,905,4303,3,50.8719461019829
A,NUP188,23511,6293,3,74.3985955890724
A,APOM,55937,503,1,5.94668577487739
A,ABHD8,79575,2724,3,32.2043181923778
A,SDHD,6392,3325,3,39.3096027862174
A,DDX17,10521,2460,3,29.0831948433368
A,MAGEC3,139081,4918,3,58.1427448128171
A,PPP2CB,5516,4627,3,54.7024156667151
A,CC2D2A,57545,4712,3,55.7073228056109
A,NDUFV2,4729,3068,3,36.2712364956736
A,REEP2,51308,7267,3,85.9136491571253
A,ANAPC13,25847,1968,3,23.2665558746694
A,HOMEZ,57594,4220,3,49.8906838369435
A,NMNAT3,349565,4278,3,50.5763851787783
A,SLC35C2,51006,2727,3,32.2397855031623
A,TMEM39B,55116,2941,3,34.7697870057941
A,GATAD1,57798,141,3,1.66696360687418
A,ZDHHC19,131540,4377,3,51.7468064346687
A,SLC7A2,6542,3395,3,40.1371733711904
A,ERV3-1,2086,6613,3,78.1817754060918
A,HTR3D,200909,5380,3,63.6047106736389
A,PPP1R32,220004,3553,3,42.0051184058437
A,HS3ST3B1,9953,4039,3,47.7508227529419
A,POU4F2,5458,5572,3,65.8746185638506
A,NLRP5,126206,4082,3,48.2591875408539
A,ZNF18,7566,1080,3,12.7682318824405
A,PRMT3,10196,2806,3,33.173758020489
A,BTBD7,55727,6239,3,73.7601839949504
A,NSUN7,79730,2881,3,34.0604407901029
A,BCL7C,9274,2578,3,30.4782424008627
A,TCEAL6,158931,3051,3,36.0702550678945
A,CNTN6,27255,4509,3,53.3073681091892
A,EBF3,253738,1819,3,21.5050127723697
A,OR10H1,26539,5622,3,66.4657404102599
A,MYL9,10398,693,3,8.19294879123267
A,TMEM236,653567,3533,3,41.76866966728
A,CDC16,8881,2089,3,24.6970707429799
A,COQ10B,80219,3095,3,36.5904422927347
A,RPAP2,79871,3129,3,36.992405148293
A,LARP6,55323,8306,3,98.1971611255102
A,NELL2,4753,3918,3,46.3203078846315
A,CUL1,8454,6641,3,78.5128036400811
A,BTBD11,121551,1485,3,17.5563188383557
A,ACO1,48,4699,3,55.5536311255445
A,LRRC6,23639,4307,3,50.9192358496957
A,TMEM248,55069,5399,3,63.8293369752745
A,TMEM154,201799,7721,3,91.2810355225216
A,ZNF230,7773,5137,3,60.7318585000898
A,SDE2,163859,4021,3,47.5380188882346
A,CCDC115,84317,4916,3,58.1190999389608
A,C19orf43,79002,3051,3,36.0702550678945
A,GET4,51608,3978,3,47.0296541003226
A,FYB,2533,4716,3,55.7546125533236
A,CELSR2,1952,1217,3,14.387905741602
A,SLC35G1,159371,2360,3,27.9009511505182
A,PLEKHF1,79156,2856,3,33.7648798668983
A,FN3K,64122,2707,3,32.0033367645986
A,PIGW,284098,4463,3,52.7635360104927
A,SKAP2,8935,3671,3,43.4001659633696
A,TMEM160,54958,3488,3,41.2366600055116
A,FKBP1A,2280,6470,3,76.4911669253613
A,AHNAK,79026,1195,3,14.1278121291819
A,KIF2C,11004,3251,3,38.4347424535316
A,PPP1R36,145376,3883,3,45.906522592145
A,OSBP,5007,5506,3,65.0943377265903
A,ARFIP2,23647,3406,3,40.2672201774004
A,SAMD11,148398,7403,3,87.5215005793585
A,SURF2,6835,3440,3,40.6691830329587
A,C11orf98,102288414,2506,3,29.6270269420333
A,ID1,3397,5256,3,62.1387284945439
A,LHX1,3975,3551,3,41.9814735319873
A,MRFAP1,93621,3371,3,39.8534348849139
A,FBXL4,26235,5923,3,70.0242939256437
A,MT1G,4495,6817,3,80.5935525394417
A,KRTAP3-2,83897,7798,3,92.1913631659919
A,GRWD1,83743,4926,3,58.2373243082426
A,DYDC1,143241,5494,3,64.9524684834521
A,FAM185A,222234,2186,3,25.8438471250139
A,EPCAM,4072,2802,3,33.1264682727763
A,C5orf63,401207,1528,3,18.0646836262677
A,ZNF517,340385,4167,3,49.2640946797497
A,BAHD1,22893,2078,3,24.5670239367698
A,RPP30,10556,3708,3,43.8375961297125
A,SMOC1,64093,961,3,11.3613618879864
A,VPS26B,112936,905,3,10.699305420008
A,HIST1H3J,8356,3776,3,44.6415218408291
A,MIDN,90007,5127,3,60.6136341308079
A,SLC1A4,6509,3588,3,42.4189036983302
A,EHD2,30846,2301,3,27.2034273717552
A,ZNFX1,57169,4668,3,55.1871355807707
A,MSL1,339287,2071,3,24.4842668782725
A,PLD3,23646,2044,3,24.1650610812115
A,NFKBID,84807,3325,3,39.3096027862174
A,LIMS1,3987,8611,3,101.803004388607
A,RUBCNL,80183,3280,3,38.777593124449
A,GNL3L,54552,3973,3,46.9705419156817
A,SZT2,23334,7638,3,90.2997732574822
A,SLC35E3,55508,4430,3,52.3733955918625
A,MNX1,3110,1917,3,22.6636115913319
A,C4orf46,201725,8441,3,99.7931901108153
A,SHISA6,388336,2161,3,25.5482862018092
A,TIAM2,26230,2930,3,34.639740199584
A,PPM1J,333926,2398,3,28.3502037537892
A,KIAA1958,158405,4796,3,56.7004075075785
A,MYO1B,4430,6598,3,78.0044388521691
A,KLLN,100144748,3741,3,44.2277365483426
A,MGARP,84709,6574,3,77.7207003658926
A,INPP5A,3632,3435,3,40.6100708483178
A,DLK1,8788,5250,3,62.0677938729748
A,C16orf72,29035,2327,3,27.5108107318881
A,HIST3H2BB,128312,4024,3,47.5734861990191
A,HSP90AB1,3326,6100,3,72.1168652619326
A,DSE,29940,2742,3,32.4171220570851
A,C8orf33,65265,2928,3,34.6160953257277
A,C1orf204,284677,5083,3,60.0934469059678
A,PGPEP1,54858,3509,3,41.4849311810035
A,WBP2,23558,4785,3,56.5703607013684
A,UBR2,23304,5731,3,67.7543860354321
A,PDRG1,81572,2096,3,24.7798278014772
A,HSPBP1,23640,4310,3,50.9547031604803
A,MFF,56947,2259,3,26.7068850207714
A,C19orf25,148223,3755,3,44.3932506653372
A,C1QL4,338761,4518,3,53.4137700415429
A,CBX7,23492,4352,3,51.4512455114641
A,TENM3,55714,4735,3,55.9792388549592
A,KNOP1,400506,1879,3,22.2143589880609
A,MRPS9,64965,2873,3,33.9658612946774
A,TTC32,130502,3008,3,35.5618902799825
A,ZADH2,284273,2729,3,32.2634303770187
A,ZNF7,7553,6212,3,73.4409781978894
A,NIPA2,81614,2092,3,24.7325380537644
A,PSME1,5720,6360,3,75.1906988632609
A,RGPD5,84220,5568,3,65.8273288161378
A,ZNF768,79724,2514,3,29.7216064374588
A,ARL5B,221079,2884,3,34.0959081008875
A,ERN1,2081,1678,3,19.8380491654956
A,ZBTB9,221504,5025,3,59.407745564133
A,PCYT1A,5130,2016,3,23.8340328472223
A,RADIL,55698,2951,3,34.8880113750759
A,COL9A2,1298,6043,3,71.442986357026
A,GPR156,165829,1635,3,19.3296843775836
A,GABRG3,2567,3776,3,44.6415218408291
A,TAF6,6878,3153,3,37.2761436345694
A,ERICH1,157697,3577,3,42.2888568921201
A,DVL1,1855,1896,3,22.41534041584
A,MCM3AP,8888,4476,3,52.9172276905591
A,C2CD4B,388125,6266,3,74.0793897920114
A,OGG1,4968,3561,3,42.0996979012692
A,ICE2,79664,7755,3,91.6829983780799
A,NKX2-6,137814,2294,3,27.1206703132579
A,HMGA2,8091,5236,3,61.9022797559802
A,ZNF853,54753,2934,3,34.6870299472968
A,AMDHD1,144193,1700,3,20.0981427779156
A,CABIN1,23523,3930,3,46.4621771277697
A,HJURP,55355,6292,3,74.3867731521443
A,FBXL7,23194,3132,3,37.0278724590775
A,SLC16A10,117247,3554,3,42.0169408427719
A,ZBTB1,22890,4360,3,51.5458250068895
A,RBP4,5950,2620,3,30.9747847518465
A,MARCH3,115123,3318,3,39.2268457277201
A,SELENOS,55829,5100,3,60.2944283337469
A,CAD,790,3001,3,35.4791332214852
A,SGPP2,130367,2010,3,23.7630982256532
A,C3orf14,57415,4304,3,50.8837685389111
A,GSK3A,2931,3548,3,41.9460062212028
A,STUM,375057,3308,3,39.1086213584382
A,NPTX1,4884,2240,3,26.4822587191359
A,TENM4,26011,5109,3,60.4008302661006
A,SPATA18,132671,3985,3,47.1124111588199
A,DOCK10,55619,6661,3,78.7492523786448
A,ZCCHC24,219654,1452,3,17.1661784197256
A,SPTB,6710,5471,3,64.6805524341038
A,CCL28,56477,3649,3,43.1400723509495
A,ANAPC15,25906,3220,3,38.0682469087579
A,SLC1A1,6505,3813,3,45.078952007172
A,SIRT2,22933,790,3,9.33972517326668
A,FAM83B,222584,2051,3,24.2478181397088
A,ABCC5,10057,6645,3,78.5600933877938
A,ID4,3400,6808,3,80.4871506070881
A,RBPMS,11030,3197,3,37.7963308594096
A,HOXA4,3201,3546,3,41.9223613473464
A,BCLAF1,9774,3460,3,40.9056317715224
A,UNC5A,90249,6142,3,72.6134076129164
A,DTWD1,56986,5273,3,62.3397099223231
A,STX10,8677,2692,3,31.8260002106758
A,SPINT2,10653,2832,3,33.4811413806218
A,METTL24,728464,5335,3,63.0727010118706
A,ATP9B,374868,694,3,8.20477122816086
A,DCLRE1C,64421,4512,3,53.3428354199738
A,ZBTB34,403341,4191,3,49.5478331660262
A,EMILIN2,84034,2530,3,29.9107654283098
A,RNF39,80352,2715,3,32.0979162600241
A,EEF2K,29904,4395,3,51.959610299376
A,NFYA,4800,3954,3,46.7459156140462
A,IFIT5,24138,2260,3,26.7187074576996
A,TNKS2,80351,825,3,9.75351046575318
A,GSTO1,9446,2530,3,29.9107654283098
A,RFLNA,144347,4245,3,50.1862447601482
A,CAMK2D,817,1739,3,20.5592178181149
A,PLAGL1,5325,5090,3,60.1762039644651
A,KBTBD2,25948,3330,3,39.3687149708583
A,KLF15,28999,3990,3,47.1715233434608
A,ANKRD39,51239,3336,3,39.4396495924274
A,SLC34A2,10568,941,3,11.1249131494227
A,ZNF799,90576,6146,3,72.6606973606291
A,CBWD2,150472,3516,3,41.5676882395008
A,HHLA3,11147,7435,3,87.8998185610605
A,PRPS2,5634,4586,3,54.2176957526595
A,MED14OS,100873985,5130,3,60.6491014415925
A,SLC25A28,81894,2175,3,25.7138003188038
A,RET,5979,7546,3,89.2121090600891
A,CSK,1445,1435,3,16.9651969919464
A,P3H2,55214,3461,3,40.9174542084506
A,IARS2,55699,3055,3,36.1175448156072
A,HNRNPL,3191,8721,3,103.103472450707
A,ZNF703,80139,2472,3,29.225064086475
A,USP18,11274,4785,3,56.5703607013684
A,NECAP2,55707,10524,3,124.419326232226
A,COL4A3BP,10087,5786,3,68.4046200664823
A,SULF2,55959,4748,3,56.1329305350256
A,INPP5B,3633,5680,3,67.1514417520946
A,MFAP2,4237,3418,3,40.4090894205386
A,GNA14,9630,4735,3,55.9792388549592
A,DACT2,168002,6771,3,80.0497204407452
A,ABAT,18,832,3,9.83626752425048
A,NPY,4852,4700,3,55.5654535624727
A,CHSY3,337876,3310,3,39.1322662322946
A,CERS5,91012,4534,3,53.6029290323938
A,CBFB,865,6788,3,80.2507018685243
A,TMCC2,9911,7477,3,88.3963609120443
A,CRABP1,1381,4993,3,59.0294275824311
A,DMWD,1762,4433,3,52.4088629026471
A,HABP4,22927,3973,3,46.9705419156817
A,GALNT1,2589,2443,3,28.8822134155576
A,RNF32,140545,3625,3,42.8563338646731
A,DDX4,54514,4714,3,55.7309676794673
A,CCDC85B,11007,1111,3,13.1347274272143
A,EXD2,55218,4439,3,52.4797975242162
A,HOXD11,3237,1609,3,19.0223010174507
A,CNTNAP3B,728577,3994,3,47.2188130911736
A,CKAP4,10970,1787,3,21.1266947906678
A,IBA57,200205,1381,3,16.3267853978244
A,ZNF652,22834,3346,3,39.5578739617093
A,KCNK16,83795,6068,3,71.7385472802307
A,GCLM,2730,1321,3,15.6174391821333
A,ADGRB1,575,1317,3,15.5701494344205
A,FNDC1,84624,2678,3,31.6604860936812
A,RNF19B,127544,3961,3,46.8286726725434
A,CDK5R1,8851,3538,3,41.8277818519209
A,UFSP1,402682,4801,3,56.7595196922194
A,PDZD7,79955,4747,3,56.1211080980974
A,HNRNPD,3184,3196,3,37.7845084224814
A,PTPN3,5774,3169,3,37.4653026254204
A,HAS3,3038,1551,3,18.336599675616
A,HSPG2,3339,2946,3,34.828899190435
A,GANAB,23193,4619,3,54.6078361712896
A,PLEKHG1,57480,4379,3,51.7704513085251
A,DOCK6,57572,2555,3,30.2063263515144
A,GALNT9,50614,2921,3,34.5333382672303
A,RRAS2,22800,1937,3,22.9000603298956
A,ACTB,60,5324,3,62.9426542056605
A,TUSC2,11334,9086,3,107.418661929495
A,ZNF746,155061,1591,3,18.8094971527434
A,AGO3,192669,5090,3,60.1762039644651
A,TMEM259,91304,5237,3,61.9141021929084
A,STXBP6,29091,1288,3,15.2272987635031
A,JAG2,3714,4846,3,57.2915293539878
A,TNFRSF13C,115650,2884,3,34.0959081008875
A,SNRNP200,23020,4668,3,55.1871355807707
A,MAP6,4135,1249,3,14.7662237233039
A,SMURF1,57154,2269,3,26.8251093900533
A,AP3D1,8943,3056,3,36.1293672525354
A,NDUFB5,4711,3384,3,40.0071265649803
A,ABL1,25,3274,3,38.7066585028799
A,LITAF,9516,3134,3,37.0515173329339
A,TUBB4A,10382,5167,3,61.0865316079354
A,WDR62,284403,1313,3,15.5228596867078
A,CENPT,80152,3906,3,46.1784386414932
A,PMM2,5373,2192,3,25.914781746583
A,ARFGAP3,26286,6966,3,82.3550956417414
A,FAM83F,113828,2762,3,32.6535707956488
A,C17orf102,400591,3399,3,40.1844631189031
A,FUT8,2530,1667,3,19.7080023592855
A,EBF2,64641,4684,3,55.3762945716217
A,BRD4,23476,1156,3,13.6667370889826
A,SLC39A6,25800,3508,3,41.4731087440753
A,ANKRD29,147463,3409,3,40.302687488185
A,LNPK,80856,3153,3,37.2761436345694
A,TNFAIP8L1,126282,2494,3,29.4851576988951
A,TMEM35B,100506144,4806,3,56.8186318768603
A,AKAP10,11216,2610,3,30.8565603825646
A,ZNF41,7592,1580,3,18.6794503465334
A,BLOC1S1,2647,3408,3,40.2908650512568
A,LRRC14,9684,2591,3,30.6319340809291
A,LRIG1,26018,3265,3,38.6002565705262
A,PCBP2,5094,4467,3,52.8108257582054
A,ACTN4,81,3400,3,40.1962855558313
A,NUP210,23225,4437,3,52.4561526503598
A,SAGE1,55511,5040,3,59.5850821180558
A,DLST,1743,5603,3,66.2411141086243
A,PBX3,5090,5689,3,67.2578436844483
A,KIAA1328,57536,3382,3,39.9834816911239
A,SNRNP25,79622,4275,3,50.5409178679938
A,SEC61A1,29927,4295,3,50.7773666065575
A,MCRIP2,84331,332,3,3.92504906015764
A,GALNT18,374378,3961,3,46.8286726725434
A,GAB3,139716,2297,3,27.1561376240425
A,GMNN,51053,8311,3,98.2562733101511
A,CDC14B,8555,3839,3,45.3863353673048
A,TCF4,6925,6827,3,80.7117769087236
A,PRKD3,23683,3520,3,41.6149779872136
A,KANSL1L,151050,3256,3,38.4938546381726
A,PITPNM2,57605,3654,3,43.1991845355904
A,GUCD1,83606,2347,3,27.7472594704518
A,COQ4,51117,1562,3,18.466646481826
A,IGF2BP2,10644,3179,3,37.5835269947023
A,ATF3,467,3583,3,42.3597915136893
A,TCF7,6932,2869,3,33.9185715469647
A,POLR2D,5433,2504,3,29.6033820681769
A,PRIMPOL,201973,2332,3,27.569922916529
A,TDRD7,23424,4744,3,56.0856407873128
A,IRAK3,11213,2782,3,32.8900195342125
A,ZNF837,116412,2411,3,28.5038954338557
A,CLPTM1L,81037,2859,3,33.8003471776828
A,FNIP1,96459,1963,3,23.2074436900285
A,ZNF677,342926,4128,3,48.8030196395505
A,TNFRSF25,8718,2789,3,32.9727765927098
A,ZNF275,10838,3333,3,39.4041822816428
A,TBL1XR1,79718,6102,3,72.140510135789
A,EDEM1,9695,5265,3,62.2451304268976
A,GOLGA6L4,643707,3942,3,46.6040463709079
A,EXOSC8,11340,5122,3,60.554521946167
A,GRAMD4,23151,3864,3,45.6818962905094
A,GJC1,10052,2484,3,29.3669333296132
A,HCN4,10021,3047,3,36.0229653201817
A,RAB33B,83452,3872,3,45.7764757859349
A,FBXO22,26263,2517,3,29.7570737482433
A,SHISA8,440829,4829,3,57.0905479262086
A,PLEKHO1,51177,2487,3,29.4024006403978
A,DGKH,160851,1502,3,17.7573002661349
A,HACE1,57531,5320,3,62.8953644579478
A,TCEA2,6919,4088,3,48.330122162423
A,NUP205,23165,8174,3,96.6365994509897
A,PSMA8,143471,4390,3,51.9004981147351
A,SGO1,151648,1862,3,22.0133775602817
A,RCHY1,25898,9266,3,109.546700576568
A,TAF5,6877,3303,3,39.0495091737973
A,SLC25A29,123096,2749,3,32.4998791155824
A,ZNF417,147687,3391,3,40.0898836234776
A,UHRF1BP1,54887,2229,3,26.3522119129259
A,LSG1,55341,2871,3,33.9422164208211
A,HINT3,135114,2879,3,34.0367959162466
A,CSTF3,1479,4901,3,57.941763385038
A,ZFHX3,463,4393,3,51.9359654255197
A,ASAH2B,653308,7074,3,83.6319188299854
A,FBXO31,79791,3370,3,39.8416124479857
A,ETV5,2119,2620,3,30.9747847518465
A,CXCL2,2920,4885,3,57.752604394187
A,FBXO30,84085,4367,3,51.6285820653868
A,RAD50,10111,7951,3,94.0001960160043
A,CDX1,1044,1740,3,20.5710402550431
A,POTEF,728378,2745,3,32.4525893678697
A,CNTROB,116840,7822,3,92.4751016522683
A,ERBB4,2066,6284,3,74.2921936567188
A,GPBP1L1,60313,2767,3,32.7126829802898
A,SNX14,57231,2175,3,25.7138003188038
A,CACNG5,27091,2652,3,31.3531027335484
A,PPP1R13B,23368,5022,3,59.3722782533484
A,FBXO39,162517,2576,3,30.4545975270063
A,CRTAC1,55118,2905,3,34.3441792763794
A,POLR2B,5431,3066,3,36.2475916218173
A,EDN1,1906,3375,3,39.9007246326266
A,ASCC3,10973,5030,3,59.4668577487739
A,YARS,8565,3634,3,42.9627357970267
A,ZDHHC23,254887,3585,3,42.3834363875456
A,DIMT1,27292,2957,3,34.958945996645
A,DAD1,1603,3839,3,45.3863353673048
A,SYNE1,23345,3335,3,39.4278271554992
A,LAMP3,27074,5693,3,67.305133432161
A,COPS3,8533,1710,3,20.2163671471975
A,CHD7,55636,1627,3,19.2351048821581
A,PROSER2,254427,3783,3,44.7242788993264
A,ZNF639,51193,3210,3,37.950022539476
A,SLC39A14,23516,4575,3,54.0876489464495
A,NOP16,51491,6579,3,77.7798125505335
A,FGFR1OP2,26127,1935,3,22.8764154560393
A,TTC23L,153657,4453,3,52.6453116412108
A,SSNA1,8636,3510,3,41.4967536179317
A,NKTR,4820,3951,3,46.7104483032616
A,SARNP,84324,6620,3,78.2645324645891
A,WFIKKN2,124857,2646,3,31.2821681119793
A,SOWAHD,347454,5634,3,66.6076096533981
A,HTR3E,285242,6562,3,77.5788311227544
A,OR8K5,219453,5613,3,66.3593384779062
A,FMO1,2326,5419,3,64.0657857138382
A,THAP1,55145,3631,3,42.9272684862422
A,VPS35,55737,6506,3,76.916774654776
A,XKRX,402415,4878,3,57.6698473356897
A,VAX1,11023,4631,3,54.7497054144278
A,KPNA5,3841,4258,3,50.3399364402146
A,CLYBL,171425,3346,3,39.5578739617093
A,TMED1,11018,5132,3,60.6727463154489
A,CLDN8,9073,7134,3,84.3412650456766
A,PREX1,57580,2458,3,29.0595499694804
A,SLC12A2,6558,2268,3,26.8132869531251
A,PRPF19,27339,3111,3,36.7796012835856
A,SPANXN5,494197,10932,3,129.242880498926
A,TMEM243,79161,4575,3,54.0876489464495
A,FITM1,161247,3978,3,47.0296541003226
A,SPTBN1,6711,3431,3,40.562781100605
A,LOC100144595,100144595,2712,3,32.0624489492395
A,ANAPC16,119504,4008,3,47.3843272081682
A,FXYD4,53828,3647,3,43.1164274770932
A,HBEGF,1839,3992,3,47.1951682173172
A,CNN2,1265,7377,3,87.2141172192257
A,NDUFAF8,284184,5367,3,63.4510189935725
A,NPIPB8,728734,4483,3,52.9999847490564
A,ANKRD52,283373,1784,3,21.0912274798832
A,PCDHA9,9752,4294,3,50.7655441696293
A,KCNA1,3736,7058,3,83.4427598391345
A,SVOP,55530,1702,3,20.121787651772
A,DEGS1,8560,2364,3,27.9482408982309
A,CD93,22918,3745,3,44.2750262960553
A,DYNLT3,6990,2702,3,31.9442245799577
A,BMP2K,55589,5706,3,67.4588251122274
A,NSMCE1,197370,7431,3,87.8525288133477
A,CCDC127,133957,5024,3,59.3959231272048
A,ZFP2,80108,5085,3,60.1170917798241
A,HRH2,3274,2084,3,24.6379585583389
A,NEMF,9147,4861,3,57.4688659079106
A,LYRM2,57226,1868,3,22.0843121818508
A,SLC35D3,340146,2234,3,26.4113240975668
A,PAFAH1B2,5049,1771,3,20.9375357998168
A,APC2,10297,2374,3,28.0664652675128
A,UMAD1,729852,2866,3,33.8831042361801
A,HOXA7,3204,3705,3,43.8021288189279
A,IFNW1,3467,6087,3,71.9631735818662
A,FSCN1,6624,4405,3,52.0778346686579
A,CD8A,925,4506,3,53.2719007984046
A,RPL39,6170,7158,3,84.625003531953
A,SCN3B,55800,4850,3,57.3388191017005
A,JMJD8,339123,2947,3,34.8407216273632
A,PDGFD,80310,4549,3,53.7802655863166
A,CES2,8824,6863,3,81.1373846381383
A,LRRC2,79442,4599,3,54.3713874327259
A,OLA1,29789,4309,3,50.9428807235521
A,MAPK11,5600,2831,3,33.4693189436936
A,PPFIA4,8497,4594,3,54.312275248085
A,PTGER2,5732,3350,3,39.605163709422
A,OBSL1,23363,3077,3,36.3776384280273
A,RBBP6,5930,2539,3,30.0171673606634
A,PRKACG,5568,3896,3,46.0602142722114
A,ARHGAP31,57514,5554,3,65.6618146991432
A,GALNT3,2591,3930,3,46.4621771277697
A,DDB2,1643,7027,3,83.0762642943607
A,CAPN13,92291,5699,3,67.3760680537302
A,GNAO1,2775,3767,3,44.5351199084754
A,CCDC93,54520,3676,3,43.4592781480105
A,PRDM15,63977,3953,3,46.734093177118
A,PLAC9,219348,3139,3,37.1106295175748
A,KLHL8,57563,7938,3,93.8465043359379
A,CAPN8,388743,7626,3,90.1579040143439
A,IL22RA1,58985,6420,3,75.900045078952
A,TOP2B,7155,7018,3,82.969862362007
A,PNPLA7,375775,4720,3,55.8019023010364
A,ACBD3,64746,6515,3,77.0231765871296
A,KBTBD11,9920,2272,3,26.8605767008379
A,FKBP5,2289,5651,3,66.8085910811772
A,KIR2DL2,3803,3311,2,39.1440886692228
A,KIR3DL2,3812,5785,2,68.3927976295541
A,TMEM45A,55076,4513,3,53.3546578569019
A,SNX20,124460,6231,3,73.6656044995249
A,FAM96A,84191,4848,3,57.3151742278441
A,ING2,3622,3293,3,38.9312848045154
A,FGF21,26291,2600,3,30.7383360132828
A,ZNF638,27332,7952,3,94.0120184529325
A,ACADL,33,9000,3,106.401932353671
A,DET1,55070,4260,3,50.363581314071
A,RAB1A,5861,6430,3,76.0182694482339
A,TRHR,7201,4087,3,48.3182997254948
A,CASTOR1,652968,5600,3,66.2056467978398
A,ARRDC1,92714,3980,3,47.053298974179
A,FOXN3,1112,3631,3,42.9272684862422
A,VWA5A,4013,5270,3,62.3042426115385
A,UMODL1,89766,3269,3,38.647546318239
A,TRAK2,66008,3870,3,45.7528309120786
A,METTL21A,151194,1791,3,21.1739845383805
A,SETD1B,23067,1793,3,21.1976294122369
A,LOC100505841,100505841,5328,3,62.9899439533733
A,TCAF1,9747,6410,3,75.7818207096701
A,SYNGR1,9145,4887,3,57.7762492680434
A,C22orf31,25770,5438,3,64.2904120154737
A,DCAF4L1,285429,4219,3,49.8788614000154
A,NUP98,4928,2552,3,30.1708590407298
A,CLDN3,1365,2749,3,32.4998791155824
A,MAP3K9,4293,1205,3,14.2460364984637
A,RMI2,116028,3791,3,44.8188583947519
A,RAB15,376267,3559,3,42.0760530274128
A,TXNDC11,51061,5751,3,67.9908347739958
A,SLC5A10,125206,5331,3,63.0254112641578
A,IFNA2,3440,7950,3,93.9883735790761
A,NAPRT,93100,4718,3,55.77825742718
A,PTGES,9536,3796,3,44.8779705793928
A,CERS4,79603,2875,3,33.9895061685338
A,FASTKD2,22868,6684,3,79.021168427993
A,COG3,83548,6755,3,79.8605614498942
A,EMC1,23065,2727,3,32.2397855031623
A,OSBPL7,114881,1945,3,22.9946398253211
A,CDAN1,146059,6349,3,75.0606520570508
A,MAPKAP1,79109,5602,3,66.2292916716961
A,EMC7,56851,3481,3,41.1539029470143
A,C9orf131,138724,7723,3,91.3046803963779
A,ZDHHC21,340481,6677,3,78.9384113694957
A,MB21D1,115004,5294,3,62.587981097815
A,ILF3,3609,5429,3,64.18401008312
A,LXN,56925,2984,3,35.278151793706
A,SLC30A8,169026,5172,3,61.1456437925763
A,TRMT13,54482,4930,3,58.2846140559554
A,CMKLR1,1240,5648,3,66.7731237703927
A,BOLA2B,654483,3556,3,42.0405857166282
A,RFX6,222546,3035,3,35.8810960770435
A,KRTAP10-7,386675,4433,2,52.4088629026471
A,MTCH1,23787,4253,3,50.2808242555737
A,NT5C2,22978,990,3,11.7042125589038
A,SIAH3,283514,5414,3,64.0066735291972
A,KIAA2013,90231,6060,3,71.6439677848052
A,DNAH9,1770,1609,3,19.0223010174507
A,ERCC4,2072,6309,3,74.5877545799234
A,SLMAP,7871,6260,3,74.0084551704423
A,ZNF442,79973,3913,3,46.2611956999905
A,VPS37A,137492,2114,3,24.9926316661845
A,STMN3,50861,10147,3,119.9622675103
A,TRMT6,51605,5128,3,60.6254565677361
A,PDIA5,10954,3436,3,40.621893285246
A,ERI3,79033,1156,3,13.6667370889826
A,MAOB,4129,5313,3,62.8126073994505
A,EIF2AK3,9451,2265,3,26.7778196423406
A,KRTAP1-3,81850,7699,3,91.0209419101015
A,ABHD12,26090,3234,3,38.2337610257525
A,AGPAT5,55326,7039,3,83.2181335374989
A,AP1M1,8907,4091,3,48.3655894732076
A,ZNF467,168544,8592,3,101.578378086971
A,IGLON5,402665,6712,3,79.3521966619822
A,DIS3,22894,6584,3,77.8389247351745
A,CCNB1,891,3272,3,38.6830136290235
A,ZNF570,148268,2867,3,33.8949266731083
A,MAATS1,89876,4301,3,50.8483012281266
A,DPH1,1801,3792,3,44.8306808316801
A,IL17F,112744,6032,3,71.312939550816
A,LDLRAD2,401944,5350,3,63.2500375657933
A,ZNF485,220992,4858,3,57.433398597126
A,ANKRD37,353322,3590,3,42.4425485721866
A,ZBTB41,360023,5682,3,67.175086625951
A,RETN,56729,4840,3,57.2205947324187
A,SLC22A17,51310,5732,3,67.7662084723603
A,GNB2,2783,3355,3,39.6642758940629
A,CAT,847,4187,3,49.5005434183134
A,EHD1,10938,4054,3,47.9281593068647
A,TLE4,7091,4494,3,53.1300315552664
A,MTNR1B,4544,4083,3,48.2710099777821
A,GCH1,2643,4336,3,51.2620865206131
A,C11orf16,56673,4665,3,55.1516682699862
A,GRM5,2915,5020,3,59.3486333794921
A,AGMO,392636,5411,3,63.9712062184127
A,SPC25,57405,5828,3,68.9011624174661
A,BBS2,583,1493,3,17.6508983337812
A,ART3,419,4683,3,55.3644721346935
A,IL17RB,55540,5505,3,65.0825152896621
A,RRH,10692,6347,3,75.0370071831945
A,CCT7,10574,6521,3,77.0941112086988
A,MORC2,22880,3703,3,43.7784839450715
A,TNS2,23371,2477,3,29.2841762711159
A,THOC1,9984,3393,3,40.113528497334
A,MSTO1,55154,4312,3,50.9783480343366
A,ZNF354B,117608,3367,3,39.8061451372012
A,OR4F3,26683,4557,3,53.8748450817421
A,TMEM56,148534,3862,3,45.6582514166531
A,CKS1B,1163,6486,3,76.6803259162123
A,DPYS,1807,5372,3,63.5101311782134
A,TSPAN8,7103,3680,3,43.5065678957233
A,LURAP1,541468,2741,3,32.4052996201569
A,CNOT6,57472,2958,3,34.9707684335732
A,SCN9A,6335,1613,3,19.0695907651635
A,C8orf4,56892,5400,3,63.8411594122026
A,IL1RAP,3556,2942,3,34.7816094427222
A,ZNF266,10781,5496,3,64.9761133573085
A,SGCA,6442,5554,3,65.6618146991432
A,COL22A1,169044,6178,3,73.0390153423311
A,STAG1,10274,7100,3,83.9393021901183
A,BET1,10282,7505,3,88.7273891460335
A,TMEM123,114908,6675,3,78.9147664956394
A,OR4M2,390538,5708,3,67.4824699860838
A,SHISA5,51246,5164,3,61.0510642971508
A,SPANXN4,441525,8367,3,98.9183297781295
A,HIST1H4E,8367,4406,3,52.0896571055861
A,TRIML2,205860,7534,3,89.0702398169509
A,SLC25A52,147407,7006,3,82.8279931188688
A,CLEC11A,6320,8111,3,95.891785924514
A,HLA-DPA1,3113,6499,3,76.8340175962787
A,KLRD1,3824,4550,3,53.7920880232448
A,AAAS,8086,8323,3,98.3981425532893
A,RBBP8,5932,8153,3,96.3883282754978
A,ANKHD1,54882,5758,3,68.0735918324931
A,OR1F1,4992,5658,3,66.8913481396745
A,CYBB,1536,7322,3,86.5638831881755
A,CCNT1,904,7142,3,84.4358445411021
A,PPEF2,5470,7572,3,89.5194924202219
A,CD74,972,5703,3,67.4233578014429
A,CCDC172,374355,4334,3,51.2384416467567
A,ZSWIM1,90204,5004,3,59.1594743886411
A,THAP3,90326,1986,3,23.4793597393767
A,GFM1,85476,3683,3,43.5420352065078
A,MYL1,4632,5522,3,65.2834967174413
A,NPTN,27020,4722,3,55.8255471748927
A,OR10H5,284433,8068,3,95.383421136602
A,TRIM17,51127,5925,3,70.0479387995001
A,SSBP1,6742,4974,3,58.8048012807955
A,MARCH11,441061,7802,3,92.2386529137046
A,IL12B,3593,7820,3,92.4514567784119
A,FANCI,55215,6282,3,74.2685487828624
A,CEP170,9859,4192,3,49.5596556029543
A,CD163,9332,4039,3,47.7508227529419
A,TRIM27,5987,2970,3,35.1126376767114
A,SLC28A2,9153,8094,3,95.6908044967348
A,XKR9,389668,3858,3,45.6109616689403
A,RFC1,5981,7104,3,83.986591937831
A,PLA2G4E,123745,2926,3,34.5924504518713
A,MRGPRX3,117195,5511,3,65.1534499112312
A,HOXA3,3200,5968,3,70.5563035874121
A,PDE2A,5138,8854,3,104.675856562156
A,PCDH12,51294,4882,3,57.7171370834025
A,CPEB2,132864,6679,3,78.9620562433521
A,IFITM5,387733,3081,3,36.4249281757401
A,KCNJ10,3766,7396,3,87.4387435208612
A,DHX15,1665,7098,3,83.9156573162619
A,CLIP1,6249,4681,3,55.3408272608371
A,PROZ,8858,4744,3,56.0856407873128
A,SPIRE1,56907,4767,3,56.3575568366611
A,RPL36,25873,5176,3,61.1929335402891
A,CDC40,51362,2804,3,33.1501131466326
A,MFSD6L,162387,1399,3,16.5395892625318
A,THBS2,7058,3792,3,44.8306808316801
A,FGF13,2258,5630,3,66.5603199056853
A,WNT2B,7482,5502,3,65.0470479788776
A,FOXL1,2300,4822,3,57.0077908677113
A,GEMIN7,79760,6400,3,75.6635963403883
A,DNPEP,23549,3801,3,44.9370827640337
A,DDIT4,54541,4873,3,57.6107351510488
A,MRPL18,29074,6178,3,73.0390153423311
A,SUCO,51430,2097,3,24.7916502384054
A,UBTD2,92181,2571,3,30.3954853423654
A,GOLGA8K,653125,720,1,8.51215458829368
A,EFHD1,80303,5214,3,61.6421861435601
A,PNMA8A,55228,2801,3,33.1146458358481
A,SMIM10,644538,8682,3,102.642397410508
A,RCL1,10171,6946,3,82.1186469031777
A,IGSF11,152404,4016,3,47.4789067035937
A,UBXN11,91544,4680,3,55.3290048239089
A,RALGPS1,9649,7257,3,85.7954247878434
A,STAMBPL1,57559,3560,3,42.087875464341
A,URAD,646625,4384,3,51.829563493166
A,RNF170,81790,8780,3,103.80099622947
A,ZFY,7544,3763,3,44.4878301607627
A,CKMT2,1160,4194,3,49.5833004768107
A,ZFX,7543,3718,3,43.9558204989943
A,XAB2,56949,5673,3,67.0686846935973
A,ID3,3399,5776,3,68.2863956972004
A,CDC42EP1,11135,5611,3,66.3356936040498
A,TMEM216,51259,2498,3,29.5324474466078
A,APBA2,321,3078,3,36.3894608649555
A,CLHC1,130162,5872,3,69.4213496423063
A,SDHC,6391,5363,3,63.4037292458598
A,PTPRD,5789,4125,3,48.7675523287659
A,BAHCC1,57597,6984,3,82.5678995064487
A,VPS52,6293,1858,1,21.966087812569
A,RPRM,56475,4679,3,55.3171823869808
A,TUBG2,27175,2976,3,35.1835722982806
A,OR10S1,219873,6028,3,71.2656498031032
A,NCDN,23154,6717,3,79.4113088466232
A,ZNF257,113835,4189,3,49.5241882921698
A,TINAG,27283,5895,3,69.6932656916545
A,KRT8,3856,8500,3,100.490713889578
A,MROH2A,339766,4901,3,57.941763385038
A,LINGO2,158038,5553,3,65.649992262215
A,RBP5,83758,6621,3,78.2763549015173
A,PIGM,93183,7990,3,94.4612710562035
A,SUMO4,387082,2766,3,32.7008605433616
A,GLYATL1,92292,4043,3,47.7981125006547
A,ATP5O,539,2648,3,31.3058129858357
A,TMEM2,23670,5061,3,59.8333532935477
A,CLDN34,100288814,5646,3,66.7494788965363
A,BTBD17,388419,5264,3,62.2333079899694
A,UTF1,8433,5019,3,59.3368109425639
A,NLRP1,22861,7218,3,85.3343497476442
A,RCBTB1,55213,3950,3,46.6986258663334
A,KRTAP10-1,386677,7453,3,88.1126224257678
A,GABRA1,2554,6033,3,71.3247619877442
A,WDR17,116966,2244,3,26.5295484668486
A,KDM6A,7403,5615,3,66.3829833517626
A,HIST1H2BB,3018,5955,3,70.4026119073457
A,HIST1H2BL,8340,6400,3,75.6635963403883
A,HIST1H2BD,3017,6021,3,71.1828927446059
A,BLNK,29760,5526,3,65.330786465154
A,HIST1H2BG,8339,7033,3,83.1471989159298
A,SIPA1,6494,4724,3,55.8491920487491
A,RIPPLY3,53820,3988,3,47.1478784696045
A,ADGRA2,25960,5064,3,59.8688206043322
A,NECAB1,64168,3776,3,44.6415218408291
A,REXO2,25996,3977,3,47.0178316633944
A,ACBD5,91452,3058,3,36.1530121263918
A,RXRA,6256,2857,3,33.7767023038265
A,MLX,6945,3394,3,40.1253509342622
A,PPP4R1,9989,3987,3,47.1360560326763
A,UBAC2,337867,1521,3,17.9819265677704
A,GLS,2744,2909,3,34.3914690240921
A,FOLH1,2346,5550,3,65.6145249514305
A,LRRC57,255252,5485,3,64.8460665510984
A,ZNF112,7771,5706,3,67.4588251122274
A,KIF2B,84643,3491,3,41.2721273162962
A,ZNF687,57592,5669,3,67.0213949458846
A,ADAT1,23536,4673,3,55.2462477654116
A,D2HGDH,728294,9435,3,111.544692417432
A,TMEM61,199964,3534,3,41.7804921042082
A,COL23A1,91522,4784,3,56.5585382644403
A,FSHR,2492,10479,3,123.887316570458
A,GCNT1,2650,7884,3,93.2080927418158
A,BST1,683,3986,3,47.1242335957481
A,IL17RC,84818,3538,3,41.8277818519209
A,RAD54L2,23132,7882,3,93.1844478679595
A,NMT2,9397,5298,3,62.6352708455277
A,ZNF416,55659,2459,3,29.0713724064086
A,ADAM33,80332,3398,3,40.1726406819749
A,NRIP1,8204,5639,3,66.666721838039
A,ZDHHC5,25921,4633,3,54.7733502882842
A,CYTH2,9266,2628,3,31.0693642472719
A,DGKD,8527,3793,3,44.8425032686083
A,KHSRP,8570,8522,3,100.750807501998
A,CCDC117,150275,6803,3,80.4280384224471
A,AGAP3,116988,5762,3,68.1208815802059
A,MTDH,92140,4819,3,56.9723235569268
A,FAM131A,131408,3694,3,43.6720820127179
A,USP17L18,100287364,2944,1,34.8052543165786
A,TMEM138,51524,4655,3,55.0334439007043
A,TMTC2,160335,8314,3,98.2917406209357
A,DMTN,2039,5451,3,64.4441036955401
A,FOXRED2,80020,3062,3,36.2003018741045
A,ATPAF2,91647,7321,3,86.5520607512473
A,LCA5,167691,5128,3,60.6254565677361
A,KNCN,148930,5457,3,64.5150383171092
A,TMEFF2,23671,4833,3,57.1378376739214
A,KLHL14,57565,10118,3,119.619416839383
A,ELF3,1999,6183,3,73.098127526972
A,NOTCH2NL,388677,8763,3,103.600014801691
A,DDX41,51428,4491,3,53.0945642444819
A,ZNF852,285346,5507,3,65.1061601635185
A,ZNF326,284695,5158,3,60.9801296755817
A,DOCK1,1793,3420,3,40.432734294395
A,CCDC42,146849,3153,3,37.2761436345694
A,RRS1,23212,5680,3,67.1514417520946
A,OR4K5,79317,5503,3,65.0588704158058
A,KLHDC7A,127707,5778,3,68.3100405710568
A,DEFB128,245939,5732,3,67.7662084723603
A,PCYT2,5833,4658,3,55.0689112114889
A,MCM2,4171,11081,3,131.004423601225
A,DDHD2,23259,5463,3,64.5859729386783
A,PABPC1L2B,645974,9227,3,109.085625536369
A,ZNF14,7561,7303,3,86.33925688654
A,CD320,51293,3599,3,42.5489505045402
A,EXTL1,2134,7776,3,91.9312695535718
A,ZNF492,57615,2466,3,29.1541294649059
A,GNMT,27232,4530,3,53.5556392846811
A,C6orf47,57827,7602,3,89.8741655280675
A,DDX19B,11269,6274,3,74.1739692874369
A,AMTN,401138,5172,3,61.1456437925763
A,LCE2D,353141,5480,3,64.7869543664575
A,FHAD1,114827,4884,3,57.7407819572588
A,GIGYF1,64599,7737,3,91.4701945133725
A,INIP,58493,3858,3,45.6109616689403
A,ARL14EP,120534,8672,3,102.524173041226
A,BRI3BP,140707,5227,3,61.7958778236265
A,ACAP1,9744,4993,3,59.0294275824311
A,RAP1GAP,5909,2560,3,30.2654385361553
A,RAI1,10743,2600,3,30.7383360132828
A,PBRM1,55193,5540,3,65.4963005821486
A,DMRTC1,63947,5884,3,69.5632188854445
A,XRCC2,7516,3665,3,43.3292313418005
A,ENPP4,22875,5058,3,59.7978859827631
A,VRK1,7443,8211,3,97.0740296173325
A,GRB2,2885,6607,3,78.1108407845227
A,NDUFB4,4710,5600,3,66.2056467978398
A,FAM19A1,407738,5314,3,62.8244298363787
A,MAPK10,5602,4017,3,47.4907291405218
A,TECPR2,9895,2658,3,31.4240373551175
A,STX2,2054,3701,3,43.7548390712152
A,MARK3,4140,5767,3,68.1799937648468
A,UFD1,7353,3708,3,43.8375961297125
A,MTA3,57504,6900,3,81.5748148044811
A,GLRX3,10539,3923,3,46.3794200692724
A,GPR35,2859,2252,3,26.6241279622741
A,DRD2,1813,11537,3,136.395454840478
A,RLBP1,6017,4739,3,56.0265286026719
A,FAM120A,23196,5508,3,65.1179826004467
A,RHOXF1,158800,5253,3,62.1032611837593
A,MVD,4597,6193,3,73.2163518962539
A,DCAF12L2,340578,6683,3,79.0093459910648
A,UGT1A3,54659,1691,1,19.991740845562
A,RNF34,80196,6754,3,79.848739012966
A,ST3GAL1,6482,3990,3,47.1715233434608
A,ARMCX4,100131755,3532,3,41.7568472303518
A,PTPN22,26191,6555,3,77.4960740642571
A,COPS2,9318,3885,3,45.9301674660013
A,SPINK9,643394,7182,3,84.9087420182295
A,CFAP97,57587,2936,3,34.7106748211531
A,SPNS1,83985,2547,3,30.1117468560889
A,PIGU,128869,8436,3,99.7340779261743
A,DNTTIP2,30836,4344,3,51.3566660160386
A,KRTAP22-1,337979,5970,3,70.5799484612685
A,TNFSF13B,10673,5563,3,65.7682166314969
A,GHR,2690,5373,3,63.5219536151416
A,CBL,867,1757,3,20.7720216828222
A,DOCK7,85440,3886,3,45.9419899029295
A,BIRC7,79444,3578,3,42.3006793290483
A,NR6A1,2649,2502,3,29.5797371943206
A,AAR2,25980,6575,3,77.7325228028208
A,NKD2,85409,864,3,10.2145855059524
A,SNX9,51429,3088,3,36.5076852342374
A,ARMCX3,51566,3644,3,43.0809601663086
A,SNTB2,6645,3842,3,45.4218026780894
A,ABCG8,64241,4279,3,50.5882076157065
A,RAB40C,57799,4733,3,55.9555939811028
A,BTBD2,55643,616,3,7.28262114776237
A,RNF7,9616,3681,3,43.5183903326515
A,TCOF1,6949,3731,3,44.1095121790607
A,TGIF2,60436,4355,3,51.4867128222486
A,SLC2A8,29988,2454,3,29.0122602217676
A,EMILIN3,90187,2904,3,34.3323568394512
A,LASP1,3927,2937,3,34.7224972580813
A,LRCH3,84859,3238,3,38.2810507734652
A,VPS36,51028,5221,3,61.7249432020574
A,AK3,50808,2394,3,28.3029140060765
A,MTMR2,8898,3641,3,43.045492855524
A,SPSB3,90864,4896,3,57.882651200397
A,CHTOP,26097,4133,3,48.8621318241914
A,SLC24A3,57419,3845,3,45.4572699888739
A,ALDH1A2,8854,3384,3,40.0071265649803
A,UNC13B,10497,2639,3,31.199411053482
A,PARP1,142,3100,3,36.6495544773756
A,TXNRD2,10587,2311,3,27.3216517410371
A,ANKMY1,51281,2839,3,33.5638984391191
A,RBM41,55285,6556,3,77.5078965011853
A,CBX5,23468,4516,3,53.3901251676865
A,SLC27A4,10999,5633,3,66.5957872164699
A,SMARCB1,6598,4140,3,48.9448888826887
A,RDH5,5959,8264,3,97.7006187745264
A,PCYT1B,9468,3257,3,38.5056770751007
A,SARS2,54938,6389,3,75.5335495341783
A,SEL1L,6400,9595,3,113.436282325942
A,FGF19,9965,6116,3,72.3060242527836
A,PPP2R2A,5520,3387,3,40.0425938757649
A,IDE,3416,4588,3,54.2413406265159
A,PCYOX1L,78991,5322,3,62.9190093318042
A,CEBPA,1050,3103,3,36.6850217881601
A,FAM160B1,57700,5245,3,62.0086816883338
A,ARMS2,387715,5528,3,65.3544313390104
A,BICDL2,146439,6840,3,80.86546858879
A,COX5A,9377,2951,3,34.8880113750759
A,SAMD14,201191,4417,3,52.2197039117961
A,NLN,57486,3654,3,43.1991845355904
A,ZFP36L1,677,2609,3,30.8447379456364
A,NUDT5,11164,2520,3,29.7925410590279
A,ISY1,57461,3391,3,40.0898836234776
A,DEGS2,123099,2442,3,28.8703909786294
A,CHST12,55501,5796,3,68.5228444357642
A,DEPTOR,64798,5819,3,68.7947604851124
A,GPR12,2835,1655,3,19.5661331161473
A,TPPP,11076,2733,3,32.3107201247314
A,TIMM22,29928,3444,3,40.7164727806715
A,PNPLA4,8228,6675,3,78.9147664956394
A,PIAS1,8554,2248,3,26.5768382145614
A,LRMDA,83938,5316,3,62.848074710235
A,MAPRE2,10982,6283,3,74.2803712197906
A,ERI1,90459,3630,3,42.915446049314
A,SIAH1,6477,1230,3,14.5415974216684
A,BCAP29,55973,3074,3,36.3421711172428
A,SIK3,23387,2985,3,35.2899742306342
A,INTS4,92105,3032,3,35.845628766259
A,VPS72,6944,3367,3,39.8061451372012
A,IRF2BP1,26145,3004,3,35.5146005322698
A,TNKS1BP1,85456,6361,3,75.2025213001891
A,PITPNB,23760,6717,3,79.4113088466232
A,SCML2,10389,2459,3,29.0713724064086
A,BAX,581,4097,3,48.4365240947767
A,TMCC1,23023,6374,3,75.3562129802555
A,ACVR1B,91,4004,3,47.3370374604554
A,NDUFS4,4724,6431,3,76.0300918851621
A,CDC42SE2,56990,5969,3,70.5681260243403
A,RUFY2,55680,3343,3,39.5224066509247
A,ARL4D,379,4056,3,47.9518041807211
A,HIST1H4L,8368,6157,3,72.7907441668392
A,HIST1H4K,8362,4470,3,52.84629306899
A,KCNC2,3747,10629,3,125.660682109686
A,SKIL,6498,1727,3,20.4173485749767
A,UHRF1,29128,4292,3,50.7418992957729
A,MTMR1,8776,5521,3,65.2716742805131
A,DPY19L1,23333,3370,3,39.8416124479857
A,PRAMEF9,343070,4531,3,53.5674617216093
A,NEK2,4751,3586,3,42.3952588244738
A,ASTN2,23245,5628,3,66.536675031829
A,ACTR2,10097,4186,3,49.4887209813852
A,ZNF75A,7627,4341,3,51.321198705254
A,PLAG1,5324,2982,3,35.2545069198497
A,CHD1,1105,3397,3,40.1608182450467
A,ATP8B3,148229,3478,3,41.1184356362298
A,MPHOSPH10,10199,3035,3,35.8810960770435
A,CCDC167,154467,5706,3,67.4588251122274
A,ARGLU1,55082,1725,3,20.3937037011203
A,CTU2,348180,1978,3,23.3847802439513
A,ZNF816,125893,4669,3,55.1989580176989
A,DDA1,79016,6671,3,78.8674767479266
A,KRTAP19-2,337969,5333,3,63.0490561380142
A,ECT2L,345930,2416,3,28.5630076184966
A,ACSM4,341392,3458,3,40.8819868976661
A,DPRX,503834,5332,3,63.037233701086
A,HIP1,3092,3509,3,41.4849311810035
A,APPL2,55198,1874,3,22.1552468034199
A,ZC3H18,124245,4250,3,50.2453569447891
A,CGB8,94115,285,1,3.36939452453292
A,TAF7L,54457,1692,3,20.0035632824902
A,RASD1,51655,4393,3,51.9359654255197
A,MPG,4350,3525,3,41.6740901718545
A,CTAG1A,246100,1787,1,21.1266947906678
A,EHBP1,23301,6869,3,81.2083192597074
A,DCP1A,55802,9094,3,107.51324142492
A,JOSD2,126119,3887,3,45.9538123398577
A,STK16,8576,7648,3,90.417997626764
A,UVRAG,7405,1022,3,12.0825305406058
A,EVL,51466,4282,3,50.6236749264911
A,NAT8,9027,2601,3,30.7501584502109
A,SRFBP1,153443,6458,3,76.3492976822231
A,DHFR2,200895,4655,3,55.0334439007043
A,RPS10-NUDT3,100529239,5145,3,60.8264379955153
A,ZNF740,283337,2593,3,30.6555789547854
A,GFM2,84340,3985,3,47.1124111588199
A,AHCYL2,23382,5036,3,59.537792370343
A,DIAPH3,81624,6944,3,82.0950020293213
A,RBSN,64145,4318,3,51.0492826559057
A,ICAM1,3383,4394,3,51.9477878624478
A,UNC50,25972,4683,3,55.3644721346935
A,KRTAP5-7,440050,4766,3,56.3457343997329
A,ZNF43,7594,5927,3,70.0715836733565
A,KCNK10,54207,5293,3,62.5761586608868
A,MKLN1,4289,4254,3,50.2926466925019
A,HESX1,8820,2084,3,24.6379585583389
A,ZNF681,148213,4811,3,56.8777440615013
A,CLEC18B,497190,4108,3,48.5665709009868
A,SUSD2,56241,4307,3,50.9192358496957
A,PPP3CA,5530,6326,3,74.7887360077026
A,CYP2C9,1559,2595,3,30.6792238286418
A,ARF3,377,1893,3,22.3798731050555
A,ACPP,55,4892,3,57.8353614526843
A,CHRM5,1133,3015,3,35.6446473384798
A,MRPS31,10240,4343,3,51.3448435791104
A,OR2F1,26211,4041,3,47.7744676267983
A,CGB1,114335,4718,3,55.77825742718
A,KIAA1549L,25758,5679,3,67.1396193151664
A,LBX2,85474,3847,3,45.4809148627303
A,FGD5,152273,5991,3,70.8282196367604
A,TCP10L2,401285,1867,2,22.0724897449226
A,ANKRD34A,284615,4500,3,53.2009661768355
A,BIVM-ERCC5,100533467,2363,3,27.9364184613027
A,PPP1R16B,26051,2652,3,31.3531027335484
A,RFNG,5986,1717,3,20.2991242056948
A,HFE2,148738,5580,3,65.969198059276
A,ITGAE,3682,6084,3,71.9277062710816
A,ACTL10,170487,4054,3,47.9281593068647
A,NOSIP,51070,11678,3,138.062418447352
A,F8A3,474384,1838,1,21.7296390740053
A,UBD,10537,7216,3,85.3107048737878
A,CDH13,1012,3479,3,41.130258073158
A,BAP1,8314,4171,3,49.3113844274624
A,C1orf56,54964,8948,3,105.787165633405
A,CHP1,11261,2782,3,32.8900195342125
A,PDP1,54704,4473,3,52.8817603797745
A,C8orf86,389649,3330,3,39.3687149708583
A,RBPMS2,348093,6602,3,78.0517285998818
A,CNTLN,54875,7379,3,87.2377620930821
A,PRSS50,29122,5291,3,62.5525137870304
A,KRTAP23-1,337963,5994,3,70.8636869475449
A,PLEKHH2,130271,5216,3,61.6658310174165
A,CABS1,85438,5372,3,63.5101311782134
A,EXOC3L4,91828,4862,3,57.4806883448387
A,TTC21A,199223,4427,3,52.337928281078
A,SGTA,6449,5672,3,67.0568622566691
A,HNF4A,3172,4109,3,48.5783933379149
A,EFCC1,79825,3715,3,43.9203531882098
A,PDK4,5166,7516,3,88.8574359522435
A,TMEM131,23505,3153,3,37.2761436345694
A,CST5,1473,7370,3,87.1313601607284
A,MBTD1,54799,4378,3,51.7586288715969
A,POLR2H,5437,7103,3,83.9747695009028
A,NAF1,92345,5674,3,67.0805071305255
A,COL11A1,1301,8040,3,95.0523929026128
A,EIF3C,8663,3780,3,44.6888115885418
A,EPSTI1,94240,6639,3,78.4891587662247
A,TRIM8,81603,1388,3,16.4095424563217
A,GABPB2,126626,1330,3,15.7238411144869
A,CTNNA1,1495,4857,3,57.4215761601978
A,TGFBR1,7046,11735,3,138.736297352259
A,ZNF646,9726,4313,3,50.9901704712648
A,TUFM,7284,5067,3,59.9042879151168
A,CDPF1,150383,5404,3,63.8884491599154
A,HIST1H4A,8359,4075,3,48.1764304823566
A,PPP1R12C,54776,3244,3,38.3519853950343
A,CYR61,3491,3664,3,43.3174089048723
A,ELK4,2005,3764,3,44.4996525976909
A,POTEC,388468,1655,3,19.5661331161473
A,AKIP1,56672,5257,3,62.1505509314721
A,GARNL3,84253,1767,3,20.8902460521041
A,TULP3,7289,4192,3,49.5596556029543
A,C6orf52,347744,6738,3,79.6595800221151
A,TMEM86A,144110,3296,3,38.9667521153
A,PRKG1,5592,9315,3,110.12599998605
A,DUSP1,1843,4322,3,51.0965724036185
A,CHMP4C,92421,4038,3,47.7390003160137
A,CSE1L,1434,5595,3,66.1465346131988
A,USP17L3,645836,4305,2,50.8955909758393
A,OR8U1,219417,6013,3,71.0883132491805
A,GPATCH11,253635,6676,3,78.9265889325676
A,C12orf57,113246,3024,3,35.7510492708335
A,LMO7DN,729420,7087,3,83.7856105100519
A,VASH2,79805,6243,3,73.8074737426632
A,OR2T11,127077,5726,3,67.6952738507911
A,NAP1L4,4676,3455,3,40.8465195868815
A,OR10P1,121130,3667,3,43.3528762156569
A,ABHD11,83451,978,3,11.5623433157656
A,MYL3,4634,4852,3,57.3624639755569
A,KPNA2,3838,4044,3,47.8099349375829
A,A3GALT2,127550,5725,3,67.683451413863
A,CAPZB,832,5226,3,61.7840553866983
A,MAGEA9B,728269,1979,1,23.3966026808794
A,PDE4A,5141,4105,3,48.5311035902022
A,MECR,51102,2500,3,29.5560923204642
A,DPH2,1802,6606,3,78.0990183475946
A,TRAPPC3,27095,3956,3,46.7695604879025
A,NBPF12,149013,2957,3,34.958945996645
A,PXDC1,221749,4910,3,58.0481653173916
A,BTNL3,10917,5059,3,59.8097084196913
A,CRHR1,1394,4185,3,49.476898544457
A,ALKBH6,84964,9623,3,113.767310559931
A,FGFBP3,143282,7114,3,84.1048163071129
A,TOPBP1,11073,2887,3,34.131375411672
A,PACRG,135138,5377,3,63.5692433628544
A,METTL5,29081,6345,3,75.0133623093381
A,CASC10,399726,2379,3,28.1255774521537
A,KIAA1462,57608,1154,3,13.6430922151263
A,OTUD5,55593,4888,3,57.7880717049716
A,RARB,5915,6757,3,79.8842063237506
A,ZNF705A,440077,5534,3,65.4253659605795
A,RPL35A,6165,5329,3,63.0017663903015
A,WFDC13,164237,7874,3,93.089868372534
A,MAGED4B,81557,7017,3,82.9580399250789
A,COG4,25839,4239,3,50.1153101385791
A,EPB42,2038,7295,3,86.2446773911145
A,ZNF660,285349,8756,3,103.517257743194
A,FAM114A2,10827,5064,3,59.8688206043322
A,EHBP1L1,254102,7779,3,91.9667368643563
A,TSG101,7251,6911,3,81.7048616106912
A,ELFN2,114794,5121,3,60.5426995092388
A,CETN3,1070,5681,3,67.1632641890228
A,PRR5,55615,2990,3,35.3490864152752
A,MEP1A,4224,5007,3,59.1949416994257
A,DEFB133,403339,4344,3,51.3566660160386
A,VPS8,23355,6861,3,81.1137397642819
A,HIST2H2BE,8349,5008,3,59.2067641363538
A,OFCC1,266553,5904,3,69.7996676240082
A,SELENOT,51714,5549,3,65.6027025145023
A,CRYBG1,202,5300,3,62.6589157193841
A,BLCAP,10904,5570,3,65.8509736899942
A,SPRY3,10251,5366,3,63.4391965566443
A,ADORA3,140,5444,3,64.3613466370428
A,GRID2,2895,3950,3,46.6986258663334
A,NAT9,26151,5472,3,64.692374871032
A,THAP6,152815,2637,3,31.1757661796256
A,STPG1,90529,4907,3,58.0126980066071
A,FIGNL2,401720,5182,3,61.2638681618581
A,C1orf106,55765,4703,3,55.6009208732572
A,RPS27L,51065,6232,3,73.6774269364531
A,LCP1,3936,4067,3,48.0818509869311
A,KRTAP13-3,337960,2350,3,27.7827267812363
A,DCDC2B,149069,4030,3,47.6444208205883
A,MAPK15,225689,3784,3,44.7361013362546
A,RGL4,266747,3759,3,44.4405404130499
A,S100A13,6284,6954,3,82.2132263986032
A,TBC1D25,4943,3234,3,38.2337610257525
A,OR5B12,390191,7815,3,92.392344593771
A,NPIPB6,728741,8142,3,96.2582814692878
A,AOAH,313,2923,3,34.5569831410867
A,FKBP3,2287,2377,3,28.1019325782973
A,CYTH4,27128,2236,3,26.4349689714232
A,JPH4,84502,6491,3,76.7394381008532
A,SH2D5,400745,2867,3,33.8949266731083
A,ARHGAP45,23526,5728,3,67.7189187246475
A,CCT2,10576,5074,3,59.9870449736141
A,ANOS1,3730,3969,3,46.9232521679689
A,CD47,961,5422,3,64.1012530246227
A,AP2A2,161,958,3,11.3258945772019
A,LYSMD4,145748,3018,3,35.6801146492644
A,CYTL1,54360,1387,3,16.3977200193935
A,FOXL2,668,1375,3,16.2558507762553
A,CALB2,794,4284,3,50.6473198003474
A,SSU72,29101,3619,3,42.7853992431039
A,BTNL10,100129094,5141,3,60.7791482478025
A,CDC20B,166979,6707,3,79.2930844773413
A,ZNF568,374900,3171,3,37.4889474992768
A,ZNF385A,25946,4352,3,51.4512455114641
A,SPERT,220082,7167,3,84.7314054643067
A,SERPING1,710,5228,3,61.8077002605547
A,NBPF7,343505,4318,3,51.0492826559057
A,DCAF17,80067,1328,3,15.7001962406306
A,SHISA9,729993,6599,3,78.0162612890972
A,PEX5,5830,4691,3,55.459051630119
A,ATRIP,84126,6813,3,80.546262791729
A,ZGRF1,55345,6917,3,81.7757962322603
A,EZH1,2145,5012,3,59.2540538840666
A,NOXRED1,122945,4527,3,53.5201719738965
A,SGK1,6446,4490,3,53.0827418075537
A,PPIAL4A,653505,5109,3,60.4008302661006
A,GPR65,8477,7984,3,94.3903364346344
A,AQP11,282679,4129,3,48.8148420764786
A,F2R,2149,3223,3,38.1037142195424
A,UBE2D3,7323,2789,3,32.9727765927098
A,KRT12,3859,9276,3,109.66492494585
A,LSM6,11157,3894,3,46.036569398355
A,TMEM39A,55254,4493,3,53.1182091183382
A,SNX11,29916,5388,3,63.6992901690644
A,SNAP25,6616,5557,3,65.6972820099278
A,PLA2R1,22925,5172,3,61.1456437925763
A,ZNF117,51351,4517,1,53.4019476046147
A,DDR2,4921,2470,3,29.2014192126186
A,CYP2A7,1549,7402,3,87.5096781424303
A,CCDC28B,79140,1091,3,12.8982786886506
A,SRPRB,58477,5855,3,69.2203682145271
A,ADAM28,10863,5768,3,68.191816201775
A,CCL11,6356,8777,3,103.765528918686
A,CKAP2,26586,2781,3,32.8781970972844
A,TBC1D17,79735,11132,3,131.607367884563
A,FAM180B,399888,5988,3,70.7927523259758
A,DEFB103B,55894,2980,3,35.2308620459933
A,OR51T1,401665,6755,3,79.8605614498942
A,SLC10A5,347051,5279,3,62.4106445438922
A,RIC8A,60626,5884,3,69.5632188854445
A,DENR,8562,5559,3,65.7209268837842
A,LOC100506127,100506127,3177,3,37.5598821208459
A,OR56B1,387748,6060,3,71.6439677848052
A,SPANXA1,30014,10825,3,127.97787974761
A,CGA,1081,6069,3,71.7503697171588
A,POTEE,445582,6658,3,78.7137850678602
A,OR2W5,441932,6484,3,76.6566810423559
A,PEX12,5193,5244,3,61.9968592514057
A,GNB3,2784,5530,3,65.3780762128668
A,KLRC3,3823,8789,3,103.907398161824
A,ZNF782,158431,7543,3,89.1766417493045
A,NPIPA1,9284,7833,3,92.6051484584784
A,NXF5,55998,3282,3,38.8012379983054
A,C1orf141,400757,4254,3,50.2926466925019
A,DEFB106A,245909,9056,3,107.063988821649
A,TBC1D3B,414059,3081,1,36.4249281757401
A,IFNAR1,3454,4462,3,52.7517135735645
A,CPA3,1359,3875,3,45.8119430967195
A,ANXA2R,389289,5830,3,68.9248072913225
A,C12orf54,121273,3710,3,43.8612410035688
A,NPIPA7,101059938,3087,1,36.4958627973092
A,AHCYL1,10768,5456,3,64.503215880181
A,SAG,6295,7144,3,84.4594894149584
A,IFT20,90410,3716,3,43.932175625138
A,ZNF146,7705,3236,3,38.2574058996088
A,PLAC8,51316,3818,3,45.1380641918129
A,UBAP1L,390595,5574,3,65.8982634377069
A,ZNF484,83744,5318,3,62.8717195840914
A,OR4D5,219875,6846,3,80.9364032103591
A,LOC102724957,102724957,3975,3,46.994186789538
A,RABGGTB,5876,7295,3,86.2446773911145
A,NEGR1,257194,6980,3,82.520609758736
A,DTD2,112487,4435,3,52.4325077765035
A,ACTRT1,139741,4037,3,47.7271778790856
A,TUBA3E,112714,9881,3,116.817499287403
A,APBB3,10307,5394,3,63.7702247906335
A,TERF2IP,54386,7302,3,86.3274344496118
A,IK,3550,4931,3,58.2964364928836
A,GAS2,2620,7124,3,84.2230406763947
A,SYMPK,8189,11195,3,132.352181411039
A,CTAGE15,441294,3019,1,35.6919370861925
A,KIZ,55857,7898,3,93.3736068588104
A,DHX36,170506,4665,3,55.1516682699862
A,GPR18,2841,2831,3,33.4693189436936
A,CCL4,6351,8215,3,97.1213193650453
A,DCAF6,55827,5719,3,67.6125167922939
A,DEFB130,245940,3893,3,46.0247469614268
A,APOBEC2,10930,4276,3,50.5527403049219
A,RAE1,8480,3410,3,40.3145099251131
A,PNLIPRP2,5408,8167,3,96.5538423924924
A,KRTAP9-3,83900,6365,3,75.2498110479018
A,RNASE6,6039,3992,3,47.1951682173172
A,CLCF1,23529,3723,3,44.0149326836353
A,NPS,594857,2702,3,31.9442245799577
A,POM121C,100101267,3093,3,36.5667974188783
A,CCDC173,129881,5332,3,63.037233701086
A,SLC7A4,6545,3503,3,41.4139965594344
A,HLA-DRB3,3125,1731,1,20.4646383226894
A,LAMA1,284217,3812,3,45.0671295702438
A,NR1D2,9975,2823,3,33.3747394482682
A,HMG20B,10362,4954,3,58.5683525422318
A,WRB,7485,3380,3,39.9598368172676
A,OR2T33,391195,739,1,8.73678088992921
A,MRPL16,54948,3634,3,42.9627357970267
A,PDLIM1,9124,2501,3,29.5679147573924
A,PSMD11,5717,2962,3,35.018058181286
A,SMCHD1,23347,2205,3,26.0684734266494
A,FAM240A,100132146,5655,3,66.85588082889
A,CRHR2,1395,4556,3,53.8630226448139
A,DHX32,55760,5300,3,62.6589157193841
A,OMG,4974,4678,3,55.3053599500526
A,PKNOX1,5316,3513,3,41.5322209287163
A,TAF1D,79101,7592,3,89.7559411587856
A,VPS4B,9525,4594,3,54.312275248085
A,SFTPA1,653509,5551,3,65.6263473883587
A,PRM3,58531,3889,3,45.9774572137141
A,C11orf74,119710,4368,3,51.640404502315
A,C17orf49,124944,2814,3,33.2683375159145
A,OR4F6,390648,3529,3,41.7213799195672
A,CHST15,51363,3669,3,43.3765210895132
A,CX3CR1,1524,4592,3,54.2886303742286
A,DNALI1,7802,8101,3,95.7735615552321
A,MCM6,4175,4649,3,54.9625092791352
A,MS4A4E,643680,5737,3,67.8253206570012
A,FGL1,2267,4431,3,52.3852180287907
A,BCL2A1,597,5677,3,67.1159744413101
A,VWDE,221806,5356,3,63.3209721873625
A,CARD18,59082,2764,3,32.6772156695052
A,RERGL,79785,6645,3,78.5600933877938
A,ZNF750,79755,2271,3,26.8487542639097
A,CDK12,51755,4414,3,52.1842366010116
A,DCAF1,9730,9498,3,112.289505943908
A,RNF167,26001,4979,3,58.8639134654365
A,OR4Q3,441669,7855,3,92.8652420708985
A,OR11H4,390442,7946,3,93.9410838313633
A,FCF1,51077,8404,3,99.3557599444724
A,ZNF814,730051,3516,3,41.5676882395008
A,OR4C6,219432,4957,3,58.6038198530164
A,OR14A16,284532,6889,3,81.4447679982711
A,C8orf31,286122,5890,3,69.6341535070136
A,PRSS33,260429,5522,3,65.2834967174413
A,JRK,8629,4051,3,47.8926919960802
A,FAM169A,26049,2254,3,26.6477728361305
A,GRSF1,2926,3537,3,41.8159594149927
A,PPEF1,5475,5081,3,60.0698020321114
A,TUBG1,7283,5225,3,61.7722329497701
A,ZCCHC9,84240,5968,3,70.5563035874121
A,C4orf3,401152,3880,3,45.8710552813604
A,PTGES2,80142,2154,3,25.4655291433119
A,SARM1,23098,1634,3,19.3178619406554
A,PLA2G1B,5319,5429,3,64.18401008312
A,MGAM2,93432,5708,3,67.4824699860838
A,SOHLH1,402381,1743,3,20.6065075658276
A,ZCCHC7,84186,3453,3,40.8228747130251
A,MBD3L4,653656,3911,2,46.2375508261342
A,MBD3L3,653657,3066,2,36.2475916218173
A,USP26,83844,4205,3,49.7133472830208
A,CRYAB,1410,6640,3,78.5009812031529
A,CABP2,51475,3049,3,36.0466101940381
A,CPNE8,144402,5316,3,62.848074710235
A,RWDD4,201965,5424,3,64.1248978984791
A,ZNF460,10794,2573,3,30.4191302162217
A,CDCA7L,55536,1473,3,17.4144495952175
A,HOXD8,3234,2986,3,35.3017966675624
A,POLR3H,171568,5385,3,63.6638228582798
A,ACBD4,79777,4504,3,53.2482559245483
A,FAM167B,84734,4506,3,53.2719007984046
A,PRF1,5551,5862,3,69.3031252730244
A,TRAPPC4,51399,3331,3,39.3805374077865
A,ZNF658,26149,2444,3,28.8940358524858
A,EGFL8,80864,3908,3,46.2020835153496
A,WDTC1,23038,4271,3,50.493628120281
A,METTL13,51603,4854,3,57.3861088494132
A,MYBBP1A,10514,3455,3,40.8465195868815
A,KRTAP2-3,730755,1899,1,22.4508077266246
A,PPARGC1A,10891,5234,3,61.8786348821238
A,NUDCD3,23386,5839,3,69.0312092236761
A,ZNF418,147686,2906,3,34.3560017133076
A,PRDX1,5052,4339,3,51.2975538313976
A,SLC9A9,285195,3243,3,38.3401629581061
A,NR5A2,2494,4975,3,58.8166237177237
A,LCLAT1,253558,2662,3,31.4713271028303
A,YY2,404281,5684,3,67.1987314998074
A,KIAA1161,57462,2230,3,26.3640343498541
A,LOC388813,388813,2153,3,25.4537067063838
A,EDDM3A,10876,5655,3,66.85588082889
A,IL6,3569,6379,3,75.4153251648964
A,TSPAN6,7105,3303,3,39.0495091737973
A,GNPNAT1,64841,5621,3,66.4539179733317
A,LOC653602,653602,6787,3,80.2388794315962
A,AIMP1,9255,4137,3,48.9094215719041
A,ACSS2,55902,5405,3,63.9002715968436
A,CSRNP2,81566,2954,3,34.9234786858605
A,OR1E1,8387,4977,3,58.8402685915801
A,DSG1,1828,4030,3,47.6444208205883
A,ATP2B4,493,3397,3,40.1608182450467
A,CTNND1,1500,4340,3,51.3093762683258
A,NARS,4677,3806,3,44.9961949486747
A,MEGF9,1955,609,3,7.19986408926507
A,DAZAP2,9802,1868,3,22.0843121818508
A,OR3A3,8392,4612,2,54.5250791127923
A,LMX1A,4009,8100,3,95.7617391183039
A,FAM170B,170370,7186,3,84.9560317659422
A,OTUD3,23252,6061,3,71.6557902217334
A,TSLP,85480,6520,3,77.0822887717706
A,ZNF17,7565,3718,3,43.9558204989943
A,OSGIN1,29948,3207,3,37.9145552286914
A,HOXA10,3206,5896,3,69.7050881285827
A,IP6K1,9807,4645,3,54.9152195314225
A,GRIA1,2890,4120,3,48.708440144125
A,SLC34A3,142680,5159,3,60.9919521125099
A,LIPT1,51601,1461,3,17.2725803520793
A,WNT16,51384,3107,3,36.7323115358729
A,AMELY,266,2391,3,28.2674466952919
A,NYX,60506,2928,3,34.6160953257277
A,WSB1,26118,5700,3,67.3878904906583
A,DKKL1,27120,5113,3,60.4481200138133
A,FAM161A,84140,3105,3,36.7086666620165
A,IMPG2,50939,2354,3,27.8300165289491
A,OR2V2,285659,6237,3,73.736539121094
A,GBP4,115361,4365,3,51.6049371915305
A,TNNI3K,51086,7216,3,85.3107048737878
A,UBE4B,10277,3472,3,41.0475010146607
A,C1QTNF9B,387911,4807,3,56.8304543137885
A,LGSN,51557,6255,3,73.9493429858014
A,SI,6476,7518,3,88.8810808260999
A,RTL3,203430,4861,3,57.4688659079106
A,HLA-DOA,3111,8016,3,94.7686544163363
A,SH3D19,152503,5112,3,60.4362975768852
A,PXK,54899,4088,3,48.330122162423
A,OR12D3,81797,2240,3,26.4822587191359
A,LCE4A,199834,7605,3,89.909632838852
A,FSHB,2488,5136,3,60.7200360631616
A,FGB,2244,4377,3,51.7468064346687
A,CD3D,915,3926,3,46.414887380057
A,PCDHA8,56140,2579,2,30.4900648377908
A,LCE1A,353131,5327,3,62.9781215164451
A,HNRNPA1,3178,4623,3,54.6551259190024
A,ORC6,23594,4195,3,49.5951229137389
A,CAPSL,133690,4710,3,55.6836779317545
A,OPN1SW,611,7993,3,94.4967383669881
A,SIPA1L2,57568,3484,3,41.1893702577989
A,FZD7,8324,2934,3,34.6870299472968
A,STRA8,346673,3834,3,45.3272231826639
A,HOXB6,3216,4580,3,54.1467611310904
A,DEFB104B,503618,1140,1,13.4775780981317
A,SLC18A1,6570,6259,3,73.9966327335141
A,GRM6,2916,4630,3,54.7378829774997
A,IRF4,3662,2676,3,31.6368412198249
A,GJD4,219770,881,3,10.4155669337316
A,PCNA,5111,6353,3,75.1079418047636
A,DDX23,9416,4329,3,51.1793294621158
A,EDDM3B,64184,7312,3,86.4456588188936
A,RAPGEF5,9771,2996,3,35.4200210368443
A,FAM9B,171483,6046,3,71.4784536678106
A,CBWD3,445571,1421,1,16.7996828749518
A,CASP1,834,4401,3,52.0305449209451
A,RPUSD2,27079,4033,3,47.6798881313728
A,CARD16,114769,2768,3,32.7245054172179
A,SLC44A5,204962,4857,3,57.4215761601978
A,GTF3C1,2975,3961,3,46.8286726725434
A,ATG14,22863,2886,3,34.1195529747439
A,OR11H12,440153,318,1,3.75953494316304
A,CALCOCO2,10241,2976,3,35.1835722982806
A,LRRC29,26231,3647,3,43.1164274770932
A,SPINK7,84651,3633,3,42.9509133600986
A,C20orf78,100128496,7386,3,87.3205191515794
A,GSDMD,79792,1489,3,17.6036085860685
A,TMPRSS13,84000,6062,3,71.6676126586615
A,FAM231C,729587,1904,2,22.5099199112655
A,KHDC1L,100129128,1656,3,19.5779555530755
A,SDCBP2,27111,6364,3,75.2379886109736
A,PINLYP,390940,4467,3,52.8108257582054
A,NABP2,79035,2022,3,23.9049674687914
A,DISC1,27185,2212,3,26.1512304851467
A,ZC3H14,79882,5556,3,65.6854595729996
A,DSTN,11034,2132,3,25.2054355308919
A,STIM1,6786,2332,3,27.569922916529
A,MRPL42,28977,2825,3,33.3983843221245
A,ZNF667,63934,1827,3,21.5995922677952
A,LCE1F,353137,1544,3,18.2538426171187
A,UBE2U,148581,4928,3,58.260969182099
A,FCRL3,115352,3549,3,41.957828658131
A,WDR88,126248,4464,3,52.7753584474208
A,PMPCB,9512,3771,3,44.5824096561882
A,MVB12B,89853,4842,3,57.244239606275
A,NDUFB11,54539,6329,3,74.8242033184871
A,HNRNPH1,3187,3943,3,46.6158688078361
A,TTYH2,94015,3526,3,41.6859126087827
A,OSR2,116039,7839,3,92.6760830800475
A,DDX60L,91351,4146,3,49.0158235042578
A,MLH1,4292,4613,3,54.5369015497205
A,DSG3,1830,2729,3,32.2634303770187
A,MUC16,94025,3667,3,43.3528762156569
A,LOC157860,157860,4809,3,56.8540991876449
A,TAS2R39,259285,8176,3,96.660244324846
A,USHBP1,83878,6143,3,72.6252300498446
A,OR10R2,343406,3573,3,42.2415671444074
A,CD99,4267,2390,3,28.2556242583638
A,TXNDC8,255220,3949,3,46.6868034294052
A,TRUB2,26995,9017,3,106.60291378145
A,POTEM,641455,836,1,9.88355727196322
A,CP,1356,4798,3,56.7240523814349
A,KPNA3,3839,3720,3,43.9794653728507
A,PPP1R1C,151242,5282,3,62.4461118546767
A,OR2B2,81697,4767,3,56.3575568366611
A,LRRC53,100144878,3501,3,41.390351685578
A,ST18,9705,6956,3,82.2368712724595
A,C20orf85,128602,6340,3,74.9542501246972
A,ARRDC3,57561,6050,3,71.5257434155233
A,RBMY1F,159163,2213,1,26.1630529220749
A,CLEC4E,26253,5647,3,66.7613013334645
A,IFNA16,3449,7687,3,90.8790726669632
A,MMP1,4312,9102,3,107.607820920346
A,IL9,3578,3755,3,44.3932506653372
A,CRYAA,1409,3851,3,45.528204610443
A,KLRG1,10219,3581,3,42.3361466398329
A,TESPA1,9840,2686,3,31.7550655891067
A,ARF5,381,2143,3,25.3354823371019
A,FAM187A,100528020,2377,1,28.1019325782973
A,SMC1B,27127,3637,3,42.9982031078113
A,ZFPM1,161882,4370,3,51.6640493761714
A,CASS4,57091,4240,3,50.1271325755072
A,OR2B3,442184,6723,3,79.4822434681923
A,S100A4,6275,7362,3,87.0367806653029
A,ZNF697,90874,2616,3,30.9274950041337
A,TEX46,729059,6303,3,74.5168199583543
A,KRTAP4-8,728224,2488,1,29.414223077326
A,CDKN2AIP,55602,6095,3,72.0577530772917
A,KRTAP9-4,85280,2137,1,25.2645477155328
A,GIP,2695,4444,3,52.5389097088571
